i,latency_ms,ok,input_tokens,error,count,mult,state_text
1,206.29,1,250,,5,1.0,"Action game, difficulty tuning. Player health: 95 of 100. Wave 1 was just cleared. It had 5 enemies with damage multiplier 1. The player took 20 damage in it and needed 3.3 s to clear it. Over the last 10 s the player took 4.7 damage per second and killed 1.17 enemies per second."
2,222.52,1,250,,3,1.0,"Action game, difficulty tuning. Player health: 92 of 100. Wave 2 was just cleared. It had 5 enemies with damage multiplier 1. The player took 18 damage in it and needed 3.7 s to clear it. Over the last 10 s the player took 4.2 damage per second and killed 1.11 enemies per second."
3,280.96,1,250,,3,1.0,"Action game, difficulty tuning. Player health: 87 of 100. Wave 3 was just cleared. It had 3 enemies with damage multiplier 1. The player took 20 damage in it and needed 4.1 s to clear it. Over the last 10 s the player took 3.8 damage per second and killed 0.90 enemies per second."
4,212.70,1,250,,3,0.75,"Action game, difficulty tuning. Player health: 60 of 100. Wave 4 was just cleared. It had 5 enemies with damage multiplier 0.75. The player took 42 damage in it and needed 7.7 s to clear it. Over the last 10 s the player took 4.6 damage per second and killed 0.70 enemies per second."
5,360.81,1,250,,3,0.75,"Action game, difficulty tuning. Player health: 67 of 100. Wave 5 was just cleared. It had 3 enemies with damage multiplier 0.75. The player took 8 damage in it and needed 2.9 s to clear it. Over the last 10 s the player took 3.9 damage per second and killed 0.80 enemies per second."
6,128.66,1,250,,3,1.0,"Action game, difficulty tuning. Player health: 72 of 100. Wave 6 was just cleared. It had 3 enemies with damage multiplier 1.25. The player took 10 damage in it and needed 2.0 s to clear it. Over the last 10 s the player took 3.0 damage per second and killed 1.00 enemies per second."
7,241.88,1,249,,5,1.5,"Action game, difficulty tuning. Player health: 84 of 100. Wave 7 was just cleared. It had 3 enemies with damage multiplier 1. The player took 3 damage in it and needed 0.9 s to clear it. Over the last 10 s the player took 2.4 damage per second and killed 1.10 enemies per second."
8,144.27,1,250,,3,0.75,"Action game, difficulty tuning. Player health: 39 of 100. Wave 8 was just cleared. It had 5 enemies with damage multiplier 1.5. The player took 60 damage in it and needed 8.2 s to clear it. Over the last 10 s the player took 6.3 damage per second and killed 0.80 enemies per second."
9,215.95,1,250,,3,0.75,"Action game, difficulty tuning. Player health: 48 of 100. Wave 9 was just cleared. It had 3 enemies with damage multiplier 0.75. The player took 5 damage in it and needed 1.8 s to clear it. Over the last 10 s the player took 5.2 damage per second and killed 0.80 enemies per second."
10,198.75,1,250,,3,0.75,"Action game, difficulty tuning. Player health: 55 of 100. Wave 10 was just cleared. It had 3 enemies with damage multiplier 0.75. The player took 8 damage in it and needed 2.5 s to clear it. Over the last 10 s the player took 2.5 damage per second and killed 0.80 enemies per second."
11,198.57,1,250,,3,0.75,"Action game, difficulty tuning. Player health: 63 of 100. Wave 11 was just cleared. It had 3 enemies with damage multiplier 0.75. The player took 7 damage in it and needed 2.6 s to clear it. Over the last 10 s the player took 2.1 damage per second and killed 1.00 enemies per second."
12,105.22,1,251,,3,0.75,"Action game, difficulty tuning. Player health: 67 of 100. Wave 12 was just cleared. It had 3 enemies with damage multiplier 0.75. The player took 11 damage in it and needed 2.9 s to clear it. Over the last 10 s the player took 2.6 damage per second and killed 0.90 enemies per second."
13,226.62,1,250,,3,1.5,"Action game, difficulty tuning. Player health: 76 of 100. Wave 13 was just cleared. It had 3 enemies with damage multiplier 0.75. The player took 6 damage in it and needed 2.0 s to clear it. Over the last 10 s the player took 2.5 damage per second and killed 0.90 enemies per second."
14,273.98,1,250,,5,0.75,"Action game, difficulty tuning. Player health: 83 of 100. Wave 14 was just cleared. It had 3 enemies with damage multiplier 1.5. The player took 8 damage in it and needed 2.1 s to clear it. Over the last 10 s the player took 2.5 damage per second and killed 0.90 enemies per second."
15,395.99,1,250,,5,1.5,"Action game, difficulty tuning. Player health: 92 of 100. Wave 15 was just cleared. It had 3 enemies with damage multiplier 1.25. The player took 6 damage in it and needed 1.1 s to clear it. Over the last 10 s the player took 2.6 damage per second and killed 1.20 enemies per second."
16,294.58,1,250,,5,1.25,"Action game, difficulty tuning. Player health: 98 of 100. Wave 16 was just cleared. It had 3 enemies with damage multiplier 1.5. The player took 9 damage in it and needed 1.5 s to clear it. Over the last 10 s the player took 2.9 damage per second and killed 1.20 enemies per second."
17,97.84,1,251,,3,1.0,"Action game, difficulty tuning. Player health: 87 of 100. Wave 17 was just cleared. It had 5 enemies with damage multiplier 0.75. The player took 26 damage in it and needed 6.2 s to clear it. Over the last 10 s the player took 3.7 damage per second and killed 1.00 enemies per second."
18,143.27,1,250,,3,0.75,"Action game, difficulty tuning. Player health: 82 of 100. Wave 18 was just cleared. It had 3 enemies with damage multiplier 1. The player took 20 damage in it and needed 4.2 s to clear it. Over the last 10 s the player took 3.7 damage per second and killed 0.70 enemies per second."
19,305.94,1,250,,5,1.0,"Action game, difficulty tuning. Player health: 92 of 100. Wave 19 was just cleared. It had 3 enemies with damage multiplier 0.75. The player took 5 damage in it and needed 1.7 s to clear it. Over the last 10 s the player took 2.8 damage per second and killed 0.70 enemies per second."
20,151.89,1,250,,3,0.75,"Action game, difficulty tuning. Player health: 72 of 100. Wave 20 was just cleared. It had 5 enemies with damage multiplier 1. The player took 35 damage in it and needed 5.4 s to clear it. Over the last 10 s the player took 4.4 damage per second and killed 1.00 enemies per second."
21,236.18,1,250,,5,1.25,"Action game, difficulty tuning. Player health: 83 of 100. Wave 21 was just cleared. It had 3 enemies with damage multiplier 0.75. The player took 4 damage in it and needed 1.3 s to clear it. Over the last 10 s the player took 4.2 damage per second and killed 1.00 enemies per second."
22,130.39,1,251,,3,1.5,"Action game, difficulty tuning. Player health: 75 of 100. Wave 22 was just cleared. It had 5 enemies with damage multiplier 1.25. The player took 23 damage in it and needed 3.6 s to clear it. Over the last 10 s the player took 4.4 damage per second and killed 1.20 enemies per second."
23,289.36,1,250,,5,1.0,"Action game, difficulty tuning. Player health: 78 of 100. Wave 23 was just cleared. It had 3 enemies with damage multiplier 1.5. The player took 12 damage in it and needed 1.5 s to clear it. Over the last 10 s the player took 4.0 damage per second and killed 1.20 enemies per second."
24,331.74,1,251,,3,0.75,"Action game, difficulty tuning. Player health: 66 of 100. Wave 24 was just cleared. It had 5 enemies with damage multiplier 0.75. The player took 27 damage in it and needed 5.8 s to clear it. Over the last 10 s the player took 4.1 damage per second and killed 0.90 enemies per second."
25,241.87,1,250,,5,0.75,"Action game, difficulty tuning. Player health: 76 of 100. Wave 25 was just cleared. It had 5 enemies with damage multiplier 0.75. The player took 5 damage in it and needed 1.7 s to clear it. Over the last 10 s the player took 3.5 damage per second and killed 1.30 enemies per second."
26,241.68,1,251,,5,1.0,"Action game, difficulty tuning. Player health: 81 of 100. Wave 26 was just cleared. It had 5 enemies with damage multiplier 0.75. The player took 11 damage in it and needed 2.6 s to clear it. Over the last 10 s the player took 2.9 damage per second and killed 1.40 enemies per second."
27,234.54,1,250,,5,0.75,"Action game, difficulty tuning. Player health: 80 of 100. Wave 27 was just cleared. It had 5 enemies with damage multiplier 1. The player took 15 damage in it and needed 3.3 s to clear it. Over the last 10 s the player took 3.1 damage per second and killed 1.50 enemies per second."
28,174.92,1,251,,3,1.0,"Action game, difficulty tuning. Player health: 71 of 100. Wave 28 was just cleared. It had 5 enemies with damage multiplier 0.75. The player took 25 damage in it and needed 5.2 s to clear it. Over the last 10 s the player took 4.0 damage per second and killed 1.00 enemies per second."
29,267.96,1,250,,3,0.75,"Action game, difficulty tuning. Player health: 65 of 100. Wave 29 was just cleared. It had 3 enemies with damage multiplier 1. The player took 21 damage in it and needed 5.0 s to clear it. Over the last 10 s the player took 3.8 damage per second and killed 0.70 enemies per second."
30,216.62,1,250,,5,1.25,"Action game, difficulty tuning. Player health: 96 of 100. Wave 1 was just cleared. It had 5 enemies with damage multiplier 1. The player took 19 damage in it and needed 3.0 s to clear it. Over the last 10 s the player took 4.6 damage per second and killed 1.23 enemies per second."
31,228.99,1,250,,5,1.0,"Action game, difficulty tuning. Player health: 90 of 100. Wave 2 was just cleared. It had 5 enemies with damage multiplier 1.25. The player took 21 damage in it and needed 2.6 s to clear it. Over the last 10 s the player took 5.2 damage per second and killed 1.31 enemies per second."
32,260.81,1,249,,8,1.25,"Action game, difficulty tuning. Player health: 99 of 100. Wave 3 was just cleared. It had 5 enemies with damage multiplier 1. The player took 7 damage in it and needed 1.2 s to clear it. Over the last 10 s the player took 4.7 damage per second and killed 1.53 enemies per second."
33,392.24,1,250,,5,0.75,"Action game, difficulty tuning. Player health: 86 of 100. Wave 4 was just cleared. It had 8 enemies with damage multiplier 0.75. The player took 28 damage in it and needed 4.7 s to clear it. Over the last 10 s the player took 5.1 damage per second and killed 1.80 enemies per second."
34,418.28,1,250,,3,0.75,"Action game, difficulty tuning. Player health: 51 of 100. Wave 5 was just cleared. It had 8 enemies with damage multiplier 0.75. The player took 49 damage in it and needed 7.1 s to clear it. Over the last 10 s the player took 5.6 damage per second and killed 1.20 enemies per second."
35,201.59,1,250,,3,0.75,"Action game, difficulty tuning. Player health: 51 of 100. Wave 6 was just cleared. It had 5 enemies with damage multiplier 1.25. The player took 15 damage in it and needed 2.2 s to clear it. Over the last 10 s the player took 6.1 damage per second and killed 1.30 enemies per second."
36,266.55,1,250,,3,1.5,"Action game, difficulty tuning. Player health: 62 of 100. Wave 7 was just cleared. It had 3 enemies with damage multiplier 0.75. The player took 4 damage in it and needed 1.3 s to clear it. Over the last 10 s the player took 4.3 damage per second and killed 1.30 enemies per second."
37,251.01,1,250,,3,0.75,"Action game, difficulty tuning. Player health: 56 of 100. Wave 8 was just cleared. It had 5 enemies with damage multiplier 1.25. The player took 21 damage in it and needed 5.0 s to clear it. Over the last 10 s the player took 3.6 damage per second and killed 1.10 enemies per second."
38,364.32,1,250,,5,1.5,"Action game, difficulty tuning. Player health: 100 of 100. Wave 1 was just cleared. It had 5 enemies with damage multiplier 1. The player took 15 damage in it and needed 2.5 s to clear it. Over the last 10 s the player took 4.3 damage per second and killed 1.40 enemies per second."
39,123.84,1,250,,3,0.75,"Action game, difficulty tuning. Player health: 32 of 100. Wave 2 was just cleared. It had 5 enemies with damage multiplier 1.25. The player took 83 damage in it and needed 9.4 s to clear it. Over the last 10 s the player took 8.3 damage per second and killed 0.50 enemies per second."
40,163.81,1,250,,3,0.75,"Action game, difficulty tuning. Player health: 38 of 100. Wave 3 was just cleared. It had 3 enemies with damage multiplier 0.75. The player took 9 damage in it and needed 2.9 s to clear it. Over the last 10 s the player took 5.6 damage per second and killed 0.70 enemies per second."
41,286.75,1,250,,3,0.75,"Action game, difficulty tuning. Player health: 31 of 100. Wave 4 was just cleared. It had 3 enemies with damage multiplier 0.75. The player took 22 damage in it and needed 7.5 s to clear it. Over the last 10 s the player took 2.6 damage per second and killed 0.50 enemies per second."
42,271.65,1,250,,3,0.75,"Action game, difficulty tuning. Player health: 35 of 100. Wave 5 was just cleared. It had 3 enemies with damage multiplier 0.75. The player took 11 damage in it and needed 4.7 s to clear it. Over the last 10 s the player took 2.3 damage per second and killed 0.50 enemies per second."
43,108.99,1,250,,3,0.75,"Action game, difficulty tuning. Player health: 46 of 100. Wave 6 was just cleared. It had 3 enemies with damage multiplier 0.75. The player took 4 damage in it and needed 1.4 s to clear it. Over the last 10 s the player took 2.0 damage per second and killed 0.80 enemies per second."
44,115.91,1,250,,3,0.75,"Action game, difficulty tuning. Player health: 51 of 100. Wave 7 was just cleared. It had 3 enemies with damage multiplier 0.75. The player took 10 damage in it and needed 4.1 s to clear it. Over the last 10 s the player took 1.9 damage per second and killed 0.80 enemies per second."
45,373.21,1,250,,3,1.0,"Action game, difficulty tuning. Player health: 60 of 100. Wave 8 was just cleared. It had 3 enemies with damage multiplier 0.75. The player took 6 damage in it and needed 1.5 s to clear it. Over the last 10 s the player took 2.0 damage per second and killed 1.00 enemies per second."
46,245.93,1,250,,3,0.75,"Action game, difficulty tuning. Player health: 63 of 100. Wave 9 was just cleared. It had 3 enemies with damage multiplier 0.75. The player took 12 damage in it and needed 4.0 s to clear it. Over the last 10 s the player took 2.2 damage per second and killed 0.80 enemies per second."
47,270.30,1,250,,3,1.25,"Action game, difficulty tuning. Player health: 72 of 100. Wave 10 was just cleared. It had 3 enemies with damage multiplier 0.75. The player took 7 damage in it and needed 1.9 s to clear it. Over the last 10 s the player took 2.4 damage per second and killed 0.90 enemies per second."
48,237.11,1,250,,3,1.25,"Action game, difficulty tuning. Player health: 81 of 100. Wave 11 was just cleared. It had 3 enemies with damage multiplier 0.75. The player took 6 damage in it and needed 2.2 s to clear it. Over the last 10 s the player took 2.4 damage per second and killed 0.90 enemies per second."
49,165.27,1,251,,5,0.75,"Action game, difficulty tuning. Player health: 86 of 100. Wave 12 was just cleared. It had 3 enemies with damage multiplier 1.25. The player took 10 damage in it and needed 1.8 s to clear it. Over the last 10 s the player took 2.4 damage per second and killed 1.00 enemies per second."
50,133.59,1,251,,3,1.0,"Action game, difficulty tuning. Player health: 76 of 100. Wave 13 was just cleared. It had 5 enemies with damage multiplier 0.75. The player took 25 damage in it and needed 5.3 s to clear it. Over the last 10 s the player took 3.6 damage per second and killed 0.90 enemies per second."
51,159.23,1,250,,5,1.0,"Action game, difficulty tuning. Player health: 85 of 100. Wave 14 was just cleared. It had 3 enemies with damage multiplier 1. The player took 6 damage in it and needed 1.4 s to clear it. Over the last 10 s the player took 3.7 damage per second and killed 1.10 enemies per second."
52,136.85,1,250,,3,1.5,"Action game, difficulty tuning. Player health: 82 of 100. Wave 15 was just cleared. It had 5 enemies with damage multiplier 1. The player took 18 damage in it and needed 5.0 s to clear it. Over the last 10 s the player took 2.8 damage per second and killed 1.00 enemies per second."
53,197.15,1,250,,3,1.5,"Action game, difficulty tuning. Player health: 80 of 100. Wave 16 was just cleared. It had 3 enemies with damage multiplier 1.5. The player took 17 damage in it and needed 2.4 s to clear it. Over the last 10 s the player took 3.8 damage per second and killed 1.00 enemies per second."
54,220.50,1,250,,3,0.75,"Action game, difficulty tuning. Player health: 65 of 100. Wave 17 was just cleared. It had 3 enemies with damage multiplier 1.5. The player took 29 damage in it and needed 5.3 s to clear it. Over the last 10 s the player took 4.7 damage per second and killed 0.70 enemies per second."
55,166.04,1,250,,5,1.0,"Action game, difficulty tuning. Player health: 77 of 100. Wave 18 was just cleared. It had 3 enemies with damage multiplier 0.75. The player took 3 damage in it and needed 1.2 s to clear it. Over the last 10 s the player took 4.1 damage per second and killed 0.80 enemies per second."
56,519.96,1,250,,3,0.75,"Action game, difficulty tuning. Player health: 61 of 100. Wave 19 was just cleared. It had 5 enemies with damage multiplier 1. The player took 31 damage in it and needed 4.4 s to clear it. Over the last 10 s the player took 4.2 damage per second and killed 0.90 enemies per second."
57,301.56,1,250,,5,1.0,"Action game, difficulty tuning. Player health: 72 of 100. Wave 20 was just cleared. It had 3 enemies with damage multiplier 0.75. The player took 4 damage in it and needed 1.1 s to clear it. Over the last 10 s the player took 3.9 damage per second and killed 1.20 enemies per second."
58,151.77,1,251,,3,0.75,"Action game, difficulty tuning. Player health: 65 of 100. Wave 21 was just cleared. It had 3 enemies with damage multiplier 0.75. The player took 22 damage in it and needed 8.3 s to clear it. Over the last 10 s the player took 2.4 damage per second and killed 0.60 enemies per second."
59,210.96,1,250,,3,1.5,"Action game, difficulty tuning. Player health: 75 of 100. Wave 22 was just cleared. It had 3 enemies with damage multiplier 0.75. The player took 5 damage in it and needed 2.0 s to clear it. Over the last 10 s the player took 2.2 damage per second and killed 0.50 enemies per second."
60,213.74,1,250,,5,0.75,"Action game, difficulty tuning. Player health: 83 of 100. Wave 23 was just cleared. It had 3 enemies with damage multiplier 1.5. The player took 7 damage in it and needed 1.0 s to clear it. Over the last 10 s the player took 2.3 damage per second and killed 0.80 enemies per second."
61,239.39,1,251,,8,0.75,"Action game, difficulty tuning. Player health: 86 of 100. Wave 24 was just cleared. It had 5 enemies with damage multiplier 0.75. The player took 11 damage in it and needed 1.8 s to clear it. Over the last 10 s the player took 2.7 damage per second and killed 1.20 enemies per second."
62,184.47,1,251,,3,0.75,"Action game, difficulty tuning. Player health: 49 of 100. Wave 25 was just cleared. It had 8 enemies with damage multiplier 0.75. The player took 53 damage in it and needed 8.2 s to clear it. Over the last 10 s the player took 5.6 damage per second and killed 1.30 enemies per second."
63,288.38,1,250,,3,0.75,"Action game, difficulty tuning. Player health: 59 of 100. Wave 26 was just cleared. It had 3 enemies with damage multiplier 0.75. The player took 4 damage in it and needed 1.1 s to clear it. Over the last 10 s the player took 5.4 damage per second and killed 1.10 enemies per second."
64,228.26,1,251,,3,0.75,"Action game, difficulty tuning. Player health: 61 of 100. Wave 27 was just cleared. It had 3 enemies with damage multiplier 0.75. The player took 13 damage in it and needed 3.4 s to clear it. Over the last 10 s the player took 3.3 damage per second and killed 1.00 enemies per second."
65,273.70,1,250,,3,1.0,"Action game, difficulty tuning. Player health: 71 of 100. Wave 28 was just cleared. It had 3 enemies with damage multiplier 0.75. The player took 5 damage in it and needed 1.4 s to clear it. Over the last 10 s the player took 2.5 damage per second and killed 1.10 enemies per second."
66,150.55,1,250,,5,0.75,"Action game, difficulty tuning. Player health: 81 of 100. Wave 29 was just cleared. It had 3 enemies with damage multiplier 0.75. The player took 4 damage in it and needed 1.6 s to clear it. Over the last 10 s the player took 2.5 damage per second and killed 1.20 enemies per second."
67,194.23,1,250,,5,1.25,"Action game, difficulty tuning. Player health: 97 of 100. Wave 1 was just cleared. It had 5 enemies with damage multiplier 1. The player took 18 damage in it and needed 2.4 s to clear it. Over the last 10 s the player took 5.2 damage per second and killed 1.47 enemies per second."
68,271.93,1,250,,3,0.75,"Action game, difficulty tuning. Player health: 27 of 100. Wave 2 was just cleared. It had 5 enemies with damage multiplier 1.25. The player took 85 damage in it and needed 8.6 s to clear it. Over the last 10 s the player took 8.7 damage per second and killed 0.80 enemies per second."
69,271.83,1,250,,3,0.75,"Action game, difficulty tuning. Player health: 37 of 100. Wave 3 was just cleared. It had 3 enemies with damage multiplier 0.75. The player took 6 damage in it and needed 2.1 s to clear it. Over the last 10 s the player took 7.0 damage per second and killed 0.80 enemies per second."
70,189.89,1,250,,3,0.75,"Action game, difficulty tuning. Player health: 48 of 100. Wave 4 was just cleared. It had 3 enemies with damage multiplier 0.75. The player took 3 damage in it and needed 1.7 s to clear it. Over the last 10 s the player took 3.9 damage per second and killed 1.10 enemies per second."
71,193.04,1,250,,3,0.75,"Action game, difficulty tuning. Player health: 50 of 100. Wave 5 was just cleared. It had 3 enemies with damage multiplier 0.75. The player took 14 damage in it and needed 5.2 s to clear it. Over the last 10 s the player took 1.9 damage per second and killed 0.80 enemies per second."
72,251.24,1,250,,3,0.75,"Action game, difficulty tuning. Player health: 47 of 100. Wave 6 was just cleared. It had 3 enemies with damage multiplier 0.75. The player took 17 damage in it and needed 4.7 s to clear it. Over the last 10 s the player took 2.7 damage per second and killed 0.50 enemies per second."
73,370.78,1,250,,3,0.75,"Action game, difficulty tuning. Player health: 57 of 100. Wave 7 was just cleared. It had 3 enemies with damage multiplier 0.75. The player took 5 damage in it and needed 1.8 s to clear it. Over the last 10 s the player took 2.5 damage per second and killed 0.70 enemies per second."
74,201.87,1,250,,3,0.75,"Action game, difficulty tuning. Player health: 54 of 100. Wave 8 was just cleared. It had 3 enemies with damage multiplier 0.75. The player took 18 damage in it and needed 6.1 s to clear it. Over the last 10 s the player took 2.3 damage per second and killed 0.70 enemies per second."
75,270.95,1,250,,3,0.75,"Action game, difficulty tuning. Player health: 61 of 100. Wave 9 was just cleared. It had 3 enemies with damage multiplier 0.75. The player took 9 damage in it and needed 2.3 s to clear it. Over the last 10 s the player took 2.6 damage per second and killed 0.60 enemies per second."
76,243.67,1,250,,3,0.75,"Action game, difficulty tuning. Player health: 68 of 100. Wave 10 was just cleared. It had 3 enemies with damage multiplier 0.75. The player took 8 damage in it and needed 3.3 s to clear it. Over the last 10 s the player took 2.1 damage per second and killed 0.80 enemies per second."
77,210.47,1,250,,3,1.0,"Action game, difficulty tuning. Player health: 75 of 100. Wave 11 was just cleared. It had 3 enemies with damage multiplier 0.75. The player took 8 damage in it and needed 3.1 s to clear it. Over the last 10 s the player took 2.2 damage per second and killed 0.90 enemies per second."
78,142.39,1,250,,5,1.5,"Action game, difficulty tuning. Player health: 84 of 100. Wave 12 was just cleared. It had 3 enemies with damage multiplier 1. The player took 5 damage in it and needed 1.1 s to clear it. Over the last 10 s the player took 2.2 damage per second and killed 0.90 enemies per second."
79,216.20,1,250,,3,0.75,"Action game, difficulty tuning. Player health: 55 of 100. Wave 13 was just cleared. It had 5 enemies with damage multiplier 1.5. The player took 44 damage in it and needed 6.4 s to clear it. Over the last 10 s the player took 5.0 damage per second and killed 0.90 enemies per second."
80,218.96,1,250,,3,0.75,"Action game, difficulty tuning. Player health: 63 of 100. Wave 14 was just cleared. It had 3 enemies with damage multiplier 0.75. The player took 7 damage in it and needed 2.4 s to clear it. Over the last 10 s the player took 5.1 damage per second and killed 0.80 enemies per second."
81,198.25,1,250,,5,1.25,"Action game, difficulty tuning. Player health: 73 of 100. Wave 15 was just cleared. It had 3 enemies with damage multiplier 0.75. The player took 5 damage in it and needed 1.4 s to clear it. Over the last 10 s the player took 3.2 damage per second and killed 0.80 enemies per second."
82,240.04,1,251,,5,1.5,"Action game, difficulty tuning. Player health: 76 of 100. Wave 16 was just cleared. It had 5 enemies with damage multiplier 1.25. The player took 12 damage in it and needed 1.5 s to clear it. Over the last 10 s the player took 2.9 damage per second and killed 1.20 enemies per second."
83,183.14,1,250,,3,0.75,"Action game, difficulty tuning. Player health: 60 of 100. Wave 17 was just cleared. It had 5 enemies with damage multiplier 1.5. The player took 32 damage in it and needed 3.6 s to clear it. Over the last 10 s the player took 4.9 damage per second and killed 1.40 enemies per second."
84,191.19,1,250,,3,1.5,"Action game, difficulty tuning. Player health: 69 of 100. Wave 18 was just cleared. It had 3 enemies with damage multiplier 0.75. The player took 6 damage in it and needed 1.7 s to clear it. Over the last 10 s the player took 5.0 damage per second and killed 1.50 enemies per second."
85,331.78,1,250,,3,1.5,"Action game, difficulty tuning. Player health: 74 of 100. Wave 19 was just cleared. It had 3 enemies with damage multiplier 1.5. The player took 10 damage in it and needed 2.1 s to clear it. Over the last 10 s the player took 4.7 damage per second and killed 1.10 enemies per second."
86,447.19,1,250,,5,1.0,"Action game, difficulty tuning. Player health: 86 of 100. Wave 20 was just cleared. It had 3 enemies with damage multiplier 0.75. The player took 4 damage in it and needed 1.8 s to clear it. Over the last 10 s the player took 2.5 damage per second and killed 1.20 enemies per second."
87,205.64,1,250,,5,1.0,"Action game, difficulty tuning. Player health: 95 of 100. Wave 21 was just cleared. It had 3 enemies with damage multiplier 0.75. The player took 6 damage in it and needed 1.7 s to clear it. Over the last 10 s the player took 2.4 damage per second and killed 1.20 enemies per second."
88,171.80,1,250,,3,1.5,"Action game, difficulty tuning. Player health: 87 of 100. Wave 22 was just cleared. It had 5 enemies with damage multiplier 1. The player took 23 damage in it and needed 4.1 s to clear it. Over the last 10 s the player took 3.3 damage per second and killed 1.10 enemies per second."
89,138.97,1,250,,5,0.75,"Action game, difficulty tuning. Player health: 90 of 100. Wave 23 was just cleared. It had 3 enemies with damage multiplier 1.5. The player took 12 damage in it and needed 2.4 s to clear it. Over the last 10 s the player took 4.0 damage per second and killed 1.10 enemies per second."
90,252.72,1,251,,3,0.75,"Action game, difficulty tuning. Player health: 79 of 100. Wave 24 was just cleared. It had 5 enemies with damage multiplier 0.75. The player took 26 damage in it and needed 4.6 s to clear it. Over the last 10 s the player took 4.0 damage per second and killed 0.90 enemies per second."
91,299.78,1,250,,5,1.0,"Action game, difficulty tuning. Player health: 90 of 100. Wave 25 was just cleared. It had 3 enemies with damage multiplier 1. The player took 4 damage in it and needed 1.2 s to clear it. Over the last 10 s the player took 4.1 damage per second and killed 1.10 enemies per second."
92,281.38,1,250,,3,0.75,"Action game, difficulty tuning. Player health: 82 of 100. Wave 26 was just cleared. It had 3 enemies with damage multiplier 1. The player took 23 damage in it and needed 5.0 s to clear it. Over the last 10 s the player took 3.5 damage per second and killed 0.90 enemies per second."
93,363.02,1,250,,8,1.0,"Action game, difficulty tuning. Player health: 94 of 100. Wave 27 was just cleared. It had 3 enemies with damage multiplier 1. The player took 3 damage in it and needed 0.8 s to clear it. Over the last 10 s the player took 3.1 damage per second and killed 1.00 enemies per second."
94,304.28,1,251,,3,1.5,"Action game, difficulty tuning. Player health: 94 of 100. Wave 28 was just cleared. It had 3 enemies with damage multiplier 1.25. The player took 15 damage in it and needed 3.3 s to clear it. Over the last 10 s the player took 3.5 damage per second and killed 0.90 enemies per second."
95,430.76,1,250,,5,1.25,"Action game, difficulty tuning. Player health: 100 of 100. Wave 29 was just cleared. It had 3 enemies with damage multiplier 1.5. The player took 6 damage in it and needed 1.1 s to clear it. Over the last 10 s the player took 2.9 damage per second and killed 1.10 enemies per second."
96,186.40,1,250,,5,0.75,"Action game, difficulty tuning. Player health: 100 of 100. Wave 1 was just cleared. It had 5 enemies with damage multiplier 1. The player took 13 damage in it and needed 3.4 s to clear it. Over the last 10 s the player took 2.9 damage per second and killed 1.13 enemies per second."
97,143.85,1,250,,8,1.0,"Action game, difficulty tuning. Player health: 100 of 100. Wave 2 was just cleared. It had 5 enemies with damage multiplier 0.75. The player took 7 damage in it and needed 1.3 s to clear it. Over the last 10 s the player took 3.0 damage per second and killed 1.49 enemies per second."
98,136.75,1,250,,3,0.75,"Action game, difficulty tuning. Player health: 55 of 100. Wave 3 was just cleared. It had 8 enemies with damage multiplier 1. The player took 60 damage in it and needed 6.7 s to clear it. Over the last 10 s the player took 6.7 damage per second and killed 1.40 enemies per second."
99,268.24,1,250,,3,0.75,"Action game, difficulty tuning. Player health: 59 of 100. Wave 4 was just cleared. It had 3 enemies with damage multiplier 0.75. The player took 11 damage in it and needed 4.7 s to clear it. Over the last 10 s the player took 4.0 damage per second and killed 0.80 enemies per second."
100,237.25,1,250,,3,0.75,"Action game, difficulty tuning. Player health: 51 of 100. Wave 5 was just cleared. It had 5 enemies with damage multiplier 1. The player took 23 damage in it and needed 3.3 s to clear it. Over the last 10 s the player took 3.5 damage per second and killed 0.80 enemies per second."
101,178.54,1,250,,3,1.25,"Action game, difficulty tuning. Player health: 64 of 100. Wave 6 was just cleared. It had 3 enemies with damage multiplier 0.75. The player took 2 damage in it and needed 1.2 s to clear it. Over the last 10 s the player took 3.3 damage per second and killed 1.00 enemies per second."
102,229.25,1,250,,3,0.75,"Action game, difficulty tuning. Player health: 51 of 100. Wave 7 was just cleared. It had 3 enemies with damage multiplier 1.25. The player took 27 damage in it and needed 5.4 s to clear it. Over the last 10 s the player took 3.5 damage per second and killed 0.90 enemies per second."
103,216.22,1,250,,3,0.75,"Action game, difficulty tuning. Player health: 61 of 100. Wave 8 was just cleared. It had 3 enemies with damage multiplier 0.75. The player took 5 damage in it and needed 2.2 s to clear it. Over the last 10 s the player took 3.3 damage per second and killed 0.70 enemies per second."
104,223.30,1,250,,8,1.5,"Action game, difficulty tuning. Player health: 75 of 100. Wave 9 was just cleared. It had 3 enemies with damage multiplier 0.75. The player took 1 damage in it and needed 0.3 s to clear it. Over the last 10 s the player took 3.3 damage per second and killed 0.90 enemies per second."
105,201.75,1,250,,3,0.75,"Action game, difficulty tuning. Player health: 24 of 100. Wave 10 was just cleared. It had 8 enemies with damage multiplier 1.5. The player took 67 damage in it and needed 7.3 s to clear it. Over the last 10 s the player took 6.8 damage per second and killed 1.20 enemies per second."
106,207.84,1,251,,3,0.75,"Action game, difficulty tuning. Player health: 18 of 100. Wave 11 was just cleared. It had 3 enemies with damage multiplier 0.75. The player took 20 damage in it and needed 5.4 s to clear it. Over the last 10 s the player took 4.0 damage per second and killed 0.60 enemies per second."
107,350.77,1,250,,3,1.25,"Action game, difficulty tuning. Player health: 31 of 100. Wave 12 was just cleared. It had 3 enemies with damage multiplier 0.75. The player took 2 damage in it and needed 0.8 s to clear it. Over the last 10 s the player took 3.0 damage per second and killed 0.80 enemies per second."
108,183.72,1,250,,3,0.75,"Action game, difficulty tuning. Player health: 34 of 100. Wave 13 was just cleared. It had 3 enemies with damage multiplier 1.5. The player took 12 damage in it and needed 3.3 s to clear it. Over the last 10 s the player took 2.8 damage per second and killed 0.90 enemies per second."
109,271.13,1,250,,3,0.75,"Action game, difficulty tuning. Player health: 47 of 100. Wave 14 was just cleared. It had 3 enemies with damage multiplier 0.75. The player took 2 damage in it and needed 0.8 s to clear it. Over the last 10 s the player took 2.2 damage per second and killed 1.10 enemies per second."
110,140.50,1,250,,3,0.75,"Action game, difficulty tuning. Player health: 31 of 100. Wave 15 was just cleared. It had 3 enemies with damage multiplier 1.5. The player took 31 damage in it and needed 6.6 s to clear it. Over the last 10 s the player took 3.5 damage per second and killed 0.70 enemies per second."
111,248.51,1,250,,3,0.75,"Action game, difficulty tuning. Player health: 44 of 100. Wave 16 was just cleared. It had 3 enemies with damage multiplier 0.75. The player took 2 damage in it and needed 0.8 s to clear it. Over the last 10 s the player took 3.4 damage per second and killed 0.80 enemies per second."
112,258.12,1,250,,5,1.0,"Action game, difficulty tuning. Player health: 58 of 100. Wave 17 was just cleared. It had 3 enemies with damage multiplier 0.75. The player took 1 damage in it and needed 0.4 s to clear it. Over the last 10 s the player took 3.4 damage per second and killed 0.90 enemies per second."
113,135.12,1,251,,3,0.75,"Action game, difficulty tuning. Player health: 45 of 100. Wave 18 was just cleared. It had 3 enemies with damage multiplier 1.25. The player took 28 damage in it and needed 4.9 s to clear it. Over the last 10 s the player took 3.4 damage per second and killed 1.00 enemies per second."
114,224.60,1,250,,3,0.75,"Action game, difficulty tuning. Player health: 58 of 100. Wave 19 was just cleared. It had 3 enemies with damage multiplier 0.75. The player took 2 damage in it and needed 0.7 s to clear it. Over the last 10 s the player took 3.4 damage per second and killed 1.20 enemies per second."
115,216.41,1,251,,3,0.75,"Action game, difficulty tuning. Player health: 61 of 100. Wave 20 was just cleared. It had 3 enemies with damage multiplier 0.75. The player took 12 damage in it and needed 4.1 s to clear it. Over the last 10 s the player took 3.1 damage per second and killed 0.90 enemies per second."
116,265.13,1,251,,3,0.75,"Action game, difficulty tuning. Player health: 65 of 100. Wave 21 was just cleared. It had 3 enemies with damage multiplier 0.75. The player took 10 damage in it and needed 4.4 s to clear it. Over the last 10 s the player took 2.2 damage per second and killed 0.60 enemies per second."
117,115.54,1,251,,3,0.75,"Action game, difficulty tuning. Player health: 59 of 100. Wave 22 was just cleared. It had 3 enemies with damage multiplier 1.25. The player took 21 damage in it and needed 4.7 s to clear it. Over the last 10 s the player took 3.1 damage per second and killed 0.60 enemies per second."
118,206.28,1,251,,3,0.75,"Action game, difficulty tuning. Player health: 63 of 100. Wave 23 was just cleared. It had 3 enemies with damage multiplier 0.75. The player took 11 damage in it and needed 3.3 s to clear it. Over the last 10 s the player took 3.2 damage per second and killed 0.70 enemies per second."
119,201.08,1,250,,3,0.75,"Action game, difficulty tuning. Player health: 69 of 100. Wave 24 was just cleared. It had 3 enemies with damage multiplier 0.75. The player took 9 damage in it and needed 2.9 s to clear it. Over the last 10 s the player took 2.4 damage per second and killed 0.70 enemies per second."
120,150.44,1,251,,3,0.75,"Action game, difficulty tuning. Player health: 72 of 100. Wave 25 was just cleared. It had 3 enemies with damage multiplier 0.75. The player took 12 damage in it and needed 3.4 s to clear it. Over the last 10 s the player took 2.6 damage per second and killed 0.80 enemies per second."
121,310.03,1,251,,3,1.5,"Action game, difficulty tuning. Player health: 78 of 100. Wave 26 was just cleared. It had 3 enemies with damage multiplier 0.75. The player took 10 damage in it and needed 2.5 s to clear it. Over the last 10 s the player took 2.7 damage per second and killed 0.90 enemies per second."
122,168.83,1,250,,3,1.5,"Action game, difficulty tuning. Player health: 87 of 100. Wave 27 was just cleared. It had 3 enemies with damage multiplier 0.75. The player took 6 damage in it and needed 2.6 s to clear it. Over the last 10 s the player took 2.6 damage per second and killed 0.90 enemies per second."
123,187.20,1,250,,5,1.0,"Action game, difficulty tuning. Player health: 88 of 100. Wave 28 was just cleared. It had 3 enemies with damage multiplier 1.5. The player took 14 damage in it and needed 1.8 s to clear it. Over the last 10 s the player took 3.0 damage per second and killed 1.00 enemies per second."
124,184.40,1,250,,3,0.75,"Action game, difficulty tuning. Player health: 57 of 100. Wave 29 was just cleared. It had 5 enemies with damage multiplier 1. The player took 45 damage in it and needed 7.5 s to clear it. Over the last 10 s the player took 5.7 damage per second and killed 0.80 enemies per second."
125,344.82,1,250,,8,0.75,"Action game, difficulty tuning. Player health: 100 of 100. Wave 1 was just cleared. It had 5 enemies with damage multiplier 1. The player took 12 damage in it and needed 1.9 s to clear it. Over the last 10 s the player took 4.1 damage per second and killed 1.68 enemies per second."
126,318.37,1,251,,8,0.75,"Action game, difficulty tuning. Player health: 100 of 100. Wave 2 was just cleared. It had 5 enemies with damage multiplier 1.25. The player took 14 damage in it and needed 2.2 s to clear it. Over the last 10 s the player took 4.2 damage per second and killed 1.61 enemies per second."
127,219.59,1,250,,5,0.75,"Action game, difficulty tuning. Player health: 81 of 100. Wave 3 was just cleared. It had 5 enemies with damage multiplier 1.5. The player took 34 damage in it and needed 2.9 s to clear it. Over the last 10 s the player took 6.0 damage per second and killed 1.50 enemies per second."
128,250.03,1,250,,5,1.25,"Action game, difficulty tuning. Player health: 87 of 100. Wave 4 was just cleared. It had 5 enemies with damage multiplier 0.75. The player took 9 damage in it and needed 2.1 s to clear it. Over the last 10 s the player took 5.7 damage per second and killed 1.50 enemies per second."
129,239.37,1,250,,8,1.0,"Action game, difficulty tuning. Player health: 90 of 100. Wave 5 was just cleared. It had 5 enemies with damage multiplier 1.5. The player took 12 damage in it and needed 1.3 s to clear it. Over the last 10 s the player took 5.7 damage per second and killed 1.60 enemies per second."
130,111.86,1,250,,3,0.75,"Action game, difficulty tuning. Player health: 51 of 100. Wave 6 was just cleared. It had 8 enemies with damage multiplier 1. The player took 54 damage in it and needed 5.9 s to clear it. Over the last 10 s the player took 6.7 damage per second and killed 1.60 enemies per second."
131,360.14,1,250,,3,1.25,"Action game, difficulty tuning. Player health: 61 of 100. Wave 7 was just cleared. It had 3 enemies with damage multiplier 0.75. The player took 5 damage in it and needed 1.6 s to clear it. Over the last 10 s the player took 6.2 damage per second and killed 1.40 enemies per second."
132,433.74,1,250,,3,1.5,"Action game, difficulty tuning. Player health: 62 of 100. Wave 8 was just cleared. It had 5 enemies with damage multiplier 1.5. The player took 15 damage in it and needed 1.5 s to clear it. Over the last 10 s the player took 5.9 damage per second and killed 1.50 enemies per second."
133,194.89,1,250,,3,0.75,"Action game, difficulty tuning. Player health: 52 of 100. Wave 9 was just cleared. It had 5 enemies with damage multiplier 1.5. The player took 25 damage in it and needed 3.3 s to clear it. Over the last 10 s the player took 4.5 damage per second and killed 1.40 enemies per second."
134,119.17,1,250,,5,0.75,"Action game, difficulty tuning. Player health: 65 of 100. Wave 10 was just cleared. It had 3 enemies with damage multiplier 0.75. The player took 3 damage in it and needed 0.8 s to clear it. Over the last 10 s the player took 4.5 damage per second and killed 1.60 enemies per second."
135,388.40,1,251,,3,1.25,"Action game, difficulty tuning. Player health: 68 of 100. Wave 11 was just cleared. It had 5 enemies with damage multiplier 0.75. The player took 11 damage in it and needed 3.4 s to clear it. Over the last 10 s the player took 3.8 damage per second and killed 1.30 enemies per second."
136,356.96,1,250,,3,0.75,"Action game, difficulty tuning. Player health: 54 of 100. Wave 12 was just cleared. It had 5 enemies with damage multiplier 1.5. The player took 30 damage in it and needed 3.4 s to clear it. Over the last 10 s the player took 4.4 damage per second and killed 1.30 enemies per second."
137,252.55,1,250,,3,0.75,"Action game, difficulty tuning. Player health: 46 of 100. Wave 13 was just cleared. It had 5 enemies with damage multiplier 1.5. The player took 23 damage in it and needed 2.5 s to clear it. Over the last 10 s the player took 5.8 damage per second and killed 1.20 enemies per second."
138,468.80,1,251,,3,1.25,"Action game, difficulty tuning. Player health: 49 of 100. Wave 14 was just cleared. It had 5 enemies with damage multiplier 1.25. The player took 12 damage in it and needed 1.6 s to clear it. Over the last 10 s the player took 6.4 damage per second and killed 1.50 enemies per second."
139,299.02,1,251,,3,1.0,"Action game, difficulty tuning. Player health: 29 of 100. Wave 15 was just cleared. It had 5 enemies with damage multiplier 1.25. The player took 35 damage in it and needed 3.9 s to clear it. Over the last 10 s the player took 7.0 damage per second and killed 1.50 enemies per second."
140,231.97,1,251,,3,0.75,"Action game, difficulty tuning. Player health: 27 of 100. Wave 16 was just cleared. It had 5 enemies with damage multiplier 0.75. The player took 18 damage in it and needed 2.7 s to clear it. Over the last 10 s the player took 6.2 damage per second and killed 1.50 enemies per second."
141,320.96,1,250,,3,0.75,"Action game, difficulty tuning. Player health: 40 of 100. Wave 17 was just cleared. It had 3 enemies with damage multiplier 0.75. The player took 1 damage in it and needed 0.5 s to clear it. Over the last 10 s the player took 5.4 damage per second and killed 1.30 enemies per second."
142,292.78,1,251,,3,0.75,"Action game, difficulty tuning. Player health: 33 of 100. Wave 18 was just cleared. It had 5 enemies with damage multiplier 0.75. The player took 22 damage in it and needed 5.2 s to clear it. Over the last 10 s the player took 3.8 damage per second and killed 1.30 enemies per second."
143,311.84,1,250,,3,1.0,"Action game, difficulty tuning. Player health: 44 of 100. Wave 19 was just cleared. It had 5 enemies with damage multiplier 0.75. The player took 4 damage in it and needed 0.9 s to clear it. Over the last 10 s the player took 2.9 damage per second and killed 1.60 enemies per second."
144,370.69,1,250,,3,0.75,"Action game, difficulty tuning. Player health: 51 of 100. Wave 20 was just cleared. It had 5 enemies with damage multiplier 0.75. The player took 8 damage in it and needed 1.9 s to clear it. Over the last 10 s the player took 3.4 damage per second and killed 1.50 enemies per second."
145,221.22,1,251,,3,0.75,"Action game, difficulty tuning. Player health: 55 of 100. Wave 21 was just cleared. It had 5 enemies with damage multiplier 0.75. The player took 10 damage in it and needed 2.3 s to clear it. Over the last 10 s the player took 2.6 damage per second and killed 1.60 enemies per second."
146,322.18,1,250,,5,1.0,"Action game, difficulty tuning. Player health: 68 of 100. Wave 22 was just cleared. It had 3 enemies with damage multiplier 0.75. The player took 2 damage in it and needed 1.0 s to clear it. Over the last 10 s the player took 2.5 damage per second and killed 1.80 enemies per second."
147,164.53,1,251,,5,0.75,"Action game, difficulty tuning. Player health: 73 of 100. Wave 23 was just cleared. It had 5 enemies with damage multiplier 0.75. The player took 10 damage in it and needed 2.6 s to clear it. Over the last 10 s the player took 2.6 damage per second and killed 1.50 enemies per second."
148,160.73,1,250,,8,0.75,"Action game, difficulty tuning. Player health: 81 of 100. Wave 24 was just cleared. It had 5 enemies with damage multiplier 0.75. The player took 7 damage in it and needed 1.4 s to clear it. Over the last 10 s the player took 2.8 damage per second and killed 1.60 enemies per second."
149,136.32,1,251,,3,1.25,"Action game, difficulty tuning. Player health: 65 of 100. Wave 25 was just cleared. It had 8 enemies with damage multiplier 0.75. The player took 31 damage in it and needed 4.9 s to clear it. Over the last 10 s the player took 4.3 damage per second and killed 1.60 enemies per second."
150,212.24,1,251,,3,0.75,"Action game, difficulty tuning. Player health: 64 of 100. Wave 26 was just cleared. It had 3 enemies with damage multiplier 1.25. The player took 16 damage in it and needed 3.0 s to clear it. Over the last 10 s the player took 4.7 damage per second and killed 1.30 enemies per second."
151,328.03,1,250,,3,1.5,"Action game, difficulty tuning. Player health: 74 of 100. Wave 27 was just cleared. It had 3 enemies with damage multiplier 0.75. The player took 5 damage in it and needed 1.6 s to clear it. Over the last 10 s the player took 3.6 damage per second and killed 1.20 enemies per second."
152,191.75,1,251,,5,0.75,"Action game, difficulty tuning. Player health: 77 of 100. Wave 28 was just cleared. It had 5 enemies with damage multiplier 0.75. The player took 12 damage in it and needed 2.5 s to clear it. Over the last 10 s the player took 3.2 damage per second and killed 1.10 enemies per second."
153,204.84,1,251,,5,0.75,"Action game, difficulty tuning. Player health: 76 of 100. Wave 29 was just cleared. It had 5 enemies with damage multiplier 0.75. The player took 16 damage in it and needed 3.1 s to clear it. Over the last 10 s the player took 3.2 damage per second and killed 1.30 enemies per second."
154,215.52,1,250,,5,1.5,"Action game, difficulty tuning. Player health: 100 of 100. Wave 1 was just cleared. It had 5 enemies with damage multiplier 1. The player took 11 damage in it and needed 1.8 s to clear it. Over the last 10 s the player took 3.9 damage per second and killed 1.74 enemies per second."
155,240.05,1,250,,8,0.75,"Action game, difficulty tuning. Player health: 100 of 100. Wave 2 was just cleared. It had 5 enemies with damage multiplier 1.5. The player took 15 damage in it and needed 1.6 s to clear it. Over the last 10 s the player took 4.9 damage per second and killed 1.84 enemies per second."
156,230.16,1,250,,8,1.25,"Action game, difficulty tuning. Player health: 100 of 100. Wave 3 was just cleared. It had 8 enemies with damage multiplier 0.75. The player took 8 damage in it and needed 1.2 s to clear it. Over the last 10 s the player took 4.5 damage per second and killed 2.34 enemies per second."
157,160.86,1,250,,3,0.75,"Action game, difficulty tuning. Player health: 61 of 100. Wave 4 was just cleared. It had 8 enemies with damage multiplier 1.25. The player took 54 damage in it and needed 5.5 s to clear it. Over the last 10 s the player took 7.3 damage per second and killed 2.10 enemies per second."
158,209.49,1,250,,3,0.75,"Action game, difficulty tuning. Player health: 69 of 100. Wave 5 was just cleared. It had 3 enemies with damage multiplier 0.75. The player took 7 damage in it and needed 2.1 s to clear it. Over the last 10 s the player took 6.2 damage per second and killed 1.40 enemies per second."
159,249.07,1,250,,3,1.25,"Action game, difficulty tuning. Player health: 74 of 100. Wave 6 was just cleared. It had 3 enemies with damage multiplier 0.75. The player took 9 damage in it and needed 2.7 s to clear it. Over the last 10 s the player took 3.8 damage per second and killed 0.90 enemies per second."
160,248.05,1,250,,5,0.75,"Action game, difficulty tuning. Player health: 80 of 100. Wave 7 was just cleared. It had 3 enemies with damage multiplier 1.25. The player took 9 damage in it and needed 1.4 s to clear it. Over the last 10 s the player took 2.9 damage per second and killed 1.10 enemies per second."
161,108.11,1,250,,5,1.0,"Action game, difficulty tuning. Player health: 89 of 100. Wave 8 was just cleared. It had 5 enemies with damage multiplier 0.75. The player took 7 damage in it and needed 1.7 s to clear it. Over the last 10 s the player took 2.8 damage per second and killed 1.40 enemies per second."
162,311.12,1,250,,3,1.5,"Action game, difficulty tuning. Player health: 84 of 100. Wave 9 was just cleared. It had 5 enemies with damage multiplier 1. The player took 20 damage in it and needed 3.4 s to clear it. Over the last 10 s the player took 3.7 damage per second and killed 1.50 enemies per second."
163,443.56,1,250,,3,1.0,"Action game, difficulty tuning. Player health: 82 of 100. Wave 10 was just cleared. It had 5 enemies with damage multiplier 1. The player took 17 damage in it and needed 2.5 s to clear it. Over the last 10 s the player took 4.4 damage per second and killed 1.50 enemies per second."
164,324.06,1,250,,3,1.25,"Action game, difficulty tuning. Player health: 81 of 100. Wave 11 was just cleared. It had 5 enemies with damage multiplier 1. The player took 15 damage in it and needed 2.8 s to clear it. Over the last 10 s the player took 4.7 damage per second and killed 1.30 enemies per second."
165,271.79,1,250,,5,1.5,"Action game, difficulty tuning. Player health: 86 of 100. Wave 12 was just cleared. It had 5 enemies with damage multiplier 1. The player took 10 damage in it and needed 1.8 s to clear it. Over the last 10 s the player took 4.2 damage per second and killed 1.50 enemies per second."
166,298.45,1,250,,8,0.75,"Action game, difficulty tuning. Player health: 92 of 100. Wave 13 was just cleared. It had 5 enemies with damage multiplier 1. The player took 9 damage in it and needed 1.8 s to clear it. Over the last 10 s the player took 3.6 damage per second and killed 1.80 enemies per second."
167,291.95,1,250,,3,1.25,"Action game, difficulty tuning. Player health: 77 of 100. Wave 14 was just cleared. It had 5 enemies with damage multiplier 1. The player took 30 damage in it and needed 4.4 s to clear it. Over the last 10 s the player took 5.0 damage per second and killed 1.50 enemies per second."
168,265.51,1,250,,8,0.75,"Action game, difficulty tuning. Player health: 87 of 100. Wave 15 was just cleared. It had 5 enemies with damage multiplier 1. The player took 5 damage in it and needed 0.9 s to clear it. Over the last 10 s the player took 4.5 damage per second and killed 1.50 enemies per second."
169,202.28,1,250,,5,1.5,"Action game, difficulty tuning. Player health: 95 of 100. Wave 16 was just cleared. It had 5 enemies with damage multiplier 1. The player took 7 damage in it and needed 1.4 s to clear it. Over the last 10 s the player took 4.3 damage per second and killed 1.60 enemies per second."
170,232.44,1,250,,12,1.0,"Action game, difficulty tuning. Player health: 100 of 100. Wave 17 was just cleared. It had 5 enemies with damage multiplier 1.5. The player took 7 damage in it and needed 0.8 s to clear it. Over the last 10 s the player took 4.5 damage per second and killed 2.00 enemies per second."
171,270.20,1,250,,3,0.75,"Action game, difficulty tuning. Player health: 56 of 100. Wave 18 was just cleared. It had 12 enemies with damage multiplier 1. The player took 59 damage in it and needed 5.7 s to clear it. Over the last 10 s the player took 7.3 damage per second and killed 2.20 enemies per second."
172,192.82,1,250,,3,1.25,"Action game, difficulty tuning. Player health: 54 of 100. Wave 19 was just cleared. It had 5 enemies with damage multiplier 1.5. The player took 18 damage in it and needed 1.9 s to clear it. Over the last 10 s the player took 8.0 damage per second and killed 2.00 enemies per second."
173,198.58,1,251,,3,0.75,"Action game, difficulty tuning. Player health: 58 of 100. Wave 20 was just cleared. It had 3 enemies with damage multiplier 1.25. The player took 10 damage in it and needed 2.2 s to clear it. Over the last 10 s the player took 4.9 damage per second and killed 1.50 enemies per second."
174,207.97,1,250,,5,1.0,"Action game, difficulty tuning. Player health: 70 of 100. Wave 21 was just cleared. It had 3 enemies with damage multiplier 0.75. The player took 3 damage in it and needed 1.1 s to clear it. Over the last 10 s the player took 3.5 damage per second and killed 1.20 enemies per second."
175,408.45,1,250,,5,1.25,"Action game, difficulty tuning. Player health: 77 of 100. Wave 22 was just cleared. It had 5 enemies with damage multiplier 1. The player took 8 damage in it and needed 1.3 s to clear it. Over the last 10 s the player took 3.9 damage per second and killed 1.60 enemies per second."
176,132.20,1,250,,3,1.0,"Action game, difficulty tuning. Player health: 70 of 100. Wave 23 was just cleared. It had 5 enemies with damage multiplier 1.5. The player took 22 damage in it and needed 2.6 s to clear it. Over the last 10 s the player took 4.2 damage per second and killed 1.60 enemies per second."
177,246.91,1,250,,3,1.5,"Action game, difficulty tuning. Player health: 80 of 100. Wave 24 was just cleared. It had 3 enemies with damage multiplier 1. The player took 4 damage in it and needed 1.5 s to clear it. Over the last 10 s the player took 3.8 damage per second and killed 1.60 enemies per second."
178,254.33,1,250,,3,0.75,"Action game, difficulty tuning. Player health: 76 of 100. Wave 25 was just cleared. It had 3 enemies with damage multiplier 1.5. The player took 19 damage in it and needed 4.3 s to clear it. Over the last 10 s the player took 4.2 damage per second and killed 1.10 enemies per second."
179,147.08,1,250,,3,1.5,"Action game, difficulty tuning. Player health: 69 of 100. Wave 26 was just cleared. It had 5 enemies with damage multiplier 1.5. The player took 21 damage in it and needed 2.4 s to clear it. Over the last 10 s the player took 4.4 damage per second and killed 1.00 enemies per second."
180,142.64,1,250,,3,1.5,"Action game, difficulty tuning. Player health: 75 of 100. Wave 27 was just cleared. It had 3 enemies with damage multiplier 1.5. The player took 10 damage in it and needed 1.7 s to clear it. Over the last 10 s the player took 4.6 damage per second and killed 1.10 enemies per second."
181,296.45,1,250,,5,1.25,"Action game, difficulty tuning. Player health: 86 of 100. Wave 28 was just cleared. It had 3 enemies with damage multiplier 1.5. The player took 3 damage in it and needed 1.1 s to clear it. Over the last 10 s the player took 4.0 damage per second and killed 1.20 enemies per second."
182,127.78,1,250,,8,0.75,"Action game, difficulty tuning. Player health: 89 of 100. Wave 29 was just cleared. It had 5 enemies with damage multiplier 1. The player took 13 damage in it and needed 1.8 s to clear it. Over the last 10 s the player took 4.6 damage per second and killed 1.60 enemies per second."
183,137.63,1,250,,8,1.0,"Action game, difficulty tuning. Player health: 100 of 100. Wave 1 was just cleared. It had 5 enemies with damage multiplier 1. The player took 9 damage in it and needed 1.6 s to clear it. Over the last 10 s the player took 3.6 damage per second and killed 1.94 enemies per second."
184,286.83,1,250,,3,0.75,"Action game, difficulty tuning. Player health: 40 of 100. Wave 2 was just cleared. It had 8 enemies with damage multiplier 1. The player took 75 damage in it and needed 5.8 s to clear it. Over the last 10 s the player took 8.9 damage per second and killed 1.38 enemies per second."
185,154.25,1,250,,3,1.25,"Action game, difficulty tuning. Player health: 41 of 100. Wave 3 was just cleared. It had 5 enemies with damage multiplier 0.75. The player took 14 damage in it and needed 2.2 s to clear it. Over the last 10 s the player took 8.9 damage per second and killed 1.30 enemies per second."
186,341.33,1,250,,3,0.75,"Action game, difficulty tuning. Player health: 22 of 100. Wave 4 was just cleared. It had 3 enemies with damage multiplier 1.25. The player took 34 damage in it and needed 4.8 s to clear it. Over the last 10 s the player took 5.6 damage per second and killed 1.40 enemies per second."
187,215.08,1,249,,3,0.75,"Action game, difficulty tuning. Player health: 29 of 100. Wave 5 was just cleared. It had 3 enemies with damage multiplier 1. The player took 9 damage in it and needed 2.0 s to clear it. Over the last 10 s the player took 4.9 damage per second and killed 1.10 enemies per second."
188,243.14,1,250,,3,0.75,"Action game, difficulty tuning. Player health: 37 of 100. Wave 6 was just cleared. It had 3 enemies with damage multiplier 0.75. The player took 6 damage in it and needed 1.9 s to clear it. Over the last 10 s the player took 4.3 damage per second and killed 0.90 enemies per second."
189,233.03,1,250,,3,0.75,"Action game, difficulty tuning. Player health: 47 of 100. Wave 7 was just cleared. It had 3 enemies with damage multiplier 0.75. The player took 5 damage in it and needed 1.8 s to clear it. Over the last 10 s the player took 2.8 damage per second and killed 1.20 enemies per second."
190,287.37,1,250,,3,0.75,"Action game, difficulty tuning. Player health: 54 of 100. Wave 8 was just cleared. It had 3 enemies with damage multiplier 0.75. The player took 8 damage in it and needed 2.3 s to clear it. Over the last 10 s the player took 2.3 damage per second and killed 1.10 enemies per second."
191,117.18,1,249,,3,0.75,"Action game, difficulty tuning. Player health: 62 of 100. Wave 9 was just cleared. It had 3 enemies with damage multiplier 1. The player took 7 damage in it and needed 1.7 s to clear it. Over the last 10 s the player took 2.3 damage per second and killed 1.20 enemies per second."
192,177.22,1,250,,5,1.0,"Action game, difficulty tuning. Player health: 74 of 100. Wave 10 was just cleared. It had 3 enemies with damage multiplier 0.75. The player took 4 damage in it and needed 1.2 s to clear it. Over the last 10 s the player took 2.4 damage per second and killed 1.20 enemies per second."
193,141.40,1,250,,3,0.75,"Action game, difficulty tuning. Player health: 62 of 100. Wave 11 was just cleared. It had 5 enemies with damage multiplier 1. The player took 26 damage in it and needed 4.0 s to clear it. Over the last 10 s the player took 3.7 damage per second and killed 1.20 enemies per second."
194,247.47,1,250,,5,1.25,"Action game, difficulty tuning. Player health: 74 of 100. Wave 12 was just cleared. It had 3 enemies with damage multiplier 0.75. The player took 3 damage in it and needed 1.0 s to clear it. Over the last 10 s the player took 3.6 damage per second and killed 1.30 enemies per second."
195,151.70,1,251,,3,1.25,"Action game, difficulty tuning. Player health: 76 of 100. Wave 13 was just cleared. It had 5 enemies with damage multiplier 1.25. The player took 14 damage in it and needed 2.1 s to clear it. Over the last 10 s the player took 4.3 damage per second and killed 1.30 enemies per second."
196,240.68,1,250,,3,1.25,"Action game, difficulty tuning. Player health: 82 of 100. Wave 14 was just cleared. It had 3 enemies with damage multiplier 1.25. The player took 9 damage in it and needed 2.2 s to clear it. Over the last 10 s the player took 3.0 damage per second and killed 1.30 enemies per second."
197,208.74,1,250,,5,1.5,"Action game, difficulty tuning. Player health: 93 of 100. Wave 15 was just cleared. It had 3 enemies with damage multiplier 1.25. The player took 4 damage in it and needed 1.1 s to clear it. Over the last 10 s the player took 2.9 damage per second and killed 1.40 enemies per second."
198,200.23,1,250,,8,1.0,"Action game, difficulty tuning. Player health: 93 of 100. Wave 16 was just cleared. It had 5 enemies with damage multiplier 1.5. The player took 15 damage in it and needed 1.4 s to clear it. Over the last 10 s the player took 4.1 damage per second and killed 1.60 enemies per second."
199,269.16,1,250,,8,0.75,"Action game, difficulty tuning. Player health: 88 of 100. Wave 17 was just cleared. It had 8 enemies with damage multiplier 1. The player took 20 damage in it and needed 2.5 s to clear it. Over the last 10 s the player took 4.6 damage per second and killed 1.90 enemies per second."
200,171.08,1,250,,5,0.75,"Action game, difficulty tuning. Player health: 86 of 100. Wave 18 was just cleared. It had 3 enemies with damage multiplier 1.5. The player took 17 damage in it and needed 2.2 s to clear it. Over the last 10 s the player took 5.5 damage per second and killed 1.70 enemies per second."
201,154.80,1,251,,3,0.75,"Action game, difficulty tuning. Player health: 62 of 100. Wave 19 was just cleared. It had 5 enemies with damage multiplier 0.75. The player took 39 damage in it and needed 8.7 s to clear it. Over the last 10 s the player took 4.0 damage per second and killed 0.60 enemies per second."
202,281.43,1,250,,3,0.75,"Action game, difficulty tuning. Player health: 70 of 100. Wave 20 was just cleared. It had 3 enemies with damage multiplier 0.75. The player took 7 damage in it and needed 2.2 s to clear it. Over the last 10 s the player took 3.3 damage per second and killed 0.70 enemies per second."
203,246.08,1,250,,12,1.0,"Action game, difficulty tuning. Player health: 84 of 100. Wave 21 was just cleared. It had 3 enemies with damage multiplier 1.5. The player took 1 damage in it and needed 0.3 s to clear it. Over the last 10 s the player took 2.6 damage per second and killed 0.90 enemies per second."
204,303.13,1,250,,3,1.5,"Action game, difficulty tuning. Player health: 60 of 100. Wave 22 was just cleared. It had 12 enemies with damage multiplier 1. The player took 39 damage in it and needed 5.0 s to clear it. Over the last 10 s the player took 4.7 damage per second and killed 1.80 enemies per second."
205,169.37,1,250,,8,0.75,"Action game, difficulty tuning. Player health: 72 of 100. Wave 23 was just cleared. It had 3 enemies with damage multiplier 1.5. The player took 3 damage in it and needed 0.7 s to clear it. Over the last 10 s the player took 4.5 damage per second and killed 2.00 enemies per second."
206,208.33,1,251,,3,0.75,"Action game, difficulty tuning. Player health: 43 of 100. Wave 24 was just cleared. It had 8 enemies with damage multiplier 0.75. The player took 44 damage in it and needed 5.2 s to clear it. Over the last 10 s the player took 5.4 damage per second and killed 1.30 enemies per second."
207,141.06,1,250,,3,1.5,"Action game, difficulty tuning. Player health: 57 of 100. Wave 25 was just cleared. It had 3 enemies with damage multiplier 0.75. The player took 1 damage in it and needed 0.5 s to clear it. Over the last 10 s the player took 4.9 damage per second and killed 1.60 enemies per second."
208,147.58,1,250,,5,0.75,"Action game, difficulty tuning. Player health: 70 of 100. Wave 26 was just cleared. It had 3 enemies with damage multiplier 1.5. The player took 3 damage in it and needed 0.5 s to clear it. Over the last 10 s the player took 5.0 damage per second and killed 1.70 enemies per second."
209,258.06,1,250,,5,1.0,"Action game, difficulty tuning. Player health: 75 of 100. Wave 27 was just cleared. It had 5 enemies with damage multiplier 0.75. The player took 9 damage in it and needed 1.9 s to clear it. Over the last 10 s the player took 4.3 damage per second and killed 1.90 enemies per second."
210,300.97,1,250,,5,1.5,"Action game, difficulty tuning. Player health: 83 of 100. Wave 28 was just cleared. It had 3 enemies with damage multiplier 1.5. The player took 7 damage in it and needed 1.0 s to clear it. Over the last 10 s the player took 3.2 damage per second and killed 1.90 enemies per second."
211,339.78,1,250,,5,0.75,"Action game, difficulty tuning. Player health: 89 of 100. Wave 29 was just cleared. It had 3 enemies with damage multiplier 1.5. The player took 9 damage in it and needed 2.0 s to clear it. Over the last 10 s the player took 3.0 damage per second and killed 1.70 enemies per second."
212,227.19,1,250,,8,0.75,"Action game, difficulty tuning. Player health: 100 of 100. Wave 1 was just cleared. It had 5 enemies with damage multiplier 1. The player took 11 damage in it and needed 1.5 s to clear it. Over the last 10 s the player took 4.3 damage per second and killed 2.02 enemies per second."
213,278.10,1,250,,3,0.75,"Action game, difficulty tuning. Player health: 57 of 100. Wave 2 was just cleared. It had 8 enemies with damage multiplier 0.75. The player took 58 damage in it and needed 6.9 s to clear it. Over the last 10 s the player took 6.8 damage per second and killed 1.30 enemies per second."
214,343.63,1,249,,3,1.25,"Action game, difficulty tuning. Player health: 64 of 100. Wave 3 was just cleared. It had 5 enemies with damage multiplier 1. The player took 8 damage in it and needed 1.2 s to clear it. Over the last 10 s the player took 6.6 damage per second and killed 1.30 enemies per second."
215,111.99,1,250,,3,0.75,"Action game, difficulty tuning. Player health: 53 of 100. Wave 4 was just cleared. It had 5 enemies with damage multiplier 1. The player took 27 damage in it and needed 4.1 s to clear it. Over the last 10 s the player took 4.5 damage per second and killed 1.60 enemies per second."
216,151.80,1,250,,5,0.75,"Action game, difficulty tuning. Player health: 65 of 100. Wave 5 was just cleared. It had 3 enemies with damage multiplier 0.75. The player took 2 damage in it and needed 0.8 s to clear it. Over the last 10 s the player took 3.8 damage per second and killed 1.40 enemies per second."
217,228.40,1,250,,3,0.75,"Action game, difficulty tuning. Player health: 57 of 100. Wave 6 was just cleared. It had 5 enemies with damage multiplier 0.75. The player took 24 damage in it and needed 6.1 s to clear it. Over the last 10 s the player took 2.9 damage per second and killed 1.10 enemies per second."
218,205.25,1,250,,5,0.75,"Action game, difficulty tuning. Player health: 68 of 100. Wave 7 was just cleared. It had 3 enemies with damage multiplier 0.75. The player took 4 damage in it and needed 1.4 s to clear it. Over the last 10 s the player took 2.9 damage per second and killed 1.00 enemies per second."
219,178.81,1,250,,5,1.0,"Action game, difficulty tuning. Player health: 76 of 100. Wave 8 was just cleared. It had 5 enemies with damage multiplier 0.75. The player took 7 damage in it and needed 1.8 s to clear it. Over the last 10 s the player took 2.5 damage per second and killed 1.20 enemies per second."
220,233.46,1,250,,3,0.75,"Action game, difficulty tuning. Player health: 29 of 100. Wave 9 was just cleared. It had 5 enemies with damage multiplier 1. The player took 62 damage in it and needed 8.4 s to clear it. Over the last 10 s the player took 6.4 damage per second and killed 0.70 enemies per second."
221,283.25,1,250,,3,0.75,"Action game, difficulty tuning. Player health: 42 of 100. Wave 10 was just cleared. It had 3 enemies with damage multiplier 0.75. The player took 2 damage in it and needed 1.2 s to clear it. Over the last 10 s the player took 5.9 damage per second and killed 0.80 enemies per second."
222,179.29,1,250,,3,0.75,"Action game, difficulty tuning. Player health: 49 of 100. Wave 11 was just cleared. It had 3 enemies with damage multiplier 1.5. The player took 8 damage in it and needed 1.4 s to clear it. Over the last 10 s the player took 4.3 damage per second and killed 1.00 enemies per second."
223,155.77,1,250,,3,1.5,"Action game, difficulty tuning. Player health: 60 of 100. Wave 12 was just cleared. It had 3 enemies with damage multiplier 0.75. The player took 4 damage in it and needed 1.0 s to clear it. Over the last 10 s the player took 3.4 damage per second and killed 1.20 enemies per second."
224,169.13,1,250,,5,0.75,"Action game, difficulty tuning. Player health: 72 of 100. Wave 13 was just cleared. It had 3 enemies with damage multiplier 1.5. The player took 3 damage in it and needed 0.7 s to clear it. Over the last 10 s the player took 2.6 damage per second and killed 1.50 enemies per second."
225,247.84,1,250,,5,1.0,"Action game, difficulty tuning. Player health: 81 of 100. Wave 14 was just cleared. It had 5 enemies with damage multiplier 0.75. The player took 6 damage in it and needed 1.5 s to clear it. Over the last 10 s the player took 2.4 damage per second and killed 1.70 enemies per second."
226,227.15,1,250,,8,1.0,"Action game, difficulty tuning. Player health: 88 of 100. Wave 15 was just cleared. It had 5 enemies with damage multiplier 1. The player took 8 damage in it and needed 1.2 s to clear it. Over the last 10 s the player took 2.9 damage per second and killed 1.90 enemies per second."
227,251.91,1,250,,3,1.25,"Action game, difficulty tuning. Player health: 76 of 100. Wave 16 was just cleared. It had 8 enemies with damage multiplier 1. The player took 26 damage in it and needed 3.1 s to clear it. Over the last 10 s the player took 4.4 damage per second and killed 2.10 enemies per second."
228,484.54,1,250,,5,1.0,"Action game, difficulty tuning. Player health: 84 of 100. Wave 17 was just cleared. It had 3 enemies with damage multiplier 1.5. The player took 7 damage in it and needed 1.0 s to clear it. Over the last 10 s the player took 4.8 damage per second and killed 2.10 enemies per second."
229,180.38,1,250,,5,1.25,"Action game, difficulty tuning. Player health: 90 of 100. Wave 18 was just cleared. It had 3 enemies with damage multiplier 1.5. The player took 9 damage in it and needed 1.1 s to clear it. Over the last 10 s the player took 5.0 damage per second and killed 1.90 enemies per second."
230,241.14,1,250,,8,0.75,"Action game, difficulty tuning. Player health: 99 of 100. Wave 19 was just cleared. It had 5 enemies with damage multiplier 1.25. The player took 7 damage in it and needed 1.3 s to clear it. Over the last 10 s the player took 4.9 damage per second and killed 1.90 enemies per second."
231,266.37,1,251,,5,0.75,"Action game, difficulty tuning. Player health: 82 of 100. Wave 20 was just cleared. It had 8 enemies with damage multiplier 0.75. The player took 32 damage in it and needed 4.0 s to clear it. Over the last 10 s the player took 5.1 damage per second and killed 1.90 enemies per second."
232,234.43,1,250,,5,0.75,"Action game, difficulty tuning. Player health: 80 of 100. Wave 21 was just cleared. It had 5 enemies with damage multiplier 1. The player took 17 damage in it and needed 3.2 s to clear it. Over the last 10 s the player took 5.1 damage per second and killed 1.60 enemies per second."
233,257.25,1,251,,3,1.5,"Action game, difficulty tuning. Player health: 77 of 100. Wave 22 was just cleared. It had 5 enemies with damage multiplier 0.75. The player took 19 damage in it and needed 3.6 s to clear it. Over the last 10 s the player took 3.9 damage per second and killed 1.30 enemies per second."
234,213.91,1,250,,8,1.25,"Action game, difficulty tuning. Player health: 86 of 100. Wave 23 was just cleared. It had 5 enemies with damage multiplier 1. The player took 6 damage in it and needed 1.0 s to clear it. Over the last 10 s the player took 4.1 damage per second and killed 1.50 enemies per second."
235,210.15,1,251,,3,1.25,"Action game, difficulty tuning. Player health: 63 of 100. Wave 24 was just cleared. It had 8 enemies with damage multiplier 1.25. The player took 38 damage in it and needed 4.0 s to clear it. Over the last 10 s the player took 5.8 damage per second and killed 1.80 enemies per second."
236,160.77,1,250,,5,1.0,"Action game, difficulty tuning. Player health: 74 of 100. Wave 25 was just cleared. It had 3 enemies with damage multiplier 1.25. The player took 3 damage in it and needed 0.8 s to clear it. Over the last 10 s the player took 5.0 damage per second and killed 1.90 enemies per second."
237,150.85,1,250,,12,0.75,"Action game, difficulty tuning. Player health: 86 of 100. Wave 26 was just cleared. It had 5 enemies with damage multiplier 1. The player took 4 damage in it and needed 0.8 s to clear it. Over the last 10 s the player took 5.1 damage per second and killed 2.10 enemies per second."
238,256.98,1,251,,3,1.5,"Action game, difficulty tuning. Player health: 61 of 100. Wave 27 was just cleared. It had 12 enemies with damage multiplier 0.75. The player took 39 damage in it and needed 4.3 s to clear it. Over the last 10 s the player took 5.1 damage per second and killed 2.20 enemies per second."
239,237.05,1,250,,3,0.75,"Action game, difficulty tuning. Player health: 58 of 100. Wave 28 was just cleared. It had 5 enemies with damage multiplier 1. The player took 19 damage in it and needed 3.2 s to clear it. Over the last 10 s the player took 6.0 damage per second and killed 2.00 enemies per second."
240,188.72,1,250,,3,1.25,"Action game, difficulty tuning. Player health: 68 of 100. Wave 29 was just cleared. It had 3 enemies with damage multiplier 0.75. The player took 5 damage in it and needed 1.6 s to clear it. Over the last 10 s the player took 4.7 damage per second and killed 1.70 enemies per second."
241,339.38,1,250,,8,0.75,"Action game, difficulty tuning. Player health: 100 of 100. Wave 1 was just cleared. It had 5 enemies with damage multiplier 1. The player took 8 damage in it and needed 2.0 s to clear it. Over the last 10 s the player took 2.5 damage per second and killed 1.63 enemies per second."
242,341.37,1,250,,12,0.75,"Action game, difficulty tuning. Player health: 100 of 100. Wave 2 was just cleared. It had 5 enemies with damage multiplier 1.25. The player took 7 damage in it and needed 0.8 s to clear it. Over the last 10 s the player took 3.1 damage per second and killed 2.06 enemies per second."
243,113.63,1,250,,5,1.0,"Action game, difficulty tuning. Player health: 93 of 100. Wave 3 was just cleared. It had 5 enemies with damage multiplier 1.5. The player took 22 damage in it and needed 3.1 s to clear it. Over the last 10 s the player took 4.1 damage per second and killed 1.68 enemies per second."
244,190.81,1,250,,8,0.75,"Action game, difficulty tuning. Player health: 100 of 100. Wave 4 was just cleared. It had 5 enemies with damage multiplier 1. The player took 9 damage in it and needed 2.0 s to clear it. Over the last 10 s the player took 4.0 damage per second and killed 1.60 enemies per second."
245,212.42,1,250,,3,1.25,"Action game, difficulty tuning. Player health: 75 of 100. Wave 5 was just cleared. It had 8 enemies with damage multiplier 0.75. The player took 40 damage in it and needed 4.9 s to clear it. Over the last 10 s the player took 5.2 damage per second and killed 1.50 enemies per second."
246,155.89,1,250,,5,1.25,"Action game, difficulty tuning. Player health: 88 of 100. Wave 6 was just cleared. It had 3 enemies with damage multiplier 1.25. The player took 2 damage in it and needed 0.7 s to clear it. Over the last 10 s the player took 5.1 damage per second and killed 1.60 enemies per second."
247,335.61,1,250,,3,1.0,"Action game, difficulty tuning. Player health: 68 of 100. Wave 7 was just cleared. It had 5 enemies with damage multiplier 1.25. The player took 34 damage in it and needed 3.6 s to clear it. Over the last 10 s the player took 6.2 damage per second and killed 1.50 enemies per second."
248,197.34,1,250,,3,1.0,"Action game, difficulty tuning. Player health: 57 of 100. Wave 8 was just cleared. It had 5 enemies with damage multiplier 1.5. The player took 26 damage in it and needed 2.8 s to clear it. Over the last 10 s the player took 6.2 damage per second and killed 1.30 enemies per second."
249,223.70,1,249,,5,0.75,"Action game, difficulty tuning. Player health: 67 of 100. Wave 9 was just cleared. It had 3 enemies with damage multiplier 1. The player took 5 damage in it and needed 1.1 s to clear it. Over the last 10 s the player took 6.5 damage per second and killed 1.30 enemies per second."
250,342.72,1,251,,3,0.75,"Action game, difficulty tuning. Player health: 59 of 100. Wave 10 was just cleared. It had 5 enemies with damage multiplier 0.75. The player took 23 damage in it and needed 5.6 s to clear it. Over the last 10 s the player took 3.6 damage per second and killed 1.00 enemies per second."
251,292.34,1,251,,3,0.75,"Action game, difficulty tuning. Player health: 47 of 100. Wave 11 was just cleared. It had 5 enemies with damage multiplier 1.25. The player took 27 damage in it and needed 2.7 s to clear it. Over the last 10 s the player took 5.0 damage per second and killed 1.00 enemies per second."
252,297.51,1,251,,3,1.0,"Action game, difficulty tuning. Player health: 46 of 100. Wave 12 was just cleared. It had 5 enemies with damage multiplier 0.75. The player took 16 damage in it and needed 2.3 s to clear it. Over the last 10 s the player took 5.1 damage per second and killed 1.30 enemies per second."
253,178.50,1,251,,3,0.75,"Action game, difficulty tuning. Player health: 46 of 100. Wave 13 was just cleared. It had 5 enemies with damage multiplier 0.75. The player took 15 damage in it and needed 2.6 s to clear it. Over the last 10 s the player took 5.8 damage per second and killed 1.50 enemies per second."
254,416.81,1,250,,5,1.0,"Action game, difficulty tuning. Player health: 60 of 100. Wave 14 was just cleared. It had 3 enemies with damage multiplier 0.75. The player took 1 damage in it and needed 0.6 s to clear it. Over the last 10 s the player took 4.4 damage per second and killed 1.80 enemies per second."
255,141.41,1,251,,3,0.75,"Action game, difficulty tuning. Player health: 58 of 100. Wave 15 was just cleared. It had 5 enemies with damage multiplier 0.75. The player took 17 damage in it and needed 3.1 s to clear it. Over the last 10 s the player took 3.7 damage per second and killed 1.80 enemies per second."
256,184.78,1,250,,3,0.75,"Action game, difficulty tuning. Player health: 65 of 100. Wave 16 was just cleared. It had 3 enemies with damage multiplier 0.75. The player took 8 damage in it and needed 2.4 s to clear it. Over the last 10 s the player took 3.1 damage per second and killed 1.50 enemies per second."
257,243.21,1,250,,5,0.75,"Action game, difficulty tuning. Player health: 77 of 100. Wave 17 was just cleared. It had 3 enemies with damage multiplier 0.75. The player took 3 damage in it and needed 1.4 s to clear it. Over the last 10 s the player took 2.8 damage per second and killed 1.20 enemies per second."
258,261.20,1,251,,3,1.5,"Action game, difficulty tuning. Player health: 75 of 100. Wave 18 was just cleared. It had 5 enemies with damage multiplier 0.75. The player took 17 damage in it and needed 3.1 s to clear it. Over the last 10 s the player took 2.8 damage per second and killed 1.20 enemies per second."
259,283.11,1,251,,5,0.75,"Action game, difficulty tuning. Player health: 78 of 100. Wave 19 was just cleared. It had 5 enemies with damage multiplier 0.75. The player took 12 damage in it and needed 2.6 s to clear it. Over the last 10 s the player took 3.2 damage per second and killed 1.30 enemies per second."
260,186.94,1,251,,3,0.75,"Action game, difficulty tuning. Player health: 68 of 100. Wave 20 was just cleared. It had 5 enemies with damage multiplier 0.75. The player took 25 damage in it and needed 5.9 s to clear it. Over the last 10 s the player took 3.8 damage per second and killed 1.00 enemies per second."
261,259.12,1,250,,5,1.25,"Action game, difficulty tuning. Player health: 80 of 100. Wave 21 was just cleared. It had 3 enemies with damage multiplier 0.75. The player took 3 damage in it and needed 1.0 s to clear it. Over the last 10 s the player took 3.1 damage per second and killed 1.10 enemies per second."
262,242.01,1,251,,5,1.25,"Action game, difficulty tuning. Player health: 85 of 100. Wave 22 was just cleared. It had 5 enemies with damage multiplier 0.75. The player took 10 damage in it and needed 2.1 s to clear it. Over the last 10 s the player took 3.0 damage per second and killed 1.30 enemies per second."
263,257.20,1,251,,5,1.25,"Action game, difficulty tuning. Player health: 86 of 100. Wave 23 was just cleared. It had 5 enemies with damage multiplier 1.25. The player took 15 damage in it and needed 2.5 s to clear it. Over the last 10 s the player took 2.9 damage per second and killed 1.40 enemies per second."
264,189.92,1,250,,5,1.5,"Action game, difficulty tuning. Player health: 93 of 100. Wave 24 was just cleared. It had 5 enemies with damage multiplier 0.75. The player took 8 damage in it and needed 2.3 s to clear it. Over the last 10 s the player took 3.3 damage per second and killed 1.60 enemies per second."
265,245.09,1,250,,5,1.0,"Action game, difficulty tuning. Player health: 85 of 100. Wave 25 was just cleared. It had 5 enemies with damage multiplier 1.5. The player took 23 damage in it and needed 2.6 s to clear it. Over the last 10 s the player took 4.5 damage per second and killed 1.50 enemies per second."
266,377.05,1,250,,5,1.0,"Action game, difficulty tuning. Player health: 86 of 100. Wave 26 was just cleared. It had 5 enemies with damage multiplier 1. The player took 14 damage in it and needed 2.8 s to clear it. Over the last 10 s the player took 4.5 damage per second and killed 1.50 enemies per second."
267,351.40,1,250,,5,1.5,"Action game, difficulty tuning. Player health: 90 of 100. Wave 27 was just cleared. It had 5 enemies with damage multiplier 1. The player took 11 damage in it and needed 1.8 s to clear it. Over the last 10 s the player took 4.8 damage per second and killed 1.50 enemies per second."
268,349.60,1,250,,3,1.5,"Action game, difficulty tuning. Player health: 84 of 100. Wave 28 was just cleared. It had 5 enemies with damage multiplier 1. The player took 21 damage in it and needed 3.5 s to clear it. Over the last 10 s the player took 4.5 damage per second and killed 1.50 enemies per second."
269,197.61,1,250,,5,1.0,"Action game, difficulty tuning. Player health: 81 of 100. Wave 29 was just cleared. It had 5 enemies with damage multiplier 1. The player took 18 damage in it and needed 2.9 s to clear it. Over the last 10 s the player took 4.8 damage per second and killed 1.50 enemies per second."
270,180.96,1,250,,8,1.0,"Action game, difficulty tuning. Player health: 100 of 100. Wave 1 was just cleared. It had 5 enemies with damage multiplier 1. The player took 7 damage in it and needed 1.1 s to clear it. Over the last 10 s the player took 3.2 damage per second and killed 2.33 enemies per second."
271,197.46,1,250,,8,0.75,"Action game, difficulty tuning. Player health: 93 of 100. Wave 2 was just cleared. It had 8 enemies with damage multiplier 1. The player took 22 damage in it and needed 3.1 s to clear it. Over the last 10 s the player took 4.6 damage per second and killed 2.06 enemies per second."
272,142.63,1,250,,8,0.75,"Action game, difficulty tuning. Player health: 91 of 100. Wave 3 was just cleared. It had 8 enemies with damage multiplier 0.75. The player took 17 damage in it and needed 2.7 s to clear it. Over the last 10 s the player took 4.6 damage per second and killed 2.10 enemies per second."
273,152.46,1,250,,8,1.0,"Action game, difficulty tuning. Player health: 91 of 100. Wave 4 was just cleared. It had 8 enemies with damage multiplier 0.75. The player took 15 damage in it and needed 2.2 s to clear it. Over the last 10 s the player took 5.4 damage per second and killed 2.40 enemies per second."
274,173.96,1,250,,8,0.75,"Action game, difficulty tuning. Player health: 84 of 100. Wave 5 was just cleared. It had 8 enemies with damage multiplier 1. The player took 21 damage in it and needed 2.0 s to clear it. Over the last 10 s the player took 5.4 damage per second and killed 2.50 enemies per second."
275,325.63,1,250,,5,0.75,"Action game, difficulty tuning. Player health: 73 of 100. Wave 6 was just cleared. It had 8 enemies with damage multiplier 0.75. The player took 26 damage in it and needed 3.7 s to clear it. Over the last 10 s the player took 6.3 damage per second and killed 2.40 enemies per second."
276,98.33,1,250,,5,1.0,"Action game, difficulty tuning. Player health: 77 of 100. Wave 7 was just cleared. It had 8 enemies with damage multiplier 1. The player took 11 damage in it and needed 1.5 s to clear it. Over the last 10 s the player took 5.8 damage per second and killed 2.40 enemies per second."
277,175.75,1,250,,5,1.25,"Action game, difficulty tuning. Player health: 82 of 100. Wave 8 was just cleared. It had 5 enemies with damage multiplier 1. The player took 11 damage in it and needed 2.1 s to clear it. Over the last 10 s the player took 4.8 damage per second and killed 2.10 enemies per second."
278,251.43,1,250,,5,1.0,"Action game, difficulty tuning. Player health: 80 of 100. Wave 9 was just cleared. It had 5 enemies with damage multiplier 1.25. The player took 17 damage in it and needed 2.5 s to clear it. Over the last 10 s the player took 4.2 damage per second and killed 2.20 enemies per second."
279,202.04,1,250,,5,1.25,"Action game, difficulty tuning. Player health: 76 of 100. Wave 10 was just cleared. It had 8 enemies with damage multiplier 1. The player took 19 damage in it and needed 1.8 s to clear it. Over the last 10 s the player took 4.8 damage per second and killed 2.10 enemies per second."
280,374.89,1,251,,8,0.75,"Action game, difficulty tuning. Player health: 78 of 100. Wave 11 was just cleared. It had 5 enemies with damage multiplier 1.25. The player took 13 damage in it and needed 1.4 s to clear it. Over the last 10 s the player took 5.2 damage per second and killed 2.10 enemies per second."
281,116.09,1,250,,5,1.25,"Action game, difficulty tuning. Player health: 71 of 100. Wave 12 was just cleared. It had 8 enemies with damage multiplier 1. The player took 23 damage in it and needed 2.3 s to clear it. Over the last 10 s the player took 6.2 damage per second and killed 2.40 enemies per second."
282,211.67,1,250,,8,1.25,"Action game, difficulty tuning. Player health: 81 of 100. Wave 13 was just cleared. It had 5 enemies with damage multiplier 1.25. The player took 5 damage in it and needed 0.8 s to clear it. Over the last 10 s the player took 5.9 damage per second and killed 2.60 enemies per second."
283,183.95,1,251,,3,1.25,"Action game, difficulty tuning. Player health: 59 of 100. Wave 14 was just cleared. It had 8 enemies with damage multiplier 1.25. The player took 37 damage in it and needed 3.2 s to clear it. Over the last 10 s the player took 7.0 damage per second and killed 2.50 enemies per second."
284,151.01,1,250,,5,1.25,"Action game, difficulty tuning. Player health: 72 of 100. Wave 15 was just cleared. It had 3 enemies with damage multiplier 1.25. The player took 2 damage in it and needed 0.4 s to clear it. Over the last 10 s the player took 6.6 damage per second and killed 2.40 enemies per second."
285,322.80,1,250,,8,1.0,"Action game, difficulty tuning. Player health: 79 of 100. Wave 16 was just cleared. It had 5 enemies with damage multiplier 1.25. The player took 8 damage in it and needed 1.0 s to clear it. Over the last 10 s the player took 5.5 damage per second and killed 2.40 enemies per second."
286,201.40,1,250,,5,1.0,"Action game, difficulty tuning. Player health: 80 of 100. Wave 17 was just cleared. It had 8 enemies with damage multiplier 1. The player took 14 damage in it and needed 2.0 s to clear it. Over the last 10 s the player took 6.1 damage per second and killed 2.40 enemies per second."
287,166.17,1,250,,8,1.25,"Action game, difficulty tuning. Player health: 89 of 100. Wave 18 was just cleared. It had 5 enemies with damage multiplier 1. The player took 6 damage in it and needed 0.9 s to clear it. Over the last 10 s the player took 4.3 damage per second and killed 2.60 enemies per second."
288,170.47,1,251,,5,1.5,"Action game, difficulty tuning. Player health: 77 of 100. Wave 19 was just cleared. It had 8 enemies with damage multiplier 1.25. The player took 27 damage in it and needed 2.2 s to clear it. Over the last 10 s the player took 5.5 damage per second and killed 2.60 enemies per second."
289,201.38,1,250,,8,1.0,"Action game, difficulty tuning. Player health: 85 of 100. Wave 20 was just cleared. It had 5 enemies with damage multiplier 1.5. The player took 7 damage in it and needed 1.0 s to clear it. Over the last 10 s the player took 5.5 damage per second and killed 2.60 enemies per second."
290,226.56,1,250,,5,0.75,"Action game, difficulty tuning. Player health: 76 of 100. Wave 21 was just cleared. It had 8 enemies with damage multiplier 1. The player took 24 damage in it and needed 3.6 s to clear it. Over the last 10 s the player took 5.9 damage per second and killed 2.30 enemies per second."
291,183.26,1,250,,8,1.25,"Action game, difficulty tuning. Player health: 87 of 100. Wave 22 was just cleared. It had 5 enemies with damage multiplier 0.75. The player took 4 damage in it and needed 1.1 s to clear it. Over the last 10 s the player took 4.7 damage per second and killed 2.40 enemies per second."
292,265.74,1,251,,8,1.0,"Action game, difficulty tuning. Player health: 78 of 100. Wave 23 was just cleared. It had 8 enemies with damage multiplier 1.25. The player took 23 damage in it and needed 1.7 s to clear it. Over the last 10 s the player took 5.5 damage per second and killed 2.40 enemies per second."
293,265.01,1,250,,5,1.5,"Action game, difficulty tuning. Player health: 78 of 100. Wave 24 was just cleared. It had 8 enemies with damage multiplier 1. The player took 15 damage in it and needed 1.5 s to clear it. Over the last 10 s the player took 5.6 damage per second and killed 2.60 enemies per second."
294,134.76,1,250,,8,0.75,"Action game, difficulty tuning. Player health: 74 of 100. Wave 25 was just cleared. It had 8 enemies with damage multiplier 1. The player took 20 damage in it and needed 1.9 s to clear it. Over the last 10 s the player took 6.2 damage per second and killed 2.90 enemies per second."
295,318.94,1,251,,5,1.0,"Action game, difficulty tuning. Player health: 70 of 100. Wave 26 was just cleared. It had 8 enemies with damage multiplier 0.75. The player took 19 damage in it and needed 2.9 s to clear it. Over the last 10 s the player took 6.0 damage per second and killed 2.90 enemies per second."
296,234.80,1,250,,8,1.25,"Action game, difficulty tuning. Player health: 78 of 100. Wave 27 was just cleared. It had 8 enemies with damage multiplier 1. The player took 8 damage in it and needed 0.8 s to clear it. Over the last 10 s the player took 5.9 damage per second and killed 3.20 enemies per second."
297,116.00,1,251,,3,0.75,"Action game, difficulty tuning. Player health: 54 of 100. Wave 28 was just cleared. It had 8 enemies with damage multiplier 1.25. The player took 38 damage in it and needed 3.1 s to clear it. Over the last 10 s the player took 6.5 damage per second and killed 2.50 enemies per second."
298,169.53,1,250,,5,0.75,"Action game, difficulty tuning. Player health: 64 of 100. Wave 29 was just cleared. It had 3 enemies with damage multiplier 0.75. The player took 5 damage in it and needed 1.3 s to clear it. Over the last 10 s the player took 5.7 damage per second and killed 2.40 enemies per second."
299,315.33,1,250,,8,1.25,"Action game, difficulty tuning. Player health: 100 of 100. Wave 1 was just cleared. It had 5 enemies with damage multiplier 1. The player took 7 damage in it and needed 1.1 s to clear it. Over the last 10 s the player took 3.1 damage per second and killed 2.41 enemies per second."
300,159.14,1,250,,8,1.5,"Action game, difficulty tuning. Player health: 100 of 100. Wave 2 was just cleared. It had 5 enemies with damage multiplier 1.25. The player took 7 damage in it and needed 0.9 s to clear it. Over the last 10 s the player took 3.5 damage per second and killed 2.50 enemies per second."
301,252.26,1,250,,12,1.5,"Action game, difficulty tuning. Player health: 100 of 100. Wave 3 was just cleared. It had 8 enemies with damage multiplier 1.5. The player took 9 damage in it and needed 0.7 s to clear it. Over the last 10 s the player took 4.0 damage per second and killed 3.15 enemies per second."
302,245.14,1,250,,8,0.75,"Action game, difficulty tuning. Player health: 96 of 100. Wave 4 was just cleared. It had 8 enemies with damage multiplier 0.75. The player took 19 damage in it and needed 3.2 s to clear it. Over the last 10 s the player took 4.2 damage per second and killed 2.63 enemies per second."
303,230.69,1,250,,5,1.5,"Action game, difficulty tuning. Player health: 93 of 100. Wave 5 was just cleared. It had 8 enemies with damage multiplier 0.75. The player took 19 damage in it and needed 2.7 s to clear it. Over the last 10 s the player took 4.9 damage per second and killed 2.70 enemies per second."
304,231.89,1,250,,12,0.75,"Action game, difficulty tuning. Player health: 99 of 100. Wave 6 was just cleared. It had 5 enemies with damage multiplier 1.5. The player took 9 damage in it and needed 1.0 s to clear it. Over the last 10 s the player took 4.7 damage per second and killed 2.40 enemies per second."
305,152.31,1,251,,8,1.0,"Action game, difficulty tuning. Player health: 87 of 100. Wave 7 was just cleared. It had 12 enemies with damage multiplier 0.75. The player took 26 damage in it and needed 3.1 s to clear it. Over the last 10 s the player took 5.5 damage per second and killed 2.70 enemies per second."
306,394.32,1,250,,5,1.0,"Action game, difficulty tuning. Player health: 77 of 100. Wave 8 was just cleared. It had 8 enemies with damage multiplier 1. The player took 25 damage in it and needed 2.7 s to clear it. Over the last 10 s the player took 6.1 damage per second and killed 2.60 enemies per second."
307,465.93,1,250,,5,1.25,"Action game, difficulty tuning. Player health: 73 of 100. Wave 9 was just cleared. It had 8 enemies with damage multiplier 1. The player took 19 damage in it and needed 2.1 s to clear it. Over the last 10 s the player took 7.1 damage per second and killed 2.80 enemies per second."
308,252.34,1,250,,8,1.0,"Action game, difficulty tuning. Player health: 75 of 100. Wave 10 was just cleared. It had 8 enemies with damage multiplier 1. The player took 13 damage in it and needed 1.6 s to clear it. Over the last 10 s the player took 6.0 damage per second and killed 2.70 enemies per second."
309,115.62,1,250,,3,0.75,"Action game, difficulty tuning. Player health: 58 of 100. Wave 11 was just cleared. It had 8 enemies with damage multiplier 1. The player took 32 damage in it and needed 3.4 s to clear it. Over the last 10 s the player took 6.4 damage per second and killed 2.40 enemies per second."
310,485.18,1,250,,8,1.25,"Action game, difficulty tuning. Player health: 72 of 100. Wave 12 was just cleared. It had 3 enemies with damage multiplier 0.75. The player took 1 damage in it and needed 0.4 s to clear it. Over the last 10 s the player took 5.8 damage per second and killed 2.50 enemies per second."
311,177.41,1,251,,8,1.0,"Action game, difficulty tuning. Player health: 77 of 100. Wave 13 was just cleared. It had 8 enemies with damage multiplier 0.75. The player took 10 damage in it and needed 1.4 s to clear it. Over the last 10 s the player took 5.6 damage per second and killed 2.70 enemies per second."
312,480.32,1,250,,5,1.25,"Action game, difficulty tuning. Player health: 69 of 100. Wave 14 was just cleared. It had 8 enemies with damage multiplier 1. The player took 23 damage in it and needed 1.9 s to clear it. Over the last 10 s the player took 6.3 damage per second and killed 2.70 enemies per second."
313,225.51,1,251,,3,1.5,"Action game, difficulty tuning. Player health: 58 of 100. Wave 15 was just cleared. It had 8 enemies with damage multiplier 0.75. The player took 26 damage in it and needed 3.7 s to clear it. Over the last 10 s the player took 5.9 damage per second and killed 2.50 enemies per second."
314,214.14,1,250,,8,0.75,"Action game, difficulty tuning. Player health: 70 of 100. Wave 16 was just cleared. It had 3 enemies with damage multiplier 1.5. The player took 3 damage in it and needed 0.4 s to clear it. Over the last 10 s the player took 5.8 damage per second and killed 2.50 enemies per second."
315,135.58,1,251,,5,1.0,"Action game, difficulty tuning. Player health: 67 of 100. Wave 17 was just cleared. It had 8 enemies with damage multiplier 0.75. The player took 18 damage in it and needed 2.4 s to clear it. Over the last 10 s the player took 5.1 damage per second and killed 2.30 enemies per second."
316,266.34,1,250,,3,1.0,"Action game, difficulty tuning. Player health: 65 of 100. Wave 18 was just cleared. It had 5 enemies with damage multiplier 1. The player took 17 damage in it and needed 2.3 s to clear it. Over the last 10 s the player took 4.8 damage per second and killed 2.10 enemies per second."
317,371.67,1,251,,8,0.75,"Action game, difficulty tuning. Player health: 70 of 100. Wave 19 was just cleared. It had 8 enemies with damage multiplier 0.75. The player took 10 damage in it and needed 2.0 s to clear it. Over the last 10 s the player took 4.8 damage per second and killed 2.40 enemies per second."
318,105.61,1,251,,5,0.75,"Action game, difficulty tuning. Player health: 68 of 100. Wave 20 was just cleared. It had 8 enemies with damage multiplier 0.75. The player took 18 damage in it and needed 2.6 s to clear it. Over the last 10 s the player took 4.5 damage per second and killed 2.20 enemies per second."
319,152.65,1,250,,5,1.0,"Action game, difficulty tuning. Player health: 77 of 100. Wave 21 was just cleared. It had 5 enemies with damage multiplier 0.75. The player took 6 damage in it and needed 1.6 s to clear it. Over the last 10 s the player took 3.7 damage per second and killed 2.50 enemies per second."
320,436.43,1,250,,5,1.5,"Action game, difficulty tuning. Player health: 84 of 100. Wave 22 was just cleared. It had 5 enemies with damage multiplier 1. The player took 7 damage in it and needed 1.7 s to clear it. Over the last 10 s the player took 3.3 damage per second and killed 2.10 enemies per second."
321,290.56,1,251,,8,0.75,"Action game, difficulty tuning. Player health: 86 of 100. Wave 23 was just cleared. It had 8 enemies with damage multiplier 0.75. The player took 13 damage in it and needed 2.4 s to clear it. Over the last 10 s the player took 3.1 damage per second and killed 2.30 enemies per second."
322,185.88,1,251,,8,1.0,"Action game, difficulty tuning. Player health: 88 of 100. Wave 24 was just cleared. It had 8 enemies with damage multiplier 0.75. The player took 13 damage in it and needed 2.2 s to clear it. Over the last 10 s the player took 3.5 damage per second and killed 2.30 enemies per second."
323,326.97,1,250,,8,0.75,"Action game, difficulty tuning. Player health: 82 of 100. Wave 25 was just cleared. It had 8 enemies with damage multiplier 1. The player took 21 damage in it and needed 2.2 s to clear it. Over the last 10 s the player took 4.8 damage per second and killed 2.50 enemies per second."
324,141.89,1,251,,5,1.25,"Action game, difficulty tuning. Player health: 73 of 100. Wave 26 was just cleared. It had 8 enemies with damage multiplier 0.75. The player took 24 damage in it and needed 2.7 s to clear it. Over the last 10 s the player took 5.8 damage per second and killed 2.40 enemies per second."
325,183.39,1,250,,8,0.75,"Action game, difficulty tuning. Player health: 82 of 100. Wave 27 was just cleared. It had 5 enemies with damage multiplier 1.25. The player took 7 damage in it and needed 1.1 s to clear it. Over the last 10 s the player took 5.5 damage per second and killed 2.40 enemies per second."
326,240.39,1,251,,5,1.0,"Action game, difficulty tuning. Player health: 68 of 100. Wave 28 was just cleared. It had 8 enemies with damage multiplier 0.75. The player took 28 damage in it and needed 3.0 s to clear it. Over the last 10 s the player took 5.9 damage per second and killed 2.40 enemies per second."
327,238.01,1,250,,5,1.0,"Action game, difficulty tuning. Player health: 72 of 100. Wave 29 was just cleared. It had 5 enemies with damage multiplier 1. The player took 12 damage in it and needed 1.6 s to clear it. Over the last 10 s the player took 5.6 damage per second and killed 2.40 enemies per second."
328,154.58,1,250,,12,0.75,"Action game, difficulty tuning. Player health: 100 of 100. Wave 1 was just cleared. It had 5 enemies with damage multiplier 1. The player took 5 damage in it and needed 0.9 s to clear it. Over the last 10 s the player took 2.8 damage per second and killed 2.61 enemies per second."
329,242.89,1,251,,3,1.5,"Action game, difficulty tuning. Player health: 60 of 100. Wave 2 was just cleared. It had 12 enemies with damage multiplier 0.75. The player took 55 damage in it and needed 4.4 s to clear it. Over the last 10 s the player took 8.2 damage per second and killed 2.31 enemies per second."
330,142.86,1,250,,12,1.5,"Action game, difficulty tuning. Player health: 74 of 100. Wave 3 was just cleared. It had 3 enemies with damage multiplier 1.5. The player took 1 damage in it and needed 0.2 s to clear it. Over the last 10 s the player took 7.2 damage per second and killed 2.34 enemies per second."
331,162.76,1,250,,8,1.25,"Action game, difficulty tuning. Player health: 100 of 100. Wave 1 was just cleared. It had 5 enemies with damage multiplier 1. The player took 6 damage in it and needed 0.8 s to clear it. Over the last 10 s the player took 3.3 damage per second and killed 2.71 enemies per second."
332,198.36,1,250,,3,1.0,"Action game, difficulty tuning. Player health: 60 of 100. Wave 2 was just cleared. It had 8 enemies with damage multiplier 1.25. The player took 55 damage in it and needed 4.0 s to clear it. Over the last 10 s the player took 9.0 damage per second and killed 1.90 enemies per second."
333,279.83,1,249,,8,0.75,"Action game, difficulty tuning. Player health: 73 of 100. Wave 3 was just cleared. It had 3 enemies with damage multiplier 1. The player took 2 damage in it and needed 0.6 s to clear it. Over the last 10 s the player took 7.5 damage per second and killed 1.89 enemies per second."
334,204.31,1,250,,3,1.25,"Action game, difficulty tuning. Player health: 69 of 100. Wave 4 was just cleared. It had 5 enemies with damage multiplier 1.25. The player took 19 damage in it and needed 2.4 s to clear it. Over the last 10 s the player took 7.6 damage per second and killed 1.90 enemies per second."
335,236.23,1,250,,8,0.75,"Action game, difficulty tuning. Player health: 82 of 100. Wave 5 was just cleared. It had 3 enemies with damage multiplier 1.25. The player took 2 damage in it and needed 0.5 s to clear it. Over the last 10 s the player took 7.0 damage per second and killed 1.90 enemies per second."
336,271.02,1,250,,3,1.25,"Action game, difficulty tuning. Player health: 65 of 100. Wave 6 was just cleared. It had 8 enemies with damage multiplier 0.75. The player took 31 damage in it and needed 4.4 s to clear it. Over the last 10 s the player took 5.3 damage per second and killed 1.60 enemies per second."
337,201.13,1,250,,5,1.5,"Action game, difficulty tuning. Player health: 72 of 100. Wave 7 was just cleared. It had 5 enemies with damage multiplier 1.25. The player took 8 damage in it and needed 1.0 s to clear it. Over the last 10 s the player took 4.8 damage per second and killed 1.90 enemies per second."
338,346.98,1,250,,5,1.0,"Action game, difficulty tuning. Player health: 73 of 100. Wave 8 was just cleared. It had 5 enemies with damage multiplier 1.5. The player took 13 damage in it and needed 1.5 s to clear it. Over the last 10 s the player took 5.4 damage per second and killed 1.90 enemies per second."
339,259.17,1,250,,3,0.75,"Action game, difficulty tuning. Player health: 61 of 100. Wave 9 was just cleared. It had 5 enemies with damage multiplier 1.25. The player took 28 damage in it and needed 3.6 s to clear it. Over the last 10 s the player took 5.2 damage per second and killed 1.90 enemies per second."
340,116.20,1,250,,8,1.5,"Action game, difficulty tuning. Player health: 71 of 100. Wave 10 was just cleared. It had 5 enemies with damage multiplier 1.25. The player took 5 damage in it and needed 0.6 s to clear it. Over the last 10 s the player took 5.4 damage per second and killed 2.00 enemies per second."
341,284.08,1,250,,3,1.5,"Action game, difficulty tuning. Player health: 61 of 100. Wave 11 was just cleared. It had 8 enemies with damage multiplier 1.5. The player took 25 damage in it and needed 2.1 s to clear it. Over the last 10 s the player took 6.2 damage per second and killed 2.10 enemies per second."
342,251.19,1,251,,5,0.75,"Action game, difficulty tuning. Player health: 62 of 100. Wave 12 was just cleared. It had 5 enemies with damage multiplier 1.25. The player took 14 damage in it and needed 1.5 s to clear it. Over the last 10 s the player took 6.2 damage per second and killed 2.20 enemies per second."
343,256.85,1,250,,5,0.75,"Action game, difficulty tuning. Player health: 69 of 100. Wave 13 was just cleared. It had 5 enemies with damage multiplier 1.25. The player took 8 damage in it and needed 1.0 s to clear it. Over the last 10 s the player took 5.5 damage per second and killed 2.50 enemies per second."
344,213.49,1,251,,5,1.25,"Action game, difficulty tuning. Player health: 73 of 100. Wave 14 was just cleared. It had 5 enemies with damage multiplier 1.25. The player took 10 damage in it and needed 1.9 s to clear it. Over the last 10 s the player took 5.8 damage per second and killed 2.30 enemies per second."
345,238.78,1,250,,8,1.5,"Action game, difficulty tuning. Player health: 83 of 100. Wave 15 was just cleared. It had 5 enemies with damage multiplier 1.25. The player took 5 damage in it and needed 0.8 s to clear it. Over the last 10 s the player took 4.2 damage per second and killed 2.20 enemies per second."
346,437.38,1,250,,5,1.5,"Action game, difficulty tuning. Player health: 76 of 100. Wave 16 was just cleared. It had 8 enemies with damage multiplier 1.5. The player took 23 damage in it and needed 1.7 s to clear it. Over the last 10 s the player took 5.1 damage per second and killed 2.70 enemies per second."
347,190.01,1,250,,3,1.5,"Action game, difficulty tuning. Player health: 82 of 100. Wave 17 was just cleared. It had 5 enemies with damage multiplier 1.25. The player took 8 damage in it and needed 1.4 s to clear it. Over the last 10 s the player took 4.7 damage per second and killed 2.50 enemies per second."
348,172.03,1,250,,5,1.5,"Action game, difficulty tuning. Player health: 89 of 100. Wave 18 was just cleared. It had 3 enemies with damage multiplier 1.5. The player took 8 damage in it and needed 1.0 s to clear it. Over the last 10 s the player took 4.7 damage per second and killed 2.30 enemies per second."
349,278.99,1,250,,5,1.5,"Action game, difficulty tuning. Player health: 89 of 100. Wave 19 was just cleared. It had 5 enemies with damage multiplier 1.5. The player took 16 damage in it and needed 1.6 s to clear it. Over the last 10 s the player took 5.6 damage per second and killed 2.30 enemies per second."
350,167.57,1,250,,12,1.0,"Action game, difficulty tuning. Player health: 98 of 100. Wave 20 was just cleared. It had 5 enemies with damage multiplier 1.25. The player took 5 damage in it and needed 0.7 s to clear it. Over the last 10 s the player took 5.2 damage per second and killed 2.40 enemies per second."
351,200.35,1,250,,3,0.75,"Action game, difficulty tuning. Player health: 30 of 100. Wave 21 was just cleared. It had 12 enemies with damage multiplier 1. The player took 83 damage in it and needed 6.4 s to clear it. Over the last 10 s the player took 9.4 damage per second and killed 2.10 enemies per second."
352,375.63,1,250,,5,0.75,"Action game, difficulty tuning. Player health: 44 of 100. Wave 22 was just cleared. It had 3 enemies with damage multiplier 0.75. The player took 1 damage in it and needed 0.2 s to clear it. Over the last 10 s the player took 8.9 damage per second and killed 2.00 enemies per second."
353,233.00,1,250,,3,0.75,"Action game, difficulty tuning. Player health: 36 of 100. Wave 23 was just cleared. It had 5 enemies with damage multiplier 1.5. The player took 24 damage in it and needed 3.2 s to clear it. Over the last 10 s the player took 7.0 damage per second and killed 1.60 enemies per second."
354,270.38,1,250,,3,1.0,"Action game, difficulty tuning. Player health: 48 of 100. Wave 24 was just cleared. It had 3 enemies with damage multiplier 0.75. The player took 2 damage in it and needed 0.6 s to clear it. Over the last 10 s the player took 4.9 damage per second and killed 1.80 enemies per second."
355,274.95,1,250,,3,0.75,"Action game, difficulty tuning. Player health: 45 of 100. Wave 25 was just cleared. It had 5 enemies with damage multiplier 1.5. The player took 19 damage in it and needed 1.8 s to clear it. Over the last 10 s the player took 4.6 damage per second and killed 1.70 enemies per second."
356,219.46,1,250,,3,0.75,"Action game, difficulty tuning. Player health: 51 of 100. Wave 26 was just cleared. It had 5 enemies with damage multiplier 1.5. The player took 9 damage in it and needed 1.2 s to clear it. Over the last 10 s the player took 5.3 damage per second and killed 1.80 enemies per second."
357,285.21,1,250,,5,1.25,"Action game, difficulty tuning. Player health: 64 of 100. Wave 27 was just cleared. It had 3 enemies with damage multiplier 0.75. The player took 2 damage in it and needed 0.6 s to clear it. Over the last 10 s the player took 4.0 damage per second and killed 1.80 enemies per second."
358,277.80,1,250,,5,1.5,"Action game, difficulty tuning. Player health: 71 of 100. Wave 28 was just cleared. It had 5 enemies with damage multiplier 1.5. The player took 8 damage in it and needed 0.9 s to clear it. Over the last 10 s the player took 4.0 damage per second and killed 2.10 enemies per second."
359,253.30,1,250,,5,1.5,"Action game, difficulty tuning. Player health: 76 of 100. Wave 29 was just cleared. It had 5 enemies with damage multiplier 1.5. The player took 10 damage in it and needed 0.9 s to clear it. Over the last 10 s the player took 4.7 damage per second and killed 2.30 enemies per second."
360,225.94,1,250,,5,1.25,"Action game, difficulty tuning. Player health: 100 of 100. Wave 1 was just cleared. It had 5 enemies with damage multiplier 1. The player took 4 damage in it and needed 1.2 s to clear it. Over the last 10 s the player took 2.0 damage per second and killed 2.26 enemies per second."
361,147.08,1,250,,12,1.5,"Action game, difficulty tuning. Player health: 100 of 100. Wave 2 was just cleared. It had 5 enemies with damage multiplier 1.25. The player took 4 damage in it and needed 0.4 s to clear it. Over the last 10 s the player took 2.4 damage per second and killed 2.73 enemies per second."
362,407.30,1,250,,3,0.75,"Action game, difficulty tuning. Player health: 53 of 100. Wave 3 was just cleared. It had 12 enemies with damage multiplier 1.5. The player took 62 damage in it and needed 2.7 s to clear it. Over the last 10 s the player took 9.6 damage per second and killed 2.96 enemies per second."
363,333.05,1,250,,3,1.0,"Action game, difficulty tuning. Player health: 53 of 100. Wave 4 was just cleared. It had 5 enemies with damage multiplier 1.5. The player took 14 damage in it and needed 1.8 s to clear it. Over the last 10 s the player took 8.5 damage per second and killed 2.70 enemies per second."
364,76.77,1,250,,5,1.5,"Action game, difficulty tuning. Player health: 61 of 100. Wave 5 was just cleared. It had 5 enemies with damage multiplier 1.5. The player took 8 damage in it and needed 0.9 s to clear it. Over the last 10 s the player took 8.9 damage per second and killed 2.80 enemies per second."
365,314.81,1,250,,3,1.25,"Action game, difficulty tuning. Player health: 60 of 100. Wave 6 was just cleared. It had 5 enemies with damage multiplier 1.5. The player took 16 damage in it and needed 2.2 s to clear it. Over the last 10 s the player took 8.2 damage per second and killed 2.50 enemies per second."
366,340.42,1,250,,5,1.25,"Action game, difficulty tuning. Player health: 65 of 100. Wave 7 was just cleared. It had 5 enemies with damage multiplier 1.5. The player took 10 damage in it and needed 1.2 s to clear it. Over the last 10 s the player took 4.8 damage per second and killed 2.00 enemies per second."
367,337.01,1,250,,8,0.75,"Action game, difficulty tuning. Player health: 70 of 100. Wave 8 was just cleared. It had 5 enemies with damage multiplier 1.5. The player took 10 damage in it and needed 1.0 s to clear it. Over the last 10 s the player took 4.7 damage per second and killed 2.20 enemies per second."
368,245.95,1,250,,3,0.75,"Action game, difficulty tuning. Player health: 66 of 100. Wave 9 was just cleared. It had 5 enemies with damage multiplier 1.5. The player took 19 damage in it and needed 1.6 s to clear it. Over the last 10 s the player took 5.5 damage per second and killed 2.20 enemies per second."
369,336.59,1,250,,5,0.75,"Action game, difficulty tuning. Player health: 76 of 100. Wave 10 was just cleared. It had 3 enemies with damage multiplier 0.75. The player took 5 damage in it and needed 1.3 s to clear it. Over the last 10 s the player took 4.9 damage per second and killed 2.00 enemies per second."
370,369.46,1,250,,5,1.0,"Action game, difficulty tuning. Player health: 74 of 100. Wave 11 was just cleared. It had 5 enemies with damage multiplier 1.5. The player took 17 damage in it and needed 1.5 s to clear it. Over the last 10 s the player took 5.5 damage per second and killed 2.10 enemies per second."
371,426.49,1,250,,3,1.25,"Action game, difficulty tuning. Player health: 78 of 100. Wave 12 was just cleared. It had 5 enemies with damage multiplier 1.5. The player took 11 damage in it and needed 2.7 s to clear it. Over the last 10 s the player took 5.2 damage per second and killed 1.80 enemies per second."
372,145.17,1,250,,3,0.75,"Action game, difficulty tuning. Player health: 74 of 100. Wave 13 was just cleared. It had 5 enemies with damage multiplier 1.5. The player took 20 damage in it and needed 1.8 s to clear it. Over the last 10 s the player took 5.2 damage per second and killed 1.80 enemies per second."
373,88.53,1,250,,5,0.75,"Action game, difficulty tuning. Player health: 84 of 100. Wave 14 was just cleared. It had 3 enemies with damage multiplier 0.75. The player took 5 damage in it and needed 1.4 s to clear it. Over the last 10 s the player took 4.8 damage per second and killed 1.70 enemies per second."
374,173.77,1,250,,8,1.5,"Action game, difficulty tuning. Player health: 95 of 100. Wave 15 was just cleared. It had 5 enemies with damage multiplier 0.75. The player took 4 damage in it and needed 0.9 s to clear it. Over the last 10 s the player took 4.0 damage per second and killed 1.80 enemies per second."
375,246.37,1,250,,3,1.0,"Action game, difficulty tuning. Player health: 67 of 100. Wave 16 was just cleared. It had 8 enemies with damage multiplier 1.5. The player took 43 damage in it and needed 3.5 s to clear it. Over the last 10 s the player took 6.5 damage per second and killed 2.00 enemies per second."
376,137.23,1,250,,3,1.25,"Action game, difficulty tuning. Player health: 76 of 100. Wave 17 was just cleared. It had 3 enemies with damage multiplier 1. The player took 6 damage in it and needed 1.4 s to clear it. Over the last 10 s the player took 5.7 damage per second and killed 1.90 enemies per second."
377,345.37,1,250,,5,1.0,"Action game, difficulty tuning. Player health: 85 of 100. Wave 18 was just cleared. It had 3 enemies with damage multiplier 1.25. The player took 6 damage in it and needed 1.5 s to clear it. Over the last 10 s the player took 5.7 damage per second and killed 1.70 enemies per second."
378,270.96,1,251,,5,0.75,"Action game, difficulty tuning. Player health: 80 of 100. Wave 19 was just cleared. It had 8 enemies with damage multiplier 0.75. The player took 20 damage in it and needed 2.5 s to clear it. Over the last 10 s the player took 3.9 damage per second and killed 1.60 enemies per second."
379,175.50,1,251,,5,1.5,"Action game, difficulty tuning. Player health: 80 of 100. Wave 20 was just cleared. It had 8 enemies with damage multiplier 0.75. The player took 15 damage in it and needed 2.5 s to clear it. Over the last 10 s the player took 4.2 damage per second and killed 2.00 enemies per second."
380,392.85,1,250,,5,1.5,"Action game, difficulty tuning. Player health: 82 of 100. Wave 21 was just cleared. It had 5 enemies with damage multiplier 1.5. The player took 13 damage in it and needed 1.5 s to clear it. Over the last 10 s the player took 5.0 damage per second and killed 2.20 enemies per second."
381,93.45,1,251,,5,1.25,"Action game, difficulty tuning. Player health: 82 of 100. Wave 22 was just cleared. It had 8 enemies with damage multiplier 0.75. The player took 15 damage in it and needed 2.1 s to clear it. Over the last 10 s the player took 4.7 damage per second and killed 2.70 enemies per second."
382,262.80,1,251,,8,1.0,"Action game, difficulty tuning. Player health: 87 of 100. Wave 23 was just cleared. It had 5 enemies with damage multiplier 1.25. The player took 10 damage in it and needed 1.2 s to clear it. Over the last 10 s the player took 5.0 damage per second and killed 2.50 enemies per second."
383,233.48,1,251,,3,1.0,"Action game, difficulty tuning. Player health: 90 of 100. Wave 24 was just cleared. It had 8 enemies with damage multiplier 0.75. The player took 12 damage in it and needed 1.7 s to clear it. Over the last 10 s the player took 5.0 damage per second and killed 2.60 enemies per second."
384,407.19,1,250,,8,1.25,"Action game, difficulty tuning. Player health: 100 of 100. Wave 25 was just cleared. It had 3 enemies with damage multiplier 1. The player took 3 damage in it and needed 0.8 s to clear it. Over the last 10 s the player took 4.1 damage per second and killed 2.60 enemies per second."
385,191.74,1,250,,8,1.0,"Action game, difficulty tuning. Player health: 94 of 100. Wave 26 was just cleared. It had 8 enemies with damage multiplier 1. The player took 21 damage in it and needed 2.1 s to clear it. Over the last 10 s the player took 4.7 damage per second and killed 2.50 enemies per second."
386,278.73,1,250,,3,1.5,"Action game, difficulty tuning. Player health: 71 of 100. Wave 27 was just cleared. It had 8 enemies with damage multiplier 1. The player took 38 damage in it and needed 3.8 s to clear it. Over the last 10 s the player took 6.4 damage per second and killed 2.20 enemies per second."
387,271.73,1,251,,3,1.5,"Action game, difficulty tuning. Player health: 56 of 100. Wave 28 was just cleared. It had 8 enemies with damage multiplier 1.25. The player took 30 damage in it and needed 2.4 s to clear it. Over the last 10 s the player took 8.4 damage per second and killed 2.30 enemies per second."
388,218.53,1,250,,3,1.25,"Action game, difficulty tuning. Player health: 54 of 100. Wave 29 was just cleared. It had 8 enemies with damage multiplier 1. The player took 17 damage in it and needed 2.0 s to clear it. Over the last 10 s the player took 8.3 damage per second and killed 2.40 enemies per second."
