i,scheduled_ms,started_ms,lateness_ms,work_ms,period_ms
0,0.0000,0.0041,0.0041,0.0010,33.0000
1,33.0000,33.0023,0.0023,0.0018,32.9982
2,66.0000,66.0014,0.0014,0.0012,32.9991
3,99.0000,99.0015,0.0015,0.0008,33.0001
4,132.0000,132.0007,0.0007,0.0007,32.9991
5,165.0000,165.0013,0.0013,0.0039,33.0007
6,198.0000,198.0013,0.0013,0.0011,33.0000
7,231.0000,231.0016,0.0016,0.0012,33.0003
8,264.0000,264.0013,0.0013,0.0013,32.9997
9,297.0000,297.0016,0.0016,0.0016,33.0003
10,330.0000,330.0011,0.0011,0.0014,32.9996
11,363.0000,363.0013,0.0013,0.0012,33.0001
12,396.0000,396.0013,0.0013,0.0011,33.0000
13,429.0000,429.0013,0.0013,0.0012,33.0000
14,462.0000,462.0015,0.0015,0.0018,33.0002
15,495.0000,495.0017,0.0017,0.0018,33.0002
16,528.0000,528.0016,0.0016,0.0015,32.9999
17,561.0000,561.0015,0.0015,0.0017,32.9999
18,594.0000,594.0015,0.0015,0.0014,33.0000
19,627.0000,627.0012,0.0012,0.0016,32.9998
20,660.0000,660.0022,0.0022,0.0019,33.0009
21,693.0000,693.0018,0.0018,0.0021,32.9996
22,726.0000,726.0018,0.0018,0.0020,33.0001
23,759.0000,759.0019,0.0019,0.0024,33.0000
24,792.0000,792.0022,0.0022,0.0020,33.0003
25,825.0000,825.0022,0.0022,0.0021,33.0000
26,858.0000,858.0025,0.0025,0.0028,33.0003
27,891.0000,891.0023,0.0023,0.0024,32.9997
28,924.0000,924.0024,0.0024,0.0023,33.0002
29,957.0000,957.0026,0.0026,0.0016,33.0002
30,990.0000,990.0020,0.0020,0.0021,32.9994
31,1023.0000,1023.0029,0.0029,0.0028,33.0009
32,1056.0000,1056.0018,0.0018,0.0017,32.9989
33,1089.0000,1089.0023,0.0023,0.0021,33.0005
34,1122.0000,1122.0022,0.0022,0.0020,32.9999
35,1155.0000,1155.0020,0.0020,0.0020,32.9998
36,1188.0000,1188.0023,0.0023,0.0016,33.0003
37,1221.0000,1221.0024,0.0024,0.0021,33.0001
38,1254.0000,1254.0021,0.0021,0.0020,32.9997
39,1287.0000,1287.0015,0.0015,0.0015,32.9994
40,1320.0000,1320.0022,0.0022,0.0017,33.0006
41,1353.0000,1353.0030,0.0030,0.0020,33.0008
42,1386.0000,1386.0025,0.0025,0.0016,32.9996
43,1419.0000,1419.0023,0.0023,0.0022,32.9997
44,1452.0000,1452.0020,0.0020,0.0017,32.9997
45,1485.0000,1485.0022,0.0022,0.0018,33.0002
46,1518.0000,1518.0021,0.0021,0.0020,32.9999
47,1551.0000,1551.0021,0.0021,0.0022,33.0000
48,1584.0000,1584.0026,0.0026,0.0024,33.0005
49,1617.0000,1617.0025,0.0025,0.0019,32.9999
50,1650.0000,1650.0021,0.0021,0.0023,32.9996
51,1683.0000,1683.0022,0.0022,0.0023,33.0000
52,1716.0000,1716.0023,0.0023,0.0016,33.0002
53,1749.0000,1749.0027,0.0027,0.0021,33.0004
54,1782.0000,1782.0028,0.0028,0.0024,33.0001
55,1815.0000,1815.0026,0.0026,0.0018,32.9998
56,1848.0000,1848.0018,0.0018,0.0015,32.9992
57,1881.0000,1881.0020,0.0020,0.0015,33.0002
58,1914.0000,1914.0022,0.0022,0.0015,33.0002
59,1947.0000,1947.0018,0.0018,0.0015,32.9996
60,1980.0000,1980.0019,0.0019,0.0016,33.0002
61,2013.0000,2013.0015,0.0015,0.0016,32.9995
62,2046.0000,2046.0015,0.0015,0.0015,33.0000
63,2079.0000,2079.0015,0.0015,0.0012,33.0000
64,2112.0000,2112.0028,0.0028,0.0022,33.0013
65,2145.0000,2145.0017,0.0017,0.0019,32.9989
66,2178.0000,2178.0019,0.0019,0.0017,33.0002
67,2211.0000,2211.0020,0.0020,0.0015,33.0001
68,2244.0000,2244.0017,0.0017,0.0017,32.9997
69,2277.0000,2277.0022,0.0022,0.0018,33.0005
70,2310.0000,2310.0021,0.0021,0.0026,32.9999
71,2343.0000,2343.0023,0.0023,0.0021,33.0002
72,2376.0000,2376.0019,0.0019,0.0024,32.9997
73,2409.0000,2409.0020,0.0020,0.0025,33.0001
74,2442.0000,2442.0023,0.0023,0.0023,33.0002
75,2475.0000,2475.0026,0.0026,0.0022,33.0004
76,2508.0000,2508.0023,0.0023,0.0019,32.9997
77,2541.0000,2541.0020,0.0020,0.0020,32.9996
78,2574.0000,2574.0038,0.0038,0.0027,33.0018
79,2607.0000,2607.0022,0.0022,0.0021,32.9984
80,2640.0000,2640.0022,0.0022,0.0016,33.0000
81,2673.0000,2673.0032,0.0032,0.0015,33.0010
82,2706.0000,2706.0022,0.0022,0.0020,32.9990
83,2739.0000,2739.0023,0.0023,0.0020,33.0001
84,2772.0000,2772.0021,0.0021,0.0023,32.9998
85,2805.0000,2805.0023,0.0023,0.0013,33.0002
86,2838.0000,2838.0024,0.0024,0.0017,33.0002
87,2871.0000,2871.0031,0.0031,0.0019,33.0007
88,2904.0000,2904.0029,0.0029,0.0018,32.9998
89,2937.0000,2937.0026,0.0026,0.0022,32.9997
90,2970.0000,2970.0022,0.0022,0.0018,32.9996
91,3003.0000,3003.0022,0.0022,0.0023,33.0000
92,3036.0000,3036.0023,0.0023,0.0023,33.0001
93,3069.0000,3069.0022,0.0022,0.0023,32.9999
94,3102.0000,3102.0021,0.0021,0.0021,32.9999
95,3135.0000,3135.0025,0.0025,0.0022,33.0004
96,3168.0000,3168.0024,0.0024,0.0020,32.9999
97,3201.0000,3201.0024,0.0024,0.0017,33.0000
98,3234.0000,3234.0017,0.0017,0.0019,32.9993
99,3267.0000,3267.0028,0.0028,0.0019,33.0011
100,3300.0000,3300.0020,0.0020,0.0018,32.9992
101,3333.0000,3333.0019,0.0019,0.0017,32.9999
102,3366.0000,3366.0020,0.0020,0.0019,33.0001
103,3399.0000,3399.0018,0.0018,0.0015,32.9998
104,3432.0000,3432.0020,0.0020,0.0019,33.0002
105,3465.0000,3465.0022,0.0022,0.0021,33.0002
106,3498.0000,3498.0261,0.0261,0.0019,33.0239
107,3531.0000,3531.0026,0.0026,0.0020,32.9766
108,3564.0000,3564.0027,0.0027,0.0022,33.0000
109,3597.0000,3597.0022,0.0022,0.0015,32.9995
110,3630.0000,3630.0028,0.0028,0.0027,33.0006
111,3663.0000,3663.0021,0.0021,0.0019,32.9993
112,3696.0000,3696.0020,0.0020,0.0017,32.9999
113,3729.0000,3729.0021,0.0021,0.0023,33.0002
114,3762.0000,3762.0024,0.0024,0.0016,33.0003
115,3795.0000,3795.0024,0.0024,0.0018,33.0000
116,3828.0000,3828.0023,0.0023,0.0019,32.9999
117,3861.0000,3861.0022,0.0022,0.0018,32.9999
118,3894.0000,3894.0027,0.0027,0.0022,33.0005
119,3927.0000,3927.0031,0.0031,0.0017,33.0004
120,3960.0000,3960.0030,0.0030,0.0023,32.9999
121,3993.0000,3993.0027,0.0027,0.0016,32.9997
122,4026.0000,4026.0023,0.0023,0.0021,32.9996
123,4059.0000,4059.0022,0.0022,0.0025,32.9999
124,4092.0000,4092.0022,0.0022,0.0020,33.0000
125,4125.0000,4125.0022,0.0022,0.0017,33.0000
126,4158.0000,4158.0024,0.0024,0.0019,33.0002
127,4191.0000,4191.0022,0.0022,0.0022,32.9998
128,4224.0000,4224.0022,0.0022,0.0019,33.0000
129,4257.0000,4257.0024,0.0024,0.0019,33.0002
130,4290.0000,4290.0025,0.0025,0.0021,33.0001
131,4323.0000,4323.0030,0.0030,0.0024,33.0005
132,4356.0000,4356.0027,0.0027,0.0016,32.9997
133,4389.0000,4389.0033,0.0033,0.0019,33.0005
134,4422.0000,4422.0034,0.0034,0.0022,33.0002
135,4455.0000,4455.0024,0.0024,0.0025,32.9989
136,4488.0000,4488.0020,0.0020,0.0019,32.9997
137,4521.0000,4521.0021,0.0021,0.0028,33.0000
138,4554.0000,4554.0022,0.0022,0.0026,33.0002
139,4587.0000,4587.0022,0.0022,0.0020,33.0000
140,4620.0000,4620.0026,0.0026,0.0023,33.0004
141,4653.0000,4653.0015,0.0015,0.0012,32.9988
142,4686.0000,4686.0014,0.0014,0.0016,32.9999
143,4719.0000,4719.0013,0.0013,0.0012,32.9999
144,4752.0000,4752.2234,0.2234,0.0021,33.2221
145,4785.0000,4785.0014,0.0014,0.0012,32.7780
146,4818.0000,4818.0012,0.0012,0.0011,32.9997
147,4851.0000,4851.0012,0.0012,0.0011,33.0001
148,4884.0000,4884.0014,0.0014,0.0010,33.0002
149,4917.0000,4917.0011,0.0011,0.0011,32.9997
150,4950.0000,4950.0013,0.0013,0.0015,33.0002
151,4983.0000,4983.0014,0.0014,0.0011,33.0001
152,5016.0000,5016.0022,0.0022,0.0024,33.0008
153,5049.0000,5049.0029,0.0029,0.0019,33.0007
154,5082.0000,5082.0947,0.0947,0.0023,33.0918
155,5115.0000,5115.0029,0.0029,0.0016,32.9082
156,5148.0000,5148.0034,0.0034,0.0021,33.0006
157,5181.0000,5181.0024,0.0024,0.0027,32.9990
158,5214.0000,5214.0022,0.0022,0.0031,32.9998
159,5247.0000,5247.0024,0.0024,0.0020,33.0002
160,5280.0000,5280.0025,0.0025,0.0024,33.0001
161,5313.0000,5313.0027,0.0027,0.0024,33.0002
162,5346.0000,5346.0025,0.0025,0.0026,32.9998
163,5379.0000,5379.0028,0.0028,0.0026,33.0002
164,5412.0000,5412.0029,0.0029,0.0023,33.0001
165,5445.0000,5445.0019,0.0019,0.0019,32.9990
166,5478.0000,5478.0017,0.0017,0.0019,32.9998
167,5511.0000,5511.0046,0.0046,0.0021,33.0029
168,5544.0000,5544.0020,0.0020,0.0017,32.9974
169,5577.0000,5577.0022,0.0022,0.0019,33.0002
170,5610.0000,5610.0020,0.0020,0.0024,32.9998
171,5643.0000,5643.0025,0.0025,0.0020,33.0005
172,5676.0000,5676.0021,0.0021,0.0017,32.9996
173,5709.0000,5709.0023,0.0023,0.0022,33.0002
174,5742.0000,5742.0024,0.0024,0.0025,33.0001
175,5775.0000,5775.0020,0.0020,0.0019,32.9996
176,5808.0000,5808.0026,0.0026,0.0017,33.0006
177,5841.0000,5841.0083,0.0083,0.0016,33.0057
178,5874.0000,5874.0032,0.0032,0.0021,32.9949
179,5907.0000,5907.0020,0.0020,0.0019,32.9988
180,5940.0000,5940.0025,0.0025,0.0023,33.0005
181,5973.0000,5973.0022,0.0022,0.0020,32.9997
182,6006.0000,6006.0047,0.0047,0.0028,33.0024
183,6039.0000,6039.0031,0.0031,0.0032,32.9984
184,6072.0000,6072.0025,0.0025,0.0019,32.9994
185,6105.0000,6105.0030,0.0030,0.0017,33.0005
186,6138.0000,6138.0040,0.0040,0.0023,33.0009
187,6171.0000,6171.0035,0.0035,0.0028,32.9995
188,6204.0000,6204.0033,0.0033,0.0023,32.9998
189,6237.0000,6237.0035,0.0035,0.0026,33.0002
190,6270.0000,6270.0047,0.0047,0.0037,33.0012
191,6303.0000,6303.0030,0.0030,0.0029,32.9984
192,6336.0000,6336.0030,0.0030,0.0022,33.0000
193,6369.0000,6369.0039,0.0039,0.0030,33.0009
194,6402.0000,6402.0027,0.0027,0.0025,32.9987
195,6435.0000,6435.0052,0.0052,0.0040,33.0025
196,6468.0000,6468.0039,0.0039,0.0032,32.9987
197,6501.0000,6501.0032,0.0032,0.0024,32.9993
198,6534.0000,6534.0034,0.0034,0.0026,33.0002
199,6567.0000,6567.0033,0.0033,0.0026,32.9999
200,6600.0000,6600.0026,0.0026,0.0031,32.9994
201,6633.0000,6633.0032,0.0032,0.0031,33.0006
202,6666.0000,6666.0017,0.0017,0.0019,32.9985
203,6699.0000,6699.0020,0.0020,0.0020,33.0003
204,6732.0000,6732.0019,0.0019,0.0016,32.9999
205,6765.0000,6765.0023,0.0023,0.0013,33.0004
206,6798.0000,6798.0016,0.0016,0.0017,32.9994
207,6831.0000,6831.0015,0.0015,0.0014,32.9999
208,6864.0000,6864.4633,0.4633,0.0016,33.4618
209,6897.0000,6897.0013,0.0013,0.0017,32.5380
210,6930.0000,6930.0016,0.0016,0.0013,33.0004
211,6963.0000,6963.0018,0.0018,0.0016,33.0001
212,6996.0000,6996.0012,0.0012,0.0011,32.9995
213,7029.0000,7029.0014,0.0014,0.0016,33.0001
214,7062.0000,7062.0018,0.0018,0.0020,33.0004
215,7095.0000,7095.0017,0.0017,0.0017,32.9999
216,7128.0000,7128.0019,0.0019,0.0017,33.0002
217,7161.0000,7161.0026,0.0026,0.0024,33.0007
218,7194.0000,7194.0028,0.0028,0.0022,33.0003
219,7227.0000,7227.0025,0.0025,0.0024,32.9996
220,7260.0000,7260.0022,0.0022,0.0015,32.9997
221,7293.0000,7293.0027,0.0027,0.0015,33.0005
222,7326.0000,7326.0025,0.0025,0.0017,32.9998
223,7359.0000,7359.0016,0.0016,0.0018,32.9991
224,7392.0000,7392.0025,0.0025,0.0027,33.0009
225,7425.0000,7425.0019,0.0019,0.0018,32.9995
226,7458.0000,7458.0023,0.0023,0.0026,33.0004
227,7491.0000,7491.0023,0.0023,0.0026,33.0000
228,7524.0000,7524.0024,0.0024,0.0020,33.0001
229,7557.0000,7557.0016,0.0016,0.0019,32.9992
230,7590.0000,7590.0018,0.0018,0.0017,33.0002
231,7623.0000,7623.0019,0.0019,0.0018,33.0001
232,7656.0000,7656.0019,0.0019,0.0019,33.0000
233,7689.0000,7689.0034,0.0033,0.0020,33.0015
234,7722.0000,7722.0035,0.0035,0.0025,33.0002
235,7755.0000,7755.0038,0.0038,0.0027,33.0002
236,7788.0000,7788.0022,0.0022,0.0016,32.9985
237,7821.0000,7821.0023,0.0023,0.0018,33.0001
238,7854.0000,7854.0039,0.0039,0.0025,33.0016
239,7887.0000,7887.0027,0.0027,0.0018,32.9989
240,7920.0000,7920.0021,0.0021,0.0013,32.9994
241,7953.0000,7953.0017,0.0017,0.0011,32.9995
242,7986.0000,7986.0019,0.0019,0.0012,33.0002
243,8019.0000,8019.0014,0.0014,0.0015,32.9996
244,8052.0000,8052.0016,0.0016,0.0015,33.0002
245,8085.0000,8085.0013,0.0013,0.0014,32.9998
246,8118.0000,8118.0013,0.0013,0.0016,32.9999
247,8151.0000,8151.0014,0.0014,0.0014,33.0001
248,8184.0000,8184.0016,0.0016,0.0013,33.0002
249,8217.0000,8217.0019,0.0019,0.0022,33.0003
250,8250.0000,8250.0024,0.0024,0.0019,33.0004
251,8283.0000,8283.0023,0.0023,0.0015,33.0000
252,8316.0000,8316.0027,0.0027,0.0024,33.0004
253,8349.0000,8349.0033,0.0033,0.0022,33.0006
254,8382.0000,8382.0027,0.0027,0.0022,32.9993
255,8415.0000,8415.0018,0.0018,0.0022,32.9991
256,8448.0000,8448.0019,0.0019,0.0025,33.0001
257,8481.0000,8481.0020,0.0020,0.0040,33.0001
258,8514.0000,8514.0021,0.0021,0.0046,33.0001
259,8547.0000,8547.0023,0.0023,0.0034,33.0002
260,8580.0000,8580.0025,0.0025,0.0077,33.0002
261,8613.0000,8613.0035,0.0035,0.0053,33.0010
262,8646.0000,8646.0027,0.0027,0.0040,32.9992
263,8679.0000,8679.0028,0.0028,0.0054,33.0002
264,8712.0000,8712.0029,0.0029,0.0048,33.0001
265,8745.0000,8745.0027,0.0027,0.0040,32.9997
266,8778.0000,8778.0033,0.0033,0.0045,33.0006
267,8811.0000,8811.0027,0.0027,0.0056,32.9994
268,8844.0000,8844.0037,0.0037,0.0049,33.0010
269,8877.0000,8877.0026,0.0026,0.0042,32.9989
270,8910.0000,8910.0024,0.0024,0.0045,32.9998
271,8943.0000,8943.0026,0.0026,0.0043,33.0002
272,8976.0000,8976.0019,0.0019,0.0027,32.9993
273,9009.0000,9009.0029,0.0028,0.0037,33.0009
274,9042.0000,9042.0027,0.0027,0.0035,32.9998
275,9075.0000,9075.0025,0.0025,0.0037,32.9998
276,9108.0000,9108.0034,0.0034,0.0037,33.0009
277,9141.0000,9141.0019,0.0019,0.0038,32.9985
278,9174.0000,9174.0021,0.0021,0.0042,33.0002
279,9207.0000,9207.0020,0.0020,0.0181,32.9999
280,9240.0000,9240.0022,0.0022,0.0032,33.0002
281,9273.0000,9273.0020,0.0020,0.0035,32.9999
282,9306.0000,9306.0019,0.0019,0.0030,32.9999
283,9339.0000,9339.0020,0.0020,0.0032,33.0001
284,9372.0000,9372.0021,0.0021,0.0030,33.0001
285,9405.0000,9405.0018,0.0018,0.0034,32.9997
286,9438.0000,9438.0019,0.0019,0.0025,33.0001
287,9471.0000,9471.0019,0.0019,0.0027,33.0000
288,9504.0000,9504.0019,0.0019,0.0030,33.0000
289,9537.0000,9537.0014,0.0014,0.0024,32.9995
290,9570.0000,9570.0016,0.0016,0.0025,33.0002
291,9603.0000,9603.0017,0.0017,0.0029,33.0001
292,9636.0000,9636.0020,0.0020,0.0029,33.0003
293,9669.0000,9669.4094,0.4094,0.0023,33.4074
294,9702.0000,9702.0020,0.0020,0.0023,32.5926
295,9735.0000,9735.0022,0.0022,0.0019,33.0003
296,9768.0000,9768.0019,0.0019,0.0022,32.9997
297,9801.0000,9801.0021,0.0021,0.0027,33.0002
298,9834.0000,9834.0018,0.0018,0.0032,32.9997
299,9867.0000,9867.0016,0.0016,0.0031,32.9998
300,9900.0000,9900.0022,0.0022,0.0037,33.0006
301,9933.0000,9933.0019,0.0019,0.0030,32.9997
302,9966.0000,9966.0021,0.0021,0.0031,33.0003
303,9999.0000,9999.0022,0.0022,0.0031,33.0001
304,10032.0000,10032.0024,0.0024,0.0036,33.0002
305,10065.0000,10065.0023,0.0023,0.0034,32.9999
306,10098.0000,10098.0025,0.0025,0.0036,33.0002
307,10131.0000,10131.0026,0.0026,0.0035,33.0001
308,10164.0000,10164.0029,0.0029,0.0042,33.0003
309,10197.0000,10197.0027,0.0027,0.0031,32.9998
310,10230.0000,10230.0019,0.0019,0.0036,32.9993
311,10263.0000,10263.0019,0.0019,0.0034,32.9999
312,10296.0000,10296.0097,0.0097,0.0040,33.0078
313,10329.0000,10329.0020,0.0020,0.0032,32.9923
314,10362.0000,10362.0023,0.0023,0.0032,33.0003
315,10395.0000,10395.0025,0.0025,0.0039,33.0002
316,10428.0000,10428.0019,0.0019,0.0039,32.9995
317,10461.0000,10461.0021,0.0021,0.0037,33.0002
318,10494.0000,10494.0026,0.0026,0.0041,33.0005
319,10527.0000,10527.0028,0.0028,0.0048,33.0002
320,10560.0000,10560.0025,0.0025,0.0039,32.9997
321,10593.0000,10593.0024,0.0024,0.0037,32.9998
322,10626.0000,10626.0019,0.0019,0.0031,32.9996
323,10659.0000,10659.0020,0.0020,0.0033,33.0001
324,10692.0000,10692.0022,0.0022,0.0043,33.0002
325,10725.0000,10725.0031,0.0031,0.0036,33.0008
326,10758.0000,10758.0024,0.0024,0.0041,32.9993
327,10791.0000,10791.0023,0.0023,0.0036,32.9999
328,10824.0000,10824.0024,0.0024,0.0034,33.0002
329,10857.0000,10857.0023,0.0023,0.0038,32.9999
330,10890.0000,10890.0024,0.0024,0.0031,33.0001
331,10923.0000,10923.0025,0.0025,0.0031,33.0002
332,10956.0000,10956.0018,0.0018,0.0029,32.9993
333,10989.0000,10989.0024,0.0024,0.0042,33.0005
334,11022.0000,11022.0023,0.0023,0.0033,32.9999
335,11055.0000,11055.0020,0.0020,0.0041,32.9997
336,11088.0000,11088.0022,0.0022,0.0038,33.0001
337,11121.0000,11121.0023,0.0023,0.0032,33.0002
338,11154.0000,11154.0035,0.0035,0.0036,33.0011
339,11187.0000,11187.0021,0.0021,0.0038,32.9986
340,11220.0000,11220.0026,0.0026,0.0048,33.0005
341,11253.0000,11253.0025,0.0025,0.0035,32.9999
342,11286.0000,11286.0029,0.0029,0.0037,33.0004
343,11319.0000,11319.0033,0.0033,0.0041,33.0004
344,11352.0000,11352.0025,0.0025,0.0044,32.9992
345,11385.0000,11385.0038,0.0038,0.0057,33.0013
346,11418.0000,11418.0020,0.0020,0.0040,32.9982
347,11451.0000,11451.0023,0.0023,0.0043,33.0003
348,11484.0000,11484.0024,0.0024,0.0032,33.0000
349,11517.0000,11517.0025,0.0025,0.0038,33.0001
350,11550.0000,11550.1059,0.1059,0.0047,33.1034
351,11583.0000,11583.0024,0.0024,0.0037,32.8965
352,11616.0000,11616.0025,0.0025,0.0030,33.0001
353,11649.0000,11649.0015,0.0015,0.0031,32.9990
354,11682.0000,11682.0018,0.0018,0.0028,33.0003
355,11715.0000,11715.0028,0.0028,0.0041,33.0010
356,11748.0000,11748.0019,0.0019,0.0030,32.9990
357,11781.0000,11781.1195,0.1195,0.0037,33.1176
358,11814.0000,11814.0021,0.0021,0.0033,32.8827
359,11847.0000,11847.0017,0.0017,0.0031,32.9996
360,11880.0000,11880.0020,0.0020,0.0036,33.0003
361,11913.0000,11913.0019,0.0019,0.0039,33.0000
362,11946.0000,11946.0021,0.0021,0.0039,33.0002
363,11979.0000,11979.0017,0.0017,0.0026,32.9996
364,12012.0000,12012.0019,0.0019,0.0034,33.0002
365,12045.0000,12045.0026,0.0026,0.0033,33.0007
366,12078.0000,12078.0023,0.0023,0.0025,32.9996
367,12111.0000,12111.0021,0.0021,0.0030,32.9998
368,12144.0000,12144.0019,0.0019,0.0029,32.9998
369,12177.0000,12177.0015,0.0015,0.0029,32.9996
370,12210.0000,12210.0017,0.0017,0.0033,33.0002
371,12243.0000,12243.0017,0.0017,0.0024,33.0000
372,12276.0000,12276.0015,0.0015,0.0028,32.9998
373,12309.0000,12309.0021,0.0021,0.0024,33.0006
374,12342.0000,12342.0031,0.0031,0.0044,33.0011
375,12375.0000,12375.0029,0.0029,0.0041,32.9997
376,12408.0000,12408.0023,0.0023,0.0032,32.9994
377,12441.0000,12441.0033,0.0033,0.0044,33.0010
378,12474.0000,12474.0034,0.0034,0.0035,33.0002
379,12507.0000,12507.0026,0.0026,0.0033,32.9992
380,12540.0000,12540.0025,0.0025,0.0045,32.9999
381,12573.0000,12573.0023,0.0023,0.0174,32.9998
382,12606.0000,12606.0024,0.0024,0.0049,33.0001
383,12639.0000,12639.0024,0.0024,0.0044,33.0000
384,12672.0000,12672.0023,0.0023,0.0037,32.9999
385,12705.0000,12705.0027,0.0027,0.0043,33.0004
386,12738.0000,12738.0024,0.0024,0.0039,32.9998
387,12771.0000,12771.0035,0.0035,0.0039,33.0010
388,12804.0000,12804.0023,0.0023,0.0038,32.9988
389,12837.0000,12837.0020,0.0020,0.0042,32.9998
390,12870.0000,12870.0021,0.0021,0.0031,33.0000
391,12903.0000,12903.0021,0.0021,0.0037,33.0000
392,12936.0000,12936.0023,0.0023,0.0032,33.0002
393,12969.0000,12969.0024,0.0024,0.0034,33.0001
394,13002.0000,13002.0026,0.0026,0.0035,33.0001
395,13035.0000,13035.0025,0.0025,0.0028,32.9999
396,13068.0000,13068.0027,0.0027,0.0029,33.0002
397,13101.0000,13101.0021,0.0021,0.0032,32.9994
398,13134.0000,13134.0020,0.0020,0.0031,32.9999
399,13167.0000,13167.0017,0.0017,0.0029,32.9997
400,13200.0000,13200.0017,0.0017,0.0031,33.0000
401,13233.0000,13233.0014,0.0014,0.0026,32.9997
402,13266.0000,13266.0016,0.0016,0.0026,33.0002
403,13299.0000,13299.0024,0.0024,0.0037,33.0008
404,13332.0000,13332.0019,0.0019,0.0023,32.9994
405,13365.0000,13365.0021,0.0021,0.0033,33.0002
406,13398.0000,13398.0020,0.0020,0.0025,32.9999
407,13431.0000,13431.0017,0.0017,0.0027,32.9997
408,13464.0000,13464.0012,0.0012,0.0026,32.9996
409,13497.0000,13497.0016,0.0016,0.0025,33.0003
410,13530.0000,13530.0025,0.0025,0.0027,33.0010
411,13563.0000,13563.0018,0.0018,0.0038,32.9992
412,13596.0000,13596.0013,0.0013,0.0027,32.9995
413,13629.0000,13629.0014,0.0014,0.0027,33.0002
414,13662.0000,13662.0017,0.0017,0.0027,33.0002
415,13695.0000,13695.0017,0.0017,0.0028,33.0000
416,13728.0000,13728.0016,0.0016,0.0021,32.9999
417,13761.0000,13761.0018,0.0018,0.0024,33.0003
418,13794.0000,13794.0016,0.0016,0.0032,32.9998
419,13827.0000,13827.0012,0.0012,0.0031,32.9996
420,13860.0000,13860.0016,0.0016,0.0029,33.0004
421,13893.0000,13893.0013,0.0013,0.0035,32.9996
422,13926.0000,13926.0014,0.0014,0.0029,33.0001
423,13959.0000,13959.0016,0.0016,0.0027,33.0002
424,13992.0000,13992.0016,0.0016,0.0030,33.0000
425,14025.0000,14025.0018,0.0018,0.0035,33.0003
426,14058.0000,14058.0025,0.0025,0.0040,33.0006
427,14091.0000,14091.0022,0.0022,0.0036,32.9998
428,14124.0000,14124.0024,0.0024,0.0039,33.0002
429,14157.0000,14157.0024,0.0024,0.0048,33.0000
430,14190.0000,14190.0027,0.0027,0.0038,33.0003
431,14223.0000,14223.0027,0.0027,0.0031,33.0000
432,14256.0000,14256.0027,0.0027,0.0039,33.0000
433,14289.0000,14289.0023,0.0023,0.0026,32.9995
434,14322.0000,14322.0021,0.0021,0.0030,32.9998
435,14355.0000,14355.0020,0.0020,0.0042,32.9999
436,14388.0000,14388.0022,0.0022,0.0037,33.0002
437,14421.0000,14421.0023,0.0023,0.0032,33.0001
438,14454.0000,14454.0022,0.0022,0.0039,32.9999
439,14487.0000,14487.0024,0.0024,0.0035,33.0002
440,14520.0000,14520.0026,0.0026,0.0034,33.0002
441,14553.0000,14553.0023,0.0023,0.0037,32.9997
442,14586.0000,14586.0030,0.0030,0.0035,33.0007
443,14619.0000,14619.0021,0.0021,0.0034,32.9991
444,14652.0000,14652.0019,0.0019,0.0031,32.9999
445,14685.0000,14685.0027,0.0027,0.0035,33.0007
446,14718.0000,14718.0019,0.0019,0.0033,32.9992
447,14751.0000,14751.0022,0.0022,0.0031,33.0003
448,14784.0000,14784.0020,0.0020,0.0032,32.9999
449,14817.0000,14817.0025,0.0025,0.0030,33.0005
450,14850.0000,14850.0024,0.0024,0.0034,32.9999
451,14883.0000,14883.0026,0.0026,0.0039,33.0002
452,14916.0000,14916.0026,0.0026,0.0034,33.0000
453,14949.0000,14949.0018,0.0018,0.0028,32.9993
454,14982.0000,14982.0023,0.0023,0.0036,33.0005
455,15015.0000,15015.0018,0.0018,0.0029,32.9995
456,15048.0000,15048.0030,0.0030,0.0040,33.0011
457,15081.0000,15081.0020,0.0020,0.0029,32.9990
458,15114.0000,15114.0022,0.0022,0.0041,33.0002
459,15147.0000,15147.0017,0.0017,0.0029,32.9995
460,15180.0000,15180.0020,0.0020,0.0035,33.0004
461,15213.0000,15213.0020,0.0020,0.0025,32.9999
462,15246.0000,15246.0021,0.0021,0.0033,33.0002
463,15279.0000,15279.0023,0.0023,0.0029,33.0001
464,15312.0000,15312.0019,0.0019,0.0026,32.9996
465,15345.0000,15345.0021,0.0021,0.0034,33.0002
466,15378.0000,15378.0017,0.0017,0.0030,32.9996
467,15411.0000,15411.0018,0.0018,0.0025,33.0001
468,15444.0000,15444.0020,0.0020,0.0032,33.0002
469,15477.0000,15477.0021,0.0021,0.0023,33.0001
470,15510.0000,15510.0025,0.0025,0.0040,33.0003
471,15543.0000,15543.0026,0.0026,0.0045,33.0002
472,15576.0000,15576.0027,0.0027,0.0040,33.0000
473,15609.0000,15609.0025,0.0025,0.0033,32.9998
474,15642.0000,15642.0023,0.0023,0.0038,32.9998
475,15675.0000,15675.0024,0.0024,0.0032,33.0002
476,15708.0000,15708.0026,0.0026,0.0037,33.0002
477,15741.0000,15741.0032,0.0032,0.0040,33.0006
478,15774.0000,15774.0022,0.0022,0.0041,32.9990
479,15807.0000,15807.0024,0.0024,0.0030,33.0002
480,15840.0000,15840.0021,0.0021,0.0034,32.9997
481,15873.0000,15873.0026,0.0026,0.0037,33.0005
482,15906.0000,15906.0025,0.0025,0.0045,32.9999
483,15939.0000,15939.0027,0.0027,0.0251,33.0002
484,15972.0000,15972.0025,0.0025,0.0037,32.9998
485,16005.0000,16005.0027,0.0027,0.0035,33.0002
486,16038.0000,16038.0032,0.0032,0.0040,33.0005
487,16071.0000,16071.0026,0.0026,0.0040,32.9993
488,16104.0000,16104.0028,0.0028,0.0039,33.0002
489,16137.0000,16137.0034,0.0034,0.0037,33.0006
490,16170.0000,16170.0021,0.0021,0.0031,32.9988
491,16203.0000,16203.0013,0.0013,0.0018,32.9991
492,16236.0000,16236.0022,0.0022,0.0033,33.0010
493,16269.0000,16269.0025,0.0025,0.0032,33.0003
494,16302.0000,16302.0026,0.0026,0.0033,33.0001
495,16335.0000,16335.0026,0.0026,0.0033,33.0000
496,16368.0000,16368.0027,0.0027,0.0032,33.0001
497,16401.0000,16401.0026,0.0026,0.0038,32.9999
498,16434.0000,16434.0027,0.0027,0.0034,33.0001
499,16467.0000,16467.0019,0.0019,0.0029,32.9992
500,16500.0000,16500.0020,0.0020,0.0026,33.0001
501,16533.0000,16533.0288,0.0288,0.0035,33.0268
502,16566.0000,16566.0027,0.0027,0.0034,32.9739
503,16599.0000,16599.0015,0.0015,0.0025,32.9988
504,16632.0000,16632.0019,0.0019,0.0029,33.0004
505,16665.0000,16665.0014,0.0014,0.0030,32.9994
506,16698.0000,16698.0018,0.0018,0.0030,33.0004
507,16731.0000,16731.0015,0.0015,0.0027,32.9998
508,16764.0000,16764.0021,0.0021,0.0026,33.0006
509,16797.0000,16797.0021,0.0021,0.0025,32.9999
510,16830.0000,16830.0016,0.0016,0.0026,32.9995
511,16863.0000,16863.0022,0.0022,0.0031,33.0007
512,16896.0000,16896.0018,0.0018,0.0031,32.9995
513,16929.0000,16929.0019,0.0019,0.0032,33.0001
514,16962.0000,16962.0019,0.0019,0.0028,33.0000
515,16995.0000,16995.0021,0.0021,0.0027,33.0003
516,17028.0000,17028.0017,0.0017,0.0027,32.9996
517,17061.0000,17061.0015,0.0015,0.0033,32.9998
518,17094.0000,17094.0025,0.0025,0.0030,33.0010
519,17127.0000,17127.0028,0.0028,0.0031,33.0003
520,17160.0000,17160.0021,0.0021,0.0032,32.9993
521,17193.0000,17193.0016,0.0016,0.0037,32.9995
522,17226.0000,17226.0033,0.0033,0.0035,33.0017
523,17259.0000,17259.0026,0.0026,0.0033,32.9993
524,17292.0000,17292.0023,0.0023,0.0030,32.9997
525,17325.0000,17325.0032,0.0032,0.0048,33.0009
526,17358.0000,17358.0024,0.0024,0.0040,32.9992
527,17391.0000,17391.0026,0.0026,0.0042,33.0001
528,17424.0000,17424.0028,0.0028,0.0040,33.0002
529,17457.0000,17457.0029,0.0029,0.0036,33.0002
530,17490.0000,17490.0028,0.0028,0.0043,32.9998
531,17523.0000,17523.0026,0.0026,0.0039,32.9998
532,17556.0000,17556.0031,0.0031,0.0044,33.0006
533,17589.0000,17589.0037,0.0037,0.0040,33.0006
534,17622.0000,17622.0031,0.0031,0.0047,32.9995
535,17655.0000,17655.0025,0.0025,0.0046,32.9993
536,17688.0000,17688.0023,0.0023,0.0044,32.9998
537,17721.0000,17721.0022,0.0022,0.0038,32.9999
538,17754.0000,17754.0022,0.0022,0.0034,33.0001
539,17787.0000,17787.0023,0.0023,0.0035,33.0001
540,17820.0000,17820.0025,0.0025,0.0035,33.0002
541,17853.0000,17853.0024,0.0024,0.0036,32.9998
542,17886.0000,17886.0018,0.0018,0.0029,32.9994
543,17919.0000,17919.0023,0.0023,0.0032,33.0005
544,17952.0000,17952.0016,0.0016,0.0032,32.9993
545,17985.0000,17985.0038,0.0038,0.0031,33.0021
546,18018.0000,18018.0017,0.0017,0.0029,32.9979
547,18051.0000,18051.0018,0.0018,0.0037,33.0001
548,18084.0000,18084.0024,0.0024,0.0030,33.0006
549,18117.0000,18117.0019,0.0019,0.0028,32.9995
550,18150.0000,18150.0020,0.0020,0.0029,33.0001
551,18183.0000,18183.0022,0.0022,0.0038,33.0002
552,18216.0000,18216.0020,0.0020,0.0044,32.9998
553,18249.0000,18249.0044,0.0044,0.0062,33.0024
554,18282.0000,18282.2566,0.2566,0.0052,33.2522
555,18315.0000,18315.0018,0.0018,0.0050,32.7452
556,18348.0000,18348.0032,0.0032,0.0037,33.0014
557,18381.0000,18381.0023,0.0023,0.0037,32.9991
558,18414.0000,18414.0025,0.0025,0.0034,33.0002
559,18447.0000,18447.0030,0.0030,0.0042,33.0005
560,18480.0000,18480.0025,0.0025,0.0038,32.9995
561,18513.0000,18513.0023,0.0023,0.0044,32.9999
562,18546.0000,18546.0025,0.0025,0.0044,33.0002
563,18579.0000,18579.0027,0.0027,0.0044,33.0002
564,18612.0000,18612.0032,0.0032,0.0032,33.0005
565,18645.0000,18645.0023,0.0023,0.0041,32.9991
566,18678.0000,18678.0032,0.0032,0.0037,33.0009
567,18711.0000,18711.0035,0.0035,0.0039,33.0003
568,18744.0000,18744.0031,0.0031,0.0040,32.9996
569,18777.0000,18777.0025,0.0025,0.0041,32.9994
570,18810.0000,18810.0022,0.0022,0.0032,32.9997
571,18843.0000,18843.0024,0.0024,0.0033,33.0001
572,18876.0000,18876.0023,0.0023,0.0042,32.9999
573,18909.0000,18909.0025,0.0025,0.0035,33.0003
574,18942.0000,18942.0030,0.0030,0.0031,33.0005
575,18975.0000,18975.0024,0.0024,0.0032,32.9994
576,19008.0000,19008.0018,0.0018,0.0028,32.9993
577,19041.0000,19041.0028,0.0028,0.0046,33.0010
578,19074.0000,19074.0027,0.0027,0.0041,32.9999
579,19107.0000,19107.0023,0.0023,0.0033,32.9996
580,19140.0000,19140.0024,0.0024,0.0037,33.0001
581,19173.0000,19173.0023,0.0023,0.0036,32.9998
582,19206.0000,19206.0038,0.0038,0.0040,33.0015
583,19239.0000,19239.0023,0.0023,0.0055,32.9985
584,19272.0000,19272.0025,0.0025,0.0036,33.0002
585,19305.0000,19305.0020,0.0020,0.0148,32.9996
586,19338.0000,19338.0023,0.0023,0.0031,33.0003
587,19371.0000,19371.0023,0.0023,0.0035,32.9999
588,19404.0000,19404.0026,0.0026,0.0029,33.0004
589,19437.0000,19437.0020,0.0020,0.0030,32.9994
590,19470.0000,19470.0019,0.0019,0.0033,32.9998
591,19503.0000,19503.0021,0.0021,0.0031,33.0002
592,19536.0000,19536.0019,0.0019,0.0035,32.9998
593,19569.0000,19569.0025,0.0025,0.0033,33.0006
594,19602.0000,19602.0019,0.0019,0.0031,32.9994
595,19635.0000,19635.0025,0.0025,0.0034,33.0006
596,19668.0000,19668.0027,0.0027,0.0034,33.0002
597,19701.0000,19701.0024,0.0024,0.0038,32.9997
598,19734.0000,19734.0022,0.0022,0.0028,32.9998
599,19767.0000,19767.0024,0.0024,0.0031,33.0002
600,19800.0000,19800.0027,0.0027,0.0035,33.0003
601,19833.0000,19833.0013,0.0013,0.0017,32.9986
602,19866.0000,19866.0011,0.0011,0.0019,32.9999
603,19899.0000,19899.0016,0.0016,0.0030,33.0005
604,19932.0000,19932.0037,0.0037,0.0044,33.0020
605,19965.0000,19965.0018,0.0018,0.0029,32.9982
606,19998.0000,19998.0014,0.0014,0.0027,32.9996
607,20031.0000,20031.0016,0.0016,0.0029,33.0002
608,20064.0000,20064.0013,0.0013,0.0025,32.9997
609,20097.0000,20097.0014,0.0014,0.0024,33.0001
610,20130.0000,20130.0023,0.0023,0.0028,33.0009
611,20163.0000,20163.0014,0.0014,0.0028,32.9991
612,20196.0000,20196.0019,0.0019,0.0025,33.0004
613,20229.0000,20229.0016,0.0016,0.0028,32.9997
614,20262.0000,20262.0012,0.0012,0.0021,32.9996
615,20295.0000,20295.0011,0.0011,0.0023,33.0000
616,20328.0000,20328.0011,0.0011,0.0019,33.0000
617,20361.0000,20361.0014,0.0014,0.0024,33.0003
618,20394.0000,20394.0013,0.0013,0.0022,32.9998
619,20427.0000,20427.0010,0.0010,0.0023,32.9998
620,20460.0000,20460.0012,0.0012,0.0018,33.0002
621,20493.0000,20493.0014,0.0014,0.0021,33.0002
622,20526.0000,20526.0010,0.0010,0.0016,32.9996
623,20559.0000,20559.0010,0.0010,0.0018,32.9999
624,20592.0000,20592.0013,0.0013,0.0024,33.0003
625,20625.0000,20625.0011,0.0011,0.0021,32.9998
626,20658.0000,20658.0015,0.0015,0.0025,33.0003
627,20691.0000,20691.0015,0.0015,0.0022,33.0001
628,20724.0000,20724.0012,0.0012,0.0033,32.9997
629,20757.0000,20757.0013,0.0013,0.0027,33.0000
630,20790.0000,20790.0032,0.0032,0.0040,33.0019
631,20823.0000,20823.0025,0.0025,0.0041,32.9993
632,20856.0000,20856.2743,0.2743,0.0033,33.2718
633,20889.0000,20889.0017,0.0017,0.0030,32.7274
634,20922.0000,20922.0011,0.0011,0.0027,32.9994
635,20955.0000,20955.0016,0.0016,0.0034,33.0005
636,20988.0000,20988.0017,0.0017,0.0031,33.0001
637,21021.0000,21021.0023,0.0023,0.0033,33.0006
638,21054.0000,21054.0017,0.0017,0.0024,32.9994
639,21087.0000,21087.0027,0.0027,0.0032,33.0009
640,21120.0000,21120.0026,0.0026,0.0035,32.9999
641,21153.0000,21154.1772,1.1772,0.0041,34.1747
642,21186.0000,21186.0022,0.0022,0.0036,31.8249
643,21219.0000,21219.0024,0.0024,0.0036,33.0002
644,21252.0000,21252.0021,0.0021,0.0036,32.9997
645,21285.0000,21285.0020,0.0020,0.0030,32.9999
646,21318.0000,21318.0020,0.0020,0.0035,33.0000
647,21351.0000,21351.0022,0.0022,0.0036,33.0002
648,21384.0000,21384.0139,0.0139,0.0037,33.0117
649,21417.0000,21417.0020,0.0020,0.0031,32.9881
650,21450.0000,21450.0020,0.0020,0.0027,33.0001
651,21483.0000,21483.0021,0.0021,0.0028,33.0001
652,21516.0000,21516.0024,0.0024,0.0027,33.0002
653,21549.0000,21549.5987,0.5987,0.0036,33.5963
654,21582.0000,21582.0020,0.0020,0.0025,32.4033
655,21615.0000,21615.0022,0.0022,0.0031,33.0002
656,21648.0000,21648.0015,0.0015,0.0025,32.9993
657,21681.0000,21681.0017,0.0017,0.0034,33.0003
658,21714.0000,21714.0017,0.0017,0.0025,33.0000
659,21747.0000,21747.0013,0.0013,0.0027,32.9996
660,21780.0000,21780.0018,0.0018,0.0028,33.0005
661,21813.0000,21813.0017,0.0017,0.0024,32.9998
662,21846.0000,21846.0018,0.0018,0.0027,33.0001
663,21879.0000,21879.0026,0.0026,0.0038,33.0008
664,21912.0000,21912.0025,0.0025,0.0032,32.9999
665,21945.0000,21945.0019,0.0019,0.0030,32.9994
666,21978.0000,21978.0018,0.0018,0.0038,32.9999
667,22011.0000,22011.0017,0.0017,0.0034,32.9999
668,22044.0000,22044.0016,0.0016,0.0035,32.9999
669,22077.0000,22077.0019,0.0019,0.0042,33.0003
670,22110.0000,22110.0022,0.0022,0.0033,33.0003
671,22143.0000,22143.0026,0.0026,0.0042,33.0004
672,22176.0000,22176.0027,0.0027,0.0038,33.0001
673,22209.0000,22209.0023,0.0023,0.0030,32.9996
674,22242.0000,22242.0025,0.0025,0.0037,33.0001
675,22275.0000,22275.0029,0.0029,0.0036,33.0004
676,22308.0000,22308.0022,0.0022,0.0026,32.9994
677,22341.0000,22341.0021,0.0021,0.0025,32.9999
678,22374.0000,22374.0028,0.0028,0.0028,33.0007
679,22407.0000,22407.0022,0.0022,0.0029,32.9994
680,22440.0000,22440.0021,0.0021,0.0040,32.9999
681,22473.0000,22473.0023,0.0023,0.0034,33.0001
682,22506.0000,22506.0024,0.0024,0.0048,33.0002
683,22539.0000,22539.0026,0.0026,0.0040,33.0002
684,22572.0000,22572.0031,0.0031,0.0046,33.0004
685,22605.0000,22605.0023,0.0023,0.0032,32.9992
686,22638.0000,22638.0020,0.0020,0.0033,32.9997
687,22671.0000,22671.0019,0.0019,0.0156,32.9999
688,22704.0000,22704.0019,0.0019,0.0028,33.0000
689,22737.0000,22737.0063,0.0063,0.0037,33.0044
690,22770.0000,22770.0022,0.0022,0.0030,32.9959
691,22803.0000,22803.0027,0.0027,0.0036,33.0005
692,22836.0000,22836.0025,0.0025,0.0034,32.9998
693,22869.0000,22869.0034,0.0034,0.0036,33.0009
694,22902.0000,22902.0020,0.0020,0.0036,32.9986
695,22935.0000,22935.0023,0.0023,0.0029,33.0004
696,22968.0000,22968.0015,0.0015,0.0024,32.9991
697,23001.0000,23001.0027,0.0027,0.0030,33.0012
698,23034.0000,23034.0021,0.0021,0.0030,32.9994
699,23067.0000,23067.0018,0.0018,0.0029,32.9997
700,23100.0000,23100.0017,0.0017,0.0032,32.9999
701,23133.0000,23133.0034,0.0034,0.0046,33.0017
702,23166.0000,23166.0046,0.0046,0.0056,33.0012
703,23199.0000,23199.0032,0.0032,0.0043,32.9986
704,23232.0000,23232.0034,0.0034,0.0043,33.0002
705,23265.0000,23265.0031,0.0031,0.0041,32.9997
706,23298.0000,23298.0024,0.0024,0.0036,32.9993
707,23331.0000,23331.0016,0.0016,0.0024,32.9992
708,23364.0000,23364.0025,0.0025,0.0037,33.0009
709,23397.0000,23397.0021,0.0021,0.0029,32.9996
710,23430.0000,23430.0022,0.0022,0.0026,33.0000
711,23463.0000,23463.0023,0.0023,0.0027,33.0002
712,23496.0000,23496.0020,0.0020,0.0029,32.9997
713,23529.0000,23529.0020,0.0020,0.0030,32.9999
714,23562.0000,23562.0018,0.0018,0.0035,32.9999
715,23595.0000,23595.0021,0.0021,0.0037,33.0002
716,23628.0000,23628.0024,0.0024,0.0034,33.0003
717,23661.0000,23661.0020,0.0020,0.0032,32.9996
718,23694.0000,23694.0024,0.0024,0.0037,33.0004
719,23727.0000,23727.0024,0.0024,0.0033,33.0000
720,23760.0000,23760.0045,0.0045,0.0047,33.0021
721,23793.0000,23793.0033,0.0033,0.0035,32.9988
722,23826.0000,23826.0025,0.0025,0.0037,32.9992
723,23859.0000,23859.0030,0.0030,0.0033,33.0005
724,23892.0000,23892.0023,0.0023,0.0029,32.9993
725,23925.0000,23925.0025,0.0025,0.0034,33.0002
726,23958.0000,23958.0016,0.0016,0.0027,32.9991
727,23991.0000,23991.0012,0.0012,0.0026,32.9996
728,24024.0000,24024.0013,0.0013,0.0025,33.0000
729,24057.0000,24057.0011,0.0011,0.0026,32.9998
730,24090.0000,24090.0012,0.0012,0.0030,33.0001
731,24123.0000,24123.0012,0.0012,0.0025,33.0000
732,24156.0000,24156.0013,0.0013,0.0026,33.0002
733,24189.0000,24189.0016,0.0016,0.0026,33.0002
734,24222.0000,24222.0011,0.0011,0.0025,32.9996
735,24255.0000,24255.0013,0.0013,0.0026,33.0001
736,24288.0000,24288.0016,0.0016,0.0025,33.0004
737,24321.0000,24321.0011,0.0011,0.0025,32.9995
738,24354.0000,24354.0012,0.0012,0.0028,33.0001
739,24387.0000,24387.0014,0.0014,0.0030,33.0002
740,24420.0000,24420.0009,0.0009,0.0024,32.9995
741,24453.0000,24453.0010,0.0010,0.0025,33.0001
742,24486.0000,24486.0010,0.0010,0.0022,33.0000
743,24519.0000,24519.1199,0.1199,0.0029,33.1189
744,24552.0000,24552.0016,0.0016,0.0020,32.8817
745,24585.0000,24585.0018,0.0018,0.0031,33.0002
746,24618.0000,24618.0019,0.0019,0.0031,33.0001
747,24651.0000,24651.0017,0.0017,0.0027,32.9998
748,24684.0000,24684.0023,0.0023,0.0030,33.0005
749,24717.0000,24717.0014,0.0014,0.0027,32.9991
750,24750.0000,24750.0018,0.0018,0.0031,33.0004
751,24783.0000,24783.0017,0.0017,0.0029,33.0000
752,24816.0000,24816.0018,0.0018,0.0026,33.0000
753,24849.0000,24849.0023,0.0023,0.0040,33.0006
754,24882.0000,24882.0025,0.0025,0.0026,33.0001
755,24915.0000,24915.0021,0.0021,0.0035,32.9997
756,24948.0000,24948.0031,0.0031,0.0040,33.0010
757,24981.0000,24981.0024,0.0024,0.0032,32.9993
758,25014.0000,25014.0022,0.0022,0.0033,32.9998
759,25047.0000,25047.0020,0.0020,0.0034,32.9998
760,25080.0000,25080.0021,0.0021,0.0027,33.0001
761,25113.0000,25113.0021,0.0021,0.0030,33.0000
762,25146.0000,25146.0021,0.0021,0.0031,32.9999
763,25179.0000,25179.0021,0.0021,0.0040,33.0001
764,25212.0000,25212.0013,0.0013,0.0032,32.9992
765,25245.0000,25245.0026,0.0026,0.0038,33.0013
766,25278.0000,25278.0019,0.0019,0.0040,32.9993
767,25311.0000,25311.0022,0.0022,0.0035,33.0003
768,25344.0000,25344.0019,0.0019,0.0040,32.9997
769,25377.0000,25377.0021,0.0021,0.0033,33.0002
770,25410.0000,25410.0020,0.0020,0.0034,32.9999
771,25443.0000,25443.0024,0.0024,0.0034,33.0004
772,25476.0000,25476.5549,0.5549,0.0034,33.5525
773,25509.0000,25509.0021,0.0021,0.0040,32.4473
774,25542.0000,25542.0024,0.0024,0.0047,33.0002
775,25575.0000,25575.0029,0.0029,0.0050,33.0005
776,25608.0000,25608.0021,0.0021,0.0037,32.9992
777,25641.0000,25641.0020,0.0020,0.0046,33.0000
778,25674.0000,25674.0024,0.0024,0.0042,33.0004
779,25707.0000,25707.0019,0.0019,0.0032,32.9994
780,25740.0000,25740.0023,0.0023,0.0039,33.0004
781,25773.0000,25773.0022,0.0022,0.0031,33.0000
782,25806.0000,25806.0025,0.0025,0.0033,33.0003
783,25839.0000,25839.0023,0.0023,0.0037,32.9998
784,25872.0000,25872.0028,0.0028,0.0033,33.0005
785,25905.0000,25905.0022,0.0022,0.0032,32.9994
786,25938.0000,25938.0019,0.0019,0.0029,32.9997
787,25971.0000,25971.0022,0.0022,0.0025,33.0002
788,26004.0000,26004.0017,0.0017,0.0031,32.9996
789,26037.0000,26037.0024,0.0024,0.0155,33.0006
790,26070.0000,26070.0035,0.0035,0.0029,33.0012
791,26103.0000,26103.0021,0.0021,0.0032,32.9985
792,26136.0000,26136.0022,0.0022,0.0038,33.0001
793,26169.0000,26169.0024,0.0024,0.0040,33.0002
794,26202.0000,26202.0023,0.0023,0.0036,32.9998
795,26235.0000,26235.0024,0.0024,0.0036,33.0001
796,26268.0000,26268.0027,0.0027,0.0035,33.0002
797,26301.0000,26301.0028,0.0028,0.0048,33.0002
798,26334.0000,26334.0026,0.0026,0.0037,32.9998
799,26367.0000,26367.0047,0.0047,0.0060,33.0021
800,26400.0000,26400.0025,0.0025,0.0050,32.9978
801,26433.0000,26433.0023,0.0023,0.0036,32.9998
802,26466.0000,26466.0020,0.0020,0.0032,32.9997
803,26499.0000,26499.0035,0.0035,0.0053,33.0014
804,26532.0000,26532.0024,0.0024,0.0038,32.9989
805,26565.0000,26565.0023,0.0023,0.0043,32.9999
806,26598.0000,26598.0022,0.0022,0.0039,32.9999
807,26631.0000,26631.0022,0.0022,0.0037,33.0000
808,26664.0000,26664.0027,0.0027,0.0046,33.0006
809,26697.0000,26697.0029,0.0029,0.0053,33.0002
810,26730.0000,26730.0103,0.0103,0.0035,33.0074
811,26763.0000,26763.0036,0.0036,0.0040,32.9933
812,26796.0000,26796.0021,0.0021,0.0044,32.9985
813,26829.0000,26829.0021,0.0021,0.0044,33.0000
814,26862.0000,26862.0025,0.0025,0.0031,33.0004
815,26895.0000,26895.0025,0.0025,0.0033,32.9999
816,26928.0000,26928.0025,0.0025,0.0033,33.0001
817,26961.0000,26961.0024,0.0024,0.0043,32.9999
818,26994.0000,26994.0019,0.0019,0.0024,32.9995
819,27027.0000,27027.0022,0.0022,0.0026,33.0003
820,27060.0000,27060.0023,0.0023,0.0030,33.0001
821,27093.0000,27093.0026,0.0026,0.0030,33.0002
822,27126.0000,27126.0024,0.0024,0.0023,32.9999
823,27159.0000,27159.0020,0.0020,0.0030,32.9996
824,27192.0000,27192.0019,0.0019,0.0030,32.9999
825,27225.0000,27225.0024,0.0024,0.0046,33.0004
826,27258.0000,27258.0026,0.0026,0.0038,33.0002
827,27291.0000,27291.0019,0.0019,0.0027,32.9993
828,27324.0000,27324.0024,0.0024,0.0023,33.0005
829,27357.0000,27357.0026,0.0026,0.0042,33.0002
830,27390.0000,27390.0023,0.0023,0.0028,32.9997
831,27423.0000,27423.0022,0.0022,0.0027,32.9999
832,27456.0000,27456.0014,0.0014,0.0023,32.9993
833,27489.0000,27489.0016,0.0016,0.0030,33.0002
834,27522.0000,27522.0019,0.0019,0.0032,33.0003
835,27555.0000,27555.0015,0.0015,0.0031,32.9996
836,27588.0000,27588.0034,0.0034,0.0050,33.0020
837,27621.0000,27621.0024,0.0024,0.0040,32.9989
838,27654.0000,27654.0025,0.0025,0.0041,33.0002
839,27687.0000,27687.0024,0.0024,0.0044,32.9999
840,27720.0000,27720.0029,0.0029,0.0046,33.0005
841,27753.0000,27753.0032,0.0032,0.0046,33.0003
842,27786.0000,27786.0029,0.0029,0.0048,32.9997
843,27819.0000,27819.0031,0.0031,0.0044,33.0002
844,27852.0000,27852.0021,0.0021,0.0050,32.9989
845,27885.0000,27885.0022,0.0022,0.0046,33.0001
846,27918.0000,27918.0031,0.0031,0.0048,33.0009
847,27951.0000,27951.0022,0.0022,0.0040,32.9990
848,27984.0000,27984.0023,0.0023,0.0040,33.0002
849,28017.0000,28017.0019,0.0019,0.0036,32.9996
850,28050.0000,28050.2567,0.2567,0.0043,33.2548
851,28083.0000,28083.0025,0.0025,0.0029,32.7458
852,28116.0000,28116.0027,0.0027,0.0044,33.0002
853,28149.0000,28149.0028,0.0028,0.0034,33.0000
854,28182.0000,28182.0026,0.0026,0.0033,32.9998
855,28215.0000,28215.0017,0.0017,0.0031,32.9991
856,28248.0000,28248.0026,0.0026,0.0032,33.0008
857,28281.0000,28281.0020,0.0020,0.0030,32.9995
858,28314.0000,28314.0020,0.0020,0.0035,33.0000
859,28347.0000,28347.0023,0.0023,0.0032,33.0004
860,28380.0000,28380.0025,0.0025,0.0033,33.0002
861,28413.0000,28413.0024,0.0024,0.0034,32.9999
862,28446.0000,28446.0021,0.0021,0.0028,32.9997
863,28479.0000,28479.0019,0.0019,0.0038,32.9998
864,28512.0000,28512.0020,0.0020,0.0039,33.0001
865,28545.0000,28545.0026,0.0026,0.0026,33.0006
866,28578.0000,28578.0018,0.0018,0.0029,32.9992
867,28611.0000,28611.0019,0.0019,0.0032,33.0001
868,28644.0000,28644.0031,0.0031,0.0034,33.0012
869,28677.0000,28677.0017,0.0017,0.0028,32.9986
870,28710.0000,28710.0017,0.0017,0.0026,33.0000
871,28743.0000,28743.0017,0.0017,0.0024,33.0000
872,28776.0000,28776.0015,0.0015,0.0031,32.9998
873,28809.0000,28809.0017,0.0017,0.0028,33.0002
874,28842.0000,28842.0015,0.0015,0.0035,32.9998
875,28875.0000,28875.0020,0.0020,0.0036,33.0005
876,28908.0000,28908.0018,0.0018,0.0027,32.9998
877,28941.0000,28941.0025,0.0025,0.0037,33.0006
878,28974.0000,28974.0034,0.0034,0.0038,33.0009
879,29007.0000,29007.0036,0.0036,0.0049,33.0002
880,29040.0000,29040.0021,0.0021,0.0033,32.9986
881,29073.0000,29073.0022,0.0022,0.0042,33.0001
882,29106.0000,29106.0024,0.0024,0.0040,33.0002
883,29139.0000,29139.0026,0.0026,0.0040,33.0002
884,29172.0000,29172.0025,0.0025,0.0036,32.9999
885,29205.0000,29205.0442,0.0442,0.0037,33.0417
886,29238.0000,29238.0032,0.0032,0.0052,32.9590
887,29271.0000,29271.0030,0.0030,0.0037,32.9998
888,29304.0000,29304.0022,0.0022,0.0038,32.9992
889,29337.0000,29337.0031,0.0031,0.0037,33.0009
890,29370.0000,29370.0024,0.0024,0.0039,32.9992
891,29403.0000,29403.0438,0.0438,0.0184,33.0415
892,29436.0000,29436.0022,0.0022,0.0045,32.9584
893,29469.0000,29469.3058,0.3058,0.0051,33.3036
894,29502.0000,29502.0030,0.0030,0.0037,32.6972
895,29535.0000,29535.0024,0.0024,0.0036,32.9995
896,29568.0000,29568.0027,0.0027,0.0041,33.0003
897,29601.0000,29601.0029,0.0029,0.0043,33.0002
898,29634.0000,29634.0022,0.0022,0.0034,32.9993
899,29667.0000,29667.0018,0.0018,0.0039,32.9996
900,29700.0000,29700.0020,0.0020,0.0034,33.0002
901,29733.0000,29733.0023,0.0023,0.0034,33.0002
902,29766.0000,29766.0021,0.0021,0.0040,32.9998
903,29799.0000,29799.0022,0.0022,0.0035,33.0001
904,29832.0000,29832.0024,0.0024,0.0033,33.0002
905,29865.0000,29865.0026,0.0026,0.0038,33.0001
906,29898.0000,29898.0025,0.0025,0.0036,32.9999
907,29931.0000,29931.0026,0.0026,0.0044,33.0002
908,29964.0000,29964.0025,0.0025,0.0031,32.9998
909,29997.0000,29997.0022,0.0022,0.0031,32.9997
910,30030.0000,30030.0023,0.0023,0.0036,33.0001
911,30063.0000,30063.0026,0.0026,0.0036,33.0002
912,30096.0000,30096.0022,0.0022,0.0031,32.9996
913,30129.0000,30129.0027,0.0027,0.0037,33.0005
914,30162.0000,30162.0025,0.0025,0.0029,32.9998
915,30195.0000,30195.0026,0.0026,0.0042,33.0001
916,30228.0000,30228.0025,0.0025,0.0040,32.9999
917,30261.0000,30261.0020,0.0020,0.0038,32.9996
918,30294.0000,30294.0026,0.0026,0.0035,33.0005
919,30327.0000,30327.0031,0.0031,0.0032,33.0006
920,30360.0000,30360.0025,0.0025,0.0028,32.9993
921,30393.0000,30393.0023,0.0023,0.0030,32.9999
922,30426.0000,30426.0021,0.0021,0.0030,32.9998
923,30459.0000,30459.0018,0.0018,0.0031,32.9997
924,30492.0000,30492.0026,0.0026,0.0034,33.0008
925,30525.0000,30525.0019,0.0019,0.0039,32.9993
926,30558.0000,30558.0023,0.0023,0.0034,33.0005
927,30591.0000,30591.0021,0.0021,0.0024,32.9998
928,30624.0000,30624.0023,0.0023,0.0024,33.0002
929,30657.0000,30657.0025,0.0025,0.0026,33.0002
930,30690.0000,30690.0027,0.0027,0.0035,33.0002
931,30723.0000,30723.0028,0.0028,0.0037,33.0002
932,30756.0000,30756.0030,0.0030,0.0043,33.0001
933,30789.0000,30789.0019,0.0019,0.0033,32.9990
934,30822.0000,30822.0022,0.0022,0.0033,33.0002
935,30855.0000,30855.0023,0.0023,0.0037,33.0002
936,30888.0000,30888.0021,0.0021,0.0040,32.9998
937,30921.0000,30921.0023,0.0023,0.0037,33.0001
938,30954.0000,30954.0025,0.0025,0.0033,33.0002
939,30987.0000,30987.0024,0.0024,0.0053,32.9999
940,31020.0000,31020.0026,0.0026,0.0043,33.0002
941,31053.0000,31053.0027,0.0027,0.0038,33.0001
942,31086.0000,31086.0021,0.0021,0.0036,32.9994
943,31119.0000,31119.0017,0.0017,0.0035,32.9996
944,31152.0000,31152.0019,0.0019,0.0029,33.0002
945,31185.0000,31185.0027,0.0027,0.0036,33.0008
946,31218.0000,31218.0021,0.0021,0.0039,32.9994
947,31251.0000,31251.0019,0.0019,0.0023,32.9998
948,31284.0000,31284.0022,0.0022,0.0033,33.0004
949,31317.0000,31317.0025,0.0025,0.0035,33.0003
950,31350.0000,31350.0040,0.0040,0.0041,33.0015
951,31383.0000,31383.0025,0.0025,0.0037,32.9985
952,31416.0000,31416.0019,0.0019,0.0032,32.9994
953,31449.0000,31449.0028,0.0028,0.0036,33.0009
954,31482.0000,31482.0028,0.0028,0.0038,33.0000
955,31515.0000,31515.0019,0.0019,0.0031,32.9991
956,31548.0000,31548.0026,0.0026,0.0032,33.0007
957,31581.0000,31581.0020,0.0020,0.0033,32.9993
958,31614.0000,31614.0021,0.0021,0.0032,33.0002
959,31647.0000,31647.0023,0.0023,0.0034,33.0001
960,31680.0000,31680.0017,0.0017,0.0041,32.9995
961,31713.0000,31713.0024,0.0024,0.0028,33.0006
962,31746.0000,31746.0025,0.0025,0.0028,33.0001
963,31779.0000,31779.0031,0.0031,0.0033,33.0006
964,31812.0000,31812.0032,0.0032,0.0033,33.0001
965,31845.0000,31845.0053,0.0053,0.0089,33.0022
966,31878.0000,31878.1379,0.1379,0.0355,33.1325
967,31911.0000,31911.0022,0.0022,0.0037,32.8643
968,31944.0000,31944.0023,0.0023,0.0038,33.0002
969,31977.0000,31977.0016,0.0016,0.0037,32.9993
970,32010.0000,32010.0018,0.0018,0.0029,33.0002
971,32043.0000,32043.0018,0.0018,0.0022,32.9999
972,32076.0000,32076.0016,0.0016,0.0025,32.9999
973,32109.0000,32109.0016,0.0016,0.0022,33.0000
974,32142.0000,32142.0017,0.0017,0.0024,33.0001
975,32175.0000,32175.0013,0.0013,0.0029,32.9995
976,32208.0000,32208.0015,0.0015,0.0031,33.0002
977,32241.0000,32241.0046,0.0046,0.0020,33.0031
978,32274.0000,32274.0020,0.0020,0.0028,32.9974
979,32307.0000,32307.0019,0.0019,0.0032,32.9998
980,32340.0000,32340.0021,0.0021,0.0031,33.0002
981,32373.0000,32373.0032,0.0032,0.0037,33.0011
982,32406.0000,32406.0024,0.0024,0.0045,32.9992
983,32439.0000,32439.0020,0.0020,0.0036,32.9996
984,32472.0000,32472.0025,0.0025,0.0045,33.0005
985,32505.0000,32505.0030,0.0030,0.0040,33.0005
986,32538.0000,32538.0031,0.0031,0.0036,33.0001
987,32571.0000,32571.0034,0.0034,0.0030,33.0002
988,32604.0000,32604.0020,0.0020,0.0032,32.9986
989,32637.0000,32637.0026,0.0026,0.0043,33.0006
990,32670.0000,32670.0028,0.0028,0.0038,33.0003
991,32703.0000,32703.0021,0.0021,0.0037,32.9993
992,32736.0000,32736.0026,0.0026,0.0042,33.0005
993,32769.0000,32769.0027,0.0027,0.0191,33.0001
994,32802.0000,32802.0026,0.0026,0.0045,32.9999
995,32835.0000,32835.0024,0.0024,0.0045,32.9998
996,32868.0000,32868.0029,0.0029,0.0041,33.0005
997,32901.0000,32901.0024,0.0024,0.0028,32.9995
998,32934.0000,32934.0023,0.0023,0.0030,32.9999
999,32967.0000,32967.0024,0.0024,0.0032,33.0000
1000,33000.0000,33000.0018,0.0018,0.0031,32.9994
1001,33033.0000,33033.0036,0.0036,0.0048,33.0018
1002,33066.0000,33066.0021,0.0021,0.0036,32.9984
1003,33099.0000,33099.0022,0.0022,0.0032,33.0001
1004,33132.0000,33132.0024,0.0024,0.0040,33.0002
1005,33165.0000,33165.0027,0.0027,0.0031,33.0003
1006,33198.0000,33198.0024,0.0024,0.0036,32.9997
1007,33231.0000,33231.0022,0.0022,0.0033,32.9998
1008,33264.0000,33264.0029,0.0029,0.0042,33.0007
1009,33297.0000,33297.0033,0.0033,0.0037,33.0004
1010,33330.0000,33330.0030,0.0030,0.0045,32.9997
1011,33363.0000,33363.0036,0.0036,0.0046,33.0006
1012,33396.0000,33396.0036,0.0036,0.0047,33.0000
1013,33429.0000,33429.0035,0.0035,0.0042,32.9999
1014,33462.0000,33462.0022,0.0022,0.0033,32.9988
1015,33495.0000,33495.0019,0.0019,0.0032,32.9996
1016,33528.0000,33528.0022,0.0022,0.0025,33.0004
1017,33561.0000,33561.0022,0.0022,0.0033,33.0000
1018,33594.0000,33594.0024,0.0024,0.0026,33.0002
1019,33627.0000,33627.0026,0.0026,0.0042,33.0002
1020,33660.0000,33660.0015,0.0015,0.0027,32.9990
1021,33693.0000,33693.0031,0.0031,0.0031,33.0015
1022,33726.0000,33726.0019,0.0019,0.0034,32.9989
1023,33759.0000,33759.0018,0.0018,0.0032,32.9998
1024,33792.0000,33792.0017,0.0017,0.0033,32.9999
1025,33825.0000,33825.0021,0.0021,0.0045,33.0004
1026,33858.0000,33858.0024,0.0024,0.0038,33.0003
1027,33891.0000,33891.0026,0.0026,0.0032,33.0002
1028,33924.0000,33924.0024,0.0024,0.0033,32.9998
1029,33957.0000,33957.0025,0.0025,0.0037,33.0001
1030,33990.0000,33990.0027,0.0027,0.0044,33.0002
1031,34023.0000,34023.0030,0.0030,0.0035,33.0003
1032,34056.0000,34056.0031,0.0031,0.0035,33.0001
1033,34089.0000,34089.0025,0.0025,0.0036,32.9993
1034,34122.0000,34122.0025,0.0025,0.0033,33.0001
1035,34155.0000,34155.0036,0.0036,0.0044,33.0011
1036,34188.0000,34188.0035,0.0035,0.0040,32.9999
1037,34221.0000,34221.0033,0.0033,0.0044,32.9999
1038,34254.0000,34254.0034,0.0034,0.0041,33.0000
1039,34287.0000,34287.0021,0.0021,0.0029,32.9987
1040,34320.0000,34320.0017,0.0017,0.0033,32.9996
1041,34353.0000,34353.0023,0.0023,0.0029,33.0006
1042,34386.0000,34386.0024,0.0024,0.0029,33.0001
1043,34419.0000,34419.0022,0.0022,0.0036,32.9998
1044,34452.0000,34452.0017,0.0017,0.0029,32.9995
1045,34485.0000,34485.0017,0.0017,0.0037,33.0000
1046,34518.0000,34518.0019,0.0019,0.0031,33.0002
1047,34551.0000,34551.0023,0.0023,0.0035,33.0004
1048,34584.0000,34584.0018,0.0018,0.0027,32.9995
1049,34617.0000,34617.0019,0.0019,0.0030,33.0002
1050,34650.0000,34650.0015,0.0015,0.0032,32.9996
1051,34683.0000,34683.0014,0.0014,0.0027,32.9999
1052,34716.0000,34716.0011,0.0011,0.0022,32.9997
1053,34749.0000,34749.0014,0.0014,0.0031,33.0002
1054,34782.0000,34782.0015,0.0015,0.0023,33.0001
1055,34815.0000,34815.0013,0.0013,0.0026,32.9998
1056,34848.0000,34848.0010,0.0010,0.0024,32.9997
1057,34881.0000,34881.0013,0.0013,0.0028,33.0002
1058,34914.0000,34914.1040,0.1040,0.0026,33.1027
1059,34947.0000,34947.0016,0.0016,0.0031,32.8976
1060,34980.0000,34980.0018,0.0018,0.0027,33.0001
1061,35013.0000,35013.0012,0.0012,0.0028,32.9995
1062,35046.0000,35046.0021,0.0021,0.0037,33.0009
1063,35079.0000,35079.0016,0.0016,0.0027,32.9995
1064,35112.0000,35112.0018,0.0018,0.0025,33.0002
1065,35145.0000,35145.0012,0.0012,0.0027,32.9993
1066,35178.0000,35178.0017,0.0017,0.0026,33.0005
1067,35211.0000,35211.0017,0.0017,0.0022,33.0000
1068,35244.0000,35244.0014,0.0014,0.0031,32.9997
1069,35277.0000,35277.0015,0.0015,0.0032,33.0001
1070,35310.0000,35310.0019,0.0019,0.0034,33.0004
1071,35343.0000,35343.0025,0.0025,0.0032,33.0005
1072,35376.0000,35376.0023,0.0023,0.0034,32.9998
1073,35409.0000,35409.0023,0.0023,0.0031,33.0000
1074,35442.0000,35442.0027,0.0027,0.0035,33.0004
1075,35475.0000,35475.0021,0.0021,0.0031,32.9994
1076,35508.0000,35508.0021,0.0021,0.0032,33.0000
1077,35541.0000,35541.0017,0.0017,0.0030,32.9996
1078,35574.0000,35574.0015,0.0015,0.0027,32.9998
1079,35607.0000,35607.0017,0.0017,0.0030,33.0002
1080,35640.0000,35640.0020,0.0020,0.0030,33.0003
1081,35673.0000,35673.0016,0.0016,0.0030,32.9996
1082,35706.0000,35706.0018,0.0018,0.0026,33.0002
1083,35739.0000,35739.0019,0.0019,0.0027,33.0001
1084,35772.0000,35772.0021,0.0021,0.0030,33.0002
1085,35805.0000,35805.0023,0.0023,0.0029,33.0002
1086,35838.0000,35838.0025,0.0025,0.0030,33.0002
1087,35871.0000,35871.0021,0.0021,0.0034,32.9996
1088,35904.0000,35904.0015,0.0015,0.0025,32.9994
1089,35937.0000,35937.0015,0.0015,0.0033,33.0001
1090,35970.0000,35970.0011,0.0011,0.0015,32.9996
1091,36003.0000,36003.0014,0.0014,0.0020,33.0003
1092,36036.0000,36036.0015,0.0015,0.0025,33.0000
1093,36069.0000,36069.0016,0.0016,0.0028,33.0002
1094,36102.0000,36102.0018,0.0018,0.0026,33.0002
1095,36135.0000,36135.0020,0.0020,0.0130,33.0002
1096,36168.0000,36168.0019,0.0019,0.0027,32.9999
1097,36201.0000,36201.0018,0.0018,0.0024,32.9999
1098,36234.0000,36234.0019,0.0019,0.0024,33.0002
1099,36267.0000,36267.0015,0.0015,0.0030,32.9996
1100,36300.0000,36300.0018,0.0018,0.0030,33.0002
1101,36333.0000,36333.0018,0.0018,0.0024,33.0001
1102,36366.0000,36366.0017,0.0017,0.0028,32.9998
1103,36399.0000,36399.0019,0.0019,0.0029,33.0002
1104,36432.0000,36432.0024,0.0024,0.0024,33.0005
1105,36465.0000,36465.0018,0.0018,0.0020,32.9994
1106,36498.0000,36498.0020,0.0020,0.0018,33.0002
1107,36531.0000,36531.0021,0.0021,0.0024,33.0001
1108,36564.0000,36564.0017,0.0017,0.0019,32.9995
1109,36597.0000,36597.0018,0.0018,0.0025,33.0001
1110,36630.0000,36630.0014,0.0014,0.0025,32.9996
1111,36663.0000,36663.0016,0.0016,0.0024,33.0002
1112,36696.0000,36696.1147,0.1147,0.0026,33.1131
1113,36729.0000,36729.0014,0.0014,0.0028,32.8867
1114,36762.0000,36762.0017,0.0017,0.0022,33.0003
1115,36795.0000,36795.0012,0.0012,0.0020,32.9995
1116,36828.0000,36828.0017,0.0017,0.0027,33.0005
1117,36861.0000,36861.0021,0.0021,0.0028,33.0004
1118,36894.0000,36894.0021,0.0021,0.0031,33.0000
1119,36927.0000,36927.0027,0.0027,0.0044,33.0006
1120,36960.0000,36960.0030,0.0030,0.0043,33.0002
1121,36993.0000,36993.0031,0.0031,0.0043,33.0002
1122,37026.0000,37026.0025,0.0025,0.0044,32.9994
1123,37059.0000,37059.0023,0.0023,0.0048,32.9998
1124,37092.0000,37092.0024,0.0024,0.0036,33.0000
1125,37125.0000,37125.0021,0.0021,0.0034,32.9998
1126,37158.0000,37158.0036,0.0036,0.0050,33.0014
1127,37191.0000,37191.0025,0.0025,0.0034,32.9989
1128,37224.0000,37224.0021,0.0021,0.0038,32.9996
1129,37257.0000,37257.0023,0.0023,0.0037,33.0002
1130,37290.0000,37290.0025,0.0025,0.0037,33.0002
1131,37323.0000,37323.0024,0.0024,0.0038,32.9999
1132,37356.0000,37356.0023,0.0023,0.0037,32.9998
1133,37389.0000,37389.0025,0.0025,0.0037,33.0003
1134,37422.0000,37422.0021,0.0021,0.0036,32.9996
1135,37455.0000,37455.0021,0.0021,0.0036,33.0000
1136,37488.0000,37488.0021,0.0021,0.0038,32.9999
1137,37521.0000,37521.0019,0.0019,0.0036,32.9998
1138,37554.0000,37554.0021,0.0021,0.0035,33.0002
1139,37587.0000,37587.0021,0.0021,0.0037,33.0001
1140,37620.0000,37620.0025,0.0025,0.0040,33.0004
1141,37653.0000,37653.0024,0.0024,0.0040,32.9999
1142,37686.0000,37686.0021,0.0021,0.0033,32.9997
1143,37719.0000,37719.0027,0.0027,0.0032,33.0006
1144,37752.0000,37752.0021,0.0021,0.0036,32.9994
1145,37785.0000,37785.0018,0.0018,0.0032,32.9997
1146,37818.0000,37818.0016,0.0016,0.0026,32.9999
1147,37851.0000,37851.0017,0.0017,0.0034,33.0001
1148,37884.0000,37884.0017,0.0017,0.0029,33.0000
1149,37917.0000,37917.0020,0.0020,0.0030,33.0003
1150,37950.0000,37950.0014,0.0014,0.0033,32.9994
1151,37983.0000,37983.0018,0.0018,0.0027,33.0004
1152,38016.0000,38016.0013,0.0013,0.0028,32.9995
1153,38049.0000,38049.0019,0.0019,0.0029,33.0006
1154,38082.0000,38082.0015,0.0015,0.0029,32.9996
1155,38115.0000,38115.0015,0.0015,0.0032,33.0000
1156,38148.0000,38148.0019,0.0019,0.0029,33.0004
1157,38181.0000,38181.0019,0.0019,0.0031,32.9999
1158,38214.0000,38214.0014,0.0014,0.0028,32.9996
1159,38247.0000,38247.0015,0.0015,0.0026,33.0001
1160,38280.0000,38280.0018,0.0018,0.0025,33.0003
1161,38313.0000,38313.0013,0.0013,0.0024,32.9995
1162,38346.0000,38346.0021,0.0021,0.0024,33.0008
1163,38379.0000,38379.0025,0.0025,0.0032,33.0004
1164,38412.0000,38412.0020,0.0020,0.0028,32.9995
1165,38445.0000,38445.0026,0.0026,0.0038,33.0006
1166,38478.0000,38478.0028,0.0028,0.0034,33.0002
1167,38511.0000,38511.0025,0.0025,0.0036,32.9997
1168,38544.0000,38544.0023,0.0023,0.0041,32.9998
1169,38577.0000,38577.0060,0.0060,0.0034,33.0037
1170,38610.0000,38610.0023,0.0023,0.0037,32.9963
1171,38643.0000,38643.0024,0.0024,0.0041,33.0001
1172,38676.0000,38676.0019,0.0019,0.0039,32.9995
1173,38709.0000,38709.0024,0.0024,0.0040,33.0006
1174,38742.0000,38742.0023,0.0023,0.0030,32.9999
1175,38775.0000,38775.0028,0.0028,0.0043,33.0005
1176,38808.0000,38808.0019,0.0019,0.0034,32.9991
1177,38841.0000,38841.0023,0.0023,0.0028,33.0004
1178,38874.0000,38874.0029,0.0028,0.0028,33.0005
1179,38907.0000,38907.0020,0.0020,0.0029,32.9992
1180,38940.0000,38940.0023,0.0023,0.0035,33.0003
1181,38973.0000,38973.0022,0.0022,0.0031,33.0000
1182,39006.0000,39006.0024,0.0024,0.0032,33.0001
1183,39039.0000,39039.0026,0.0026,0.0037,33.0002
1184,39072.0000,39072.0020,0.0020,0.0033,32.9995
1185,39105.0000,39105.0022,0.0022,0.0040,33.0002
1186,39138.0000,39138.0024,0.0024,0.0038,33.0003
1187,39171.0000,39171.0026,0.0026,0.0037,33.0002
1188,39204.0000,39204.0018,0.0018,0.0030,32.9992
1189,39237.0000,39237.0020,0.0020,0.0046,33.0001
1190,39270.0000,39270.0021,0.0021,0.0028,33.0001
1191,39303.0000,39303.0023,0.0023,0.0039,33.0002
1192,39336.0000,39336.0023,0.0023,0.0030,33.0000
1193,39369.0000,39369.0024,0.0024,0.0031,33.0001
1194,39402.0000,39402.0020,0.0020,0.0036,32.9996
1195,39435.0000,39435.0021,0.0021,0.0037,33.0002
1196,39468.0000,39468.0023,0.0023,0.0027,33.0002
1197,39501.0000,39501.0018,0.0018,0.0142,32.9995
1198,39534.0000,39534.0016,0.0016,0.0034,32.9998
1199,39567.0000,39567.0021,0.0021,0.0034,33.0005
1200,39600.0000,39600.0023,0.0023,0.0030,33.0002
1201,39633.0000,39633.0022,0.0022,0.0037,32.9998
1202,39666.0000,39666.0027,0.0027,0.0031,33.0005
1203,39699.0000,39699.0023,0.0023,0.0034,32.9996
1204,39732.0000,39732.0018,0.0018,0.0031,32.9995
1205,39765.0000,39765.0020,0.0020,0.0036,33.0002
1206,39798.0000,39798.0016,0.0016,0.0032,32.9996
1207,39831.0000,39831.0016,0.0016,0.0034,33.0000
1208,39864.0000,39864.0015,0.0015,0.0026,32.9999
1209,39897.0000,39897.0019,0.0019,0.0025,33.0004
1210,39930.0000,39930.0013,0.0013,0.0027,32.9995
1211,39963.0000,39963.0016,0.0016,0.0027,33.0003
1212,39996.0000,39996.0015,0.0015,0.0030,32.9999
1213,40029.0000,40029.0013,0.0013,0.0025,32.9999
1214,40062.0000,40062.0017,0.0017,0.0036,33.0004
1215,40095.0000,40095.0023,0.0023,0.0030,33.0006
1216,40128.0000,40128.0025,0.0025,0.0033,33.0002
1217,40161.0000,40161.0019,0.0019,0.0030,32.9994
1218,40194.0000,40194.0022,0.0022,0.0039,33.0003
1219,40227.0000,40227.0023,0.0023,0.0029,33.0001
1220,40260.0000,40260.0030,0.0030,0.0034,33.0007
1221,40293.0000,40293.0023,0.0023,0.0036,32.9993
1222,40326.0000,40326.0017,0.0017,0.0034,32.9994
1223,40359.0000,40359.0011,0.0011,0.0022,32.9994
1224,40392.0000,40392.0013,0.0013,0.0023,33.0002
1225,40425.0000,40425.0018,0.0018,0.0035,33.0005
1226,40458.0000,40458.0020,0.0020,0.0034,33.0003
1227,40491.0000,40491.0025,0.0025,0.0041,33.0004
1228,40524.0000,40524.0020,0.0020,0.0033,32.9995
1229,40557.0000,40557.0026,0.0026,0.0034,33.0006
1230,40590.0000,40590.0025,0.0025,0.0035,32.9999
1231,40623.0000,40623.0027,0.0027,0.0034,33.0003
1232,40656.0000,40656.0029,0.0029,0.0032,33.0001
1233,40689.0000,40689.0030,0.0030,0.0042,33.0001
1234,40722.0000,40722.0023,0.0023,0.0041,32.9993
1235,40755.0000,40755.0019,0.0019,0.0038,32.9997
1236,40788.0000,40788.0020,0.0020,0.0033,33.0001
1237,40821.0000,40821.0018,0.0018,0.0030,32.9997
1238,40854.0000,40854.0018,0.0018,0.0031,33.0001
1239,40887.0000,40887.0020,0.0020,0.0033,33.0002
1240,40920.0000,40920.0022,0.0022,0.0032,33.0002
1241,40953.0000,40953.0020,0.0020,0.0025,32.9998
1242,40986.0000,40986.0020,0.0020,0.0036,33.0000
1243,41019.0000,41019.0026,0.0026,0.0031,33.0006
1244,41052.0000,41052.0019,0.0019,0.0028,32.9993
1245,41085.0000,41085.0016,0.0016,0.0036,32.9997
1246,41118.0000,41118.0020,0.0020,0.0033,33.0004
1247,41151.0000,41151.0020,0.0020,0.0033,33.0000
1248,41184.0000,41184.0023,0.0023,0.0032,33.0003
1249,41217.0000,41217.0024,0.0024,0.0034,33.0002
1250,41250.0000,41250.0027,0.0027,0.0040,33.0002
1251,41283.0000,41283.0031,0.0031,0.0042,33.0004
1252,41316.0000,41316.0027,0.0027,0.0035,32.9996
1253,41349.0000,41349.0024,0.0024,0.0039,32.9997
1254,41382.0000,41382.0032,0.0032,0.0056,33.0008
1255,41415.0000,41415.0027,0.0027,0.0033,32.9995
1256,41448.0000,41448.0020,0.0020,0.0038,32.9993
1257,41481.0000,41481.0026,0.0026,0.0034,33.0006
1258,41514.0000,41514.0021,0.0021,0.0032,32.9995
1259,41547.0000,41547.0022,0.0022,0.0131,33.0002
1260,41580.0000,41580.0024,0.0024,0.0035,33.0002
1261,41613.0000,41613.0026,0.0026,0.0032,33.0002
1262,41646.0000,41646.0025,0.0025,0.0035,32.9999
1263,41679.0000,41679.0027,0.0027,0.0034,33.0002
1264,41712.0000,41712.0028,0.0028,0.0035,33.0001
1265,41745.0000,41745.0030,0.0030,0.0033,33.0002
1266,41778.0000,41778.0017,0.0017,0.0035,32.9987
1267,41811.0000,41811.0021,0.0021,0.0029,33.0004
1268,41844.0000,41844.0021,0.0021,0.0033,33.0000
1269,41877.0000,41877.0020,0.0020,0.0035,33.0000
1270,41910.0000,41910.0022,0.0022,0.0033,33.0002
1271,41943.0000,41943.0021,0.0021,0.0035,32.9999
1272,41976.0000,41976.0022,0.0022,0.0034,33.0002
1273,42009.0000,42009.0020,0.0020,0.0028,32.9998
1274,42042.0000,42042.0019,0.0019,0.0025,32.9999
1275,42075.0000,42075.0017,0.0017,0.0027,32.9998
1276,42108.0000,42108.0018,0.0018,0.0029,33.0001
1277,42141.0000,42141.0016,0.0016,0.0033,32.9998
1278,42174.0000,42174.0029,0.0029,0.0041,33.0013
1279,42207.0000,42207.0028,0.0028,0.0045,32.9999
1280,42240.0000,42240.0021,0.0021,0.0041,32.9993
1281,42273.0000,42273.0023,0.0023,0.0040,33.0002
1282,42306.0000,42306.0025,0.0025,0.0039,33.0003
1283,42339.0000,42339.0048,0.0048,0.0060,33.0022
1284,42372.0000,42372.0037,0.0037,0.0045,32.9989
1285,42405.0000,42405.0019,0.0019,0.0030,32.9982
1286,42438.0000,42438.0017,0.0017,0.0025,32.9998
1287,42471.0000,42471.0014,0.0014,0.0024,32.9997
1288,42504.0000,42504.0015,0.0015,0.0025,33.0001
1289,42537.0000,42537.0017,0.0017,0.0025,33.0001
1290,42570.0000,42570.0021,0.0021,0.0032,33.0004
1291,42603.0000,42603.0020,0.0020,0.0030,32.9999
1292,42636.0000,42636.0022,0.0022,0.0032,33.0002
1293,42669.0000,42669.0024,0.0024,0.0032,33.0002
1294,42702.0000,42702.0021,0.0021,0.0035,32.9996
1295,42735.0000,42735.0024,0.0024,0.0035,33.0003
1296,42768.0000,42768.0026,0.0026,0.0035,33.0002
1297,42801.0000,42801.0025,0.0025,0.0035,32.9999
1298,42834.0000,42834.0028,0.0028,0.0037,33.0002
1299,42867.0000,42867.0029,0.0029,0.0174,33.0002
1300,42900.0000,42900.0031,0.0031,0.0037,33.0002
1301,42933.0000,42933.0022,0.0022,0.0041,32.9991
1302,42966.0000,42966.0020,0.0020,0.0040,32.9998
1303,42999.0000,42999.0022,0.0022,0.0034,33.0002
1304,43032.0000,43032.0020,0.0020,0.0036,32.9998
1305,43065.0000,43065.0025,0.0025,0.0038,33.0005
1306,43098.0000,43098.0024,0.0024,0.0036,32.9999
1307,43131.0000,43131.0018,0.0018,0.0031,32.9993
1308,43164.0000,43164.0020,0.0020,0.0025,33.0002
1309,43197.0000,43197.0021,0.0021,0.0036,33.0001
1310,43230.0000,43230.0016,0.0016,0.0036,32.9995
1311,43263.0000,43263.0017,0.0017,0.0031,33.0001
1312,43296.0000,43296.0020,0.0020,0.0031,33.0003
1313,43329.0000,43329.0019,0.0019,0.0045,32.9999
1314,43362.0000,43362.0021,0.0021,0.0038,33.0002
1315,43395.0000,43395.0020,0.0020,0.0034,32.9999
1316,43428.0000,43428.0018,0.0018,0.0032,32.9998
1317,43461.0000,43461.0020,0.0020,0.0032,33.0002
1318,43494.0000,43494.0024,0.0024,0.0037,33.0004
1319,43527.0000,43527.0023,0.0023,0.0028,32.9999
1320,43560.0000,43560.0028,0.0028,0.0042,33.0005
1321,43593.0000,43593.0552,0.0552,0.0029,33.0524
1322,43626.0000,43626.0028,0.0028,0.0029,32.9476
1323,43659.0000,43659.0019,0.0019,0.0028,32.9991
1324,43692.0000,43692.0016,0.0016,0.0026,32.9996
1325,43725.0000,43725.0010,0.0010,0.0022,32.9995
1326,43758.0000,43758.0010,0.0010,0.0023,33.0000
1327,43791.0000,43791.0011,0.0011,0.0025,33.0001
1328,43824.0000,43824.0011,0.0011,0.0026,33.0000
1329,43857.0000,43857.0013,0.0013,0.0026,33.0002
1330,43890.0000,43890.0014,0.0014,0.0020,33.0000
1331,43923.0000,43923.0019,0.0019,0.0023,33.0005
1332,43956.0000,43956.0011,0.0011,0.0026,32.9992
1333,43989.0000,43989.0013,0.0012,0.0024,33.0001
1334,44022.0000,44022.0012,0.0012,0.0024,33.0000
1335,44055.0000,44055.0011,0.0011,0.0020,32.9999
1336,44088.0000,44088.0017,0.0017,0.0028,33.0006
1337,44121.0000,44121.0019,0.0019,0.0026,33.0002
1338,44154.0000,44154.0023,0.0023,0.0026,33.0004
1339,44187.0000,44187.0022,0.0022,0.0042,32.9999
1340,44220.0000,44220.0025,0.0025,0.0035,33.0002
1341,44253.0000,44253.0117,0.0117,0.0032,33.0092
1342,44286.0000,44286.0027,0.0027,0.0036,32.9910
1343,44319.0000,44319.0023,0.0023,0.0036,32.9996
1344,44352.0000,44352.0019,0.0019,0.0028,32.9996
1345,44385.0000,44385.0019,0.0019,0.0031,33.0001
1346,44418.0000,44418.0022,0.0022,0.0029,33.0002
1347,44451.0000,44451.0020,0.0020,0.0032,32.9999
1348,44484.0000,44484.0022,0.0022,0.0032,33.0002
1349,44517.0000,44517.0021,0.0021,0.0036,32.9999
1350,44550.0000,44550.0021,0.0021,0.0030,33.0000
1351,44583.0000,44583.0023,0.0023,0.0037,33.0002
1352,44616.0000,44616.0024,0.0024,0.0031,33.0000
1353,44649.0000,44649.0025,0.0025,0.0032,33.0002
1354,44682.0000,44682.0018,0.0018,0.0027,32.9992
1355,44715.0000,44715.0028,0.0028,0.0029,33.0010
1356,44748.0000,44748.0026,0.0026,0.0032,32.9998
1357,44781.0000,44781.0019,0.0019,0.0032,32.9993
1358,44814.0000,44814.0033,0.0033,0.0041,33.0014
1359,44847.0000,44847.0033,0.0033,0.0048,33.0000
1360,44880.0000,44880.0025,0.0025,0.0039,32.9992
1361,44913.0000,44913.0026,0.0026,0.0041,33.0000
1362,44946.0000,44946.0025,0.0025,0.0035,32.9999
1363,44979.0000,44979.0026,0.0026,0.0035,33.0001
1364,45012.0000,45012.0024,0.0024,0.0029,32.9998
1365,45045.0000,45045.0019,0.0019,0.0029,32.9995
1366,45078.0000,45078.0017,0.0017,0.0030,32.9998
1367,45111.0000,45111.0023,0.0023,0.0035,33.0006
1368,45144.0000,45144.0021,0.0021,0.0030,32.9999
1369,45177.0000,45177.0021,0.0021,0.0040,33.0000
1370,45210.0000,45210.0019,0.0019,0.0041,32.9998
1371,45243.0000,45243.0024,0.0024,0.0035,33.0004
1372,45276.0000,45276.0026,0.0026,0.0033,33.0002
1373,45309.0000,45309.0025,0.0025,0.0036,32.9999
1374,45342.0000,45342.0023,0.0023,0.0031,32.9999
1375,45375.0000,45375.0024,0.0024,0.0033,33.0001
1376,45408.0000,45408.0016,0.0016,0.0035,32.9992
1377,45441.0000,45441.0015,0.0015,0.0031,32.9999
1378,45474.0000,45474.0012,0.0012,0.0023,32.9997
1379,45507.0000,45507.0014,0.0014,0.0027,33.0003
1380,45540.0000,45540.0016,0.0016,0.0028,33.0002
1381,45573.0000,45573.0018,0.0018,0.0034,33.0002
1382,45606.0000,45606.0015,0.0015,0.0026,32.9997
1383,45639.0000,45639.0012,0.0012,0.0025,32.9997
1384,45672.0000,45672.0015,0.0015,0.0024,33.0003
1385,45705.0000,45705.0016,0.0016,0.0024,33.0001
1386,45738.0000,45738.0011,0.0011,0.0020,32.9995
1387,45771.0000,45771.0011,0.0011,0.0022,33.0000
1388,45804.0000,45804.0028,0.0028,0.0023,33.0016
1389,45837.0000,45837.0010,0.0010,0.0019,32.9982
1390,45870.0000,45870.0014,0.0014,0.0018,33.0005
1391,45903.0000,45903.0015,0.0015,0.0036,33.0000
1392,45936.0000,45936.0011,0.0011,0.0022,32.9996
1393,45969.0000,45969.0014,0.0014,0.0030,33.0003
1394,46002.0000,46002.0017,0.0017,0.0025,33.0004
1395,46035.0000,46035.0027,0.0027,0.0043,33.0009
1396,46068.0000,46068.0024,0.0024,0.0033,32.9998
1397,46101.0000,46101.0038,0.0038,0.0045,33.0014
1398,46134.0000,46134.0030,0.0030,0.0035,32.9992
1399,46167.0000,46167.0032,0.0032,0.0043,33.0002
1400,46200.0000,46200.0028,0.0028,0.0040,32.9996
1401,46233.0000,46233.0025,0.0025,0.0149,32.9996
1402,46266.0000,46266.0020,0.0020,0.0032,32.9995
1403,46299.0000,46299.0021,0.0021,0.0038,33.0001
1404,46332.0000,46332.0024,0.0024,0.0040,33.0003
1405,46365.0000,46365.0026,0.0026,0.0033,33.0002
1406,46398.0000,46398.0021,0.0021,0.0032,32.9994
1407,46431.0000,46431.0026,0.0026,0.0036,33.0005
1408,46464.0000,46464.0027,0.0027,0.0035,33.0002
1409,46497.0000,46497.0025,0.0025,0.0040,32.9998
1410,46530.0000,46530.0031,0.0031,0.0035,33.0006
1411,46563.0000,46563.0025,0.0025,0.0031,32.9994
1412,46596.0000,46596.0022,0.0022,0.0036,32.9997
1413,46629.0000,46629.0028,0.0028,0.0035,33.0007
1414,46662.0000,46662.0026,0.0026,0.0035,32.9998
1415,46695.0000,46695.0023,0.0023,0.0032,32.9997
1416,46728.0000,46728.0022,0.0022,0.0040,32.9999
1417,46761.0000,46761.0027,0.0027,0.0035,33.0005
1418,46794.0000,46794.0026,0.0026,0.0036,32.9998
1419,46827.0000,46827.0026,0.0026,0.0037,33.0000
1420,46860.0000,46860.0240,0.0240,0.0039,33.0214
1421,46893.0000,46893.0026,0.0026,0.0040,32.9787
1422,46926.0000,46926.0039,0.0039,0.0037,33.0013
1423,46959.0000,46959.0035,0.0035,0.0035,32.9996
1424,46992.0000,46992.0024,0.0024,0.0037,32.9989
1425,47025.0000,47025.0028,0.0028,0.0040,33.0004
1426,47058.0000,47058.0028,0.0028,0.0041,33.0000
1427,47091.0000,47091.0025,0.0025,0.0034,32.9997
1428,47124.0000,47124.0035,0.0035,0.0046,33.0010
1429,47157.0000,47157.0026,0.0026,0.0043,32.9990
1430,47190.0000,47190.0032,0.0032,0.0053,33.0007
1431,47223.0000,47223.0089,0.0089,0.0057,33.0057
1432,47256.0000,47256.0135,0.0135,0.0063,33.0046
1433,47289.0000,47289.0017,0.0017,0.0040,32.9882
1434,47322.0000,47322.0018,0.0018,0.0032,33.0001
1435,47355.0000,47355.0012,0.0012,0.0028,32.9994
1436,47388.0000,47388.0013,0.0013,0.0026,33.0000
1437,47421.0000,47421.0015,0.0015,0.0026,33.0003
1438,47454.0000,47454.0012,0.0012,0.0025,32.9997
1439,47487.0000,47487.0013,0.0013,0.0026,33.0001
1440,47520.0000,47520.0015,0.0015,0.0032,33.0002
1441,47553.0000,47553.0013,0.0013,0.0029,32.9999
1442,47586.0000,47586.0013,0.0013,0.0032,33.0000
1443,47619.0000,47619.0016,0.0016,0.0028,33.0003
1444,47652.0000,47652.0018,0.0018,0.0038,33.0002
1445,47685.0000,47685.0014,0.0014,0.0029,32.9995
1446,47718.0000,47718.0017,0.0017,0.0033,33.0003
1447,47751.0000,47751.0018,0.0018,0.0035,33.0001
1448,47784.0000,47784.0029,0.0029,0.0045,33.0011
1449,47817.0000,47817.0023,0.0023,0.0035,32.9993
1450,47850.0000,47850.0018,0.0018,0.0025,32.9995
1451,47883.0000,47883.0019,0.0019,0.0030,33.0002
1452,47916.0000,47916.0021,0.0021,0.0031,33.0002
1453,47949.0000,47949.0020,0.0020,0.0033,32.9999
1454,47982.0000,47982.0022,0.0022,0.0028,33.0003
1455,48015.0000,48015.0024,0.0024,0.0036,33.0002
1456,48048.0000,48048.0026,0.0026,0.0035,33.0002
1457,48081.0000,48081.0022,0.0022,0.0030,32.9996
1458,48114.0000,48114.0021,0.0021,0.0032,32.9999
1459,48147.0000,48147.0019,0.0019,0.0036,32.9999
1460,48180.0000,48180.0033,0.0033,0.0032,33.0013
1461,48213.0000,48213.0023,0.0023,0.0034,32.9990
1462,48246.0000,48246.0020,0.0020,0.0031,32.9997
1463,48279.0000,48279.0022,0.0022,0.0034,33.0002
1464,48312.0000,48312.0024,0.0024,0.0031,33.0002
1465,48345.0000,48345.0020,0.0020,0.0032,32.9996
1466,48378.0000,48378.0030,0.0030,0.0040,33.0010
1467,48411.0000,48411.0019,0.0019,0.0038,32.9989
1468,48444.0000,48444.0019,0.0019,0.0034,33.0000
1469,48477.0000,48477.0020,0.0020,0.0033,33.0001
1470,48510.0000,48510.0022,0.0022,0.0039,33.0002
1471,48543.0000,48543.0020,0.0020,0.0030,32.9999
1472,48576.0000,48576.0017,0.0017,0.0028,32.9996
1473,48609.0000,48609.0020,0.0020,0.0032,33.0003
1474,48642.0000,48642.0021,0.0021,0.0028,33.0001
1475,48675.0000,48675.0013,0.0013,0.0029,32.9992
1476,48708.0000,48708.0019,0.0019,0.0031,33.0006
1477,48741.0000,48741.0022,0.0022,0.0027,33.0003
1478,48774.0000,48774.0016,0.0016,0.0035,32.9994
1479,48807.0000,48807.0018,0.0018,0.0026,33.0002
1480,48840.0000,48840.0022,0.0022,0.0035,33.0004
1481,48873.0000,48873.0022,0.0022,0.0032,33.0000
1482,48906.0000,48906.0021,0.0021,0.0034,32.9999
1483,48939.0000,48939.0024,0.0024,0.0035,33.0003
1484,48972.0000,48972.0025,0.0025,0.0028,33.0001
1485,49005.0000,49005.0029,0.0029,0.0031,33.0004
1486,49038.0000,49038.0020,0.0020,0.0031,32.9991
1487,49071.0000,49071.0016,0.0016,0.0031,32.9996
1488,49104.0000,49104.0032,0.0032,0.0038,33.0016
1489,49137.0000,49137.0025,0.0025,0.0037,32.9993
1490,49170.0000,49170.5081,0.5081,0.0039,33.5055
1491,49203.0000,49203.0018,0.0018,0.0035,32.4937
1492,49236.0000,49236.0016,0.0016,0.0031,32.9998
1493,49269.0000,49269.0020,0.0020,0.0036,33.0005
1494,49302.0000,49302.0022,0.0022,0.0035,33.0001
1495,49335.0000,49335.0015,0.0015,0.0028,32.9993
1496,49368.0000,49368.0022,0.0022,0.0030,33.0007
1497,49401.0000,49401.0017,0.0017,0.0029,32.9995
1498,49434.0000,49434.0017,0.0017,0.0029,33.0000
1499,49467.0000,49467.0017,0.0017,0.0024,33.0000
1500,49500.0000,49500.0016,0.0016,0.0033,33.0000
1501,49533.0000,49533.0019,0.0019,0.0021,33.0002
1502,49566.0000,49566.0015,0.0015,0.0036,32.9996
1503,49599.0000,49599.0015,0.0015,0.0166,33.0000
1504,49632.0000,49632.0016,0.0016,0.0033,33.0001
1505,49665.0000,49665.0018,0.0018,0.0031,33.0002
1506,49698.0000,49698.0020,0.0020,0.0022,33.0001
1507,49731.0000,49731.0016,0.0016,0.0035,32.9996
1508,49764.0000,49764.0017,0.0017,0.0031,33.0001
1509,49797.0000,49797.0016,0.0016,0.0028,32.9999
1510,49830.0000,49830.0014,0.0014,0.0022,32.9998
1511,49863.0000,49863.0016,0.0016,0.0026,33.0002
1512,49896.0000,49896.0014,0.0014,0.0025,32.9998
1513,49929.0000,49929.0012,0.0012,0.0020,32.9998
1514,49962.0000,49962.0013,0.0013,0.0022,33.0001
1515,49995.0000,49995.0028,0.0028,0.0022,33.0014
1516,50028.0000,50028.0015,0.0015,0.0035,32.9987
1517,50061.0000,50061.0014,0.0014,0.0023,32.9999
1518,50094.0000,50094.0021,0.0021,0.0039,33.0007
1519,50127.0000,50127.0023,0.0023,0.0033,33.0002
1520,50160.0000,50160.0025,0.0025,0.0034,33.0002
1521,50193.0000,50193.0028,0.0028,0.0035,33.0003
1522,50226.0000,50226.0013,0.0013,0.0019,32.9985
1523,50259.0000,50259.0008,0.0008,0.0012,32.9995
1524,50292.0000,50292.0009,0.0009,0.0010,33.0001
1525,50325.0000,50325.0019,0.0019,0.0028,33.0010
1526,50358.0000,50358.0020,0.0020,0.0032,33.0001
1527,50391.0000,50391.0024,0.0024,0.0032,33.0004
1528,50424.0000,50424.0023,0.0023,0.0049,32.9999
1529,50457.0000,50457.0025,0.0025,0.0036,33.0002
1530,50490.0000,50490.0025,0.0025,0.0037,33.0000
1531,50523.0000,50523.0024,0.0024,0.0039,32.9999
1532,50556.0000,50556.0031,0.0031,0.0038,33.0006
1533,50589.0000,50589.0032,0.0032,0.0047,33.0001
1534,50622.0000,50622.0021,0.0021,0.0028,32.9989
1535,50655.0000,50655.0022,0.0022,0.0029,33.0002
1536,50688.0000,50688.0024,0.0024,0.0034,33.0002
1537,50721.0000,50721.0023,0.0023,0.0032,32.9998
1538,50754.0000,50754.0024,0.0024,0.0033,33.0002
1539,50787.0000,50787.0026,0.0026,0.0032,33.0002
1540,50820.0000,50820.0025,0.0025,0.0037,32.9999
1541,50853.0000,50853.0027,0.0027,0.0035,33.0002
1542,50886.0000,50886.0029,0.0029,0.0035,33.0002
1543,50919.0000,50919.0030,0.0030,0.0035,33.0002
1544,50952.0000,50952.0025,0.0025,0.0040,32.9994
1545,50985.0000,50985.0026,0.0026,0.0031,33.0002
1546,51018.0000,51018.0034,0.0034,0.0038,33.0008
1547,51051.0000,51051.0021,0.0021,0.0041,32.9986
1548,51084.0000,51084.0024,0.0024,0.0040,33.0003
1549,51117.0000,51117.0024,0.0024,0.0034,33.0001
1550,51150.0000,51150.0023,0.0023,0.0037,32.9998
1551,51183.0000,51183.0025,0.0025,0.0043,33.0002
1552,51216.0000,51216.0026,0.0026,0.0035,33.0001
1553,51249.0000,51249.0032,0.0032,0.0045,33.0006
1554,51282.0000,51282.0033,0.0033,0.0034,33.0001
1555,51315.0000,51315.0019,0.0019,0.0036,32.9986
1556,51348.0000,51348.0030,0.0030,0.0039,33.0011
1557,51381.0000,51381.0025,0.0025,0.0041,32.9995
1558,51414.0000,51414.0022,0.0022,0.0039,32.9997
1559,51447.0000,51447.0019,0.0019,0.0036,32.9997
1560,51480.0000,51480.0051,0.0051,0.0037,33.0032
1561,51513.0000,51513.0021,0.0021,0.0037,32.9970
1562,51546.0000,51546.0025,0.0025,0.0041,33.0004
1563,51579.0000,51579.0025,0.0025,0.0037,33.0000
1564,51612.0000,51612.0019,0.0019,0.0033,32.9994
1565,51645.0000,51645.0027,0.0027,0.0030,33.0008
1566,51678.0000,51678.0017,0.0017,0.0025,32.9990
1567,51711.0000,51711.0022,0.0022,0.0026,33.0005
1568,51744.0000,51744.0016,0.0016,0.0026,32.9994
1569,51777.0000,51777.0021,0.0021,0.0030,33.0005
1570,51810.0000,51810.0022,0.0022,0.0031,33.0002
1571,51843.0000,51843.0024,0.0024,0.0031,33.0002
1572,51876.0000,51876.0027,0.0027,0.0032,33.0003
1573,51909.0000,51909.0020,0.0020,0.0025,32.9993
1574,51942.0000,51942.0022,0.0022,0.0028,33.0002
1575,51975.0000,51975.0019,0.0019,0.0026,32.9997
1576,52008.0000,52008.0025,0.0025,0.0024,33.0006
1577,52041.0000,52041.0020,0.0020,0.0027,32.9995
1578,52074.0000,52074.0020,0.0020,0.0028,33.0000
1579,52107.0000,52107.0025,0.0025,0.0035,33.0005
1580,52140.0000,52140.0017,0.0017,0.0028,32.9992
1581,52173.0000,52173.0023,0.0023,0.0040,33.0006
1582,52206.0000,52206.0029,0.0029,0.0040,33.0006
1583,52239.0000,52239.0035,0.0035,0.0043,33.0005
1584,52272.0000,52272.0025,0.0025,0.0044,32.9991
1585,52305.0000,52305.0023,0.0023,0.0038,32.9997
1586,52338.0000,52338.0027,0.0027,0.0037,33.0005
1587,52371.0000,52371.0030,0.0030,0.0034,33.0003
1588,52404.0000,52404.0023,0.0023,0.0031,32.9993
1589,52437.0000,52437.0021,0.0021,0.0036,32.9997
1590,52470.0000,52470.0028,0.0028,0.0030,33.0007
1591,52503.0000,52503.0020,0.0020,0.0037,32.9993
1592,52536.0000,52536.0022,0.0022,0.0031,33.0002
1593,52569.0000,52569.0024,0.0024,0.0040,33.0002
1594,52602.0000,52602.0026,0.0026,0.0039,33.0003
1595,52635.0000,52635.0024,0.0024,0.0043,32.9998
1596,52668.0000,52668.0026,0.0026,0.0035,33.0002
1597,52701.0000,52701.0023,0.0023,0.0033,32.9997
1598,52734.0000,52734.0027,0.0027,0.0038,33.0004
1599,52767.0000,52767.0028,0.0028,0.0032,33.0001
1600,52800.0000,52800.0025,0.0025,0.0042,32.9998
1601,52833.0000,52833.0018,0.0018,0.0037,32.9993
1602,52866.0000,52866.0029,0.0029,0.0054,33.0010
1603,52899.0000,52899.0022,0.0022,0.0033,32.9993
1604,52932.0000,52932.0023,0.0023,0.0032,33.0001
1605,52965.0000,52965.0022,0.0022,0.0162,32.9998
1606,52998.0000,52998.0036,0.0036,0.0044,33.0014
1607,53031.0000,53031.0037,0.0037,0.0043,33.0002
1608,53064.0000,53064.0028,0.0028,0.0032,32.9991
1609,53097.0000,53097.0028,0.0028,0.0026,33.0000
1610,53130.0000,53130.0030,0.0030,0.0035,33.0001
1611,53163.0000,53163.0034,0.0034,0.0038,33.0004
1612,53196.0000,53196.0018,0.0018,0.0030,32.9984
1613,53229.0000,53229.0018,0.0018,0.0032,32.9999
1614,53262.0000,53262.0307,0.0307,0.0032,33.0289
1615,53295.0000,53295.0017,0.0017,0.0036,32.9711
1616,53328.0000,53328.0020,0.0020,0.0035,33.0002
1617,53361.0000,53361.0016,0.0016,0.0032,32.9997
1618,53394.0000,53394.0017,0.0017,0.0032,33.0001
1619,53427.0000,53427.0019,0.0019,0.0028,33.0002
1620,53460.0000,53460.0021,0.0021,0.0036,33.0002
1621,53493.0000,53493.0024,0.0024,0.0031,33.0003
1622,53526.0000,53526.0025,0.0025,0.0027,33.0001
1623,53559.0000,53559.0023,0.0023,0.0027,32.9998
1624,53592.0000,53592.0022,0.0022,0.0028,32.9999
1625,53625.0000,53625.0021,0.0021,0.0031,32.9999
1626,53658.0000,53658.0026,0.0026,0.0041,33.0005
1627,53691.0000,53691.0022,0.0022,0.0035,32.9997
1628,53724.0000,53724.0023,0.0023,0.0035,33.0001
1629,53757.0000,53757.0025,0.0025,0.0034,33.0002
1630,53790.0000,53790.0027,0.0027,0.0033,33.0002
1631,53823.0000,53823.0030,0.0030,0.0036,33.0002
1632,53856.0000,53856.0023,0.0023,0.0035,32.9994
1633,53889.0000,53889.0025,0.0025,0.0035,33.0002
1634,53922.0000,53922.0035,0.0035,0.0046,33.0010
1635,53955.0000,53955.0029,0.0029,0.0037,32.9994
1636,53988.0000,53988.0033,0.0033,0.0040,33.0004
1637,54021.0000,54021.0038,0.0038,0.0043,33.0005
1638,54054.0000,54054.0025,0.0025,0.0032,32.9987
1639,54087.0000,54087.0016,0.0016,0.0023,32.9991
1640,54120.0000,54120.0017,0.0017,0.0025,33.0001
1641,54153.0000,54153.0019,0.0019,0.0036,33.0002
1642,54186.0000,54186.0025,0.0025,0.0039,33.0006
1643,54219.0000,54219.0022,0.0022,0.0035,32.9998
1644,54252.0000,54252.0018,0.0018,0.0029,32.9996
1645,54285.0000,54285.0019,0.0019,0.0035,33.0001
1646,54318.0000,54318.1396,0.1396,0.0234,33.1376
1647,54351.0000,54351.0017,0.0017,0.0034,32.8622
1648,54384.0000,54384.0019,0.0019,0.0033,33.0002
1649,54417.0000,54417.0021,0.0021,0.0035,33.0002
1650,54450.0000,54450.0019,0.0019,0.0039,32.9998
1651,54483.0000,54483.0021,0.0021,0.0039,33.0002
1652,54516.0000,54516.0026,0.0026,0.0040,33.0005
1653,54549.0000,54549.0020,0.0020,0.0035,32.9994
1654,54582.0000,54582.0022,0.0022,0.0033,33.0001
1655,54615.0000,54615.0019,0.0019,0.0037,32.9997
1656,54648.0000,54648.0020,0.0020,0.0042,33.0002
1657,54681.0000,54681.0018,0.0018,0.0034,32.9997
1658,54714.0000,54714.0019,0.0019,0.0034,33.0002
1659,54747.0000,54747.1310,0.1310,0.0030,33.1291
1660,54780.0000,54780.0021,0.0021,0.0037,32.8711
1661,54813.0000,54813.0023,0.0023,0.0035,33.0002
1662,54846.0000,54846.0026,0.0026,0.0043,33.0003
1663,54879.0000,54879.0027,0.0027,0.0043,33.0001
1664,54912.0000,54912.0028,0.0028,0.0037,33.0002
1665,54945.0000,54945.0030,0.0030,0.0036,33.0001
1666,54978.0000,54978.0032,0.0032,0.0036,33.0002
1667,55011.0000,55011.0026,0.0026,0.0042,32.9994
1668,55044.0000,55044.0021,0.0021,0.0030,32.9995
1669,55077.0000,55077.0019,0.0019,0.0038,32.9998
1670,55110.0000,55110.0019,0.0019,0.0036,33.0000
1671,55143.0000,55143.0024,0.0024,0.0037,33.0005
1672,55176.0000,55176.0023,0.0023,0.0037,32.9999
1673,55209.0000,55209.0025,0.0025,0.0035,33.0002
1674,55242.0000,55242.0024,0.0024,0.0037,32.9999
1675,55275.0000,55275.0026,0.0026,0.0058,33.0002
1676,55308.0000,55308.0028,0.0028,0.0037,33.0002
1677,55341.0000,55341.0032,0.0032,0.0049,33.0004
1678,55374.0000,55374.0021,0.0021,0.0036,32.9989
1679,55407.0000,55407.0025,0.0025,0.0039,33.0004
1680,55440.0000,55440.0018,0.0018,0.0033,32.9993
1681,55473.0000,55473.0018,0.0018,0.0029,33.0000
1682,55506.0000,55506.0023,0.0023,0.0030,33.0005
1683,55539.0000,55540.2683,1.2683,0.0037,34.2660
1684,55572.0000,55572.0028,0.0028,0.0037,31.7345
1685,55605.0000,55605.0026,0.0026,0.0038,32.9999
1686,55638.0000,55638.0024,0.0024,0.0039,32.9997
1687,55671.0000,55671.0022,0.0022,0.0036,32.9998
1688,55704.0000,55704.0024,0.0024,0.0033,33.0002
1689,55737.0000,55737.0019,0.0019,0.0038,32.9996
1690,55770.0000,55770.0021,0.0021,0.0030,33.0001
1691,55803.0000,55803.0022,0.0022,0.0032,33.0001
1692,55836.0000,55836.0021,0.0021,0.0032,33.0000
1693,55869.0000,55869.0024,0.0024,0.0041,33.0003
1694,55902.0000,55902.0026,0.0026,0.0032,33.0002
1695,55935.0000,55935.0022,0.0022,0.0038,32.9996
1696,55968.0000,55968.0026,0.0026,0.0044,33.0004
1697,56001.0000,56001.0031,0.0031,0.0041,33.0005
1698,56034.0000,56034.0029,0.0029,0.0043,32.9998
1699,56067.0000,56067.0036,0.0036,0.0051,33.0007
1700,56100.0000,56100.0033,0.0033,0.0045,32.9996
1701,56133.0000,56133.0036,0.0036,0.0042,33.0003
1702,56166.0000,56166.0030,0.0030,0.0045,32.9994
1703,56199.0000,56199.0043,0.0043,0.0045,33.0013
1704,56232.0000,56232.0024,0.0024,0.0045,32.9981
1705,56265.0000,56265.0026,0.0026,0.0035,33.0002
1706,56298.0000,56298.0020,0.0020,0.0032,32.9994
1707,56331.0000,56331.0021,0.0021,0.0274,33.0001
1708,56364.0000,56364.0012,0.0012,0.0017,32.9992
1709,56397.0000,56397.2575,0.2575,0.0020,33.2562
1710,56430.0000,56430.2316,0.2316,0.0035,32.9742
1711,56463.0000,56463.0021,0.0021,0.0035,32.7705
1712,56496.0000,56496.0018,0.0018,0.0031,32.9997
1713,56529.0000,56529.0019,0.0019,0.0030,33.0001
1714,56562.0000,56562.0018,0.0018,0.0033,32.9999
1715,56595.0000,56595.0019,0.0019,0.0037,33.0000
1716,56628.0000,56628.0026,0.0026,0.0036,33.0007
1717,56661.0000,56661.0019,0.0019,0.0030,32.9994
1718,56694.0000,56694.0023,0.0023,0.0029,33.0004
1719,56727.0000,56727.0025,0.0025,0.0035,33.0001
1720,56760.0000,56760.0028,0.0028,0.0050,33.0004
1721,56793.0000,56793.0032,0.0032,0.0040,33.0004
1722,56826.0000,56826.0028,0.0028,0.0040,32.9997
1723,56859.0000,56859.0026,0.0026,0.0033,32.9998
1724,56892.0000,56892.0023,0.0023,0.0029,32.9996
1725,56925.0000,56925.0026,0.0026,0.0036,33.0004
1726,56958.0000,56958.0023,0.0023,0.0034,32.9997
1727,56991.0000,56991.0025,0.0025,0.0040,33.0002
1728,57024.0000,57024.0023,0.0023,0.0036,32.9998
1729,57057.0000,57057.0022,0.0022,0.0039,32.9999
1730,57090.0000,57090.0027,0.0027,0.0036,33.0005
1731,57123.0000,57123.0024,0.0024,0.0034,32.9998
1732,57156.0000,57156.0030,0.0030,0.0044,33.0006
1733,57189.0000,57189.0021,0.0021,0.0026,32.9991
1734,57222.0000,57222.0024,0.0024,0.0035,33.0003
1735,57255.0000,57255.0023,0.0023,0.0028,32.9999
1736,57288.0000,57288.0020,0.0020,0.0037,32.9997
1737,57321.0000,57321.0022,0.0022,0.0036,33.0002
1738,57354.0000,57354.0024,0.0024,0.0045,33.0002
1739,57387.0000,57387.0023,0.0023,0.0035,32.9999
1740,57420.0000,57420.0025,0.0025,0.0039,33.0002
1741,57453.0000,57453.0027,0.0027,0.0034,33.0002
1742,57486.0000,57486.0028,0.0028,0.0037,33.0002
1743,57519.0000,57519.0031,0.0031,0.0043,33.0003
1744,57552.0000,57552.0019,0.0019,0.0041,32.9988
1745,57585.0000,57585.0026,0.0026,0.0036,33.0007
1746,57618.0000,57618.0028,0.0028,0.0037,33.0001
1747,57651.0000,57651.0023,0.0023,0.0035,32.9995
1748,57684.0000,57684.0022,0.0022,0.0028,32.9999
1749,57717.0000,57717.0017,0.0017,0.0028,32.9995
1750,57750.0000,57750.0019,0.0019,0.0027,33.0002
1751,57783.0000,57783.0015,0.0015,0.0026,32.9996
1752,57816.0000,57816.0022,0.0022,0.0033,33.0008
1753,57849.0000,57849.0024,0.0024,0.0033,33.0002
1754,57882.0000,57882.0026,0.0026,0.0038,33.0002
1755,57915.0000,57915.0018,0.0018,0.0032,32.9991
1756,57948.0000,57948.0024,0.0024,0.0037,33.0006
1757,57981.0000,57981.0021,0.0021,0.0035,32.9997
1758,58014.0000,58014.0028,0.0028,0.0037,33.0006
1759,58047.0000,58047.0022,0.0022,0.0049,32.9995
1760,58080.0000,58080.0025,0.0025,0.0042,33.0003
1761,58113.0000,58113.0023,0.0023,0.0040,32.9998
1762,58146.0000,58146.0025,0.0025,0.0037,33.0002
1763,58179.0000,58179.0026,0.0026,0.0036,33.0001
1764,58212.0000,58212.0021,0.0021,0.0028,32.9994
1765,58245.0000,58245.0028,0.0028,0.0038,33.0007
1766,58278.0000,58278.0031,0.0031,0.0035,33.0004
1767,58311.0000,58311.0036,0.0036,0.0035,33.0005
1768,58344.0000,58344.0022,0.0022,0.0042,32.9986
1769,58377.0000,58377.0029,0.0029,0.0044,33.0007
1770,58410.0000,58410.0038,0.0038,0.0044,33.0009
1771,58443.0000,58443.0024,0.0024,0.0041,32.9986
1772,58476.0000,58476.0027,0.0027,0.0039,33.0003
1773,58509.0000,58509.0024,0.0024,0.0040,32.9998
1774,58542.0000,58542.0026,0.0026,0.0041,33.0001
1775,58575.0000,58575.0028,0.0028,0.0035,33.0002
1776,58608.0000,58608.0027,0.0027,0.0037,33.0000
1777,58641.0000,58641.0028,0.0028,0.0038,33.0001
1778,58674.0000,58674.0025,0.0025,0.0041,32.9997
1779,58707.0000,58707.0025,0.0025,0.0045,33.0000
1780,58740.0000,58740.0029,0.0029,0.0032,33.0004
1781,58773.0000,58773.0022,0.0022,0.0045,32.9993
1782,58806.0000,58806.0025,0.0025,0.0036,33.0003
1783,58839.0000,58839.0022,0.0022,0.0044,32.9997
1784,58872.0000,58872.0024,0.0024,0.0048,33.0002
1785,58905.0000,58905.0026,0.0026,0.0047,33.0002
1786,58938.0000,58938.0028,0.0028,0.0043,33.0002
1787,58971.0000,58971.0029,0.0029,0.0044,33.0001
1788,59004.0000,59004.0031,0.0031,0.0035,33.0002
1789,59037.0000,59037.0020,0.0020,0.0041,32.9989
1790,59070.0000,59070.0031,0.0031,0.0039,33.0011
1791,59103.0000,59103.0032,0.0032,0.0042,33.0001
1792,59136.0000,59136.0022,0.0022,0.0032,32.9990
1793,59169.0000,59169.0024,0.0024,0.0033,33.0002
1794,59202.0000,59202.0025,0.0025,0.0033,33.0001
1795,59235.0000,59235.0024,0.0024,0.0035,32.9999
1796,59268.0000,59268.0020,0.0020,0.0034,32.9996
1797,59301.0000,59301.0020,0.0020,0.0023,33.0000
1798,59334.0000,59334.0026,0.0026,0.0031,33.0006
1799,59367.0000,59367.0019,0.0019,0.0028,32.9993
1800,59400.0000,59400.0020,0.0020,0.0030,33.0000
1801,59433.0000,59433.0023,0.0023,0.0032,33.0003
1802,59466.0000,59466.0017,0.0017,0.0033,32.9995
1803,59499.0000,59499.0028,0.0028,0.0041,33.0011
1804,59532.0000,59533.9405,1.9405,0.0084,34.9376
1805,59565.0000,59565.0027,0.0027,0.0037,31.0622
1806,59598.0000,59598.0028,0.0028,0.0040,33.0001
1807,59631.0000,59631.0023,0.0023,0.0038,32.9996
1808,59664.0000,59664.0028,0.0028,0.0043,33.0004
1809,59697.0000,59697.0029,0.0029,0.0171,33.0002
1810,59730.0000,59730.0028,0.0028,0.0038,32.9999
1811,59763.0000,59763.0025,0.0025,0.0040,32.9997
1812,59796.0000,59796.0026,0.0026,0.0036,33.0001
1813,59829.0000,59829.0028,0.0028,0.0041,33.0002
1814,59862.0000,59862.0025,0.0025,0.0037,32.9997
1815,59895.0000,59895.0023,0.0023,0.0044,32.9998
1816,59928.0000,59928.0027,0.0027,0.0039,33.0003
1817,59961.0000,59961.0025,0.0025,0.0037,32.9998
1818,59994.0000,59994.0021,0.0021,0.0034,32.9997
1819,60027.0000,60027.0023,0.0023,0.0031,33.0001
1820,60060.0000,60060.0026,0.0026,0.0039,33.0003
1821,60093.0000,60093.0027,0.0027,0.0039,33.0001
1822,60126.0000,60126.0019,0.0019,0.0037,32.9992
1823,60159.0000,60159.0017,0.0017,0.0042,32.9998
1824,60192.0000,60192.0019,0.0019,0.0036,33.0003
1825,60225.0000,60225.0024,0.0024,0.0049,33.0004
1826,60258.0000,60258.0024,0.0024,0.0043,33.0000
1827,60291.0000,60291.0022,0.0022,0.0043,32.9998
1828,60324.0000,60324.0023,0.0023,0.0030,33.0001
1829,60357.0000,60357.0025,0.0025,0.0044,33.0002
1830,60390.0000,60390.0025,0.0025,0.0037,32.9999
1831,60423.0000,60423.0020,0.0020,0.0035,32.9996
1832,60456.0000,60456.0030,0.0030,0.0035,33.0010
1833,60489.0000,60489.0023,0.0023,0.0038,32.9992
1834,60522.0000,60522.0026,0.0026,0.0036,33.0003
1835,60555.0000,60555.0019,0.0019,0.0033,32.9993
1836,60588.0000,60588.0021,0.0021,0.0036,33.0002
1837,60621.0000,60621.0020,0.0020,0.0040,32.9999
1838,60654.0000,60654.0025,0.0025,0.0032,33.0005
1839,60687.0000,60687.0019,0.0019,0.0033,32.9994
1840,60720.0000,60720.0025,0.0025,0.0042,33.0006
1841,60753.0000,60753.0027,0.0027,0.0036,33.0002
1842,60786.0000,60786.0029,0.0029,0.0028,33.0002
1843,60819.0000,60819.0030,0.0030,0.0035,33.0001
1844,60852.0000,60852.0019,0.0019,0.0037,32.9989
1845,60885.0000,60885.0021,0.0021,0.0029,33.0002
1846,60918.0000,60918.0020,0.0020,0.0025,33.0000
1847,60951.0000,60952.1144,1.1144,0.0032,34.1124
1848,60984.0000,60984.0022,0.0022,0.0029,31.8878
1849,61017.0000,61017.0022,0.0022,0.0034,32.9999
1850,61050.0000,61050.0026,0.0026,0.0038,33.0005
1851,61083.0000,61083.0025,0.0025,0.0034,32.9999
1852,61116.0000,61116.0023,0.0023,0.0031,32.9998
1853,61149.0000,61149.0031,0.0031,0.0031,33.0008
1854,61182.0000,61182.0022,0.0022,0.0031,32.9991
1855,61215.0000,61215.0022,0.0022,0.0031,33.0000
1856,61248.0000,61248.0021,0.0021,0.0042,32.9999
1857,61281.0000,61281.0019,0.0019,0.0039,32.9998
1858,61314.0000,61314.0020,0.0020,0.0041,33.0001
1859,61347.0000,61347.0057,0.0057,0.0047,33.0037
1860,61380.0000,61380.0024,0.0024,0.0035,32.9967
1861,61413.0000,61413.0023,0.0023,0.0034,32.9999
1862,61446.0000,61446.0021,0.0021,0.0032,32.9998
1863,61479.0000,61479.0022,0.0022,0.0040,33.0001
1864,61512.0000,61512.0024,0.0024,0.0038,33.0002
1865,61545.0000,61545.0026,0.0026,0.0030,33.0002
1866,61578.0000,61578.0024,0.0024,0.0031,32.9998
1867,61611.0000,61611.0026,0.0026,0.0040,33.0002
1868,61644.0000,61644.0025,0.0025,0.0034,32.9999
1869,61677.0000,61677.0020,0.0020,0.0041,32.9995
1870,61710.0000,61710.0025,0.0025,0.0031,33.0005
1871,61743.0000,61743.0024,0.0024,0.0034,32.9998
1872,61776.0000,61776.0027,0.0027,0.0039,33.0003
1873,61809.0000,61809.0032,0.0032,0.0048,33.0004
1874,61842.0000,61842.0023,0.0023,0.0042,32.9991
1875,61875.0000,61875.0032,0.0032,0.0049,33.0009
1876,61908.0000,61908.0025,0.0025,0.0033,32.9994
1877,61941.0000,61941.0018,0.0018,0.0046,32.9993
1878,61974.0000,61974.0030,0.0030,0.0040,33.0012
1879,62007.0000,62007.0022,0.0022,0.0037,32.9991
1880,62040.0000,62040.0024,0.0024,0.0036,33.0002
1881,62073.0000,62073.0024,0.0024,0.0034,33.0000
1882,62106.0000,62106.0024,0.0024,0.0040,33.0000
1883,62139.0000,62139.0026,0.0026,0.0038,33.0002
1884,62172.0000,62172.0024,0.0024,0.0037,32.9998
1885,62205.0000,62205.0028,0.0028,0.0035,33.0004
1886,62238.0000,62238.0025,0.0025,0.0035,32.9997
1887,62271.0000,62271.0022,0.0022,0.0029,32.9997
1888,62304.0000,62304.0019,0.0019,0.0028,32.9997
1889,62337.0000,62337.0017,0.0017,0.0030,32.9999
1890,62370.0000,62370.0019,0.0019,0.0030,33.0002
1891,62403.0000,62403.0020,0.0020,0.0040,33.0001
1892,62436.0000,62436.0017,0.0017,0.0029,32.9998
1893,62469.0000,62469.0019,0.0019,0.0028,33.0002
1894,62502.0000,62502.0025,0.0025,0.0036,33.0006
1895,62535.0000,62535.0024,0.0024,0.0039,32.9998
1896,62568.0000,62568.0021,0.0021,0.0025,32.9997
1897,62601.0000,62601.0023,0.0023,0.0028,33.0002
1898,62634.0000,62634.0021,0.0021,0.0030,32.9998
1899,62667.0000,62667.0023,0.0023,0.0029,33.0002
1900,62700.0000,62700.0025,0.0025,0.0031,33.0002
1901,62733.0000,62733.0027,0.0027,0.0034,33.0002
1902,62766.0000,62766.0022,0.0022,0.0031,32.9995
1903,62799.0000,62799.0021,0.0021,0.0040,32.9999
1904,62832.0000,62832.0020,0.0020,0.0034,32.9999
1905,62865.0000,62865.0025,0.0025,0.0037,33.0004
1906,62898.0000,62898.0023,0.0023,0.0034,32.9999
1907,62931.0000,62931.0026,0.0026,0.0035,33.0002
1908,62964.0000,62964.0028,0.0028,0.0044,33.0003
1909,62997.0000,62997.0036,0.0036,0.0040,33.0008
1910,63030.0000,63030.0032,0.0032,0.0048,32.9996
1911,63063.0000,63063.0029,0.0029,0.0160,32.9997
1912,63096.0000,63096.0038,0.0038,0.0040,33.0010
1913,63129.0000,63129.0021,0.0021,0.0030,32.9982
1914,63162.0000,63162.0018,0.0018,0.0033,32.9997
1915,63195.0000,63195.0035,0.0035,0.0051,33.0017
1916,63228.0000,63228.0038,0.0038,0.0042,33.0003
1917,63261.0000,63261.0020,0.0020,0.0039,32.9982
1918,63294.0000,63294.0019,0.0019,0.0029,33.0000
1919,63327.0000,63327.0023,0.0023,0.0033,33.0003
1920,63360.0000,63360.0019,0.0019,0.0030,32.9997
1921,63393.0000,63393.0015,0.0015,0.0021,32.9995
1922,63426.0000,63426.0021,0.0021,0.0026,33.0007
1923,63459.0000,63459.0014,0.0014,0.0027,32.9993
1924,63492.0000,63492.0013,0.0013,0.0032,32.9999
1925,63525.0000,63525.0012,0.0012,0.0022,32.9999
1926,63558.0000,63558.0014,0.0014,0.0021,33.0003
1927,63591.0000,63591.0016,0.0016,0.0029,33.0002
1928,63624.0000,63624.0027,0.0027,0.0031,33.0011
1929,63657.0000,63657.0029,0.0029,0.0052,33.0002
1930,63690.0000,63690.0040,0.0040,0.0055,33.0011
1931,63723.0000,63723.0029,0.0029,0.0051,32.9990
1932,63756.0000,63756.0028,0.0028,0.0046,32.9998
1933,63789.0000,63789.0024,0.0024,0.0032,32.9996
1934,63822.0000,63822.0020,0.0020,0.0040,32.9996
1935,63855.0000,63855.0023,0.0023,0.0036,33.0003
1936,63888.0000,63888.0022,0.0022,0.0032,32.9999
1937,63921.0000,63921.0023,0.0023,0.0031,33.0000
1938,63954.0000,63954.0025,0.0025,0.0032,33.0002
1939,63987.0000,63987.0027,0.0027,0.0030,33.0001
1940,64020.0000,64020.0025,0.0025,0.0043,32.9998
1941,64053.0000,64053.0025,0.0025,0.0037,33.0000
1942,64086.0000,64086.0024,0.0024,0.0039,32.9999
1943,64119.0000,64119.0026,0.0026,0.0040,33.0002
1944,64152.0000,64152.0032,0.0032,0.0043,33.0007
1945,64185.0000,64185.0021,0.0021,0.0037,32.9988
1946,64218.0000,64218.0022,0.0022,0.0042,33.0002
1947,64251.0000,64251.0021,0.0021,0.0045,32.9999
1948,64284.0000,64284.0034,0.0034,0.0033,33.0013
1949,64317.0000,64317.0026,0.0026,0.0041,32.9992
1950,64350.0000,64350.0035,0.0035,0.0053,33.0009
1951,64383.0000,64383.0030,0.0030,0.0040,32.9995
1952,64416.0000,64416.0026,0.0026,0.0041,32.9996
1953,64449.0000,64449.0025,0.0025,0.0040,32.9999
1954,64482.0000,64482.0024,0.0024,0.0040,32.9998
1955,64515.0000,64515.0030,0.0030,0.0040,33.0006
1956,64548.0000,64548.0025,0.0025,0.0037,32.9995
1957,64581.0000,64581.0019,0.0019,0.0040,32.9994
1958,64614.0000,64614.0016,0.0016,0.0023,32.9997
1959,64647.0000,64647.0015,0.0015,0.0027,32.9999
1960,64680.0000,64680.0016,0.0016,0.0035,33.0002
1961,64713.0000,64713.0014,0.0014,0.0023,32.9998
1962,64746.0000,64746.0016,0.0016,0.0023,33.0002
1963,64779.0000,64779.0018,0.0018,0.0026,33.0002
1964,64812.0000,64812.0016,0.0016,0.0024,32.9998
1965,64845.0000,64845.0022,0.0022,0.0036,33.0006
1966,64878.0000,64878.0016,0.0016,0.0032,32.9994
1967,64911.0000,64911.0017,0.0017,0.0031,33.0001
1968,64944.0000,64944.0025,0.0025,0.0039,33.0008
1969,64977.0000,64977.0020,0.0020,0.0033,32.9994
1970,65010.0000,65010.0031,0.0031,0.0043,33.0012
1971,65043.0000,65043.0025,0.0025,0.0045,32.9994
1972,65076.0000,65076.0027,0.0027,0.0049,33.0002
1973,65109.0000,65109.0042,0.0042,0.0058,33.0014
1974,65142.0000,65142.0026,0.0026,0.0049,32.9985
1975,65175.0000,65175.0024,0.0024,0.0039,32.9998
1976,65208.0000,65208.0030,0.0030,0.0040,33.0006
1977,65241.0000,65241.0031,0.0031,0.0036,33.0000
1978,65274.0000,65274.0021,0.0021,0.0036,32.9990
1979,65307.0000,65307.0031,0.0031,0.0040,33.0010
1980,65340.0000,65340.0034,0.0034,0.0039,33.0004
1981,65373.0000,65373.0023,0.0023,0.0047,32.9989
1982,65406.0000,65406.0024,0.0024,0.0040,33.0000
1983,65439.0000,65439.0025,0.0025,0.0035,33.0002
1984,65472.0000,65472.0029,0.0029,0.0043,33.0004
1985,65505.0000,65505.0026,0.0026,0.0156,32.9997
1986,65538.0000,65538.0028,0.0028,0.0049,33.0002
1987,65571.0000,65571.0032,0.0032,0.0050,33.0005
1988,65604.0000,65604.0027,0.0027,0.0034,32.9994
1989,65637.0000,65637.0023,0.0023,0.0046,32.9996
1990,65670.0000,65670.0022,0.0022,0.0042,32.9998
1991,65703.0000,65703.0020,0.0020,0.0046,32.9998
1992,65736.0000,65736.0022,0.0022,0.0041,33.0002
1993,65769.0000,65769.0024,0.0024,0.0041,33.0001
1994,65802.0000,65802.0020,0.0020,0.0045,32.9997
1995,65835.0000,65835.0018,0.0018,0.0033,32.9998
1996,65868.0000,65868.0019,0.0019,0.0027,33.0001
1997,65901.0000,65901.0022,0.0022,0.0032,33.0003
1998,65934.0000,65934.0010,0.0010,0.0017,32.9988
1999,65967.0000,65967.0025,0.0025,0.0034,33.0016
2000,66000.0000,66000.0025,0.0025,0.0040,33.0000
2001,66033.0000,66033.0025,0.0025,0.0043,33.0000
2002,66066.0000,66066.0022,0.0022,0.0047,32.9997
2003,66099.0000,66099.0025,0.0025,0.0048,33.0004
2004,66132.0000,66132.0024,0.0024,0.0050,32.9998
2005,66165.0000,66165.0019,0.0019,0.0039,32.9995
2006,66198.0000,66198.0019,0.0019,0.0042,33.0000
2007,66231.0000,66231.0019,0.0019,0.0035,33.0000
2008,66264.0000,66264.0017,0.0017,0.0038,32.9998
2009,66297.0000,66297.0027,0.0027,0.0045,33.0009
2010,66330.0000,66330.0030,0.0030,0.0044,33.0004
2011,66363.0000,66363.0032,0.0032,0.0044,33.0002
2012,66396.0000,66396.0018,0.0018,0.0033,32.9986
2013,66429.0000,66429.0024,0.0024,0.0177,33.0006
2014,66462.0000,66462.0030,0.0030,0.0037,33.0006
2015,66495.0000,66495.0037,0.0037,0.0039,33.0007
2016,66528.0000,66528.0026,0.0026,0.0031,32.9989
2017,66561.0000,66561.0021,0.0021,0.0037,32.9995
2018,66594.0000,66594.0025,0.0025,0.0036,33.0004
2019,66627.0000,66627.0027,0.0027,0.0045,33.0001
2020,66660.0000,66660.0032,0.0032,0.0045,33.0005
2021,66693.0000,66693.0028,0.0028,0.0041,32.9996
2022,66726.0000,66726.0029,0.0029,0.0043,33.0001
2023,66759.0000,66759.0026,0.0026,0.0036,32.9998
2024,66792.0000,66792.0023,0.0023,0.0040,32.9997
2025,66825.0000,66825.3448,0.3448,0.0035,33.3425
2026,66858.0000,66858.0024,0.0024,0.0040,32.6576
2027,66891.0000,66891.0024,0.0024,0.0041,33.0001
2028,66924.0000,66924.0027,0.0027,0.0034,33.0002
2029,66957.0000,66957.0023,0.0023,0.0039,32.9996
2030,66990.0000,66990.0030,0.0030,0.0040,33.0008
2031,67023.0000,67023.0029,0.0029,0.0045,32.9998
2032,67056.0000,67056.0026,0.0026,0.0033,32.9997
2033,67089.0000,67089.0037,0.0037,0.0044,33.0011
2034,67122.0000,67122.0029,0.0029,0.0033,32.9993
2035,67155.0000,67155.0023,0.0023,0.0037,32.9993
2036,67188.0000,67188.0029,0.0029,0.0046,33.0006
2037,67221.0000,67221.0022,0.0022,0.0041,32.9993
2038,67254.0000,67254.0025,0.0025,0.0040,33.0003
2039,67287.0000,67287.0026,0.0026,0.0038,33.0001
2040,67320.0000,67320.0028,0.0028,0.0044,33.0002
2041,67353.0000,67353.0027,0.0027,0.0056,32.9999
2042,67386.0000,67386.2166,0.2166,0.0042,33.2139
2043,67419.0000,67419.0030,0.0030,0.0056,32.7865
2044,67452.0000,67452.0024,0.0024,0.0045,32.9994
2045,67485.0000,67485.0025,0.0025,0.0044,33.0000
2046,67518.0000,67518.0021,0.0021,0.0044,32.9996
2047,67551.0000,67551.0023,0.0023,0.0030,33.0003
2048,67584.0000,67584.0024,0.0024,0.0041,33.0001
2049,67617.0000,67617.0025,0.0025,0.0032,33.0001
2050,67650.0000,67650.0026,0.0026,0.0033,33.0001
2051,67683.0000,67683.0024,0.0024,0.0029,32.9999
2052,67716.0000,67716.0026,0.0026,0.0036,33.0002
2053,67749.0000,67749.0028,0.0028,0.0036,33.0002
2054,67782.0000,67782.0022,0.0022,0.0032,32.9994
2055,67815.0000,67815.0022,0.0022,0.0038,33.0000
2056,67848.0000,67848.0019,0.0019,0.0027,32.9997
2057,67881.0000,67881.0022,0.0022,0.0037,33.0003
2058,67914.0000,67914.0020,0.0020,0.0029,32.9998
2059,67947.0000,67947.0022,0.0022,0.0032,33.0002
2060,67980.0000,67980.0021,0.0021,0.0033,32.9999
2061,68013.0000,68013.0019,0.0019,0.0032,32.9998
2062,68046.0000,68046.0022,0.0022,0.0038,33.0003
2063,68079.0000,68079.0023,0.0023,0.0039,33.0000
2064,68112.0000,68112.0025,0.0025,0.0036,33.0002
2065,68145.0000,68145.0022,0.0022,0.0032,32.9997
2066,68178.0000,68178.0034,0.0034,0.0046,33.0012
2067,68211.0000,68211.0025,0.0025,0.0037,32.9992
2068,68244.0000,68244.0022,0.0022,0.0037,32.9996
2069,68277.0000,68277.0024,0.0024,0.0034,33.0002
2070,68310.0000,68310.0016,0.0016,0.0039,32.9993
2071,68343.0000,68343.0019,0.0019,0.0037,33.0003
2072,68376.0000,68376.0020,0.0020,0.0030,33.0001
2073,68409.0000,68409.0023,0.0023,0.0037,33.0002
2074,68442.0000,68442.0024,0.0024,0.0031,33.0001
2075,68475.0000,68475.0025,0.0025,0.0039,33.0001
2076,68508.0000,68508.0027,0.0027,0.0039,33.0002
2077,68541.0000,68541.0020,0.0020,0.0028,32.9993
2078,68574.0000,68574.0019,0.0019,0.0040,32.9999
2079,68607.0000,68607.0014,0.0014,0.0033,32.9995
2080,68640.0000,68640.0017,0.0017,0.0038,33.0003
2081,68673.0000,68673.0017,0.0017,0.0029,33.0000
2082,68706.0000,68706.0017,0.0017,0.0039,33.0000
2083,68739.0000,68739.0019,0.0019,0.0038,33.0002
2084,68772.0000,68772.0021,0.0021,0.0036,33.0002
2085,68805.0000,68805.0018,0.0018,0.0036,32.9997
2086,68838.0000,68838.0027,0.0027,0.0035,33.0009
2087,68871.0000,68871.0032,0.0032,0.0047,33.0005
2088,68904.0000,68904.0027,0.0027,0.0040,32.9995
2089,68937.0000,68937.0020,0.0020,0.0038,32.9993
2090,68970.0000,68970.0032,0.0032,0.0036,33.0013
2091,69003.0000,69003.0024,0.0024,0.0041,32.9991
2092,69036.0000,69036.0021,0.0021,0.0045,32.9997
2093,69069.0000,69069.0023,0.0023,0.0032,33.0002
2094,69102.0000,69102.0025,0.0025,0.0037,33.0002
2095,69135.0000,69135.0023,0.0023,0.0035,32.9998
2096,69168.0000,69168.0022,0.0022,0.0033,32.9999
2097,69201.0000,69201.0027,0.0027,0.0037,33.0005
2098,69234.0000,69234.0021,0.0021,0.0041,32.9994
2099,69267.0000,69267.8353,0.8353,0.0039,33.8332
2100,69300.0000,69300.0032,0.0032,0.0043,32.1679
2101,69333.0000,69333.0030,0.0030,0.0041,32.9998
2102,69366.0000,69366.0027,0.0027,0.0041,32.9996
2103,69399.0000,69399.0028,0.0028,0.0047,33.0002
2104,69432.0000,69432.0024,0.0024,0.0044,32.9996
2105,69465.0000,69465.0027,0.0027,0.0048,33.0002
2106,69498.0000,69498.0044,0.0044,0.0055,33.0018
2107,69531.0000,69531.0026,0.0026,0.0044,32.9981
2108,69564.0000,69564.0027,0.0027,0.0035,33.0001
2109,69597.0000,69597.0024,0.0024,0.0037,32.9998
2110,69630.0000,69630.0026,0.0026,0.0040,33.0002
2111,69663.0000,69663.0019,0.0019,0.0048,32.9993
2112,69696.0000,69696.0021,0.0021,0.0040,33.0001
2113,69729.0000,69729.0022,0.0022,0.0034,33.0001
2114,69762.0000,69762.0059,0.0059,0.0041,33.0037
2115,69795.0000,69795.0020,0.0020,0.0160,32.9961
2116,69828.0000,69828.0025,0.0025,0.0037,33.0005
2117,69861.0000,69861.0023,0.0023,0.0041,32.9998
2118,69894.0000,69894.0034,0.0034,0.0047,33.0011
2119,69927.0000,69927.0025,0.0025,0.0035,32.9992
2120,69960.0000,69960.0021,0.0021,0.0036,32.9996
2121,69993.0000,69993.0039,0.0039,0.0050,33.0018
2122,70026.0000,70026.0028,0.0028,0.0033,32.9989
2123,70059.0000,70059.0027,0.0027,0.0032,32.9998
2124,70092.0000,70092.0023,0.0023,0.0041,32.9997
2125,70125.0000,70125.0024,0.0024,0.0038,33.0001
2126,70158.0000,70158.0031,0.0031,0.0039,33.0007
2127,70191.0000,70191.0024,0.0024,0.0033,32.9993
2128,70224.0000,70224.0019,0.0019,0.0032,32.9995
2129,70257.0000,70257.0036,0.0036,0.0049,33.0017
2130,70290.0000,70290.0031,0.0031,0.0041,32.9995
2131,70323.0000,70323.0024,0.0024,0.0033,32.9993
2132,70356.0000,70356.0016,0.0016,0.0029,32.9992
2133,70389.0000,70389.0039,0.0039,0.0049,33.0023
2134,70422.0000,70422.0031,0.0031,0.0048,32.9992
2135,70455.0000,70455.0040,0.0040,0.0052,33.0009
2136,70488.0000,70488.0020,0.0020,0.0034,32.9980
2137,70521.0000,70521.0022,0.0022,0.0038,33.0002
2138,70554.0000,70554.0024,0.0024,0.0050,33.0001
2139,70587.0000,70587.0023,0.0023,0.0040,32.9999
2140,70620.0000,70620.1003,0.1003,0.0032,33.0980
2141,70653.0000,70653.0026,0.0026,0.0035,32.9023
2142,70686.0000,70686.0077,0.0077,0.0039,33.0051
2143,70719.0000,70719.0031,0.0031,0.0048,32.9954
2144,70752.0000,70752.0032,0.0032,0.0036,33.0001
2145,70785.0000,70785.0034,0.0034,0.0034,33.0002
2146,70818.0000,70818.0022,0.0022,0.0034,32.9988
2147,70851.0000,70851.0022,0.0022,0.0039,33.0000
2148,70884.0000,70884.0023,0.0023,0.0036,33.0001
2149,70917.0000,70917.0025,0.0025,0.0039,33.0002
2150,70950.0000,70950.0026,0.0026,0.0041,33.0000
2151,70983.0000,70983.0028,0.0028,0.0040,33.0003
2152,71016.0000,71016.0027,0.0027,0.0055,32.9999
2153,71049.0000,71049.0028,0.0028,0.0041,33.0001
2154,71082.0000,71082.0029,0.0029,0.0037,33.0001
2155,71115.0000,71115.0028,0.0028,0.0039,32.9998
2156,71148.0000,71148.0025,0.0025,0.0043,32.9998
2157,71181.0000,71181.0027,0.0027,0.0036,33.0002
2158,71214.0000,71214.0022,0.0022,0.0033,32.9994
2159,71247.0000,71247.0023,0.0023,0.0032,33.0001
2160,71280.0000,71280.0039,0.0039,0.0040,33.0016
2161,71313.0000,71313.0029,0.0029,0.0031,32.9990
2162,71346.0000,71346.0024,0.0024,0.0035,32.9995
2163,71379.0000,71379.0042,0.0042,0.0056,33.0017
2164,71412.0000,71412.0032,0.0032,0.0034,32.9990
2165,71445.0000,71445.0027,0.0027,0.0031,32.9995
2166,71478.0000,71478.0024,0.0024,0.0036,32.9997
2167,71511.0000,71511.0030,0.0030,0.0032,33.0006
2168,71544.0000,71544.0027,0.0027,0.0032,32.9997
2169,71577.0000,71577.0032,0.0032,0.0039,33.0005
2170,71610.0000,71610.0029,0.0029,0.0025,32.9997
2171,71643.0000,71643.0023,0.0023,0.0028,32.9995
2172,71676.0000,71676.0021,0.0021,0.0030,32.9997
2173,71709.0000,71709.0029,0.0029,0.0039,33.0008
2174,71742.0000,71742.0024,0.0024,0.0037,32.9995
2175,71775.0000,71775.0026,0.0026,0.0037,33.0002
2176,71808.0000,71808.0016,0.0016,0.0028,32.9990
2177,71841.0000,71841.0027,0.0027,0.0039,33.0012
2178,71874.0000,71874.0092,0.0092,0.0044,33.0065
2179,71907.0000,71907.0736,0.0736,0.0049,33.0643
2180,71940.0000,71940.0027,0.0027,0.0037,32.9291
2181,71973.0000,71973.0022,0.0022,0.0032,32.9995
2182,72006.0000,72006.0023,0.0023,0.0030,33.0001
2183,72039.0000,72039.0024,0.0024,0.0030,33.0001
2184,72072.0000,72072.0020,0.0020,0.0024,32.9995
2185,72105.0000,72105.0019,0.0019,0.0034,32.9999
2186,72138.0000,72138.0028,0.0028,0.0027,33.0009
2187,72171.0000,72171.0025,0.0025,0.0029,32.9997
2188,72204.0000,72204.0018,0.0018,0.0032,32.9993
2189,72237.0000,72237.0029,0.0029,0.0040,33.0011
2190,72270.0000,72270.0023,0.0023,0.0036,32.9994
2191,72303.0000,72303.0029,0.0029,0.0036,33.0005
2192,72336.0000,72336.0025,0.0025,0.0031,32.9996
2193,72369.0000,72369.0019,0.0019,0.0026,32.9994
2194,72402.0000,72402.0022,0.0022,0.0035,33.0004
2195,72435.0000,72435.0027,0.0027,0.0037,33.0004
2196,72468.0000,72468.0026,0.0026,0.0040,32.9999
2197,72501.0000,72501.0028,0.0028,0.0040,33.0002
2198,72534.0000,72534.0029,0.0029,0.0048,33.0001
2199,72567.0000,72567.0031,0.0031,0.0056,33.0001
2200,72600.0000,72600.0028,0.0028,0.0037,32.9998
2201,72633.0000,72633.0035,0.0035,0.0044,33.0007
2202,72666.0000,72666.0020,0.0020,0.0040,32.9985
2203,72699.0000,72699.0020,0.0020,0.0053,33.0000
2204,72732.0000,72732.0024,0.0024,0.0044,33.0003
2205,72765.0000,72765.0025,0.0025,0.0041,33.0001
2206,72798.0000,72798.0023,0.0023,0.0045,32.9998
2207,72831.0000,72831.0026,0.0026,0.0043,33.0003
2208,72864.0000,72864.0027,0.0027,0.0053,33.0001
2209,72897.0000,72897.0024,0.0024,0.0040,32.9997
2210,72930.0000,72930.0031,0.0031,0.0664,33.0007
2211,72963.0000,72963.0032,0.0032,0.0035,33.0001
2212,72996.0000,72996.0021,0.0021,0.0041,32.9989
2213,73029.0000,73029.0026,0.0026,0.0040,33.0005
2214,73062.0000,73062.0030,0.0030,0.0041,33.0004
2215,73095.0000,73095.0023,0.0023,0.0049,32.9993
2216,73128.0000,73128.0025,0.0025,0.0044,33.0002
2217,73161.0000,73161.0027,0.0027,0.0161,33.0002
2218,73194.0000,73194.0035,0.0035,0.0043,33.0008
2219,73227.0000,73227.0030,0.0030,0.0031,32.9995
2220,73260.0000,73260.0021,0.0021,0.0036,32.9991
2221,73293.0000,73293.0026,0.0026,0.0039,33.0005
2222,73326.0000,73326.0022,0.0022,0.0037,32.9996
2223,73359.0000,73359.0019,0.0019,0.0030,32.9997
2224,73392.0000,73392.0024,0.0024,0.0038,33.0005
2225,73425.0000,73425.0018,0.0018,0.0034,32.9994
2226,73458.0000,73458.0023,0.0023,0.0030,33.0004
2227,73491.0000,73491.0021,0.0021,0.0033,32.9998
2228,73524.0000,73524.0020,0.0020,0.0027,33.0000
2229,73557.0000,73557.0017,0.0017,0.0025,32.9996
2230,73590.0000,73590.0016,0.0016,0.0024,32.9999
2231,73623.0000,73623.0020,0.0020,0.0026,33.0004
2232,73656.0000,73656.0014,0.0014,0.0026,32.9995
2233,73689.0000,73689.0017,0.0017,0.0029,33.0002
2234,73722.0000,73722.0018,0.0018,0.0029,33.0001
2235,73755.0000,73755.0016,0.0016,0.0034,32.9999
2236,73788.0000,73788.0020,0.0020,0.0032,33.0004
2237,73821.0000,73821.0026,0.0026,0.0041,33.0006
2238,73854.0000,73854.0021,0.0021,0.0040,32.9995
2239,73887.0000,73887.0027,0.0027,0.0032,33.0006
2240,73920.0000,73920.0025,0.0025,0.0044,32.9998
2241,73953.0000,73953.0026,0.0026,0.0035,33.0001
2242,73986.0000,73986.0028,0.0028,0.0036,33.0002
2243,74019.0000,74019.0022,0.0022,0.0046,32.9994
2244,74052.0000,74052.0030,0.0030,0.0037,33.0008
2245,74085.0000,74085.0021,0.0021,0.0040,32.9991
2246,74118.0000,74118.0021,0.0021,0.0035,33.0000
2247,74151.0000,74151.0022,0.0022,0.0030,33.0001
2248,74184.0000,74184.0022,0.0022,0.0045,32.9999
2249,74217.0000,74217.0024,0.0024,0.0037,33.0002
2250,74250.0000,74250.0029,0.0029,0.0041,33.0006
2251,74283.0000,74283.0025,0.0025,0.0036,32.9995
2252,74316.0000,74316.2908,0.2908,0.0034,33.2883
2253,74349.0000,74349.0028,0.0028,0.0034,32.7120
2254,74382.0000,74382.0016,0.0016,0.0028,32.9988
2255,74415.0000,74415.0018,0.0018,0.0028,33.0001
2256,74448.0000,74448.0019,0.0019,0.0023,33.0001
2257,74481.0000,74481.0026,0.0026,0.0034,33.0008
2258,74514.0000,74514.0026,0.0026,0.0041,33.0000
2259,74547.0000,74547.0021,0.0021,0.0030,32.9995
2260,74580.0000,74580.0017,0.0017,0.0027,32.9996
2261,74613.0000,74613.0018,0.0018,0.0023,33.0002
2262,74646.0000,74646.0020,0.0020,0.0028,33.0002
2263,74679.0000,74679.0022,0.0022,0.0028,33.0001
2264,74712.0000,74712.0018,0.0018,0.0024,32.9996
2265,74745.0000,74745.0012,0.0012,0.0024,32.9994
2266,74778.0000,74778.0015,0.0015,0.0023,33.0003
2267,74811.0000,74811.0019,0.0019,0.0206,33.0004
2268,74844.0000,74844.0019,0.0019,0.0027,33.0000
2269,74877.0000,74877.0014,0.0014,0.0026,32.9995
2270,74910.0000,74910.0015,0.0015,0.0019,33.0001
2271,74943.0000,74943.0016,0.0016,0.0021,33.0001
2272,74976.0000,74976.2647,0.2647,0.0028,33.2631
2273,75009.0000,75009.0022,0.0022,0.0026,32.7376
2274,75042.0000,75042.0016,0.0016,0.0024,32.9994
2275,75075.0000,75075.0017,0.0017,0.0025,33.0001
2276,75108.0000,75108.0026,0.0026,0.0035,33.0009
2277,75141.0000,75141.0023,0.0023,0.0025,32.9998
2278,75174.0000,75174.0032,0.0032,0.0044,33.0009
2279,75207.0000,75207.0033,0.0033,0.0037,33.0001
2280,75240.0000,75240.0019,0.0019,0.0031,32.9987
2281,75273.0000,75273.0018,0.0018,0.0025,32.9998
2282,75306.0000,75306.0016,0.0016,0.0024,32.9998
2283,75339.0000,75339.0018,0.0018,0.0037,33.0002
2284,75372.0000,75372.0019,0.0019,0.0024,33.0001
2285,75405.0000,75405.0022,0.0022,0.0033,33.0003
2286,75438.0000,75438.0018,0.0018,0.0023,32.9996
2287,75471.0000,75471.0019,0.0019,0.0024,33.0001
2288,75504.0000,75504.0016,0.0016,0.0023,32.9997
2289,75537.0000,75537.0018,0.0018,0.0023,33.0002
2290,75570.0000,75570.0014,0.0014,0.0026,32.9996
2291,75603.0000,75603.0016,0.0016,0.0023,33.0002
2292,75636.0000,75636.0014,0.0014,0.0028,32.9998
2293,75669.0000,75669.0015,0.0015,0.0024,33.0001
2294,75702.0000,75702.0016,0.0016,0.0021,33.0000
2295,75735.0000,75735.0017,0.0017,0.0024,33.0001
2296,75768.0000,75768.0016,0.0016,0.0025,32.9998
2297,75801.0000,75801.0019,0.0019,0.0029,33.0003
2298,75834.0000,75834.0013,0.0013,0.0023,32.9994
2299,75867.0000,75867.0014,0.0014,0.0025,33.0001
2300,75900.0000,75900.0017,0.0017,0.0025,33.0003
2301,75933.0000,75933.0031,0.0031,0.0038,33.0014
2302,75966.0000,75966.0024,0.0024,0.0029,32.9993
2303,75999.0000,75999.0030,0.0030,0.0032,33.0006
2304,76032.0000,76032.0031,0.0031,0.0036,33.0001
2305,76065.0000,76065.0027,0.0027,0.0029,32.9996
2306,76098.0000,76098.0021,0.0021,0.0034,32.9993
2307,76131.0000,76131.0021,0.0021,0.0038,33.0001
2308,76164.0000,76164.0018,0.0018,0.0024,32.9996
2309,76197.0000,76197.0020,0.0020,0.0033,33.0002
2310,76230.0000,76230.0017,0.0017,0.0030,32.9998
2311,76263.0000,76263.0019,0.0019,0.0030,33.0001
2312,76296.0000,76296.0020,0.0020,0.0030,33.0002
2313,76329.0000,76329.0019,0.0019,0.0032,32.9999
2314,76362.0000,76362.0018,0.0018,0.0029,32.9999
2315,76395.0000,76395.0016,0.0016,0.0027,32.9998
2316,76428.0000,76428.0019,0.0019,0.0027,33.0002
2317,76461.0000,76461.0021,0.0021,0.0032,33.0002
2318,76494.0000,76494.0022,0.0022,0.0032,33.0001
2319,76527.0000,76527.0018,0.0018,0.0122,32.9996
2320,76560.0000,76560.0019,0.0019,0.0026,33.0001
2321,76593.0000,76593.0626,0.0626,0.1135,33.0607
2322,76626.0000,76626.0018,0.0018,0.0030,32.9392
2323,76659.0000,76659.0021,0.0021,0.0029,33.0003
2324,76692.0000,76692.0020,0.0020,0.0032,32.9999
2325,76725.0000,76725.0017,0.0017,0.0029,32.9998
2326,76758.0000,76758.0016,0.0016,0.0027,32.9999
2327,76791.0000,76791.0019,0.0019,0.0034,33.0002
2328,76824.0000,76824.0020,0.0020,0.0030,33.0002
2329,76857.0000,76857.0023,0.0023,0.0040,33.0003
2330,76890.0000,76890.0016,0.0016,0.0024,32.9994
2331,76923.0000,76923.0018,0.0018,0.0033,33.0001
2332,76956.0000,76956.0031,0.0031,0.0033,33.0014
2333,76989.0000,76989.0017,0.0017,0.0023,32.9985
2334,77022.0000,77022.0017,0.0017,0.0030,33.0000
2335,77055.0000,77055.0020,0.0020,0.0031,33.0003
2336,77088.0000,77088.0020,0.0020,0.0037,33.0001
2337,77121.0000,77121.0020,0.0020,0.0033,33.0000
2338,77154.0000,77154.0018,0.0018,0.0029,32.9998
2339,77187.0000,77187.0017,0.0017,0.0033,32.9998
2340,77220.0000,77220.0015,0.0015,0.0030,32.9998
2341,77253.0000,77253.0016,0.0016,0.0030,33.0002
2342,77286.0000,77286.0021,0.0021,0.0023,33.0005
2343,77319.0000,77319.0014,0.0014,0.0030,32.9993
2344,77352.0000,77352.0015,0.0015,0.0032,33.0001
2345,77385.0000,77385.0018,0.0018,0.0031,33.0003
2346,77418.0000,77418.0022,0.0022,0.0039,33.0004
2347,77451.0000,77451.0021,0.0021,0.0041,32.9999
2348,77484.0000,77484.0022,0.0022,0.0034,33.0002
2349,77517.0000,77517.0024,0.0024,0.0041,33.0001
2350,77550.0000,77550.0019,0.0019,0.0033,32.9995
2351,77583.0000,77583.0020,0.0020,0.0038,33.0001
2352,77616.0000,77616.0023,0.0023,0.0031,33.0003
2353,77649.0000,77649.0020,0.0020,0.0032,32.9996
2354,77682.0000,77682.0020,0.0020,0.0033,33.0000
2355,77715.0000,77715.0016,0.0016,0.0034,32.9996
2356,77748.0000,77748.0017,0.0017,0.0032,33.0001
2357,77781.0000,77781.0017,0.0017,0.0034,33.0000
2358,77814.0000,77814.0016,0.0016,0.0028,32.9998
2359,77847.0000,77847.0018,0.0018,0.0029,33.0002
2360,77880.0000,77880.0022,0.0022,0.0034,33.0004
2361,77913.0000,77913.0019,0.0019,0.0031,32.9997
2362,77946.0000,77946.0016,0.0016,0.0035,32.9997
2363,77979.0000,77979.0018,0.0018,0.0035,33.0002
2364,78012.0000,78012.0023,0.0023,0.0028,33.0005
2365,78045.0000,78045.0023,0.0023,0.0030,33.0001
2366,78078.0000,78078.0017,0.0017,0.0040,32.9993
2367,78111.0000,78111.0017,0.0017,0.0031,33.0001
2368,78144.0000,78144.0019,0.0019,0.0031,33.0001
2369,78177.0000,78177.0014,0.0014,0.0031,32.9996
2370,78210.0000,78210.0016,0.0016,0.0027,33.0002
2371,78243.0000,78243.0016,0.0016,0.0033,33.0000
2372,78276.0000,78276.0011,0.0011,0.0028,32.9995
2373,78309.0000,78309.0013,0.0013,0.0028,33.0002
2374,78342.0000,78342.0022,0.0022,0.0040,33.0009
2375,78375.0000,78375.0017,0.0017,0.0034,32.9996
2376,78408.0000,78408.0014,0.0014,0.0027,32.9997
2377,78441.0000,78441.0017,0.0017,0.0029,33.0003
2378,78474.0000,78474.0019,0.0019,0.0038,33.0002
2379,78507.0000,78507.0017,0.0017,0.0032,32.9998
2380,78540.0000,78540.0020,0.0020,0.0032,33.0003
2381,78573.0000,78573.0021,0.0021,0.0034,33.0001
2382,78606.0000,78606.0035,0.0035,0.0049,33.0013
2383,78639.0000,78639.0025,0.0025,0.0052,32.9990
2384,78672.0000,78672.0027,0.0027,0.0045,33.0003
2385,78705.0000,78705.0030,0.0030,0.0050,33.0002
2386,78738.0000,78738.0029,0.0029,0.0048,32.9999
2387,78771.0000,78771.0030,0.0030,0.0045,33.0001
2388,78804.0000,78804.0034,0.0034,0.0047,33.0004
2389,78837.0000,78837.0025,0.0025,0.0031,32.9991
2390,78870.0000,78870.0021,0.0021,0.0033,32.9996
2391,78903.0000,78903.0022,0.0022,0.0038,33.0001
2392,78936.0000,78936.0022,0.0022,0.0031,33.0000
2393,78969.0000,78969.0019,0.0019,0.0035,32.9997
2394,79002.0000,79002.0023,0.0023,0.0028,33.0003
2395,79035.0000,79035.0020,0.0020,0.0028,32.9997
2396,79068.0000,79068.0022,0.0022,0.0032,33.0002
2397,79101.0000,79101.0024,0.0024,0.0032,33.0002
2398,79134.0000,79134.0025,0.0025,0.0033,33.0002
2399,79167.0000,79167.0019,0.0019,0.0035,32.9994
2400,79200.0000,79200.2437,0.2437,0.0039,33.2417
2401,79233.0000,79233.0020,0.0020,0.0029,32.7583
2402,79266.0000,79266.0015,0.0015,0.0030,32.9995
2403,79299.0000,79299.0017,0.0017,0.0035,33.0002
2404,79332.0000,79332.0018,0.0018,0.0034,33.0001
2405,79365.0000,79365.0017,0.0017,0.0032,32.9999
2406,79398.0000,79398.0010,0.0010,0.0017,32.9993
2407,79431.0000,79431.0011,0.0011,0.0017,33.0001
2408,79464.0000,79464.0013,0.0013,0.0021,33.0002
2409,79497.0000,79497.0015,0.0015,0.0025,33.0002
2410,79530.0000,79530.0014,0.0014,0.0027,32.9999
2411,79563.0000,79563.0014,0.0014,0.0028,33.0001
2412,79596.0000,79596.0049,0.0049,0.0027,33.0035
2413,79629.0000,79629.0023,0.0023,0.0028,32.9974
2414,79662.0000,79662.0423,0.0423,0.0028,33.0400
2415,79695.0000,79695.0020,0.0020,0.0033,32.9597
2416,79728.0000,79728.0199,0.0199,0.0032,33.0179
2417,79761.0000,79761.0020,0.0020,0.0038,32.9821
2418,79794.0000,79794.0024,0.0024,0.0036,33.0004
2419,79827.0000,79827.0027,0.0027,0.0048,33.0002
2420,79860.0000,79860.0028,0.0028,0.0044,33.0001
2421,79893.0000,79893.0026,0.0026,0.0158,32.9999
2422,79926.0000,79926.0032,0.0032,0.0036,33.0006
2423,79959.0000,79959.0023,0.0023,0.0026,32.9991
2424,79992.0000,79992.0019,0.0019,0.0032,32.9996
2425,80025.0000,80025.0019,0.0019,0.0034,33.0000
2426,80058.0000,80058.0032,0.0032,0.0040,33.0013
2427,80091.0000,80091.0021,0.0021,0.0036,32.9989
2428,80124.0000,80124.0024,0.0024,0.0028,33.0004
2429,80157.0000,80157.0037,0.0037,0.0038,33.0013
2430,80190.0000,80190.0040,0.0040,0.0051,33.0003
2431,80223.0000,80223.0038,0.0038,0.0057,32.9998
2432,80256.0000,80256.0041,0.0041,0.0050,33.0003
2433,80289.0000,80289.0058,0.0058,0.0052,33.0017
2434,80322.0000,80322.0049,0.0049,0.0039,32.9990
2435,80355.0000,80355.0031,0.0031,0.0039,32.9983
2436,80388.0000,80388.0035,0.0035,0.0044,33.0004
2437,80421.0000,80421.0035,0.0035,0.0039,33.0001
2438,80454.0000,80454.0036,0.0036,0.0033,33.0001
2439,80487.0000,80487.0032,0.0032,0.0041,32.9996
2440,80520.0000,80520.0040,0.0040,0.0053,33.0008
2441,80553.0000,80553.0026,0.0026,0.0041,32.9987
2442,80586.0000,80586.0028,0.0028,0.0040,33.0002
2443,80619.0000,80619.0025,0.0025,0.0040,32.9997
2444,80652.0000,80652.0032,0.0032,0.0044,33.0006
2445,80685.0000,80685.0029,0.0029,0.0041,32.9998
2446,80718.0000,80718.0032,0.0032,0.0049,33.0002
2447,80751.0000,80751.0023,0.0023,0.0043,32.9992
2448,80784.0000,80784.0030,0.0030,0.0042,33.0006
2449,80817.0000,80817.0025,0.0025,0.0039,32.9996
2450,80850.0000,80850.0026,0.0026,0.0042,33.0000
2451,80883.0000,80883.0025,0.0025,0.0044,32.9999
2452,80916.0000,80916.0026,0.0026,0.0044,33.0001
2453,80949.0000,80949.0031,0.0031,0.0035,33.0005
2454,80982.0000,80982.0030,0.0030,0.0040,32.9998
2455,81015.0000,81015.0022,0.0022,0.0038,32.9992
2456,81048.0000,81048.0032,0.0032,0.0033,33.0010
2457,81081.0000,81081.0024,0.0024,0.0040,32.9991
2458,81114.0000,81114.0028,0.0028,0.0038,33.0005
2459,81147.0000,81147.0022,0.0022,0.0027,32.9994
2460,81180.0000,81180.0021,0.0021,0.0038,32.9999
2461,81213.0000,81213.0022,0.0022,0.0028,33.0001
2462,81246.0000,81246.0020,0.0020,0.0031,32.9998
2463,81279.0000,81279.0024,0.0024,0.0036,33.0004
2464,81312.0000,81312.0023,0.0023,0.0032,32.9999
2465,81345.0000,81345.0027,0.0027,0.0033,33.0004
2466,81378.0000,81378.0028,0.0028,0.0037,33.0001
2467,81411.0000,81411.0031,0.0031,0.0033,33.0002
2468,81444.0000,81444.0026,0.0026,0.0025,32.9995
2469,81477.0000,81477.0024,0.0024,0.0036,32.9998
2470,81510.0000,81510.0022,0.0022,0.0033,32.9998
2471,81543.0000,81543.0024,0.0024,0.0031,33.0001
2472,81576.0000,81576.0041,0.0041,0.0057,33.0017
2473,81609.0000,81609.0648,0.0648,0.0044,33.0607
2474,81642.0000,81642.0043,0.0043,0.0059,32.9395
2475,81675.0000,81675.0027,0.0027,0.0036,32.9985
2476,81708.0000,81708.0033,0.0033,0.0040,33.0006
2477,81741.0000,81741.0031,0.0031,0.0038,32.9998
2478,81774.0000,81774.0029,0.0029,0.0040,32.9998
2479,81807.0000,81807.0033,0.0033,0.0045,33.0004
2480,81840.0000,81840.0029,0.0029,0.0051,32.9996
2481,81873.0000,81873.0038,0.0038,0.0045,33.0009
2482,81906.0000,81906.0043,0.0043,0.0042,33.0005
2483,81939.0000,81939.0031,0.0031,0.0045,32.9988
2484,81972.0000,81972.0027,0.0027,0.0041,32.9996
2485,82005.0000,82005.0032,0.0032,0.0042,33.0004
2486,82038.0000,82038.0031,0.0031,0.0052,32.9999
2487,82071.0000,82071.0035,0.0035,0.0050,33.0004
2488,82104.0000,82104.0031,0.0031,0.0044,32.9996
2489,82137.0000,82137.0038,0.0038,0.0050,33.0006
2490,82170.0000,82170.0038,0.0038,0.0050,33.0000
2491,82203.0000,82203.0023,0.0023,0.0041,32.9986
2492,82236.0000,82236.0028,0.0028,0.0057,33.0004
2493,82269.0000,82269.0042,0.0042,0.0047,33.0014
2494,82302.0000,82302.0036,0.0036,0.0041,32.9995
2495,82335.0000,82335.0029,0.0029,0.0051,32.9993
2496,82368.0000,82368.0025,0.0025,0.0036,32.9996
2497,82401.0000,82401.0027,0.0027,0.0044,33.0002
2498,82434.0000,82434.0029,0.0029,0.0043,33.0002
2499,82467.0000,82467.0030,0.0030,0.0037,33.0001
2500,82500.0000,82500.0030,0.0030,0.0039,33.0000
2501,82533.0000,82533.0026,0.0026,0.0052,32.9997
2502,82566.0000,82566.0023,0.0023,0.0041,32.9997
2503,82599.0000,82599.0037,0.0037,0.0063,33.0014
2504,82632.0000,82632.0182,0.0182,0.0046,33.0145
2505,82665.0000,82665.0025,0.0025,0.0040,32.9842
2506,82698.0000,82698.0021,0.0021,0.0038,32.9997
2507,82731.0000,82731.0023,0.0023,0.0038,33.0002
2508,82764.0000,82764.0024,0.0024,0.0038,33.0001
2509,82797.0000,82797.0025,0.0025,0.0032,33.0001
2510,82830.0000,82830.0034,0.0034,0.0033,33.0009
2511,82863.0000,82863.0025,0.0025,0.0040,32.9991
2512,82896.0000,82896.0024,0.0024,0.0039,32.9999
2513,82929.0000,82929.0020,0.0020,0.0040,32.9996
2514,82962.0000,82962.0021,0.0021,0.0035,33.0001
2515,82995.0000,82995.0023,0.0023,0.0033,33.0002
2516,83028.0000,83028.0415,0.0415,0.0039,33.0392
2517,83061.0000,83061.0020,0.0020,0.0031,32.9605
2518,83094.0000,83094.0022,0.0022,0.0032,33.0002
2519,83127.0000,83127.0023,0.0023,0.0037,33.0001
2520,83160.0000,83160.0020,0.0020,0.0033,32.9997
2521,83193.0000,83193.0026,0.0026,0.0038,33.0006
2522,83226.0000,83226.9728,0.9728,0.0038,33.9702
2523,83259.0000,83260.2895,1.2895,0.0175,33.3167
2524,83292.0000,83292.0032,0.0032,0.0032,31.7137
2525,83325.0000,83325.0021,0.0021,0.0031,32.9989
2526,83358.0000,83358.0019,0.0019,0.0030,32.9998
2527,83391.0000,83391.0018,0.0018,0.0031,32.9999
2528,83424.0000,83427.4146,3.4146,0.0036,36.4128
2529,83457.0000,83457.0023,0.0023,0.0034,29.5877
2530,83490.0000,83490.0024,0.0024,0.0031,33.0000
2531,83523.0000,83523.0019,0.0019,0.0028,32.9995
2532,83556.0000,83557.2683,1.2683,0.0032,34.2664
2533,83589.0000,83589.0018,0.0018,0.0029,31.7335
2534,83622.0000,83622.0025,0.0025,0.0026,33.0007
2535,83655.0000,83655.0023,0.0023,0.0031,32.9998
2536,83688.0000,83688.0132,0.0132,0.0030,33.0109
2537,83721.0000,83721.0015,0.0015,0.0025,32.9883
2538,83754.0000,83754.0026,0.0026,0.0035,33.0011
2539,83787.0000,83787.0021,0.0021,0.0030,32.9995
2540,83820.0000,83820.0022,0.0022,0.0030,33.0001
2541,83853.0000,83853.0024,0.0024,0.0030,33.0001
2542,83886.0000,83886.0018,0.0018,0.0033,32.9994
2543,83919.0000,83919.0017,0.0017,0.0029,32.9999
2544,83952.0000,83952.0018,0.0018,0.0029,33.0001
2545,83985.0000,83985.0031,0.0031,0.0060,33.0013
2546,84018.0000,84018.0020,0.0020,0.0033,32.9989
2547,84051.0000,84051.0017,0.0017,0.0033,32.9997
2548,84084.0000,84084.0017,0.0017,0.0030,33.0000
2549,84117.0000,84117.0049,0.0049,0.0066,33.0032
2550,84150.0000,84150.0018,0.0018,0.0033,32.9969
2551,84183.0000,84183.0020,0.0020,0.0033,33.0002
2552,84216.0000,84216.0020,0.0020,0.0030,32.9999
2553,84249.0000,84249.0017,0.0017,0.0054,32.9998
2554,84282.0000,84282.0017,0.0017,0.0062,33.0000
2555,84315.0000,84315.0016,0.0016,0.0029,32.9999
2556,84348.0000,84348.0018,0.0018,0.0028,33.0002
2557,84381.0000,84381.0040,0.0040,0.0030,33.0022
2558,84414.0000,84414.0016,0.0016,0.0029,32.9976
2559,84447.0000,84447.0016,0.0016,0.0030,33.0000
2560,84480.0000,84480.0017,0.0017,0.0031,33.0001
2561,84513.0000,84513.0036,0.0036,0.0053,33.0019
2562,84546.0000,84546.0019,0.0019,0.0084,32.9984
2563,84579.0000,84579.0017,0.0017,0.0031,32.9998
2564,84612.0000,84612.0018,0.0018,0.0026,33.0001
2565,84645.0000,84645.0018,0.0018,0.0026,33.0001
2566,84678.0000,84678.0015,0.0015,0.0054,32.9997
2567,84711.0000,84711.0077,0.0077,0.0031,33.0061
2568,84744.0000,84744.0033,0.0033,0.0026,32.9956
2569,84777.0000,84777.0019,0.0019,0.0031,32.9986
2570,84810.0000,84810.0017,0.0017,0.0030,32.9998
2571,84843.0000,84843.0018,0.0018,0.0027,33.0001
2572,84876.0000,84876.0022,0.0022,0.0031,33.0004
2573,84909.0000,84909.0021,0.0021,0.0028,32.9999
2574,84942.0000,84942.0022,0.0022,0.0033,33.0002
2575,84975.0000,84975.0023,0.0023,0.0029,33.0001
2576,85008.0000,85008.0047,0.0047,0.0030,33.0024
2577,85041.0000,85041.0015,0.0015,0.0029,32.9968
2578,85074.0000,85074.0017,0.0017,0.0028,33.0002
2579,85107.0000,85107.0020,0.0020,0.0031,33.0003
2580,85140.0000,85140.0016,0.0016,0.0025,32.9996
2581,85173.0000,85173.0015,0.0015,0.0031,32.9999
2582,85206.0000,85206.0017,0.0017,0.0021,33.0001
2583,85239.0000,85239.0019,0.0019,0.0032,33.0003
2584,85272.0000,85272.0025,0.0025,0.0028,33.0006
2585,85305.0000,85305.0023,0.0023,0.0031,32.9998
2586,85338.0000,85338.0025,0.0025,0.0161,33.0002
2587,85371.0000,85371.0025,0.0025,0.0032,33.0000
2588,85404.0000,85404.0018,0.0018,0.0026,32.9992
2589,85437.0000,85437.0018,0.0018,0.0029,33.0000
2590,85470.0000,85470.0020,0.0020,0.0029,33.0002
2591,85503.0000,85503.0040,0.0040,0.0038,33.0020
2592,85536.0000,85536.0022,0.0022,0.0031,32.9982
2593,85569.0000,85569.0043,0.0043,0.0045,33.0021
2594,85602.0000,85602.0027,0.0027,0.0030,32.9984
2595,85635.0000,85635.0021,0.0021,0.0031,32.9994
2596,85668.0000,85668.0023,0.0023,0.0028,33.0002
2597,85701.0000,85701.0024,0.0024,0.0038,33.0001
2598,85734.0000,85734.0028,0.0028,0.0030,33.0005
2599,85767.0000,85767.0023,0.0023,0.0037,32.9994
2600,85800.0000,85800.0028,0.0028,0.0037,33.0006
2601,85833.0000,85833.0031,0.0031,0.0033,33.0003
2602,85866.0000,85866.0026,0.0026,0.0035,32.9995
2603,85899.0000,85899.0027,0.0027,0.0030,33.0001
2604,85932.0000,85932.0017,0.0017,0.0031,32.9990
2605,85965.0000,85965.0019,0.0019,0.0031,33.0001
2606,85998.0000,85998.0021,0.0021,0.0031,33.0002
2607,86031.0000,86031.0022,0.0022,0.0031,33.0002
2608,86064.0000,86064.0018,0.0018,0.0029,32.9996
2609,86097.0000,86097.0016,0.0016,0.0030,32.9997
2610,86130.0000,86130.0015,0.0015,0.0031,32.9999
2611,86163.0000,86163.0018,0.0018,0.0028,33.0004
2612,86196.0000,86196.0019,0.0019,0.0023,33.0001
2613,86229.0000,86229.0019,0.0019,0.0031,33.0000
2614,86262.0000,86262.0021,0.0021,0.0032,33.0002
2615,86295.0000,86295.0018,0.0018,0.0027,32.9997
2616,86328.0000,86328.0018,0.0018,0.0022,33.0001
2617,86361.0000,86361.0020,0.0020,0.0029,33.0002
2618,86394.0000,86394.0022,0.0022,0.0027,33.0002
2619,86427.0000,86427.0019,0.0019,0.0031,32.9997
2620,86460.0000,86460.0020,0.0020,0.0036,33.0001
2621,86493.0000,86493.0020,0.0020,0.0027,33.0000
2622,86526.0000,86526.0022,0.0022,0.0027,33.0002
2623,86559.0000,86559.0021,0.0021,0.0029,32.9999
2624,86592.0000,86592.0022,0.0022,0.0031,33.0002
2625,86625.0000,86625.0046,0.0046,0.0356,33.0024
2626,86658.0000,86658.0019,0.0019,0.0029,32.9973
2627,86691.0000,86691.0029,0.0029,0.0048,33.0010
2628,86724.0000,86724.0023,0.0023,0.0031,32.9994
2629,86757.0000,86757.0029,0.0029,0.0035,33.0006
2630,86790.0000,86790.0022,0.0022,0.0029,32.9993
2631,86823.0000,86823.0028,0.0028,0.0034,33.0006
2632,86856.0000,86856.0020,0.0020,0.0034,32.9993
2633,86889.0000,86889.0027,0.0027,0.0040,33.0007
2634,86922.0000,86922.0019,0.0019,0.0030,32.9992
2635,86955.0000,86955.0025,0.0025,0.0040,33.0006
2636,86988.0000,86988.0017,0.0017,0.0030,32.9991
2637,87021.0000,87021.0023,0.0023,0.0041,33.0006
2638,87054.0000,87054.0016,0.0016,0.0028,32.9994
2639,87087.0000,87087.0018,0.0018,0.0028,33.0002
2640,87120.0000,87120.0020,0.0020,0.0031,33.0002
2641,87153.0000,87153.0017,0.0017,0.0026,32.9997
2642,87186.0000,87186.0018,0.0018,0.0034,33.0001
2643,87219.0000,87219.0029,0.0029,0.0042,33.0011
2644,87252.0000,87252.0024,0.0024,0.0033,32.9995
2645,87285.0000,87285.0020,0.0020,0.0029,32.9996
2646,87318.0000,87318.0025,0.0025,0.0034,33.0005
2647,87351.0000,87351.0020,0.0020,0.0033,32.9996
2648,87384.0000,87384.0019,0.0019,0.0028,32.9999
2649,87417.0000,87417.0019,0.0019,0.0030,33.0000
2650,87450.0000,87450.0020,0.0020,0.0031,33.0000
2651,87483.0000,87483.0021,0.0021,0.0031,33.0001
2652,87516.0000,87516.0023,0.0023,0.0031,33.0002
2653,87549.0000,87549.0024,0.0024,0.0033,33.0001
2654,87582.0000,87582.0016,0.0016,0.0024,32.9992
2655,87615.0000,87615.0016,0.0016,0.0029,33.0000
2656,87648.0000,87648.0019,0.0019,0.0026,33.0004
2657,87681.0000,87681.0019,0.0019,0.0031,33.0000
2658,87714.0000,87714.0017,0.0017,0.0028,32.9998
2659,87747.0000,87747.0022,0.0022,0.0032,33.0005
2660,87780.0000,87780.0018,0.0018,0.0036,32.9996
2661,87813.0000,87813.0020,0.0020,0.0031,33.0002
2662,87846.0000,87846.0022,0.0022,0.0031,33.0002
2663,87879.0000,87879.0023,0.0023,0.0030,33.0002
2664,87912.0000,87912.0019,0.0019,0.0024,32.9996
2665,87945.0000,87945.0017,0.0017,0.0028,32.9997
2666,87978.0000,87978.0017,0.0017,0.0029,33.0000
2667,88011.0000,88011.0018,0.0018,0.0025,33.0001
2668,88044.0000,88044.0608,0.0608,0.0034,33.0589
2669,88077.0000,88077.0019,0.0019,0.0032,32.9411
2670,88110.0000,88110.0018,0.0018,0.0029,32.9999
2671,88143.0000,88143.0018,0.0018,0.0031,33.0000
2672,88176.0000,88176.0019,0.0019,0.0031,33.0001
2673,88209.0000,88209.0021,0.0021,0.0031,33.0002
2674,88242.0000,88242.0023,0.0023,0.0031,33.0001
2675,88275.0000,88275.0475,0.0475,0.0037,33.0452
2676,88308.0000,88308.0020,0.0020,0.0031,32.9545
2677,88341.0000,88341.3132,0.3132,0.0038,33.3113
2678,88374.0000,88374.0019,0.0019,0.0030,32.6886
2679,88407.0000,88407.0021,0.0021,0.0030,33.0003
2680,88440.0000,88440.0100,0.0100,0.0030,33.0079
2681,88473.0000,88473.0016,0.0016,0.0030,32.9916
2682,88506.0000,88506.0018,0.0018,0.0031,33.0002
2683,88539.0000,88539.0019,0.0019,0.0032,33.0001
2684,88572.0000,88572.0019,0.0019,0.0025,32.9999
2685,88605.0000,88605.0015,0.0015,0.0023,32.9996
2686,88638.0000,88638.0014,0.0014,0.0027,32.9999
2687,88671.0000,88671.0018,0.0018,0.0028,33.0004
2688,88704.0000,88704.0023,0.0023,0.0033,33.0005
2689,88737.0000,88737.0024,0.0024,0.0037,33.0001
2690,88770.0000,88770.0032,0.0032,0.0046,33.0008
2691,88803.0000,88803.0026,0.0026,0.0039,32.9994
2692,88836.0000,88836.0022,0.0022,0.0038,32.9996
2693,88869.0000,88869.0017,0.0017,0.0031,32.9995
2694,88902.0000,88902.0020,0.0020,0.0032,33.0003
2695,88935.0000,88935.0021,0.0021,0.0031,33.0002
2696,88968.0000,88968.0022,0.0022,0.0031,33.0000
2697,89001.0000,89001.0018,0.0018,0.0033,32.9996
2698,89034.0000,89034.0020,0.0020,0.0025,33.0002
2699,89067.0000,89067.0016,0.0016,0.0030,32.9997
2700,89100.0000,89100.0017,0.0017,0.0031,33.0001
2701,89133.0000,89133.0529,0.0528,0.0028,33.0512
2702,89166.0000,89166.0019,0.0019,0.0033,32.9490
2703,89199.0000,89199.0021,0.0021,0.0029,33.0002
2704,89232.0000,89232.0017,0.0017,0.0030,32.9997
2705,89265.0000,89265.0020,0.0020,0.0030,33.0002
2706,89298.0000,89298.0021,0.0021,0.0030,33.0001
2707,89331.0000,89331.0023,0.0023,0.0030,33.0002
2708,89364.0000,89364.0025,0.0025,0.0040,33.0002
2709,89397.0000,89397.0026,0.0026,0.0035,33.0002
2710,89430.0000,89430.0017,0.0017,0.0028,32.9991
2711,89463.0000,89463.1098,0.1098,0.0033,33.1081
2712,89496.0000,89496.0017,0.0017,0.0030,32.8918
2713,89529.0000,89529.0016,0.0016,0.0028,32.9999
2714,89562.0000,89562.0017,0.0017,0.0029,33.0002
2715,89595.0000,89595.0019,0.0019,0.0029,33.0002
2716,89628.0000,89628.0019,0.0019,0.0031,33.0000
2717,89661.0000,89661.0021,0.0021,0.0031,33.0002
2718,89694.0000,89694.0022,0.0022,0.0031,33.0001
2719,89727.0000,89727.0018,0.0018,0.0029,32.9996
2720,89760.0000,89760.0019,0.0019,0.0027,33.0001
2721,89793.0000,89793.0017,0.0017,0.0030,32.9998
2722,89826.0000,89826.0016,0.0016,0.0025,32.9999
2723,89859.0000,89859.0020,0.0020,0.0023,33.0004
2724,89892.0000,89892.1038,0.1038,0.0032,33.1018
2725,89925.0000,89925.0017,0.0017,0.0028,32.8979
2726,89958.0000,89958.0019,0.0019,0.0034,33.0002
2727,89991.0000,89991.0019,0.0019,0.0128,33.0000
2728,90024.0000,90024.0020,0.0020,0.0027,33.0001
2729,90057.0000,90057.0015,0.0015,0.0025,32.9995
2730,90090.0000,90090.0018,0.0018,0.0026,33.0003
2731,90123.0000,90123.0019,0.0019,0.0027,33.0001
2732,90156.0000,90156.0023,0.0023,0.0031,33.0003
2733,90189.0000,90189.0021,0.0021,0.0027,32.9998
2734,90222.0000,90222.0018,0.0018,0.0024,32.9997
2735,90255.0000,90255.0025,0.0025,0.0026,33.0007
2736,90288.0000,90288.0017,0.0017,0.0025,32.9992
2737,90321.0000,90321.0015,0.0015,0.0020,32.9999
2738,90354.0000,90354.0017,0.0017,0.0020,33.0002
2739,90387.0000,90387.0018,0.0018,0.0020,33.0001
2740,90420.0000,90420.0020,0.0020,0.0020,33.0002
2741,90453.0000,90453.0022,0.0022,0.0029,33.0002
2742,90486.0000,90486.0026,0.0026,0.0038,33.0004
2743,90519.0000,90519.0025,0.0025,0.0029,32.9999
2744,90552.0000,90552.0028,0.0028,0.0033,33.0002
2745,90585.0000,90585.0025,0.0025,0.0037,32.9998
2746,90618.0000,90618.0031,0.0031,0.0032,33.0006
2747,90651.0000,90651.0017,0.0017,0.0028,32.9986
2748,90684.0000,90684.0018,0.0018,0.0029,33.0001
2749,90717.0000,90717.0017,0.0017,0.0031,33.0000
2750,90750.0000,90750.0019,0.0019,0.0032,33.0002
2751,90783.0000,90783.0022,0.0022,0.0031,33.0002
2752,90816.0000,90816.0018,0.0018,0.0026,32.9996
2753,90849.0000,90849.0018,0.0018,0.0026,33.0000
2754,90882.0000,90882.0019,0.0019,0.0027,33.0001
2755,90915.0000,90915.0015,0.0015,0.0026,32.9996
2756,90948.0000,90948.0019,0.0019,0.0028,33.0004
2757,90981.0000,90981.0019,0.0019,0.0026,33.0000
2758,91014.0000,91014.0020,0.0020,0.0026,33.0001
2759,91047.0000,91047.0016,0.0016,0.0030,32.9997
2760,91080.0000,91080.0018,0.0018,0.0032,33.0002
2761,91113.0000,91113.0020,0.0020,0.0031,33.0002
2762,91146.0000,91146.0021,0.0021,0.0030,33.0001
2763,91179.0000,91179.0023,0.0023,0.0031,33.0002
2764,91212.0000,91212.0018,0.0018,0.0033,32.9995
2765,91245.0000,91245.0020,0.0020,0.0032,33.0001
2766,91278.0000,91278.0030,0.0030,0.0046,33.0010
2767,91311.0000,91311.0019,0.0019,0.0030,32.9988
2768,91344.0000,91344.0023,0.0023,0.0040,33.0005
2769,91377.0000,91377.0028,0.0028,0.0033,33.0005
2770,91410.0000,91410.0028,0.0028,0.0044,33.0000
2771,91443.0000,91443.0047,0.0047,0.0050,33.0019
2772,91476.0000,91476.0018,0.0018,0.0028,32.9971
2773,91509.0000,91509.0023,0.0023,0.0030,33.0005
2774,91542.0000,91542.0024,0.0024,0.0037,33.0001
2775,91575.0000,91575.0016,0.0016,0.0028,32.9991
2776,91608.0000,91608.0015,0.0015,0.0027,32.9999
2777,91641.0000,91641.0016,0.0016,0.0031,33.0001
2778,91674.0000,91674.0018,0.0018,0.0028,33.0002
2779,91707.0000,91707.0021,0.0021,0.0031,33.0003
2780,91740.0000,91740.0021,0.0021,0.0035,33.0000
2781,91773.0000,91773.0021,0.0021,0.0031,33.0000
2782,91806.0000,91806.0017,0.0017,0.0032,32.9996
2783,91839.0000,91839.0017,0.0017,0.0027,33.0000
2784,91872.0000,91872.0021,0.0021,0.0030,33.0004
2785,91905.0000,91905.0021,0.0021,0.0033,32.9999
2786,91938.0000,91938.0023,0.0023,0.0035,33.0002
2787,91971.0000,91972.2467,1.2467,0.0034,34.2444
2788,92004.0000,92004.2313,0.2313,0.0034,31.9847
2789,92037.0000,92037.0018,0.0018,0.0032,32.7705
2790,92070.0000,92070.0021,0.0021,0.0029,33.0002
2791,92103.0000,92103.0022,0.0022,0.0031,33.0001
2792,92136.0000,92136.0016,0.0016,0.0030,32.9994
2793,92169.0000,92169.0017,0.0017,0.0030,33.0001
2794,92202.0000,92202.0019,0.0019,0.0031,33.0002
2795,92235.0000,92235.0021,0.0021,0.0030,33.0002
2796,92268.0000,92268.0015,0.0015,0.0027,32.9993
2797,92301.0000,92301.0018,0.0018,0.0033,33.0003
2798,92334.0000,92334.0021,0.0021,0.0026,33.0003
2799,92367.0000,92367.0019,0.0019,0.0029,32.9999
2800,92400.0000,92400.0016,0.0016,0.0029,32.9997
2801,92433.0000,92433.0020,0.0020,0.0027,33.0003
2802,92466.0000,92466.0016,0.0016,0.0027,32.9996
2803,92499.0000,92499.0022,0.0022,0.0025,33.0006
2804,92532.0000,92532.0019,0.0019,0.0034,32.9997
2805,92565.0000,92565.0018,0.0018,0.0027,32.9999
2806,92598.0000,92598.0020,0.0020,0.0027,33.0002
2807,92631.0000,92631.0021,0.0021,0.0033,33.0001
2808,92664.0000,92664.0016,0.0016,0.0026,32.9996
2809,92697.0000,92697.0024,0.0024,0.0033,33.0008
2810,92730.0000,92730.0022,0.0022,0.0032,32.9998
2811,92763.0000,92763.0022,0.0022,0.0034,33.0000
2812,92796.0000,92796.0021,0.0021,0.0027,32.9999
2813,92829.0000,92829.0020,0.0020,0.0023,32.9998
2814,92862.0000,92862.0016,0.0016,0.0027,32.9997
2815,92895.0000,92895.0022,0.0022,0.0026,33.0005
2816,92928.0000,92928.0018,0.0018,0.0022,32.9997
2817,92961.0000,92961.0019,0.0019,0.0027,33.0000
2818,92994.0000,92994.0014,0.0014,0.0027,32.9995
2819,93027.0000,93027.0016,0.0016,0.0028,33.0001
2820,93060.0000,93060.0018,0.0018,0.0030,33.0002
2821,93093.0000,93093.0015,0.0015,0.0029,32.9997
2822,93126.0000,93126.0016,0.0016,0.0024,33.0001
2823,93159.0000,93159.0016,0.0016,0.0031,33.0000
2824,93192.0000,93192.0021,0.0021,0.0035,33.0004
2825,93225.0000,93225.0024,0.0024,0.0030,33.0003
2826,93258.0000,93258.2322,0.2322,0.0045,33.2298
2827,93291.0000,93291.0024,0.0024,0.0037,32.7702
2828,93324.0000,93324.0026,0.0026,0.0044,33.0002
2829,93357.0000,93357.0023,0.0023,0.0188,32.9996
2830,93390.0000,93390.0030,0.0030,0.0055,33.0008
2831,93423.0000,93423.0366,0.0366,0.0041,33.0335
2832,93456.0000,93456.0117,0.0117,0.0139,32.9751
2833,93489.0000,93489.0032,0.0032,0.0043,32.9914
2834,93522.0000,93522.0025,0.0025,0.0036,32.9994
2835,93555.0000,93555.0033,0.0033,0.0046,33.0008
2836,93588.0000,93588.0030,0.0030,0.0042,32.9997
2837,93621.0000,93621.0027,0.0027,0.0049,32.9997
2838,93654.0000,93654.0025,0.0025,0.0044,32.9999
2839,93687.0000,93687.0022,0.0022,0.0035,32.9997
2840,93720.0000,93720.0024,0.0024,0.0038,33.0002
2841,93753.0000,93753.0027,0.0027,0.0035,33.0002
2842,93786.0000,93786.0034,0.0034,0.0047,33.0008
2843,93819.0000,93819.0051,0.0051,0.0055,33.0017
2844,93852.0000,93852.0031,0.0031,0.0052,32.9981
2845,93885.0000,93885.0033,0.0033,0.0049,33.0001
2846,93918.0000,93918.0022,0.0022,0.0041,32.9989
2847,93951.0000,93951.0030,0.0030,0.0060,33.0008
2848,93984.0000,93984.0035,0.0035,0.0042,33.0005
2849,94017.0000,94017.0041,0.0041,0.0048,33.0006
2850,94050.0000,94050.0047,0.0047,0.0040,33.0005
2851,94083.0000,94083.0038,0.0038,0.0051,32.9991
2852,94116.0000,94116.0043,0.0043,0.0047,33.0005
2853,94149.0000,94149.0031,0.0031,0.0045,32.9988
2854,94182.0000,94182.0034,0.0034,0.0034,33.0003
2855,94215.0000,94215.0036,0.0036,0.0048,33.0002
2856,94248.0000,94248.0020,0.0020,0.0040,32.9984
2857,94281.0000,94281.0035,0.0035,0.0049,33.0014
2858,94314.0000,94314.0038,0.0038,0.0047,33.0003
2859,94347.0000,94347.0022,0.0022,0.0041,32.9984
2860,94380.0000,94380.0024,0.0024,0.0041,33.0002
2861,94413.0000,94413.0038,0.0038,0.0044,33.0014
2862,94446.0000,94446.0030,0.0030,0.0032,32.9992
2863,94479.0000,94479.0026,0.0026,0.0035,32.9996
2864,94512.0000,94512.0028,0.0028,0.0035,33.0002
2865,94545.0000,94545.0029,0.0029,0.0036,33.0002
2866,94578.0000,94578.0030,0.0030,0.0035,33.0001
2867,94611.0000,94611.0018,0.0018,0.0031,32.9987
2868,94644.0000,94644.0019,0.0019,0.0030,33.0001
2869,94677.0000,94677.0019,0.0019,0.0032,33.0000
2870,94710.0000,94710.0021,0.0021,0.0031,33.0002
2871,94743.0000,94743.0022,0.0022,0.0029,33.0001
2872,94776.0000,94776.0018,0.0018,0.0027,32.9996
2873,94809.0000,94809.0021,0.0021,0.0031,33.0003
2874,94842.0000,94842.0022,0.0022,0.0031,33.0001
2875,94875.0000,94875.0025,0.0025,0.0031,33.0003
2876,94908.0000,94908.0018,0.0018,0.0035,32.9993
2877,94941.0000,94941.0015,0.0015,0.0021,32.9997
2878,94974.0000,94974.0016,0.0016,0.0032,33.0002
2879,95007.0000,95007.0021,0.0021,0.0030,33.0005
2880,95040.0000,95040.0028,0.0028,0.0043,33.0007
2881,95073.0000,95073.0021,0.0021,0.0039,32.9993
2882,95106.0000,95106.0024,0.0024,0.0036,33.0003
2883,95139.0000,95139.0025,0.0025,0.0037,33.0000
2884,95172.0000,95172.0022,0.0022,0.0038,32.9997
2885,95205.0000,95205.0026,0.0026,0.0034,33.0004
2886,95238.0000,95238.0028,0.0028,0.0039,33.0002
2887,95271.0000,95271.0029,0.0029,0.0043,33.0001
2888,95304.0000,95304.0031,0.0031,0.0035,33.0001
2889,95337.0000,95337.0033,0.0033,0.0043,33.0002
2890,95370.0000,95370.0021,0.0021,0.0039,32.9988
2891,95403.0000,95403.0023,0.0023,0.0032,33.0002
2892,95436.0000,95436.0021,0.0021,0.0032,32.9999
2893,95469.0000,95469.0023,0.0023,0.0040,33.0002
2894,95502.0000,95502.0025,0.0025,0.0040,33.0002
2895,95535.0000,95535.0023,0.0023,0.0044,32.9998
2896,95568.0000,95568.0025,0.0025,0.0037,33.0002
2897,95601.0000,95601.0027,0.0027,0.0044,33.0002
2898,95634.0000,95634.0028,0.0028,0.0036,33.0002
2899,95667.0000,95667.0030,0.0030,0.0041,33.0002
2900,95700.0000,95700.0029,0.0029,0.0036,32.9999
2901,95733.0000,95733.0021,0.0021,0.0047,32.9992
2902,95766.0000,95766.0036,0.0036,0.0056,33.0015
2903,95799.0000,95799.0030,0.0030,0.0052,32.9995
2904,95832.0000,95832.0023,0.0023,0.0040,32.9993
2905,95865.0000,95865.0026,0.0026,0.0050,33.0003
2906,95898.0000,95898.0026,0.0026,0.0045,33.0001
2907,95931.0000,95931.7215,0.7215,0.0044,33.7189
2908,95964.0000,95964.0022,0.0022,0.0032,32.2807
2909,95997.0000,95997.0025,0.0025,0.0032,33.0002
2910,96030.0000,96030.0026,0.0026,0.0033,33.0001
2911,96063.0000,96063.0027,0.0027,0.0033,33.0002
2912,96096.0000,96096.0031,0.0031,0.0038,33.0004
2913,96129.0000,96129.0026,0.0026,0.0034,32.9996
2914,96162.0000,96162.0020,0.0020,0.0034,32.9994
2915,96195.0000,96195.0031,0.0031,0.0040,33.0010
2916,96228.0000,96228.0024,0.0024,0.0038,32.9993
2917,96261.0000,96261.0028,0.0028,0.0039,33.0004
2918,96294.0000,96294.0025,0.0025,0.0044,32.9998
2919,96327.0000,96327.0027,0.0027,0.0044,33.0002
2920,96360.0000,96360.0026,0.0026,0.0038,32.9999
2921,96393.0000,96393.0033,0.0033,0.0050,33.0007
2922,96426.0000,96426.0028,0.0028,0.0042,32.9995
2923,96459.0000,96459.0020,0.0020,0.0049,32.9992
2924,96492.0000,96492.0023,0.0023,0.0048,33.0003
2925,96525.0000,96525.0024,0.0024,0.0046,33.0001
2926,96558.0000,96558.0023,0.0023,0.0045,32.9998
2927,96591.0000,96591.0024,0.0024,0.0041,33.0001
2928,96624.0000,96624.0021,0.0021,0.0047,32.9997
2929,96657.0000,96657.0288,0.0288,0.0045,33.0268
2930,96690.0000,96690.0026,0.0026,0.0043,32.9738
2931,96723.0000,96723.0028,0.0028,0.0231,33.0001
2932,96756.0000,96756.0030,0.0030,0.0043,33.0002
2933,96789.0000,96789.0032,0.0032,0.0049,33.0001
2934,96822.0000,96822.0029,0.0029,0.0037,32.9997
2935,96855.0000,96855.0024,0.0024,0.0040,32.9995
2936,96888.0000,96888.0024,0.0024,0.0036,33.0000
2937,96921.0000,96921.0023,0.0023,0.0044,32.9999
2938,96954.0000,96954.0025,0.0025,0.0036,33.0002
2939,96987.0000,96987.0023,0.0023,0.0035,32.9999
2940,97020.0000,97020.0022,0.0022,0.0037,32.9998
2941,97053.0000,97053.0022,0.0022,0.0032,33.0000
2942,97086.0000,97086.0023,0.0023,0.0031,33.0002
2943,97119.0000,97119.0021,0.0021,0.0025,32.9998
2944,97152.0000,97152.0017,0.0017,0.0029,32.9996
2945,97185.0000,97185.0019,0.0019,0.0029,33.0002
2946,97218.0000,97218.0022,0.0022,0.0029,33.0003
2947,97251.0000,97251.0020,0.0020,0.0037,32.9998
2948,97284.0000,97284.0022,0.0022,0.0040,33.0002
2949,97317.0000,97317.0023,0.0023,0.0045,33.0002
2950,97350.0000,97350.0026,0.0026,0.0045,33.0002
2951,97383.0000,97383.0024,0.0024,0.0044,32.9998
2952,97416.0000,97416.0026,0.0026,0.0052,33.0003
2953,97449.0000,97449.0027,0.0027,0.0035,33.0001
2954,97482.0000,97482.0027,0.0027,0.0037,33.0000
2955,97515.0000,97515.2173,0.2173,0.0038,33.2146
2956,97548.0000,97548.0020,0.0020,0.0037,32.7847
2957,97581.0000,97581.0017,0.0017,0.0026,32.9998
2958,97614.0000,97614.0020,0.0020,0.0031,33.0003
2959,97647.0000,97647.0021,0.0021,0.0041,33.0001
2960,97680.0000,97680.0023,0.0023,0.0032,33.0002
2961,97713.0000,97713.0026,0.0026,0.0032,33.0003
2962,97746.0000,97746.0024,0.0024,0.0037,32.9997
2963,97779.0000,97779.0025,0.0025,0.0035,33.0002
2964,97812.0000,97812.0019,0.0019,0.0026,32.9993
2965,97845.0000,97845.0027,0.0027,0.0031,33.0008
2966,97878.0000,97878.0034,0.0034,0.0042,33.0007
2967,97911.0000,97911.0021,0.0021,0.0035,32.9987
2968,97944.0000,97944.0022,0.0022,0.0034,33.0001
2969,97977.0000,97977.0029,0.0029,0.0044,33.0007
2970,98010.0000,98010.0031,0.0031,0.0043,33.0002
2971,98043.0000,98043.0028,0.0028,0.0048,32.9997
2972,98076.0000,98076.0034,0.0034,0.0037,33.0006
2973,98109.0000,98109.0027,0.0027,0.0038,32.9993
2974,98142.0000,98142.0029,0.0029,0.0040,33.0002
2975,98175.0000,98175.0029,0.0029,0.0043,32.9999
2976,98208.0000,98208.0036,0.0036,0.0044,33.0007
2977,98241.0000,98241.0031,0.0031,0.0037,32.9995
2978,98274.0000,98274.0025,0.0025,0.0038,32.9994
2979,98307.0000,98307.0027,0.0027,0.0032,33.0002
2980,98340.0000,98340.0033,0.0033,0.0033,33.0006
2981,98373.0000,98373.0030,0.0030,0.0037,32.9997
2982,98406.0000,98406.0020,0.0020,0.0035,32.9990
2983,98439.0000,98439.0017,0.0017,0.0033,32.9997
2984,98472.0000,98472.0019,0.0019,0.0032,33.0002
2985,98505.0000,98505.0021,0.0021,0.0039,33.0002
2986,98538.0000,98538.0023,0.0023,0.0039,33.0002
2987,98571.0000,98571.0356,0.0356,0.0039,33.0333
2988,98604.0000,98604.0026,0.0026,0.0032,32.9670
2989,98637.0000,98637.0032,0.0032,0.0035,33.0006
2990,98670.0000,98670.6013,0.6013,0.0042,33.5981
2991,98703.0000,98703.0021,0.0021,0.0042,32.4009
2992,98736.0000,98736.0103,0.0103,0.0048,33.0082
2993,98769.0000,98769.0023,0.0023,0.0040,32.9920
2994,98802.0000,98802.0034,0.0034,0.0045,33.0011
2995,98835.0000,98835.0023,0.0023,0.0044,32.9989
2996,98868.0000,98868.0025,0.0025,0.0044,33.0002
2997,98901.0000,98901.0027,0.0027,0.0038,33.0001
2998,98934.0000,98934.0028,0.0028,0.0048,33.0002
2999,98967.0000,98967.0030,0.0030,0.0036,33.0002
3000,99000.0000,99000.0032,0.0032,0.0047,33.0002
3001,99033.0000,99033.0034,0.0034,0.0047,33.0001
3002,99066.0000,99066.0022,0.0022,0.0049,32.9988
3003,99099.0000,99099.0025,0.0025,0.0040,33.0003
3004,99132.0000,99132.0120,0.0120,0.0040,33.0095
3005,99165.0000,99165.0037,0.0037,0.0047,32.9916
3006,99198.0000,99198.0026,0.0026,0.0040,32.9990
3007,99231.0000,99231.0020,0.0020,0.0039,32.9994
3008,99264.0000,99264.0022,0.0022,0.0032,33.0002
3009,99297.0000,99297.0025,0.0025,0.0036,33.0003
3010,99330.0000,99330.0026,0.0026,0.0037,33.0001
3011,99363.0000,99363.0027,0.0027,0.0039,33.0002
3012,99396.0000,99396.0029,0.0029,0.0034,33.0002
3013,99429.0000,99429.0026,0.0026,0.0037,32.9996
3014,99462.0000,99462.0026,0.0026,0.0045,33.0000
3015,99495.0000,99495.0024,0.0024,0.0039,32.9997
3016,99528.0000,99528.0025,0.0025,0.0034,33.0001
3017,99561.0000,99561.3723,0.3723,0.0044,33.3698
3018,99594.0000,99594.0020,0.0020,0.0037,32.6297
3019,99627.0000,99627.0022,0.0022,0.0039,33.0002
3020,99660.0000,99660.0024,0.0024,0.0033,33.0002
3021,99693.0000,99693.0025,0.0025,0.0037,33.0001
3022,99726.0000,99726.0023,0.0023,0.0041,32.9998
3023,99759.0000,99759.0034,0.0034,0.0035,33.0011
3024,99792.0000,99792.0022,0.0022,0.0041,32.9988
3025,99825.0000,99825.0020,0.0020,0.0035,32.9998
3026,99858.0000,99858.0023,0.0023,0.0041,33.0002
3027,99891.0000,99891.0032,0.0032,0.0046,33.0010
3028,99924.0000,99924.0027,0.0027,0.0041,32.9995
3029,99957.0000,99957.0025,0.0025,0.0043,32.9998
3030,99990.0000,99990.0022,0.0022,0.0040,32.9997
3031,100023.0000,100023.0023,0.0023,0.0040,33.0001
3032,100056.0000,100056.0026,0.0026,0.0039,33.0003
3033,100089.0000,100089.0027,0.0027,0.0185,33.0001
3034,100122.0000,100122.0023,0.0023,0.0041,32.9996
3035,100155.0000,100155.0027,0.0027,0.0037,33.0004
3036,100188.0000,100188.0029,0.0029,0.0037,33.0002
3037,100221.0000,100221.0022,0.0022,0.0040,32.9993
3038,100254.0000,100254.0024,0.0024,0.0036,33.0002
3039,100287.0000,100287.0025,0.0025,0.0035,33.0001
3040,100320.0000,100320.0024,0.0024,0.0036,32.9999
3041,100353.0000,100353.0026,0.0026,0.0036,33.0002
3042,100386.0000,100386.0027,0.0027,0.0037,33.0001
3043,100419.0000,100419.0206,0.0206,0.0040,33.0179
3044,100452.0000,100452.0031,0.0031,0.0035,32.9826
3045,100485.0000,100485.0025,0.0025,0.0032,32.9993
3046,100518.0000,100518.0018,0.0018,0.0032,32.9993
3047,100551.0000,100551.0034,0.0034,0.0042,33.0016
3048,100584.0000,100584.0026,0.0026,0.0050,32.9992
3049,100617.0000,100617.0023,0.0023,0.0041,32.9997
3050,100650.0000,100650.0024,0.0024,0.0041,33.0002
3051,100683.0000,100683.0026,0.0026,0.0036,33.0002
3052,100716.0000,100716.0025,0.0025,0.0044,32.9999
3053,100749.0000,100749.0027,0.0027,0.0037,33.0001
3054,100782.0000,100782.0029,0.0029,0.0045,33.0003
3055,100815.0000,100815.0030,0.0030,0.0044,33.0001
3056,100848.0000,100848.0033,0.0033,0.0040,33.0002
3057,100881.0000,100881.0026,0.0026,0.0041,32.9994
3058,100914.0000,100914.0024,0.0024,0.0041,32.9997
3059,100947.0000,100947.0024,0.0024,0.0032,33.0000
3060,100980.0000,100980.0020,0.0020,0.0035,32.9996
3061,101013.0000,101013.0025,0.0025,0.0041,33.0005
3062,101046.0000,101046.0024,0.0024,0.0043,32.9999
3063,101079.0000,101079.0026,0.0026,0.0040,33.0002
3064,101112.0000,101112.0027,0.0027,0.0043,33.0002
3065,101145.0000,101146.0119,1.0119,0.0040,34.0091
3066,101178.0000,101178.0021,0.0021,0.0040,31.9902
3067,101211.0000,101211.0020,0.0020,0.0037,32.9999
3068,101244.0000,101244.0018,0.0018,0.0043,32.9998
3069,101277.0000,101277.0021,0.0021,0.0044,33.0003
3070,101310.0000,101310.0022,0.0022,0.0039,33.0001
3071,101343.0000,101343.0024,0.0024,0.0040,33.0002
3072,101376.0000,101376.0023,0.0023,0.0035,32.9999
3073,101409.0000,101409.0026,0.0026,0.0042,33.0003
3074,101442.0000,101442.0022,0.0022,0.0038,32.9996
3075,101475.0000,101475.0018,0.0018,0.0026,32.9996
3076,101508.0000,101508.0024,0.0024,0.0032,33.0006
3077,101541.0000,101541.0023,0.0023,0.0031,32.9999
3078,101574.0000,101574.0019,0.0019,0.0028,32.9996
3079,101607.0000,101607.0020,0.0020,0.0030,33.0001
3080,101640.0000,101640.0019,0.0019,0.0034,33.0000
3081,101673.0000,101673.0023,0.0023,0.0029,33.0004
3082,101706.0000,101706.0051,0.0051,0.0028,33.0028
3083,101739.0000,101739.0022,0.0022,0.0034,32.9971
3084,101772.0000,101772.0020,0.0020,0.0035,32.9998
3085,101805.0000,101805.0021,0.0021,0.0039,33.0001
3086,101838.0000,101838.0023,0.0023,0.0053,33.0002
3087,101871.0000,101871.0025,0.0025,0.0039,33.0002
3088,101904.0000,101904.0023,0.0023,0.0035,32.9998
3089,101937.0000,101937.0028,0.0028,0.0042,33.0005
3090,101970.0000,101970.0026,0.0026,0.0040,32.9998
3091,102003.0000,102003.0020,0.0020,0.0040,32.9994
3092,102036.0000,102036.0022,0.0022,0.0034,33.0002
3093,102069.0000,102069.0022,0.0022,0.0038,33.0000
3094,102102.0000,102102.0037,0.0037,0.0048,33.0015
3095,102135.0000,102135.0047,0.0047,0.0051,33.0009
3096,102168.0000,102168.0025,0.0025,0.0035,32.9978
3097,102201.0000,102201.0024,0.0024,0.0036,33.0000
3098,102234.0000,102234.0026,0.0026,0.0031,33.0002
3099,102267.0000,102267.0022,0.0022,0.0043,32.9996
3100,102300.0000,102300.0019,0.0019,0.0034,32.9996
3101,102333.0000,102333.0026,0.0026,0.0034,33.0007
3102,102366.0000,102366.0021,0.0021,0.0038,32.9995
3103,102399.0000,102399.0020,0.0020,0.0044,33.0000
3104,102432.0000,102432.0022,0.0022,0.0038,33.0002
3105,102465.0000,102465.0024,0.0024,0.0037,33.0002
3106,102498.0000,102498.0023,0.0023,0.0048,32.9998
3107,102531.0000,102531.0025,0.0025,0.0043,33.0002
3108,102564.0000,102564.0026,0.0026,0.0035,33.0002
3109,102597.0000,102597.0028,0.0028,0.0041,33.0002
3110,102630.0000,102630.0026,0.0026,0.0039,32.9997
3111,102663.0000,102663.0032,0.0032,0.0036,33.0006
3112,102696.0000,102696.0026,0.0026,0.0036,32.9994
3113,102729.0000,102729.0022,0.0022,0.0037,32.9995
3114,102762.0000,102762.0023,0.0023,0.0036,33.0001
3115,102795.0000,102795.0022,0.0022,0.0026,33.0000
3116,102828.0000,102828.0018,0.0018,0.0027,32.9996
3117,102861.0000,102861.0039,0.0039,0.0053,33.0021
3118,102894.0000,102894.0031,0.0031,0.0042,32.9992
3119,102927.0000,102927.0029,0.0029,0.0045,32.9998
3120,102960.0000,102960.0032,0.0032,0.0035,33.0002
3121,102993.0000,102993.0026,0.0026,0.0034,32.9994
3122,103026.0000,103026.0017,0.0017,0.0030,32.9991
3123,103059.0000,103059.0018,0.0018,0.0030,33.0002
3124,103092.0000,103092.0027,0.0027,0.0038,33.0009
3125,103125.0000,103125.0019,0.0019,0.0042,32.9991
3126,103158.0000,103158.0019,0.0019,0.0027,33.0000
3127,103191.0000,103191.0054,0.0054,0.0036,33.0035
3128,103224.0000,103224.0026,0.0026,0.0034,32.9972
3129,103257.0000,103257.0020,0.0020,0.0039,32.9994
3130,103290.0000,103290.0027,0.0026,0.0043,33.0006
3131,103323.0000,103323.0023,0.0023,0.0032,32.9997
3132,103356.0000,103356.0030,0.0030,0.0043,33.0007
3133,103389.0000,103389.0028,0.0028,0.0040,32.9998
3134,103422.0000,103422.0025,0.0025,0.0036,32.9997
3135,103455.0000,103455.0021,0.0021,0.0194,32.9996
3136,103488.0000,103488.0028,0.0028,0.0035,33.0008
3137,103521.0000,103521.0022,0.0022,0.0037,32.9994
3138,103554.0000,103554.0024,0.0024,0.0031,33.0002
3139,103587.0000,103587.0020,0.0020,0.0030,32.9996
3140,103620.0000,103620.0024,0.0024,0.0034,33.0004
3141,103653.0000,103653.0021,0.0021,0.0031,32.9997
3142,103686.0000,103686.0025,0.0025,0.0032,33.0004
3143,103719.0000,103719.0025,0.0025,0.0039,33.0000
3144,103752.0000,103752.0023,0.0023,0.0031,32.9998
3145,103785.0000,103785.0029,0.0029,0.0039,33.0006
3146,103818.0000,103818.0022,0.0022,0.0039,32.9993
3147,103851.0000,103851.0134,0.0134,0.0044,33.0112
3148,103884.0000,103884.0021,0.0021,0.0037,32.9887
3149,103917.0000,103917.0023,0.0023,0.0031,33.0002
3150,103950.0000,103950.0022,0.0022,0.0035,32.9999
3151,103983.0000,103983.0024,0.0024,0.0036,33.0002
3152,104016.0000,104016.0025,0.0025,0.0036,33.0001
3153,104049.0000,104049.0032,0.0032,0.0047,33.0007
3154,104082.0000,104082.0030,0.0030,0.0043,32.9997
3155,104115.0000,104115.0030,0.0030,0.0036,33.0001
3156,104148.0000,104148.0028,0.0028,0.0037,32.9997
3157,104181.0000,104181.0026,0.0026,0.0037,32.9998
3158,104214.0000,104214.0022,0.0022,0.0031,32.9997
3159,104247.0000,104247.0021,0.0021,0.0034,32.9999
3160,104280.0000,104280.0026,0.0026,0.0043,33.0004
3161,104313.0000,104313.0022,0.0022,0.0036,32.9996
3162,104346.0000,104346.0024,0.0024,0.0049,33.0002
3163,104379.0000,104379.0021,0.0021,0.0040,32.9997
3164,104412.0000,104412.2278,0.2278,0.0036,33.2257
3165,104445.0000,104445.0022,0.0022,0.0031,32.7744
3166,104478.0000,104478.0026,0.0026,0.0034,33.0004
3167,104511.0000,104511.0028,0.0028,0.0033,33.0002
3168,104544.0000,104544.0018,0.0018,0.0032,32.9990
3169,104577.0000,104577.0021,0.0021,0.0031,33.0004
3170,104610.0000,104610.0021,0.0021,0.0032,33.0000
3171,104643.0000,104643.0020,0.0020,0.0035,32.9999
3172,104676.0000,104676.0025,0.0025,0.0032,33.0004
3173,104709.0000,104709.0021,0.0021,0.0035,32.9997
3174,104742.0000,104742.0021,0.0021,0.0033,32.9999
3175,104775.0000,104775.0027,0.0027,0.0044,33.0006
3176,104808.0000,104808.0025,0.0025,0.0040,32.9998
3177,104841.0000,104841.0031,0.0031,0.0048,33.0007
3178,104874.0000,104874.0028,0.0028,0.0041,32.9996
3179,104907.0000,104907.0021,0.0021,0.0037,32.9993
3180,104940.0000,104940.0034,0.0034,0.0044,33.0014
3181,104973.0000,104973.0025,0.0025,0.0046,32.9990
3182,105006.0000,105006.0023,0.0023,0.0037,32.9998
3183,105039.0000,105039.0044,0.0044,0.0043,33.0021
3184,105072.0000,105072.0029,0.0029,0.0044,32.9985
3185,105105.0000,105105.0041,0.0041,0.0058,33.0012
3186,105138.0000,105138.0047,0.0047,0.0069,33.0006
3187,105171.0000,105171.0041,0.0041,0.0053,32.9994
3188,105204.0000,105204.0035,0.0035,0.0044,32.9993
3189,105237.0000,105237.0041,0.0041,0.0642,33.0006
3190,105270.0000,105270.0036,0.0036,0.0045,32.9995
3191,105303.0000,105303.0029,0.0029,0.0045,32.9993
3192,105336.0000,105336.0021,0.0021,0.0033,32.9992
3193,105369.0000,105369.0024,0.0024,0.0033,33.0003
3194,105402.0000,105402.0040,0.0040,0.0045,33.0016
3195,105435.0000,105435.0023,0.0023,0.0036,32.9983
3196,105468.0000,105468.0017,0.0017,0.0027,32.9994
3197,105501.0000,105501.0027,0.0027,0.0053,33.0010
3198,105534.0000,105534.0029,0.0029,0.0035,33.0002
3199,105567.0000,105567.0033,0.0033,0.0034,33.0005
3200,105600.0000,105600.0019,0.0019,0.0029,32.9986
3201,105633.0000,105633.0020,0.0020,0.0030,33.0000
3202,105666.0000,105666.0026,0.0026,0.0045,33.0006
3203,105699.0000,105699.0021,0.0021,0.0033,32.9995
3204,105732.0000,105732.0020,0.0020,0.0036,33.0000
3205,105765.0000,105765.0019,0.0019,0.0037,32.9999
3206,105798.0000,105798.0021,0.0021,0.0037,33.0002
3207,105831.0000,105831.0020,0.0020,0.0042,33.0000
3208,105864.0000,105864.0022,0.0022,0.0033,33.0002
3209,105897.0000,105897.0021,0.0021,0.0024,32.9998
3210,105930.0000,105930.0019,0.0019,0.0034,32.9998
3211,105963.0000,105963.0017,0.0017,0.0030,32.9998
3212,105996.0000,105996.0017,0.0017,0.0024,33.0000
3213,106029.0000,106029.0015,0.0015,0.0025,32.9998
3214,106062.0000,106062.0020,0.0020,0.0031,33.0005
3215,106095.0000,106095.0023,0.0023,0.0033,33.0003
3216,106128.0000,106128.0023,0.0023,0.0036,33.0000
3217,106161.0000,106161.0026,0.0026,0.0032,33.0003
3218,106194.0000,106194.0034,0.0034,0.0039,33.0009
3219,106227.0000,106227.0026,0.0026,0.0047,32.9992
3220,106260.0000,106260.0028,0.0028,0.0043,33.0002
3221,106293.0000,106293.2872,0.2872,0.0037,33.2843
3222,106326.0000,106326.0031,0.0031,0.0041,32.7160
3223,106359.0000,106359.3635,0.3635,0.0048,33.3604
3224,106392.0000,106392.4997,0.4997,0.0040,33.1362
3225,106425.0000,106425.0023,0.0023,0.0036,32.5026
3226,106458.0000,106458.0023,0.0023,0.0046,33.0000
3227,106491.0000,106491.0024,0.0024,0.0040,33.0002
3228,106524.0000,106524.0026,0.0026,0.0039,33.0002
3229,106557.0000,106557.0019,0.0019,0.0040,32.9993
3230,106590.0000,106590.0022,0.0022,0.0033,33.0003
3231,106623.0000,106623.0027,0.0027,0.0037,33.0005
3232,106656.0000,106656.0025,0.0025,0.0033,32.9997
3233,106689.0000,106689.0024,0.0024,0.0033,32.9999
3234,106722.0000,106722.0023,0.0023,0.0034,32.9999
3235,106755.0000,106755.0034,0.0034,0.0044,33.0011
3236,106788.0000,106788.0022,0.0022,0.0043,32.9988
3237,106821.0000,106821.0021,0.0021,0.0159,32.9999
3238,106854.0000,106854.0023,0.0023,0.0040,33.0003
3239,106887.0000,106887.0024,0.0024,0.0036,33.0000
3240,106920.0000,106920.0024,0.0024,0.0042,33.0000
3241,106953.0000,106953.0029,0.0029,0.0041,33.0005
3242,106986.0000,106986.0028,0.0028,0.0035,32.9999
3243,107019.0000,107019.0022,0.0022,0.0036,32.9994
3244,107052.0000,107052.0033,0.0033,0.0043,33.0011
3245,107085.0000,107085.0033,0.0033,0.0040,33.0000
3246,107118.0000,107118.0025,0.0025,0.0032,32.9993
3247,107151.0000,107151.0020,0.0020,0.0041,32.9994
3248,107184.0000,107184.0022,0.0022,0.0031,33.0002
3249,107217.0000,107217.0020,0.0020,0.0030,32.9998
3250,107250.0000,107250.0026,0.0026,0.0030,33.0005
3251,107283.0000,107283.0024,0.0024,0.0028,32.9999
3252,107316.0000,107316.0025,0.0025,0.0026,33.0001
3253,107349.0000,107349.0027,0.0027,0.0028,33.0002
3254,107382.0000,107382.0025,0.0025,0.0048,32.9998
3255,107415.0000,107415.0022,0.0022,0.0033,32.9998
3256,107448.0000,107448.0017,0.0017,0.0039,32.9995
3257,107481.0000,107481.0016,0.0016,0.0032,32.9999
3258,107514.0000,107514.0018,0.0018,0.0039,33.0002
3259,107547.0000,107547.0018,0.0018,0.0030,32.9999
3260,107580.0000,107580.0021,0.0021,0.0035,33.0003
3261,107613.0000,107613.0021,0.0021,0.0036,33.0000
3262,107646.0000,107646.0024,0.0024,0.0036,33.0003
3263,107679.0000,107679.0021,0.0021,0.0033,32.9997
3264,107712.0000,107712.0022,0.0022,0.0037,33.0002
3265,107745.0000,107745.0026,0.0026,0.0032,33.0004
3266,107778.0000,107778.0026,0.0026,0.0040,33.0000
3267,107811.0000,107811.0019,0.0019,0.0034,32.9993
3268,107844.0000,107844.0021,0.0021,0.0037,33.0002
3269,107877.0000,107877.0023,0.0023,0.0041,33.0002
3270,107910.0000,107910.0021,0.0021,0.0034,32.9998
3271,107943.0000,107943.0023,0.0023,0.0044,33.0002
3272,107976.0000,107976.0021,0.0021,0.0040,32.9998
3273,108009.0000,108009.0020,0.0020,0.0038,32.9999
3274,108042.0000,108042.0022,0.0022,0.0040,33.0001
3275,108075.0000,108075.0023,0.0023,0.0039,33.0001
3276,108108.0000,108108.0024,0.0024,0.0033,33.0002
3277,108141.0000,108141.0021,0.0021,0.0038,32.9996
3278,108174.0000,108174.0028,0.0028,0.0042,33.0007
3279,108207.0000,108207.0022,0.0022,0.0045,32.9995
3280,108240.0000,108240.0032,0.0032,0.0039,33.0010
3281,108273.0000,108273.0023,0.0023,0.0038,32.9991
3282,108306.0000,108306.0022,0.0022,0.0040,32.9999
3283,108339.0000,108339.0020,0.0020,0.0036,32.9997
3284,108372.0000,108372.0019,0.0019,0.0031,33.0000
3285,108405.0000,108405.0022,0.0022,0.0041,33.0003
3286,108438.0000,108438.0022,0.0022,0.0028,33.0000
3287,108471.0000,108471.0016,0.0016,0.0028,32.9994
3288,108504.0000,108504.0018,0.0018,0.0027,33.0002
3289,108537.0000,108537.0016,0.0016,0.0031,32.9998
3290,108570.0000,108570.0020,0.0020,0.0027,33.0004
3291,108603.0000,108603.0019,0.0019,0.0040,32.9999
3292,108636.0000,108636.0019,0.0019,0.0033,33.0000
3293,108669.0000,108669.0022,0.0022,0.0034,33.0003
3294,108702.0000,108702.0025,0.0025,0.0034,33.0003
3295,108735.0000,108735.0026,0.0026,0.0040,33.0002
3296,108768.0000,108768.0025,0.0025,0.0035,32.9998
3297,108801.0000,108801.0027,0.0027,0.0042,33.0003
3298,108834.0000,108834.0026,0.0026,0.0039,32.9999
3299,108867.0000,108867.0025,0.0025,0.0033,32.9999
3300,108900.0000,108900.0021,0.0021,0.0040,32.9996
3301,108933.0000,108933.0022,0.0022,0.0035,33.0001
3302,108966.0000,108966.0021,0.0021,0.0030,32.9999
3303,108999.0000,108999.0019,0.0019,0.0034,32.9998
3304,109032.0000,109032.0017,0.0017,0.0031,32.9998
3305,109065.0000,109065.0031,0.0031,0.0039,33.0014
3306,109098.0000,109098.0020,0.0020,0.0031,32.9989
3307,109131.0000,109131.0016,0.0016,0.0032,32.9996
3308,109164.0000,109164.0027,0.0027,0.0035,33.0011
3309,109197.0000,109197.0028,0.0028,0.0028,33.0001
3310,109230.0000,109230.0029,0.0029,0.0035,33.0001
3311,109263.0000,109263.0024,0.0024,0.0036,32.9994
3312,109296.0000,109296.0026,0.0026,0.0041,33.0002
3313,109329.0000,109329.0020,0.0020,0.0036,32.9994
3314,109362.0000,109362.0021,0.0021,0.0043,33.0002
3315,109395.0000,109395.0022,0.0022,0.0038,33.0000
3316,109428.0000,109428.0024,0.0024,0.0044,33.0003
3317,109461.0000,109461.0026,0.0026,0.0045,33.0002
3318,109494.0000,109494.0024,0.0024,0.0048,32.9998
3319,109527.0000,109527.0026,0.0026,0.0048,33.0002
3320,109560.0000,109560.0029,0.0029,0.0043,33.0003
3321,109593.0000,109593.0030,0.0030,0.0035,33.0001
3322,109626.0000,109626.0034,0.0034,0.0041,33.0005
3323,109659.0000,109659.0029,0.0029,0.0040,32.9994
3324,109692.0000,109692.0020,0.0020,0.0039,32.9991
3325,109725.0000,109725.0023,0.0023,0.0038,33.0002
3326,109758.0000,109758.0029,0.0029,0.0033,33.0006
3327,109791.0000,109791.0021,0.0021,0.0032,32.9992
3328,109824.0000,109824.0026,0.0026,0.0040,33.0005
3329,109857.0000,109857.0025,0.0025,0.0041,32.9999
3330,109890.0000,109890.0029,0.0029,0.0040,33.0005
3331,109923.0000,109923.0028,0.0028,0.0044,32.9999
3332,109956.0000,109956.0030,0.0030,0.0037,33.0002
3333,109989.0000,109989.0024,0.0024,0.0040,32.9994
3334,110022.0000,110022.0034,0.0034,0.0040,33.0010
3335,110055.0000,110055.0031,0.0031,0.0036,32.9997
3336,110088.0000,110088.0024,0.0024,0.0037,32.9993
3337,110121.0000,110121.0031,0.0031,0.0041,33.0007
3338,110154.0000,110154.0024,0.0024,0.0041,32.9994
3339,110187.0000,110187.0025,0.0025,0.0178,33.0001
3340,110220.0000,110220.0027,0.0027,0.0039,33.0002
3341,110253.0000,110253.0026,0.0026,0.0049,32.9998
3342,110286.0000,110286.0027,0.0027,0.0030,33.0001
3343,110319.0000,110319.0027,0.0027,0.0038,33.0000
3344,110352.0000,110352.0027,0.0027,0.0138,33.0000
3345,110385.0000,110385.0023,0.0023,0.0038,32.9996
3346,110418.0000,110418.0021,0.0021,0.0033,32.9998
3347,110451.0000,110451.0022,0.0022,0.0031,33.0001
3348,110484.0000,110484.0024,0.0024,0.0030,33.0002
3349,110517.0000,110517.0024,0.0024,0.0033,33.0000
3350,110550.0000,110550.0022,0.0022,0.0036,32.9998
3351,110583.0000,110583.0026,0.0026,0.0034,33.0004
3352,110616.0000,110616.0015,0.0015,0.0026,32.9989
3353,110649.0000,110649.0016,0.0016,0.0026,33.0001
3354,110682.0000,110682.0020,0.0020,0.0026,33.0004
3355,110715.0000,110715.0023,0.0023,0.0035,33.0004
3356,110748.0000,110748.0018,0.0018,0.0029,32.9995
3357,110781.0000,110781.0018,0.0018,0.0032,33.0000
3358,110814.0000,110814.0023,0.0023,0.0037,33.0005
3359,110847.0000,110847.0021,0.0021,0.0032,32.9998
3360,110880.0000,110880.0022,0.0022,0.0033,33.0002
3361,110913.0000,110913.0025,0.0025,0.0032,33.0003
3362,110946.0000,110946.0024,0.0024,0.0044,32.9999
3363,110979.0000,110979.0025,0.0025,0.0036,33.0001
3364,111012.0000,111012.0027,0.0027,0.0043,33.0002
3365,111045.0000,111045.0027,0.0027,0.0034,33.0000
3366,111078.0000,111078.0026,0.0026,0.0049,33.0000
3367,111111.0000,111111.0033,0.0033,0.0048,33.0007
3368,111144.0000,111144.0027,0.0027,0.0039,32.9994
3369,111177.0000,111177.0023,0.0023,0.0036,32.9996
3370,111210.0000,111210.0033,0.0033,0.0043,33.0009
3371,111243.0000,111243.0030,0.0030,0.0045,32.9998
3372,111276.0000,111276.0024,0.0024,0.0037,32.9994
3373,111309.0000,111309.0027,0.0027,0.0031,33.0002
3374,111342.0000,111342.0025,0.0025,0.0036,32.9999
3375,111375.0000,111375.0030,0.0030,0.0045,33.0005
3376,111408.0000,111408.0026,0.0026,0.0038,32.9996
3377,111441.0000,111441.0030,0.0030,0.0035,33.0005
3378,111474.0000,111474.0028,0.0028,0.0032,32.9998
3379,111507.0000,111507.0035,0.0035,0.0048,33.0007
3380,111540.0000,111540.0023,0.0023,0.0041,32.9988
3381,111573.0000,111573.0024,0.0024,0.0043,33.0002
3382,111606.0000,111606.0024,0.0024,0.0039,32.9999
3383,111639.0000,111639.0024,0.0024,0.0045,33.0000
3384,111672.0000,111672.0031,0.0031,0.0050,33.0007
3385,111705.0000,111705.0025,0.0025,0.0047,32.9994
3386,111738.0000,111738.0027,0.0027,0.0043,33.0002
3387,111771.0000,111771.0031,0.0031,0.0041,33.0004
3388,111804.0000,111804.0033,0.0033,0.0032,33.0002
3389,111837.0000,111837.0020,0.0020,0.0045,32.9986
3390,111870.0000,111870.0034,0.0034,0.0035,33.0015
3391,111903.0000,111903.0020,0.0020,0.0034,32.9986
3392,111936.0000,111936.0021,0.0021,0.0049,33.0001
3393,111969.0000,111969.0023,0.0023,0.0040,33.0002
3394,112002.0000,112002.0026,0.0026,0.0035,33.0002
3395,112035.0000,112035.0026,0.0026,0.0045,33.0000
3396,112068.0000,112068.0023,0.0023,0.0039,32.9997
3397,112101.0000,112101.0025,0.0025,0.0036,33.0002
3398,112134.0000,112134.0028,0.0028,0.0036,33.0002
3399,112167.0000,112167.0029,0.0029,0.0035,33.0002
3400,112200.0000,112200.0017,0.0017,0.0030,32.9987
3401,112233.0000,112233.0019,0.0019,0.0032,33.0002
3402,112266.0000,112266.0020,0.0020,0.0033,33.0001
3403,112299.0000,112299.0024,0.0024,0.0034,33.0004
3404,112332.0000,112332.0022,0.0022,0.0033,32.9998
3405,112365.0000,112365.0023,0.0023,0.0033,33.0002
3406,112398.0000,112398.0025,0.0025,0.0026,33.0002
3407,112431.0000,112431.0021,0.0021,0.0027,32.9996
3408,112464.0000,112464.0031,0.0031,0.0037,33.0010
3409,112497.0000,112497.0026,0.0026,0.0038,32.9995
3410,112530.0000,112530.0028,0.0028,0.0040,33.0002
3411,112563.0000,112563.2256,0.2256,0.0044,33.2228
3412,112596.0000,112596.0021,0.0021,0.0034,32.7764
3413,112629.0000,112629.0021,0.0021,0.0038,33.0001
3414,112662.0000,112662.0023,0.0023,0.0038,33.0002
3415,112695.0000,112695.0068,0.0068,0.0045,33.0045
3416,112728.0000,112728.0024,0.0024,0.0033,32.9956
3417,112761.0000,112761.0026,0.0026,0.0050,33.0002
3418,112794.0000,112794.0024,0.0024,0.0043,32.9999
3419,112827.0000,112827.0026,0.0026,0.0043,33.0002
3420,112860.0000,112860.0024,0.0024,0.0038,32.9998
3421,112893.0000,112893.0050,0.0050,0.0049,33.0026
3422,112926.0000,112926.0028,0.0028,0.0042,32.9978
3423,112959.0000,112959.0024,0.0024,0.0039,32.9995
3424,112992.0000,112992.0037,0.0037,0.0046,33.0013
3425,113025.0000,113025.0020,0.0020,0.0040,32.9983
3426,113058.0000,113058.0023,0.0023,0.0040,33.0003
3427,113091.0000,113091.0025,0.0025,0.0043,33.0002
3428,113124.0000,113124.0026,0.0026,0.0046,33.0000
3429,113157.0000,113157.0024,0.0024,0.0043,32.9999
3430,113190.0000,113190.0028,0.0028,0.0041,33.0004
3431,113223.0000,113223.0027,0.0027,0.0048,32.9999
3432,113256.0000,113256.0030,0.0030,0.0043,33.0002
3433,113289.0000,113290.4881,1.4881,0.0046,34.4851
3434,113322.0000,113322.0033,0.0033,0.0043,31.5153
3435,113355.0000,113355.0027,0.0027,0.0041,32.9994
3436,113388.0000,113388.0028,0.0028,0.0043,33.0002
3437,113421.0000,113421.0022,0.0022,0.0041,32.9994
3438,113454.0000,113454.0024,0.0024,0.0042,33.0001
3439,113487.0000,113487.0025,0.0025,0.0050,33.0002
3440,113520.0000,113520.0024,0.0024,0.0043,32.9999
3441,113553.0000,113553.0029,0.0029,0.0185,33.0005
3442,113586.0000,113586.0026,0.0026,0.0037,32.9996
3443,113619.0000,113619.0030,0.0030,0.0045,33.0004
3444,113652.0000,113652.0021,0.0021,0.0039,32.9991
3445,113685.0000,113685.0025,0.0025,0.0032,33.0004
3446,113718.0000,113718.0027,0.0027,0.0032,33.0002
3447,113751.0000,113751.0023,0.0023,0.0031,32.9996
3448,113784.0000,113784.0022,0.0022,0.0040,33.0000
3449,113817.0000,113817.0024,0.0024,0.0032,33.0001
3450,113850.0000,113850.0025,0.0025,0.0062,33.0002
3451,113883.0000,113883.0040,0.0040,0.0047,33.0015
3452,113916.0000,113916.0025,0.0025,0.0037,32.9985
3453,113949.0000,113949.2497,0.2497,0.0046,33.2472
3454,113982.0000,113982.5403,0.5403,0.0087,33.2906
3455,114015.0000,114015.0035,0.0035,0.0049,32.4632
3456,114048.0000,114048.0029,0.0029,0.0052,32.9994
3457,114081.0000,114081.0031,0.0031,0.0040,33.0001
3458,114114.0000,114114.0028,0.0028,0.0043,32.9997
3459,114147.0000,114147.0026,0.0026,0.0038,32.9998
3460,114180.0000,114180.0023,0.0023,0.0033,32.9997
3461,114213.0000,114213.0025,0.0025,0.0040,33.0003
3462,114246.0000,114246.0027,0.0027,0.0035,33.0002
3463,114279.0000,114279.0025,0.0025,0.0036,32.9998
3464,114312.0000,114312.0030,0.0030,0.0041,33.0005
3465,114345.0000,114345.0025,0.0025,0.0040,32.9995
3466,114378.0000,114378.0031,0.0031,0.0035,33.0006
3467,114411.0000,114411.0029,0.0029,0.0033,32.9998
3468,114444.0000,114444.0026,0.0026,0.0033,32.9997
3469,114477.0000,114477.0024,0.0024,0.0044,32.9998
3470,114510.0000,114510.0025,0.0025,0.0037,33.0001
3471,114543.0000,114543.0018,0.0018,0.0030,32.9993
3472,114576.0000,114576.0022,0.0022,0.0035,33.0004
3473,114609.0000,114609.0020,0.0020,0.0036,32.9998
3474,114642.0000,114642.3121,0.3121,0.0045,33.3101
3475,114675.0000,114675.0026,0.0026,0.0037,32.6905
3476,114708.0000,114708.0028,0.0028,0.0043,33.0002
3477,114741.0000,114741.0029,0.0029,0.0039,33.0000
3478,114774.0000,114774.0029,0.0029,0.0040,33.0000
3479,114807.0000,114807.0026,0.0026,0.0031,32.9997
3480,114840.0000,114840.0027,0.0027,0.0037,33.0001
3481,114873.0000,114873.0039,0.0039,0.0048,33.0012
3482,114906.0000,114906.0024,0.0024,0.0039,32.9985
3483,114939.0000,114939.0027,0.0027,0.0042,33.0003
3484,114972.0000,114972.0027,0.0027,0.0032,33.0000
3485,115005.0000,115005.0040,0.0040,0.0047,33.0013
3486,115038.0000,115038.0026,0.0026,0.0037,32.9986
3487,115071.0000,115071.0028,0.0028,0.0035,33.0002
3488,115104.0000,115104.0030,0.0030,0.0044,33.0002
3489,115137.0000,115137.0032,0.0032,0.0043,33.0002
3490,115170.0000,115170.0037,0.0037,0.0041,33.0005
3491,115203.0000,115203.0022,0.0022,0.0042,32.9986
3492,115236.0000,115236.0021,0.0021,0.0045,32.9999
3493,115269.0000,115269.0024,0.0024,0.0039,33.0003
3494,115302.0000,115302.0024,0.0024,0.0033,33.0000
3495,115335.0000,115335.0023,0.0023,0.0036,32.9999
3496,115368.0000,115368.0025,0.0025,0.0035,33.0002
3497,115401.0000,115401.0022,0.0022,0.0037,32.9997
3498,115434.0000,115434.0021,0.0021,0.0028,32.9998
3499,115467.0000,115467.0022,0.0022,0.0034,33.0002
3500,115500.0000,115500.0028,0.0028,0.0032,33.0005
3501,115533.0000,115533.0039,0.0039,0.0051,33.0011
3502,115566.0000,115566.0023,0.0023,0.0041,32.9984
3503,115599.0000,115599.0023,0.0023,0.0048,33.0000
3504,115632.0000,115632.0023,0.0023,0.0045,33.0000
3505,115665.0000,115665.0025,0.0025,0.0039,33.0002
3506,115698.0000,115698.0026,0.0026,0.0040,33.0002
3507,115731.0000,115731.0045,0.0045,0.0049,33.0018
3508,115764.0000,115764.0029,0.0029,0.0035,32.9985
3509,115797.0000,115797.0025,0.0025,0.0038,32.9996
3510,115830.0000,115830.0030,0.0030,0.0035,33.0004
3511,115863.0000,115863.0028,0.0028,0.0040,32.9998
3512,115896.0000,115896.0029,0.0029,0.0038,33.0001
3513,115929.0000,115929.0027,0.0027,0.0033,32.9998
3514,115962.0000,115962.0026,0.0026,0.0034,33.0000
3515,115995.0000,115995.0022,0.0022,0.0041,32.9995
3516,116028.0000,116028.0018,0.0018,0.0031,32.9996
3517,116061.0000,116061.0026,0.0026,0.0040,33.0008
3518,116094.0000,116094.0022,0.0022,0.0030,32.9997
3519,116127.0000,116127.0024,0.0024,0.0039,33.0002
3520,116160.0000,116160.0025,0.0025,0.0032,33.0000
3521,116193.0000,116193.0030,0.0030,0.0037,33.0005
3522,116226.0000,116226.0032,0.0032,0.0036,33.0002
3523,116259.0000,116259.0026,0.0026,0.0036,32.9994
3524,116292.0000,116292.0031,0.0031,0.0033,33.0005
3525,116325.0000,116325.0020,0.0020,0.0042,32.9989
3526,116358.0000,116358.0021,0.0021,0.0046,33.0001
3527,116391.0000,116391.0022,0.0022,0.0040,33.0001
3528,116424.0000,116424.0025,0.0025,0.0041,33.0003
3529,116457.0000,116457.0025,0.0025,0.0044,32.9999
3530,116490.0000,116490.0022,0.0022,0.0034,32.9997
3531,116523.0000,116523.0027,0.0027,0.0044,33.0006
3532,116556.0000,116556.0030,0.0030,0.0036,33.0002
3533,116589.0000,116589.0027,0.0027,0.0037,32.9997
3534,116622.0000,116622.0025,0.0025,0.0037,32.9998
3535,116655.0000,116655.0027,0.0027,0.0036,33.0002
3536,116688.0000,116688.0020,0.0020,0.0044,32.9992
3537,116721.0000,116721.0022,0.0022,0.0044,33.0003
3538,116754.0000,116754.0025,0.0025,0.0031,33.0002
3539,116787.0000,116787.0025,0.0025,0.0040,33.0000
3540,116820.0000,116820.0022,0.0022,0.0043,32.9997
3541,116853.0000,116853.0025,0.0025,0.0036,33.0003
3542,116886.0000,116886.0027,0.0027,0.0035,33.0002
3543,116919.0000,116919.0021,0.0021,0.0158,32.9994
3544,116952.0000,116952.0021,0.0021,0.0042,32.9999
3545,116985.0000,116985.0028,0.0028,0.0039,33.0007
3546,117018.0000,117018.0025,0.0025,0.0038,32.9997
3547,117051.0000,117051.0022,0.0022,0.0042,32.9997
3548,117084.0000,117084.0022,0.0022,0.0031,33.0000
3549,117117.0000,117117.0023,0.0023,0.0034,33.0001
3550,117150.0000,117150.0026,0.0026,0.0045,33.0003
3551,117183.0000,117183.0024,0.0024,0.0036,32.9997
3552,117216.0000,117216.0026,0.0026,0.0037,33.0002
3553,117249.0000,117249.0030,0.0030,0.0040,33.0004
3554,117282.0000,117282.0032,0.0032,0.0041,33.0002
3555,117315.0000,117315.0033,0.0033,0.0033,33.0002
3556,117348.0000,117348.0025,0.0025,0.0031,32.9992
3557,117381.0000,117381.0029,0.0029,0.0033,33.0005
3558,117414.0000,117414.0028,0.0028,0.0045,32.9999
3559,117447.0000,117447.0023,0.0023,0.0046,32.9995
3560,117480.0000,117480.0024,0.0024,0.0033,33.0001
3561,117513.0000,117513.0024,0.0024,0.0034,33.0000
3562,117546.0000,117546.0019,0.0019,0.0032,32.9995
3563,117579.0000,117579.0021,0.0021,0.0032,33.0001
3564,117612.0000,117612.0022,0.0022,0.0029,33.0002
3565,117645.0000,117645.0021,0.0021,0.0031,32.9999
3566,117678.0000,117678.0017,0.0017,0.0028,32.9996
3567,117711.0000,117711.0019,0.0019,0.0034,33.0002
3568,117744.0000,117744.0021,0.0021,0.0030,33.0002
3569,117777.0000,117777.0020,0.0020,0.0043,33.0000
3570,117810.0000,117810.0024,0.0024,0.0033,33.0003
3571,117843.0000,117843.0018,0.0018,0.0031,32.9995
3572,117876.0000,117876.0021,0.0021,0.0034,33.0003
3573,117909.0000,117909.0026,0.0026,0.0033,33.0005
3574,117942.0000,117942.0032,0.0032,0.0041,33.0006
3575,117975.0000,117975.0031,0.0031,0.0045,32.9999
3576,118008.0000,118008.0025,0.0025,0.0039,32.9994
3577,118041.0000,118041.0026,0.0026,0.0032,33.0001
3578,118074.0000,118074.0024,0.0024,0.0043,32.9998
3579,118107.0000,118107.0035,0.0035,0.0049,33.0011
3580,118140.0000,118140.0023,0.0023,0.0036,32.9988
3581,118173.0000,118173.0023,0.0023,0.0038,33.0000
3582,118206.0000,118206.0022,0.0022,0.0042,32.9999
3583,118239.0000,118239.0020,0.0020,0.0036,32.9998
3584,118272.0000,118272.0022,0.0022,0.0036,33.0002
3585,118305.0000,118305.0031,0.0031,0.0047,33.0009
3586,118338.0000,118338.0026,0.0026,0.0037,32.9995
3587,118371.0000,118371.0031,0.0031,0.0041,33.0005
3588,118404.0000,118404.0030,0.0030,0.0044,33.0000
3589,118437.0000,118437.0036,0.0036,0.0040,33.0006
3590,118470.0000,118470.3984,0.3984,0.0050,33.3948
3591,118503.0000,118503.0028,0.0028,0.0043,32.6044
3592,118536.0000,118536.0021,0.0021,0.0033,32.9992
3593,118569.0000,118569.0016,0.0016,0.0030,32.9996
3594,118602.0000,118602.0020,0.0020,0.0037,33.0004
3595,118635.0000,118635.0016,0.0016,0.0026,32.9996
3596,118668.0000,118668.0018,0.0018,0.0030,33.0002
3597,118701.0000,118701.0020,0.0020,0.0034,33.0002
3598,118734.0000,118734.0020,0.0020,0.0028,33.0000
3599,118767.0000,118767.0021,0.0021,0.0030,33.0000
3600,118800.0000,118800.0022,0.0022,0.0037,33.0002
3601,118833.0000,118833.0029,0.0029,0.0041,33.0007
3602,118866.0000,118866.0022,0.0022,0.0037,32.9993
3603,118899.0000,118899.0029,0.0029,0.0041,33.0007
3604,118932.0000,118932.0022,0.0022,0.0045,32.9993
3605,118965.0000,118965.0024,0.0024,0.0045,33.0002
3606,118998.0000,118998.0026,0.0026,0.0038,33.0002
3607,119031.0000,119031.0020,0.0020,0.0040,32.9994
3608,119064.0000,119064.0026,0.0026,0.0036,33.0006
3609,119097.0000,119097.0784,0.0784,0.0046,33.0758
3610,119130.0000,119130.0025,0.0025,0.0040,32.9242
3611,119163.0000,119163.0027,0.0027,0.0039,33.0002
3612,119196.0000,119196.0029,0.0029,0.0042,33.0001
3613,119229.0000,119229.0020,0.0020,0.0039,32.9991
3614,119262.0000,119262.0020,0.0020,0.0040,33.0000
3615,119295.0000,119295.0021,0.0021,0.0037,33.0001
3616,119328.0000,119328.0024,0.0024,0.0038,33.0002
3617,119361.0000,119361.0026,0.0026,0.0040,33.0002
3618,119394.0000,119394.0024,0.0024,0.0042,32.9999
3619,119427.0000,119427.0026,0.0026,0.0043,33.0002
3620,119460.0000,119460.0028,0.0028,0.0038,33.0001
3621,119493.0000,119493.0036,0.0036,0.0057,33.0008
3622,119526.0000,119526.0032,0.0032,0.0036,32.9996
3623,119559.0000,119559.0029,0.0029,0.0041,32.9997
3624,119592.0000,119592.0020,0.0020,0.0048,32.9991
3625,119625.0000,119625.0027,0.0027,0.0037,33.0007
3626,119658.0000,119658.0019,0.0019,0.0035,32.9993
3627,119691.0000,119691.0019,0.0019,0.0037,33.0000
3628,119724.0000,119724.7337,0.7337,0.0047,33.7318
3629,119757.0000,119757.0018,0.0018,0.0041,32.2681
3630,119790.0000,119790.0029,0.0029,0.0051,33.0011
3631,119823.0000,119823.0023,0.0023,0.0040,32.9993
3632,119856.0000,119856.0022,0.0022,0.0043,32.9999
3633,119889.0000,119889.0027,0.0027,0.0039,33.0005
3634,119922.0000,119922.0023,0.0023,0.0033,32.9997
3635,119955.0000,119955.0023,0.0023,0.0035,33.0000
3636,119988.0000,119988.0026,0.0026,0.0038,33.0003
3637,120021.0000,120021.0024,0.0024,0.0035,32.9998
3638,120054.0000,120054.0024,0.0024,0.0037,33.0000
3639,120087.0000,120087.0021,0.0021,0.0033,32.9997
3640,120120.0000,120120.0019,0.0019,0.0033,32.9998
3641,120153.0000,120153.0020,0.0020,0.0034,33.0001
3642,120186.0000,120186.0020,0.0020,0.0034,33.0000
3643,120219.0000,120219.0021,0.0021,0.0028,33.0001
3644,120252.0000,120252.0027,0.0027,0.0039,33.0006
3645,120285.0000,120285.0032,0.0032,0.0141,33.0005
3646,120318.0000,120318.0034,0.0034,0.0035,33.0002
3647,120351.0000,120351.0028,0.0028,0.0037,32.9994
3648,120384.0000,120384.0028,0.0028,0.0038,33.0000
3649,120417.0000,120417.0024,0.0024,0.0034,32.9995
3650,120450.0000,120450.0025,0.0025,0.0046,33.0002
3651,120483.0000,120483.0027,0.0027,0.0041,33.0002
3652,120516.0000,120516.0025,0.0025,0.0042,32.9998
3653,120549.0000,120549.0027,0.0027,0.0035,33.0002
3654,120582.0000,120582.0032,0.0032,0.0042,33.0005
3655,120615.0000,120615.0030,0.0030,0.0035,32.9999
3656,120648.0000,120648.0019,0.0019,0.0031,32.9988
3657,120681.0000,120681.0026,0.0026,0.0032,33.0008
3658,120714.0000,120714.0020,0.0020,0.0031,32.9993
3659,120747.0000,120747.0021,0.0021,0.0041,33.0001
3660,120780.0000,120780.0023,0.0023,0.0044,33.0002
3661,120813.0000,120813.0025,0.0025,0.0037,33.0002
3662,120846.0000,120846.0027,0.0027,0.0045,33.0002
3663,120879.0000,120879.0028,0.0028,0.0044,33.0001
3664,120912.0000,120912.0027,0.0027,0.0035,32.9999
3665,120945.0000,120945.0016,0.0016,0.0027,32.9989
3666,120978.0000,120978.0023,0.0023,0.0035,33.0007
3667,121011.0000,121011.0019,0.0019,0.0037,32.9996
3668,121044.0000,121044.0026,0.0026,0.0036,33.0007
3669,121077.0000,121077.0019,0.0019,0.0040,32.9993
3670,121110.0000,121110.0025,0.0025,0.0042,33.0006
3671,121143.0000,121143.0024,0.0024,0.0039,32.9999
3672,121176.0000,121176.0043,0.0043,0.0053,33.0020
3673,121209.0000,121209.0052,0.0052,0.0049,33.0009
3674,121242.0000,121242.0042,0.0042,0.0040,32.9990
3675,121275.0000,121275.0040,0.0040,0.0042,32.9998
3676,121308.0000,121308.0033,0.0033,0.0048,32.9992
3677,121341.0000,121341.0031,0.0031,0.0052,32.9998
3678,121374.0000,121374.0040,0.0040,0.0050,33.0009
3679,121407.0000,121407.0036,0.0036,0.0042,32.9997
3680,121440.0000,121440.0036,0.0036,0.0048,32.9999
3681,121473.0000,121473.0024,0.0024,0.0041,32.9988
3682,121506.0000,121506.0022,0.0022,0.0045,32.9998
3683,121539.0000,121539.0024,0.0024,0.0041,33.0002
3684,121572.0000,121572.0788,0.0788,0.0043,33.0764
3685,121605.0000,121605.0028,0.0028,0.0040,32.9240
3686,121638.0000,121638.0026,0.0026,0.0035,32.9999
3687,121671.0000,121671.0031,0.0031,0.0047,33.0005
3688,121704.0000,121704.0030,0.0030,0.0036,32.9998
3689,121737.0000,121737.0015,0.0015,0.0028,32.9985
3690,121770.0000,121770.0024,0.0024,0.0038,33.0010
3691,121803.0000,121803.0019,0.0019,0.0039,32.9995
3692,121836.0000,121836.0020,0.0020,0.0033,33.0001
3693,121869.0000,121869.0019,0.0019,0.0030,32.9999
3694,121902.0000,121902.0020,0.0020,0.0029,33.0001
3695,121935.0000,121935.0021,0.0021,0.0029,33.0002
3696,121968.0000,121968.0020,0.0020,0.0033,32.9999
3697,122001.0000,122001.0022,0.0022,0.0034,33.0002
3698,122034.0000,122034.0023,0.0023,0.0034,33.0002
3699,122067.0000,122067.0025,0.0025,0.0030,33.0002
3700,122100.0000,122100.0017,0.0017,0.0031,32.9992
3701,122133.0000,122133.0025,0.0025,0.0041,33.0009
3702,122166.0000,122166.0019,0.0019,0.0039,32.9994
3703,122199.0000,122199.0020,0.0020,0.0037,33.0001
3704,122232.0000,122232.0023,0.0023,0.0034,33.0003
3705,122265.0000,122265.0024,0.0024,0.0035,33.0001
3706,122298.0000,122298.0026,0.0026,0.0034,33.0002
3707,122331.0000,122331.0020,0.0020,0.0033,32.9994
3708,122364.0000,122364.0016,0.0016,0.0041,32.9996
3709,122397.0000,122397.0019,0.0019,0.0034,33.0003
3710,122430.0000,122430.0015,0.0015,0.0030,32.9996
3711,122463.0000,122463.0015,0.0015,0.0029,33.0000
3712,122496.0000,122496.0019,0.0019,0.0030,33.0004
3713,122529.0000,122529.0032,0.0032,0.0037,33.0013
3714,122562.0000,122562.0029,0.0029,0.0038,32.9997
3715,122595.0000,122595.0017,0.0017,0.0031,32.9988
3716,122628.0000,122628.0023,0.0023,0.0031,33.0006
3717,122661.0000,122661.0018,0.0018,0.0033,32.9995
3718,122694.0000,122694.0020,0.0020,0.0033,33.0002
3719,122727.0000,122727.0026,0.0026,0.0028,33.0006
3720,122760.0000,122760.0027,0.0027,0.0037,33.0001
3721,122793.0000,122793.0029,0.0029,0.0037,33.0002
3722,122826.0000,122826.0023,0.0023,0.0037,32.9994
3723,122859.0000,122859.0014,0.0014,0.0027,32.9991
3724,122892.0000,122892.0018,0.0018,0.0031,33.0004
3725,122925.0000,122925.0026,0.0026,0.0030,33.0009
3726,122958.0000,122958.0021,0.0021,0.0032,32.9995
3727,122991.0000,122991.0012,0.0012,0.0019,32.9990
3728,123024.0000,123024.0023,0.0023,0.0041,33.0011
3729,123057.0000,123057.0021,0.0021,0.0028,32.9999
3730,123090.0000,123090.0015,0.0015,0.0021,32.9994
3731,123123.0000,123123.0023,0.0023,0.0028,33.0008
3732,123156.0000,123156.0022,0.0022,0.0036,32.9999
3733,123189.0000,123189.0023,0.0023,0.0029,33.0001
3734,123222.0000,123222.0032,0.0032,0.0040,33.0009
3735,123255.0000,123255.0022,0.0022,0.0041,32.9989
3736,123288.0000,123288.0021,0.0021,0.0040,32.9999
3737,123321.0000,123321.0022,0.0022,0.0044,33.0001
3738,123354.0000,123354.0023,0.0023,0.0050,33.0001
3739,123387.0000,123387.0026,0.0026,0.0040,33.0003
3740,123420.0000,123420.0024,0.0024,0.0049,32.9998
3741,123453.0000,123453.0025,0.0025,0.0044,33.0001
3742,123486.0000,123486.0027,0.0027,0.0037,33.0002
3743,123519.0000,123519.0035,0.0035,0.0056,33.0008
3744,123552.0000,123552.0033,0.0033,0.0046,32.9997
3745,123585.0000,123585.0032,0.0032,0.0040,33.0000
3746,123618.0000,123618.0034,0.0034,0.0043,33.0002
3747,123651.0000,123651.0025,0.0025,0.0172,32.9991
3748,123684.0000,123684.0021,0.0021,0.0034,32.9996
3749,123717.0000,123717.0024,0.0024,0.0036,33.0003
3750,123750.0000,123750.0025,0.0025,0.0045,33.0001
3751,123783.0000,123783.0022,0.0022,0.0036,32.9997
3752,123816.0000,123816.0021,0.0021,0.0027,32.9999
3753,123849.0000,123849.0025,0.0025,0.0031,33.0004
3754,123882.0000,123882.0021,0.0021,0.0032,32.9996
3755,123915.0000,123915.0038,0.0038,0.0044,33.0017
3756,123948.0000,123948.0028,0.0028,0.0029,32.9990
3757,123981.0000,123981.0026,0.0026,0.0032,32.9998
3758,124014.0000,124014.0020,0.0020,0.0031,32.9994
3759,124047.0000,124047.0022,0.0022,0.0027,33.0002
3760,124080.0000,124080.0067,0.0067,0.0023,33.0046
3761,124113.0000,124113.0019,0.0019,0.0027,32.9952
3762,124146.0000,124146.0017,0.0017,0.0019,32.9998
3763,124179.0000,124179.0016,0.0016,0.0023,32.9999
3764,124212.0000,124212.0018,0.0018,0.0019,33.0002
3765,124245.0000,124245.0018,0.0018,0.0025,33.0000
3766,124278.0000,124278.0014,0.0014,0.0032,32.9996
3767,124311.0000,124311.0015,0.0015,0.0028,33.0000
3768,124344.0000,124344.0018,0.0018,0.0041,33.0004
3769,124377.0000,124377.0026,0.0026,0.0033,33.0008
3770,124410.0000,124410.0021,0.0021,0.0032,32.9995
3771,124443.0000,124443.0019,0.0019,0.0035,32.9999
3772,124476.0000,124476.0025,0.0025,0.0036,33.0006
3773,124509.0000,124509.0026,0.0026,0.0039,33.0001
3774,124542.0000,124542.0025,0.0025,0.0043,32.9999
3775,124575.0000,124575.0026,0.0026,0.0044,33.0001
3776,124608.0000,124608.0025,0.0025,0.0039,32.9999
3777,124641.0000,124641.0026,0.0026,0.0042,33.0001
3778,124674.0000,124674.0024,0.0024,0.0038,32.9998
3779,124707.0000,124707.0039,0.0039,0.0051,33.0015
3780,124740.0000,124740.0026,0.0026,0.0038,32.9987
3781,124773.0000,124773.0024,0.0024,0.0037,32.9998
3782,124806.0000,124806.0019,0.0019,0.0036,32.9995
3783,124839.0000,124839.0024,0.0024,0.0040,33.0005
3784,124872.0000,124872.0025,0.0025,0.0032,33.0001
3785,124905.0000,124905.0023,0.0023,0.0038,32.9998
3786,124938.0000,124938.0026,0.0026,0.0037,33.0003
3787,124971.0000,124971.0028,0.0028,0.0048,33.0002
3788,125004.0000,125004.0033,0.0033,0.0055,33.0005
3789,125037.0000,125037.0032,0.0032,0.0043,32.9999
3790,125070.0000,125070.0033,0.0033,0.0043,33.0001
3791,125103.0000,125103.0532,0.0532,0.0044,33.0499
3792,125136.0000,125136.0023,0.0023,0.0041,32.9491
3793,125169.0000,125169.0022,0.0022,0.0041,32.9999
3794,125202.0000,125202.0024,0.0024,0.0050,33.0002
3795,125235.0000,125235.0026,0.0026,0.0053,33.0002
3796,125268.0000,125268.0039,0.0039,0.0048,33.0013
3797,125301.0000,125301.0030,0.0030,0.0049,32.9991
3798,125334.0000,125334.0028,0.0028,0.0049,32.9998
3799,125367.0000,125367.0033,0.0033,0.0040,33.0005
3800,125400.0000,125400.0040,0.0040,0.0050,33.0008
3801,125433.0000,125433.0019,0.0019,0.0038,32.9979
3802,125466.0000,125466.0027,0.0027,0.0038,33.0008
3803,125499.0000,125499.0016,0.0016,0.0033,32.9990
3804,125532.0000,125532.0022,0.0022,0.0030,33.0005
3805,125565.0000,125565.0020,0.0020,0.0036,32.9998
3806,125598.0000,125598.0026,0.0026,0.0032,33.0006
3807,125631.0000,125631.0026,0.0026,0.0034,33.0000
3808,125664.0000,125664.0022,0.0022,0.0032,32.9996
3809,125697.0000,125697.0026,0.0026,0.0037,33.0004
3810,125730.0000,125730.0031,0.0031,0.0042,33.0005
3811,125763.0000,125763.0024,0.0024,0.0035,32.9993
3812,125796.0000,125796.0025,0.0025,0.0035,33.0002
3813,125829.0000,125829.0020,0.0020,0.0039,32.9995
3814,125862.0000,125862.0023,0.0023,0.0049,33.0002
3815,125895.0000,125895.0022,0.0022,0.0037,33.0000
3816,125928.0000,125928.0025,0.0025,0.0037,33.0002
3817,125961.0000,125961.0025,0.0025,0.0034,33.0001
3818,125994.0000,125994.0020,0.0020,0.0033,32.9995
3819,126027.0000,126027.0031,0.0031,0.0040,33.0011
3820,126060.0000,126060.0025,0.0025,0.0030,32.9994
3821,126093.0000,126093.0029,0.0029,0.0048,33.0004
3822,126126.0000,126126.0023,0.0023,0.0040,32.9993
3823,126159.0000,126159.0028,0.0028,0.0037,33.0005
3824,126192.0000,126192.0035,0.0035,0.0047,33.0007
3825,126225.0000,126225.0028,0.0028,0.0041,32.9993
3826,126258.0000,126258.0024,0.0024,0.0038,32.9995
3827,126291.0000,126291.0027,0.0027,0.0049,33.0004
3828,126324.0000,126324.0025,0.0025,0.0052,32.9998
3829,126357.0000,126357.0024,0.0024,0.0043,32.9999
3830,126390.0000,126390.0021,0.0021,0.0042,32.9997
3831,126423.0000,126423.0023,0.0023,0.0040,33.0002
3832,126456.0000,126456.0025,0.0025,0.0037,33.0002
3833,126489.0000,126489.0027,0.0027,0.0045,33.0002
3834,126522.0000,126522.0028,0.0028,0.0042,33.0001
3835,126555.0000,126555.0030,0.0030,0.0039,33.0002
3836,126588.0000,126588.0021,0.0021,0.0043,32.9991
3837,126621.0000,126621.0022,0.0022,0.0043,33.0001
3838,126654.0000,126654.0023,0.0023,0.0041,33.0000
3839,126687.0000,126687.0022,0.0022,0.0037,32.9999
3840,126720.0000,126720.0019,0.0019,0.0039,32.9998
3841,126753.0000,126753.0022,0.0022,0.0041,33.0002
3842,126786.0000,126786.0023,0.0023,0.0041,33.0001
3843,126819.0000,126819.0024,0.0024,0.0039,33.0002
3844,126852.0000,126852.0030,0.0030,0.0048,33.0006
3845,126885.0000,126885.0024,0.0024,0.0041,32.9994
3846,126918.0000,126918.0021,0.0021,0.0046,32.9996
3847,126951.0000,126951.0022,0.0022,0.0038,33.0001
3848,126984.0000,126984.0022,0.0022,0.0039,33.0000
3849,127017.0000,127017.0023,0.0023,0.0154,33.0001
3850,127050.0000,127050.0025,0.0025,0.0033,33.0002
3851,127083.0000,127083.0023,0.0023,0.0035,32.9998
3852,127116.0000,127116.0025,0.0025,0.0036,33.0002
3853,127149.0000,127149.0023,0.0023,0.0036,32.9998
3854,127182.0000,127182.0024,0.0024,0.0040,33.0001
3855,127215.0000,127215.0026,0.0026,0.0040,33.0002
3856,127248.0000,127248.0025,0.0025,0.0043,32.9999
3857,127281.0000,127281.0022,0.0022,0.0036,32.9997
3858,127314.0000,127314.0024,0.0024,0.0045,33.0002
3859,127347.0000,127347.0024,0.0024,0.0038,33.0000
3860,127380.0000,127380.0022,0.0022,0.0036,32.9998
3861,127413.0000,127413.0024,0.0024,0.0050,33.0002
3862,127446.0000,127446.0020,0.0020,0.0032,32.9995
3863,127479.0000,127479.0023,0.0023,0.0038,33.0004
3864,127512.0000,127512.0022,0.0022,0.0040,32.9999
3865,127545.0000,127545.0025,0.0025,0.0033,33.0002
3866,127578.0000,127578.0017,0.0017,0.0036,32.9993
3867,127611.0000,127611.0016,0.0016,0.0032,32.9999
3868,127644.0000,127644.0017,0.0017,0.0032,33.0001
3869,127677.0000,127677.0020,0.0020,0.0030,33.0003
3870,127710.0000,127710.0020,0.0020,0.0033,33.0000
3871,127743.0000,127743.0019,0.0019,0.0037,32.9999
3872,127776.0000,127776.0018,0.0018,0.0039,32.9999
3873,127809.0000,127809.0019,0.0019,0.0040,33.0001
3874,127842.0000,127842.0020,0.0020,0.0039,33.0002
3875,127875.0000,127875.0022,0.0022,0.0037,33.0002
3876,127908.0000,127908.0029,0.0029,0.0035,33.0006
3877,127941.0000,127941.0027,0.0027,0.0038,32.9999
3878,127974.0000,127974.0019,0.0019,0.0041,32.9992
3879,128007.0000,128007.0022,0.0022,0.0036,33.0003
3880,128040.0000,128040.0023,0.0023,0.0041,33.0001
3881,128073.0000,128073.0023,0.0023,0.0032,33.0000
3882,128106.0000,128106.0023,0.0023,0.0034,33.0000
3883,128139.0000,128139.0025,0.0025,0.0033,33.0002
3884,128172.0000,128172.0026,0.0026,0.0034,33.0000
3885,128205.0000,128205.0028,0.0028,0.0041,33.0002
3886,128238.0000,128238.0026,0.0026,0.0036,32.9998
3887,128271.0000,128271.0029,0.0029,0.0040,33.0002
3888,128304.0000,128304.0030,0.0030,0.0038,33.0001
3889,128337.0000,128337.0027,0.0027,0.0032,32.9997
3890,128370.0000,128370.0032,0.0032,0.0037,33.0005
3891,128403.0000,128403.0033,0.0033,0.0037,33.0001
3892,128436.0000,128436.0020,0.0020,0.0036,32.9987
3893,128469.0000,128469.0022,0.0022,0.0036,33.0002
3894,128502.0000,128502.0024,0.0024,0.0040,33.0002
3895,128535.0000,128535.0022,0.0022,0.0030,32.9998
3896,128568.0000,128568.0024,0.0024,0.0035,33.0002
3897,128601.0000,128601.0026,0.0026,0.0035,33.0002
3898,128634.0000,128634.0024,0.0024,0.0033,32.9999
3899,128667.0000,128667.0023,0.0023,0.0041,32.9999
3900,128700.0000,128700.0024,0.0024,0.0035,33.0000
3901,128733.0000,128733.0025,0.0025,0.0038,33.0001
3902,128766.0000,128766.0020,0.0020,0.0029,32.9995
3903,128799.0000,128799.0033,0.0033,0.0038,33.0013
3904,128832.0000,128832.0022,0.0022,0.0036,32.9989
3905,128865.0000,128865.0029,0.0029,0.0321,33.0007
3906,128898.0000,128898.0033,0.0033,0.0039,33.0003
3907,128931.0000,128931.0023,0.0023,0.0035,32.9991
3908,128964.0000,128964.0021,0.0021,0.0029,32.9998
3909,128997.0000,128997.0019,0.0019,0.0029,32.9997
3910,129030.0000,129030.0020,0.0020,0.0042,33.0001
3911,129063.0000,129063.0017,0.0017,0.0032,32.9997
3912,129096.0000,129096.0027,0.0027,0.0034,33.0010
3913,129129.0000,129129.0021,0.0021,0.0041,32.9994
3914,129162.0000,129162.1227,0.1227,0.0041,33.1206
3915,129195.0000,129195.0028,0.0028,0.0036,32.8801
3916,129228.0000,129228.0023,0.0023,0.0033,32.9995
3917,129261.0000,129261.0025,0.0025,0.0038,33.0002
3918,129294.0000,129294.0020,0.0020,0.0039,32.9995
3919,129327.0000,129327.0025,0.0025,0.0035,33.0006
3920,129360.0000,129360.0028,0.0028,0.0048,33.0002
3921,129393.0000,129393.0025,0.0025,0.0041,32.9997
3922,129426.0000,129426.0031,0.0031,0.0048,33.0006
3923,129459.0000,129459.0033,0.0033,0.0048,33.0002
3924,129492.0000,129492.0027,0.0027,0.0036,32.9995
3925,129525.0000,129525.0022,0.0022,0.0047,32.9995
3926,129558.0000,129558.0038,0.0038,0.0043,33.0016
3927,129591.0000,129591.0024,0.0024,0.0036,32.9986
3928,129624.0000,129624.0029,0.0029,0.0049,33.0005
3929,129657.0000,129657.0028,0.0028,0.0039,32.9999
3930,129690.0000,129690.0026,0.0026,0.0050,32.9998
3931,129723.0000,129723.0027,0.0027,0.0048,33.0002
3932,129756.0000,129756.0029,0.0029,0.0053,33.0002
3933,129789.0000,129789.0031,0.0031,0.0053,33.0002
3934,129822.0000,129822.0033,0.0033,0.0048,33.0002
3935,129855.0000,129855.0026,0.0026,0.0040,32.9993
3936,129888.0000,129888.0026,0.0026,0.0038,33.0000
3937,129921.0000,129921.0021,0.0021,0.0038,32.9995
3938,129954.0000,129954.0025,0.0025,0.0043,33.0004
3939,129987.0000,129987.0025,0.0025,0.0045,33.0000
3940,130020.0000,130020.0027,0.0027,0.0033,33.0002
3941,130053.0000,130053.0023,0.0023,0.0040,32.9997
3942,130086.0000,130086.0027,0.0027,0.0035,33.0003
3943,130119.0000,130119.0029,0.0029,0.0035,33.0002
3944,130152.0000,130152.0031,0.0031,0.0034,33.0002
3945,130185.0000,130185.0025,0.0025,0.0036,32.9994
3946,130218.0000,130218.0020,0.0020,0.0031,32.9995
3947,130251.0000,130251.0022,0.0022,0.0037,33.0002
3948,130284.0000,130284.0026,0.0026,0.0036,33.0004
3949,130317.0000,130317.3041,0.3041,0.0047,33.3015
3950,130350.0000,130350.0021,0.0021,0.0035,32.6980
3951,130383.0000,130383.0019,0.0019,0.0165,32.9998
3952,130416.0000,130416.0021,0.0021,0.0032,33.0002
3953,130449.0000,130449.0022,0.0022,0.0037,33.0002
3954,130482.0000,130482.0032,0.0032,0.0042,33.0010
3955,130515.0000,130515.0019,0.0019,0.0032,32.9987
3956,130548.0000,130548.0019,0.0019,0.0029,33.0000
3957,130581.0000,130581.0021,0.0021,0.0028,33.0002
3958,130614.0000,130614.0022,0.0022,0.0035,33.0001
3959,130647.0000,130647.0021,0.0021,0.0030,32.9999
3960,130680.0000,130680.0023,0.0023,0.0034,33.0002
3961,130713.0000,130713.0025,0.0025,0.0032,33.0002
3962,130746.0000,130746.0023,0.0023,0.0036,32.9998
3963,130779.0000,130779.0025,0.0025,0.0035,33.0002
3964,130812.0000,130812.0027,0.0027,0.0035,33.0002
3965,130845.0000,130845.0028,0.0028,0.0035,33.0002
3966,130878.0000,130878.0030,0.0030,0.0044,33.0002
3967,130911.0000,130911.0028,0.0028,0.0039,32.9998
3968,130944.0000,130944.0029,0.0029,0.0039,33.0001
3969,130977.0000,130977.0022,0.0022,0.0042,32.9993
3970,131010.0000,131010.0025,0.0025,0.0046,33.0003
3971,131043.0000,131043.0023,0.0023,0.0040,32.9998
3972,131076.0000,131076.0024,0.0024,0.0037,33.0001
3973,131109.0000,131109.0023,0.0023,0.0035,32.9999
3974,131142.0000,131142.0021,0.0021,0.0039,32.9998
3975,131175.0000,131175.0023,0.0023,0.0033,33.0002
3976,131208.0000,131208.0028,0.0028,0.0035,33.0005
3977,131241.0000,131241.0022,0.0022,0.0035,32.9994
3978,131274.0000,131274.0027,0.0027,0.0034,33.0005
3979,131307.0000,131307.0025,0.0025,0.0036,32.9998
3980,131340.0000,131340.0025,0.0025,0.0029,33.0000
3981,131373.0000,131373.0024,0.0024,0.0029,32.9999
3982,131406.0000,131406.0019,0.0019,0.0028,32.9995
3983,131439.0000,131439.0019,0.0019,0.0030,33.0000
3984,131472.0000,131472.0018,0.0018,0.0029,32.9999
3985,131505.0000,131505.0019,0.0019,0.0026,33.0000
3986,131538.0000,131538.0022,0.0022,0.0029,33.0003
3987,131571.0000,131571.0017,0.0017,0.0033,32.9995
3988,131604.0000,131604.0015,0.0015,0.0030,32.9998
3989,131637.0000,131637.0024,0.0024,0.0028,33.0009
3990,131670.0000,131670.0017,0.0017,0.0027,32.9993
3991,131703.0000,131703.0025,0.0025,0.0040,33.0008
3992,131736.0000,131736.0024,0.0024,0.0034,32.9999
3993,131769.0000,131769.0022,0.0022,0.0037,32.9999
3994,131802.0000,131802.0024,0.0024,0.0037,33.0002
3995,131835.0000,131835.0025,0.0025,0.0037,33.0001
3996,131868.0000,131868.0027,0.0027,0.0033,33.0002
3997,131901.0000,131901.0033,0.0033,0.0046,33.0005
3998,131934.0000,131934.0026,0.0026,0.0043,32.9993
3999,131967.0000,131967.0026,0.0026,0.0033,33.0000
4000,132000.0000,132000.0031,0.0031,0.0040,33.0006
4001,132033.0000,132033.0025,0.0025,0.0037,32.9994
4002,132066.0000,132066.0027,0.0027,0.0033,33.0002
4003,132099.0000,132099.0028,0.0028,0.0040,33.0001
4004,132132.0000,132132.0023,0.0023,0.0044,32.9994
4005,132165.0000,132165.0024,0.0024,0.0045,33.0001
4006,132198.0000,132198.0026,0.0026,0.0040,33.0002
4007,132231.0000,132231.0024,0.0024,0.0045,32.9999
4008,132264.0000,132264.0019,0.0019,0.0035,32.9994
4009,132297.0000,132297.0023,0.0023,0.0033,33.0005
4010,132330.0000,132330.0022,0.0022,0.0036,32.9999
4011,132363.0000,132363.0024,0.0024,0.0032,33.0002
4012,132396.0000,132396.0018,0.0018,0.0033,32.9994
4013,132429.0000,132429.0027,0.0027,0.0040,33.0009
4014,132462.0000,132462.0023,0.0023,0.0038,32.9996
4015,132495.0000,132495.0020,0.0020,0.0030,32.9997
4016,132528.0000,132528.0023,0.0023,0.0047,33.0003
4017,132561.0000,132561.0025,0.0025,0.0053,33.0001
4018,132594.0000,132594.0027,0.0027,0.0046,33.0002
4019,132627.0000,132627.0025,0.0025,0.0036,32.9999
4020,132660.0000,132660.0027,0.0027,0.0035,33.0002
4021,132693.0000,132693.0021,0.0021,0.0036,32.9994
4022,132726.0000,132726.0027,0.0027,0.0039,33.0006
4023,132759.0000,132759.0025,0.0025,0.0036,32.9999
4024,132792.0000,132792.0034,0.0034,0.0037,33.0009
4025,132825.0000,132825.0020,0.0020,0.0032,32.9986
4026,132858.0000,132858.0022,0.0022,0.0045,33.0002
4027,132891.0000,132891.0024,0.0024,0.0040,33.0002
4028,132924.0000,132924.0025,0.0025,0.0035,33.0001
4029,132957.0000,132957.0023,0.0023,0.0036,32.9999
4030,132990.0000,132990.0025,0.0025,0.0037,33.0002
4031,133023.0000,133023.0026,0.0026,0.0036,33.0001
4032,133056.0000,133056.0023,0.0023,0.0030,32.9997
4033,133089.0000,133089.0022,0.0022,0.0036,33.0000
4034,133122.0000,133122.0018,0.0018,0.0034,32.9996
4035,133155.0000,133155.0017,0.0017,0.0041,32.9999
4036,133188.0000,133188.0019,0.0019,0.0045,33.0002
4037,133221.0000,133221.0022,0.0022,0.0039,33.0003
4038,133254.0000,133254.0017,0.0017,0.0037,32.9995
4039,133287.0000,133287.0019,0.0019,0.0031,33.0001
4040,133320.0000,133320.0019,0.0019,0.0030,33.0000
4041,133353.0000,133353.0024,0.0024,0.0030,33.0005
4042,133386.0000,133386.0017,0.0017,0.0034,32.9993
4043,133419.0000,133419.0016,0.0016,0.0037,32.9999
4044,133452.0000,133452.0023,0.0023,0.0037,33.0007
4045,133485.0000,133485.0018,0.0018,0.0029,32.9995
4046,133518.0000,133518.0020,0.0020,0.0033,33.0001
4047,133551.0000,133551.0021,0.0021,0.0039,33.0001
4048,133584.0000,133584.0021,0.0021,0.0036,33.0000
4049,133617.0000,133617.0022,0.0022,0.0033,33.0002
4050,133650.0000,133650.0008,0.0008,0.0017,32.9985
4051,133683.0000,133683.0024,0.0024,0.0040,33.0016
4052,133716.0000,133716.0025,0.0025,0.0035,33.0001
4053,133749.0000,133749.0027,0.0027,0.0172,33.0002
4054,133782.0000,133782.0042,0.0042,0.0045,33.0015
4055,133815.0000,133815.0036,0.0036,0.0051,32.9994
4056,133848.0000,133848.0028,0.0028,0.0032,32.9992
4057,133881.0000,133881.0031,0.0031,0.0047,33.0003
4058,133914.0000,133914.0023,0.0023,0.0041,32.9992
4059,133947.0000,133947.0034,0.0034,0.0048,33.0011
4060,133980.0000,133980.0035,0.0035,0.0048,33.0001
4061,134013.0000,134013.0038,0.0038,0.0039,33.0003
4062,134046.0000,134046.0043,0.0043,0.0037,33.0004
4063,134079.0000,134079.0025,0.0025,0.0040,32.9982
4064,134112.0000,134112.0027,0.0027,0.0036,33.0002
4065,134145.0000,134145.0021,0.0021,0.0021,32.9995
4066,134178.0000,134178.0027,0.0027,0.0033,33.0005
4067,134211.0000,134211.0018,0.0018,0.0043,32.9992
4068,134244.0000,134244.0019,0.0019,0.0030,33.0000
4069,134277.0000,134277.0020,0.0020,0.0039,33.0002
4070,134310.0000,134310.0014,0.0014,0.0027,32.9993
4071,134343.0000,134343.0022,0.0022,0.0034,33.0008
4072,134376.0000,134376.0016,0.0016,0.0033,32.9994
4073,134409.0000,134409.0014,0.0014,0.0027,32.9999
4074,134442.0000,134442.0015,0.0015,0.0028,33.0001
4075,134475.0000,134475.0017,0.0017,0.0025,33.0002
4076,134508.0000,134508.0028,0.0028,0.0034,33.0011
4077,134541.0000,134541.0026,0.0026,0.0038,32.9998
4078,134574.0000,134574.0023,0.0023,0.0043,32.9997
4079,134607.0000,134607.0026,0.0026,0.0034,33.0003
4080,134640.0000,134640.0027,0.0027,0.0039,33.0000
4081,134673.0000,134673.0017,0.0017,0.0033,32.9990
4082,134706.0000,134706.0037,0.0037,0.0058,33.0021
4083,134739.0000,134739.0038,0.0038,0.0043,33.0000
4084,134772.0000,134772.0048,0.0048,0.0053,33.0011
4085,134805.0000,134805.0042,0.0042,0.0046,32.9994
4086,134838.0000,134838.0026,0.0026,0.0048,32.9984
4087,134871.0000,134871.0028,0.0028,0.0044,33.0002
4088,134904.0000,134904.0020,0.0020,0.0026,32.9992
4089,134937.0000,134937.0023,0.0023,0.0031,33.0003
4090,134970.0000,134970.0020,0.0020,0.0034,32.9997
4091,135003.0000,135003.0016,0.0016,0.0034,32.9996
4092,135036.0000,135036.0020,0.0020,0.0031,33.0004
4093,135069.0000,135069.0022,0.0022,0.0036,33.0001
4094,135102.0000,135102.0023,0.0023,0.0032,33.0001
4095,135135.0000,135135.0022,0.0022,0.0034,32.9999
4096,135168.0000,135168.0019,0.0019,0.0040,32.9997
4097,135201.0000,135201.0021,0.0021,0.0030,33.0002
4098,135234.0000,135234.0023,0.0023,0.0039,33.0002
4099,135267.0000,135267.0021,0.0021,0.0031,32.9998
4100,135300.0000,135300.0016,0.0016,0.0030,32.9994
4101,135333.0000,135333.0019,0.0019,0.0029,33.0003
4102,135366.0000,135366.0021,0.0021,0.0029,33.0002
4103,135399.0000,135399.0020,0.0020,0.0033,32.9998
4104,135432.0000,135432.0022,0.0022,0.0032,33.0003
4105,135465.0000,135465.0023,0.0023,0.0034,33.0001
4106,135498.0000,135498.0017,0.0017,0.0029,32.9994
4107,135531.0000,135531.0015,0.0015,0.0033,32.9997
4108,135564.0000,135564.0016,0.0016,0.0029,33.0001
4109,135597.0000,135597.5476,0.5476,0.0032,33.5461
4110,135630.0000,135630.0014,0.0014,0.0026,32.4538
4111,135663.0000,135663.0023,0.0023,0.0026,33.0009
4112,135696.0000,135696.0019,0.0019,0.0029,32.9996
4113,135729.0000,135729.0031,0.0031,0.0031,33.0012
4114,135762.0000,135762.0016,0.0016,0.0026,32.9985
4115,135795.0000,135795.0015,0.0015,0.0027,32.9999
4116,135828.0000,135828.0016,0.0016,0.0037,33.0001
4117,135861.0000,135861.0019,0.0019,0.0027,33.0003
4118,135894.0000,135894.0019,0.0019,0.0028,33.0000
4119,135927.0000,135927.0025,0.0025,0.0034,33.0006
4120,135960.0000,135960.0024,0.0024,0.0027,32.9999
4121,135993.0000,135993.0021,0.0021,0.0028,32.9996
4122,136026.0000,136026.0034,0.0034,0.0033,33.0013
4123,136059.0000,136059.0036,0.0036,0.0043,33.0002
4124,136092.0000,136092.0027,0.0027,0.0033,32.9991
4125,136125.0000,136125.0020,0.0020,0.0031,32.9993
4126,136158.0000,136158.0022,0.0022,0.0031,33.0002
4127,136191.0000,136191.0023,0.0023,0.0031,33.0001
4128,136224.0000,136224.0021,0.0021,0.0040,32.9998
4129,136257.0000,136257.0026,0.0026,0.0053,33.0004
4130,136290.0000,136290.0025,0.0025,0.0041,32.9999
4131,136323.0000,136323.0027,0.0027,0.0040,33.0002
4132,136356.0000,136356.0029,0.0029,0.0039,33.0002
4133,136389.0000,136389.0023,0.0023,0.0040,32.9994
4134,136422.0000,136422.0019,0.0019,0.0034,32.9995
4135,136455.0000,136455.0027,0.0027,0.0035,33.0008
4136,136488.0000,136488.0022,0.0022,0.0031,32.9995
4137,136521.0000,136521.0021,0.0021,0.0038,32.9999
4138,136554.0000,136554.0023,0.0023,0.0037,33.0002
4139,136587.0000,136587.0021,0.0021,0.0035,32.9999
4140,136620.0000,136620.0019,0.0019,0.0033,32.9997
4141,136653.0000,136653.0020,0.0020,0.0039,33.0002
4142,136686.0000,136686.1052,0.1052,0.0035,33.1031
4143,136719.0000,136719.0025,0.0025,0.0045,32.8973
4144,136752.0000,136752.0028,0.0028,0.0044,33.0003
4145,136785.0000,136785.0021,0.0021,0.0032,32.9992
4146,136818.0000,136818.0022,0.0022,0.0035,33.0002
4147,136851.0000,136851.0016,0.0016,0.0036,32.9994
4148,136884.0000,136884.0018,0.0018,0.0037,33.0001
4149,136917.0000,136917.0016,0.0016,0.0038,32.9999
4150,136950.0000,136950.0018,0.0018,0.0031,33.0002
4151,136983.0000,136983.0019,0.0019,0.0025,33.0001
4152,137016.0000,137016.0020,0.0020,0.0029,33.0001
4153,137049.0000,137049.0957,0.0957,0.0033,33.0937
4154,137082.0000,137082.0082,0.0082,0.0033,32.9125
4155,137115.0000,137115.0016,0.0016,0.0176,32.9933
4156,137148.0000,137148.0012,0.0012,0.0020,32.9996
4157,137181.0000,137181.0019,0.0019,0.0031,33.0007
4158,137214.0000,137214.0026,0.0026,0.0044,33.0007
4159,137247.0000,137247.0503,0.0503,0.0045,33.0477
4160,137280.0000,137280.0020,0.0020,0.0039,32.9517
4161,137313.0000,137313.0021,0.0021,0.0036,33.0001
4162,137346.0000,137346.0018,0.0018,0.0039,32.9997
4163,137379.0000,137379.0021,0.0021,0.0038,33.0002
4164,137412.0000,137412.0019,0.0019,0.0033,32.9998
4165,137445.0000,137445.0024,0.0024,0.0040,33.0005
4166,137478.0000,137478.0026,0.0026,0.0029,33.0002
4167,137511.0000,137511.0018,0.0018,0.0037,32.9992
4168,137544.0000,137544.0021,0.0021,0.0038,33.0003
4169,137577.0000,137577.0022,0.0022,0.0032,33.0001
4170,137610.0000,137610.0021,0.0021,0.0034,32.9998
4171,137643.0000,137643.0023,0.0023,0.0031,33.0002
4172,137676.0000,137676.0021,0.0021,0.0043,32.9999
4173,137709.0000,137709.0013,0.0013,0.0012,32.9992
4174,137742.0000,137742.0024,0.0024,0.0036,33.0011
4175,137775.0000,137775.0024,0.0024,0.0037,33.0000
4176,137808.0000,137808.0028,0.0028,0.0043,33.0004
4177,137841.0000,137841.0031,0.0031,0.0035,33.0003
4178,137874.0000,137874.0024,0.0024,0.0036,32.9994
4179,137907.0000,137907.0023,0.0023,0.0038,32.9999
4180,137940.0000,137940.0021,0.0021,0.0037,32.9997
4181,137973.0000,137973.0024,0.0024,0.0036,33.0004
4182,138006.0000,138006.0024,0.0024,0.0043,32.9999
4183,138039.0000,138039.0020,0.0020,0.0035,32.9996
4184,138072.0000,138072.0017,0.0017,0.0032,32.9997
4185,138105.0000,138105.0019,0.0019,0.0032,33.0003
4186,138138.0000,138138.0029,0.0029,0.0046,33.0010
4187,138171.0000,138171.0019,0.0019,0.0026,32.9990
4188,138204.0000,138204.0014,0.0014,0.0024,32.9995
4189,138237.0000,138237.0014,0.0014,0.0030,33.0001
4190,138270.0000,138270.0017,0.0017,0.0026,33.0003
4191,138303.0000,138303.0064,0.0064,0.0032,33.0047
4192,138336.0000,138336.0017,0.0017,0.0030,32.9953
4193,138369.0000,138369.0018,0.0018,0.0034,33.0001
4194,138402.0000,138402.0020,0.0020,0.0028,33.0001
4195,138435.0000,138435.0023,0.0023,0.0034,33.0003
4196,138468.0000,138468.0018,0.0018,0.0034,32.9996
4197,138501.0000,138501.0021,0.0021,0.0040,33.0002
4198,138534.0000,138534.0019,0.0019,0.0037,32.9998
4199,138567.0000,138567.0025,0.0025,0.0039,33.0007
4200,138600.0000,138600.0027,0.0027,0.0048,33.0002
4201,138633.0000,138633.0029,0.0029,0.0041,33.0001
4202,138666.0000,138666.0030,0.0030,0.0040,33.0002
4203,138699.0000,138699.0024,0.0024,0.0041,32.9994
4204,138732.0000,138732.0031,0.0031,0.0043,33.0007
4205,138765.0000,138765.0025,0.0025,0.0044,32.9994
4206,138798.0000,138798.0027,0.0027,0.0045,33.0002
4207,138831.0000,138831.0023,0.0023,0.0036,32.9996
4208,138864.0000,138864.0026,0.0026,0.0048,33.0003
4209,138897.0000,138897.0027,0.0027,0.0045,33.0001
4210,138930.0000,138930.0029,0.0029,0.0047,33.0002
4211,138963.0000,138963.0021,0.0021,0.0038,32.9992
4212,138996.0000,138996.0025,0.0025,0.0031,33.0004
4213,139029.0000,139029.0024,0.0024,0.0038,32.9999
4214,139062.0000,139062.0022,0.0022,0.0031,32.9998
4215,139095.0000,139095.0152,0.0152,0.0038,33.0130
4216,139128.0000,139128.0024,0.0024,0.0040,32.9872
4217,139161.0000,139161.0026,0.0026,0.0039,33.0002
4218,139194.0000,139194.0023,0.0023,0.0048,32.9997
4219,139227.0000,139227.0026,0.0026,0.0043,33.0003
4220,139260.0000,139260.0027,0.0027,0.0048,33.0001
4221,139293.0000,139293.0034,0.0034,0.0044,33.0007
4222,139326.0000,139326.0030,0.0030,0.0038,32.9997
4223,139359.0000,139359.0025,0.0025,0.0044,32.9995
4224,139392.0000,139392.0018,0.0018,0.0036,32.9993
4225,139425.0000,139425.0020,0.0020,0.0037,33.0002
4226,139458.0000,139458.0180,0.0180,0.0044,33.0160
4227,139491.0000,139491.0017,0.0017,0.0031,32.9838
4228,139524.0000,139524.0018,0.0018,0.0036,33.0001
4229,139557.0000,139557.0019,0.0019,0.0040,33.0001
4230,139590.0000,139590.0022,0.0022,0.0039,33.0002
4231,139623.0000,139623.0020,0.0020,0.0031,32.9998
4232,139656.0000,139656.0020,0.0020,0.0038,33.0000
4233,139689.0000,139689.0023,0.0023,0.0042,33.0003
4234,139722.0000,139722.0019,0.0019,0.0045,32.9996
4235,139755.0000,139755.0027,0.0027,0.0035,33.0008
4236,139788.0000,139788.0020,0.0020,0.0035,32.9993
4237,139821.0000,139821.0021,0.0021,0.0038,33.0001
4238,139854.0000,139854.0023,0.0023,0.0040,33.0002
4239,139887.0000,139887.0024,0.0024,0.0033,33.0001
4240,139920.0000,139920.0026,0.0026,0.0038,33.0002
4241,139953.0000,139953.0025,0.0025,0.0040,32.9999
4242,139986.0000,139986.0027,0.0027,0.0048,33.0002
4243,140019.0000,140019.0022,0.0022,0.0042,32.9995
4244,140052.0000,140052.0026,0.0026,0.0032,33.0004
4245,140085.0000,140085.0024,0.0024,0.0036,32.9998
4246,140118.0000,140118.1219,0.1219,0.0039,33.1195
4247,140151.0000,140151.0022,0.0022,0.0033,32.8804
4248,140184.0000,140184.0021,0.0021,0.0041,32.9999
4249,140217.0000,140217.0023,0.0023,0.0034,33.0002
4250,140250.0000,140250.0025,0.0025,0.0041,33.0002
4251,140283.0000,140283.0019,0.0019,0.0040,32.9994
4252,140316.0000,140316.0025,0.0025,0.0043,33.0006
4253,140349.0000,140349.0022,0.0022,0.0039,32.9997
4254,140382.0000,140382.0024,0.0024,0.0033,33.0002
4255,140415.0000,140415.0022,0.0022,0.0032,32.9998
4256,140448.0000,140448.0017,0.0017,0.0038,32.9995
4257,140481.0000,140481.0019,0.0019,0.0166,33.0002
4258,140514.0000,140514.0023,0.0023,0.0036,33.0004
4259,140547.0000,140547.0024,0.0024,0.0046,33.0001
4260,140580.0000,140580.0026,0.0026,0.0049,33.0001
4261,140613.0000,140613.0036,0.0036,0.0055,33.0010
4262,140646.0000,140646.0026,0.0026,0.0049,32.9990
4263,140679.0000,140679.0021,0.0021,0.0039,32.9995
4264,140712.0000,140712.0022,0.0022,0.0039,33.0002
4265,140745.0000,140745.0023,0.0023,0.0041,33.0001
4266,140778.0000,140778.0031,0.0031,0.0035,33.0007
4267,140811.0000,140811.4312,0.4312,0.0040,33.4281
4268,140844.0000,140844.0029,0.0029,0.0032,32.5717
4269,140877.0000,140877.0031,0.0031,0.0039,33.0002
4270,140910.0000,140910.0020,0.0020,0.0037,32.9989
4271,140943.0000,140943.0021,0.0021,0.0033,33.0001
4272,140976.0000,140976.0013,0.0013,0.0032,32.9992
4273,141009.0000,141009.0017,0.0017,0.0030,33.0004
4274,141042.0000,141042.0016,0.0016,0.0042,32.9999
4275,141075.0000,141075.0018,0.0018,0.0033,33.0002
4276,141108.0000,141108.0015,0.0015,0.0028,32.9998
4277,141141.0000,141141.0013,0.0013,0.0033,32.9998
4278,141174.0000,141174.0014,0.0014,0.0034,33.0001
4279,141207.0000,141207.0014,0.0014,0.0028,33.0001
4280,141240.0000,141240.0012,0.0012,0.0032,32.9998
4281,141273.0000,141273.0016,0.0016,0.0030,33.0003
4282,141306.0000,141306.0016,0.0016,0.0032,33.0000
4283,141339.0000,141339.0014,0.0014,0.0038,32.9999
4284,141372.0000,141372.0016,0.0016,0.0030,33.0002
4285,141405.0000,141405.0017,0.0017,0.0035,33.0001
4286,141438.0000,141438.0020,0.0020,0.0039,33.0002
4287,141471.0000,141471.0023,0.0023,0.0032,33.0003
4288,141504.0000,141504.0025,0.0025,0.0042,33.0002
4289,141537.0000,141537.0022,0.0022,0.0042,32.9998
4290,141570.0000,141570.0025,0.0025,0.0039,33.0002
4291,141603.0000,141603.0029,0.0029,0.0041,33.0004
4292,141636.0000,141636.0024,0.0024,0.0041,32.9995
4293,141669.0000,141671.2603,2.2603,0.0038,35.2580
4294,141702.0000,141702.0024,0.0024,0.0046,30.7421
4295,141735.0000,141735.0023,0.0023,0.0043,32.9999
4296,141768.0000,141768.0024,0.0024,0.0035,33.0001
4297,141801.0000,141801.0026,0.0026,0.0052,33.0002
4298,141834.0000,141834.0025,0.0025,0.0035,32.9999
4299,141867.0000,141867.0032,0.0032,0.0041,33.0007
4300,141900.0000,141900.0029,0.0029,0.0039,32.9997
4301,141933.0000,141933.0023,0.0023,0.0039,32.9994
4302,141966.0000,141966.0021,0.0021,0.0031,32.9999
4303,141999.0000,141999.0026,0.0026,0.0038,33.0005
4304,142032.0000,142032.0025,0.0025,0.0037,32.9999
4305,142065.0000,142065.0023,0.0023,0.0035,32.9998
4306,142098.0000,142098.0027,0.0027,0.0043,33.0004
4307,142131.0000,142131.0025,0.0025,0.0042,32.9998
4308,142164.0000,142164.0026,0.0026,0.0037,33.0001
4309,142197.0000,142197.0023,0.0023,0.0034,32.9996
4310,142230.0000,142230.0025,0.0025,0.0033,33.0002
4311,142263.0000,142263.0023,0.0023,0.0037,32.9998
4312,142296.0000,142296.0020,0.0020,0.0036,32.9998
4313,142329.0000,142329.0025,0.0025,0.0037,33.0005
4314,142362.0000,142362.0029,0.0029,0.0036,33.0004
4315,142395.0000,142395.0028,0.0028,0.0046,32.9999
4316,142428.0000,142428.0024,0.0024,0.0039,32.9997
4317,142461.0000,142461.0021,0.0021,0.0036,32.9997
4318,142494.0000,142494.0027,0.0027,0.0045,33.0005
4319,142527.0000,142527.0026,0.0026,0.0038,33.0000
4320,142560.0000,142560.0027,0.0027,0.0037,33.0000
4321,142593.0000,142593.0029,0.0029,0.0041,33.0003
4322,142626.0000,142626.0036,0.0036,0.0044,33.0007
4323,142659.0000,142659.0026,0.0026,0.0044,32.9990
4324,142692.0000,142692.0032,0.0032,0.0039,33.0006
4325,142725.0000,142725.0019,0.0019,0.0033,32.9987
4326,142758.0000,142758.0022,0.0022,0.0034,33.0003
4327,142791.0000,142791.0020,0.0020,0.0032,32.9998
4328,142824.0000,142824.0023,0.0023,0.0035,33.0002
4329,142857.0000,142857.0018,0.0018,0.0033,32.9996
4330,142890.0000,142890.0017,0.0017,0.0035,32.9999
4331,142923.0000,142923.0019,0.0019,0.0032,33.0002
4332,142956.0000,142956.0016,0.0016,0.0029,32.9997
4333,142989.0000,142989.0016,0.0016,0.0029,33.0000
4334,143022.0000,143022.0017,0.0017,0.0029,33.0001
4335,143055.0000,143055.0017,0.0017,0.0031,33.0000
4336,143088.0000,143088.0013,0.0013,0.0023,32.9995
4337,143121.0000,143121.0017,0.0017,0.0027,33.0004
4338,143154.0000,143154.0023,0.0023,0.0041,33.0006
4339,143187.0000,143187.0019,0.0019,0.0038,32.9996
4340,143220.0000,143220.0016,0.0016,0.0028,32.9997
4341,143253.0000,143253.0018,0.0018,0.0028,33.0002
4342,143286.0000,143286.0018,0.0018,0.0028,33.0001
4343,143319.0000,143319.0020,0.0020,0.0025,33.0002
4344,143352.0000,143352.0016,0.0016,0.0029,32.9996
4345,143385.0000,143385.0017,0.0017,0.0030,33.0002
4346,143418.0000,143418.0477,0.0477,0.0033,33.0460
4347,143451.0000,143451.0018,0.0018,0.0035,32.9541
4348,143484.0000,143484.0021,0.0021,0.0031,33.0003
4349,143517.0000,143517.0026,0.0026,0.0037,33.0005
4350,143550.0000,143550.0023,0.0023,0.0043,32.9997
4351,143583.0000,143583.0027,0.0027,0.0040,33.0004
4352,143616.0000,143616.0024,0.0024,0.0036,32.9997
4353,143649.0000,143649.0027,0.0027,0.0037,33.0003
4354,143682.0000,143682.0026,0.0026,0.0037,32.9999
4355,143715.0000,143715.0035,0.0035,0.0044,33.0009
4356,143748.0000,143748.0029,0.0029,0.0038,32.9994
4357,143781.0000,143781.0030,0.0030,0.0039,33.0001
4358,143814.0000,143814.0022,0.0022,0.0039,32.9992
4359,143847.0000,143847.0030,0.0030,0.0188,33.0008
4360,143880.0000,143880.0023,0.0023,0.0038,32.9994
4361,143913.0000,143913.0024,0.0024,0.0034,33.0001
4362,143946.0000,143946.0023,0.0023,0.0035,32.9999
4363,143979.0000,143979.0024,0.0024,0.0035,33.0002
4364,144012.0000,144012.0026,0.0026,0.0037,33.0002
4365,144045.0000,144045.0031,0.0031,0.0037,33.0005
4366,144078.0000,144078.0025,0.0025,0.0039,32.9994
4367,144111.0000,144111.0024,0.0024,0.0037,32.9999
4368,144144.0000,144144.0030,0.0030,0.0040,33.0006
4369,144177.0000,144177.0021,0.0021,0.0035,32.9991
4370,144210.0000,144210.0023,0.0023,0.0034,33.0002
4371,144243.0000,144243.0023,0.0023,0.0037,33.0000
4372,144276.0000,144276.0021,0.0021,0.0028,32.9998
4373,144309.0000,144309.0023,0.0023,0.0034,33.0003
4374,144342.0000,144342.0024,0.0024,0.0034,33.0001
4375,144375.0000,144375.0026,0.0026,0.0034,33.0002
4376,144408.0000,144408.0021,0.0021,0.0035,32.9995
4377,144441.0000,144441.0017,0.0017,0.0027,32.9996
4378,144474.0000,144474.0018,0.0018,0.0031,33.0001
4379,144507.0000,144507.0018,0.0018,0.0028,33.0000
4380,144540.0000,144540.0021,0.0021,0.0027,33.0003
4381,144573.0000,144573.0015,0.0015,0.0023,32.9995
4382,144606.0000,144606.0028,0.0028,0.0023,33.0013
4383,144639.0000,144639.0016,0.0016,0.0024,32.9988
4384,144672.0000,144672.0018,0.0018,0.0020,33.0002
4385,144705.0000,144705.0015,0.0015,0.0023,32.9997
4386,144738.0000,144738.0017,0.0017,0.0020,33.0002
4387,144771.0000,144771.0020,0.0020,0.0023,33.0003
4388,144804.0000,144804.0015,0.0015,0.0024,32.9995
4389,144837.0000,144837.0012,0.0012,0.0027,32.9997
4390,144870.0000,144870.0018,0.0018,0.0028,33.0006
4391,144903.0000,144903.0022,0.0022,0.0030,33.0004
4392,144936.0000,144936.0015,0.0015,0.0032,32.9993
4393,144969.0000,144969.0019,0.0019,0.0031,33.0003
4394,145002.0000,145002.0016,0.0016,0.0027,32.9998
4395,145035.0000,145035.0021,0.0022,0.0040,33.0005
4396,145068.0000,145068.0016,0.0016,0.0031,32.9995
4397,145101.0000,145101.0037,0.0037,0.0040,33.0020
4398,145134.0000,145134.0036,0.0036,0.0058,32.9999
4399,145167.0000,145167.0033,0.0033,0.0041,32.9998
4400,145200.0000,145200.0024,0.0024,0.0037,32.9991
4401,145233.0000,145233.0029,0.0029,0.0039,33.0005
4402,145266.0000,145266.0032,0.0032,0.0032,33.0002
4403,145299.0000,145299.0020,0.0020,0.0040,32.9988
4404,145332.0000,145332.0021,0.0021,0.0034,33.0001
4405,145365.0000,145365.0024,0.0024,0.0034,33.0003
4406,145398.0000,145398.0026,0.0026,0.0040,33.0003
4407,145431.0000,145431.0028,0.0028,0.0032,33.0002
4408,145464.0000,145464.0021,0.0021,0.0032,32.9994
4409,145497.0000,145497.0023,0.0023,0.0039,33.0001
4410,145530.0000,145530.0025,0.0025,0.0032,33.0002
4411,145563.0000,145563.0018,0.0018,0.0030,32.9993
4412,145596.0000,145596.0028,0.0028,0.0036,33.0010
4413,145629.0000,145629.0020,0.0020,0.0035,32.9992
4414,145662.0000,145662.0019,0.0019,0.0032,32.9999
4415,145695.0000,145695.0015,0.0015,0.0029,32.9996
4416,145728.0000,145728.0017,0.0017,0.0036,33.0002
4417,145761.0000,145761.0016,0.0016,0.0032,32.9999
4418,145794.0000,145794.0013,0.0013,0.0035,32.9996
4419,145827.0000,145827.0017,0.0017,0.0031,33.0005
4420,145860.0000,145860.0017,0.0017,0.0025,33.0000
4421,145893.0000,145893.0018,0.0018,0.0021,33.0001
4422,145926.0000,145926.0014,0.0014,0.0022,32.9996
4423,145959.0000,145959.0015,0.0015,0.0020,33.0001
4424,145992.0000,145992.0014,0.0014,0.0019,32.9998
4425,146025.0000,146025.0013,0.0013,0.0022,32.9999
4426,146058.0000,146058.0014,0.0014,0.0024,33.0001
4427,146091.0000,146091.0015,0.0015,0.0025,33.0001
4428,146124.0000,146124.0020,0.0020,0.0025,33.0004
4429,146157.0000,146157.0019,0.0019,0.0029,32.9999
4430,146190.0000,146190.0023,0.0023,0.0026,33.0004
4431,146223.0000,146223.0019,0.0019,0.0022,32.9997
4432,146256.0000,146256.0018,0.0018,0.0021,32.9998
4433,146289.0000,146289.0015,0.0015,0.0026,32.9997
4434,146322.0000,146322.0014,0.0014,0.0024,32.9999
4435,146355.0000,146355.0015,0.0015,0.0025,33.0001
4436,146388.0000,146388.0012,0.0012,0.0023,32.9997
4437,146421.0000,146421.0014,0.0014,0.0025,33.0002
4438,146454.0000,146454.0015,0.0015,0.0028,33.0001
4439,146487.0000,146487.0017,0.0017,0.0024,33.0002
4440,146520.0000,146520.0015,0.0015,0.0028,32.9997
4441,146553.0000,146553.0017,0.0017,0.0027,33.0002
4442,146586.0000,146586.0018,0.0018,0.0023,33.0001
4443,146619.0000,146619.0020,0.0020,0.0028,33.0002
4444,146652.0000,146652.0022,0.0022,0.0033,33.0002
4445,146685.0000,146685.0014,0.0014,0.0026,32.9992
4446,146718.0000,146718.0017,0.0017,0.0029,33.0003
4447,146751.0000,146751.0015,0.0015,0.0028,32.9998
4448,146784.0000,146784.0018,0.0018,0.0027,33.0003
4449,146817.0000,146817.0019,0.0019,0.0035,33.0001
4450,146850.0000,146850.0017,0.0017,0.0028,32.9998
4451,146883.0000,146883.0018,0.0018,0.0031,33.0002
4452,146916.0000,146916.0021,0.0021,0.0031,33.0003
4453,146949.0000,146949.0026,0.0026,0.0035,33.0005
4454,146982.0000,146982.0029,0.0029,0.0033,33.0003
4455,147015.0000,147015.0015,0.0015,0.0024,32.9987
4456,147048.0000,147048.0014,0.0014,0.0024,32.9999
4457,147081.0000,147081.0018,0.0018,0.0036,33.0004
4458,147114.0000,147114.0015,0.0015,0.0023,32.9996
4459,147147.0000,147147.0014,0.0014,0.0033,32.9999
4460,147180.0000,147180.0015,0.0015,0.0024,33.0001
4461,147213.0000,147213.0018,0.0018,0.0189,33.0004
4462,147246.0000,147246.0014,0.0014,0.0026,32.9996
4463,147279.0000,147279.0014,0.0014,0.0027,32.9999
4464,147312.0000,147312.0014,0.0014,0.0026,33.0001
4465,147345.0000,147345.0015,0.0015,0.0026,33.0000
4466,147378.0000,147378.0013,0.0013,0.0025,32.9998
4467,147411.0000,147411.0014,0.0014,0.0026,33.0002
4468,147444.0000,147444.0012,0.0012,0.0028,32.9998
4469,147477.0000,147477.0012,0.0012,0.0028,33.0000
4470,147510.0000,147510.0012,0.0012,0.0026,33.0000
4471,147543.0000,147543.0018,0.0018,0.0030,33.0006
4472,147576.0000,147576.0044,0.0044,0.0032,33.0026
4473,147609.0000,147609.0021,0.0021,0.0025,32.9977
4474,147642.0000,147642.0020,0.0020,0.0028,32.9999
4475,147675.0000,147675.0022,0.0022,0.0040,33.0002
4476,147708.0000,147708.0028,0.0028,0.0040,33.0006
4477,147741.0000,147741.0029,0.0029,0.0037,33.0001
4478,147774.0000,147774.0021,0.0021,0.0031,32.9992
4479,147807.0000,147807.0019,0.0019,0.0038,32.9998
4480,147840.0000,147842.5811,2.5811,0.0038,35.5792
4481,147873.0000,147873.0022,0.0022,0.0032,30.4211
4482,147906.0000,147906.0025,0.0025,0.0031,33.0002
4483,147939.0000,147939.0021,0.0021,0.0040,32.9997
4484,147972.0000,147972.0022,0.0022,0.0035,33.0001
4485,148005.0000,148005.0020,0.0020,0.0036,32.9998
4486,148038.0000,148038.0018,0.0018,0.0024,32.9997
4487,148071.0000,148071.0020,0.0020,0.0025,33.0002
4488,148104.0000,148104.0022,0.0022,0.0031,33.0002
4489,148137.0000,148137.0017,0.0017,0.0029,32.9995
4490,148170.0000,148170.0018,0.0018,0.0029,33.0001
4491,148203.0000,148203.0015,0.0015,0.0028,32.9997
4492,148236.0000,148236.0020,0.0020,0.0026,33.0005
4493,148269.0000,148269.0022,0.0022,0.0035,33.0002
4494,148302.0000,148302.0020,0.0020,0.0035,32.9999
4495,148335.0000,148335.0022,0.0022,0.0029,33.0002
4496,148368.0000,148368.0107,0.0107,0.0031,33.0085
4497,148401.0000,148401.0018,0.0018,0.0037,32.9911
4498,148434.0000,148434.0020,0.0020,0.0029,33.0001
4499,148467.0000,148467.0015,0.0015,0.0038,32.9995
4500,148500.0000,148500.0016,0.0016,0.0032,33.0001
4501,148533.0000,148533.0016,0.0016,0.0025,33.0000
4502,148566.0000,148566.0018,0.0018,0.0031,33.0002
4503,148599.0000,148599.0019,0.0019,0.0024,33.0002
4504,148632.0000,148632.0024,0.0024,0.0030,33.0005
4505,148665.0000,148665.0024,0.0024,0.0031,32.9999
4506,148698.0000,148698.0025,0.0025,0.0030,33.0001
4507,148731.0000,148731.0019,0.0019,0.0022,32.9994
4508,148764.0000,148764.0026,0.0026,0.0038,33.0007
4509,148797.0000,148797.0027,0.0027,0.0033,33.0002
4510,148830.0000,148830.2355,0.2355,0.0036,33.2327
4511,148863.0000,148863.7785,0.7785,0.0033,33.5430
4512,148896.0000,148896.0018,0.0018,0.0024,32.2233
4513,148929.0000,148929.0013,0.0013,0.0030,32.9995
4514,148962.0000,148962.0013,0.0013,0.0022,33.0000
4515,148995.0000,148995.0015,0.0015,0.0025,33.0002
4516,149028.0000,149028.0018,0.0018,0.0033,33.0002
4517,149061.0000,149061.0017,0.0017,0.0024,33.0000
4518,149094.0000,149094.0018,0.0018,0.0031,33.0000
4519,149127.0000,149127.0018,0.0018,0.0037,33.0000
4520,149160.0000,149160.0013,0.0013,0.0027,32.9995
4521,149193.0000,149193.0022,0.0022,0.0040,33.0009
4522,149226.0000,149226.0021,0.0021,0.0034,32.9999
4523,149259.0000,149259.0020,0.0020,0.0042,32.9999
4524,149292.0000,149292.0019,0.0019,0.0032,32.9999
4525,149325.0000,149325.0034,0.0034,0.0038,33.0015
4526,149358.0000,149358.0020,0.0020,0.0034,32.9987
4527,149391.0000,149391.0023,0.0023,0.0037,33.0002
4528,149424.0000,149424.0025,0.0025,0.0035,33.0003
4529,149457.0000,149457.0026,0.0026,0.0037,33.0001
4530,149490.0000,149490.0021,0.0021,0.0039,32.9995
4531,149523.0000,149523.0022,0.0022,0.0038,33.0001
4532,149556.0000,149556.0021,0.0021,0.0033,32.9999
4533,149589.0000,149589.0026,0.0026,0.0041,33.0004
4534,149622.0000,149622.0028,0.0028,0.0030,33.0002
4535,149655.0000,149655.0021,0.0021,0.0030,32.9993
4536,149688.0000,149688.0020,0.0020,0.0035,32.9999
4537,149721.0000,149721.0021,0.0021,0.0031,33.0000
4538,149754.0000,149754.0023,0.0023,0.0036,33.0003
4539,149787.0000,149787.0022,0.0022,0.0040,32.9999
4540,149820.0000,149820.0026,0.0026,0.0037,33.0004
4541,149853.0000,149853.0028,0.0028,0.0043,33.0003
4542,149886.0000,149886.0026,0.0026,0.0035,32.9998
4543,149919.0000,149919.0024,0.0024,0.0033,32.9997
4544,149952.0000,149952.0026,0.0026,0.0037,33.0002
4545,149985.0000,149985.0028,0.0028,0.0032,33.0002
4546,150018.0000,150018.0029,0.0029,0.0036,33.0001
4547,150051.0000,150051.0022,0.0022,0.0042,32.9993
4548,150084.0000,150084.0021,0.0021,0.0046,32.9999
4549,150117.0000,150117.0039,0.0039,0.0048,33.0018
4550,150150.0000,150150.0024,0.0024,0.0046,32.9985
4551,150183.0000,150183.0031,0.0031,0.0050,33.0007
4552,150216.0000,150216.0028,0.0028,0.0038,32.9997
4553,150249.0000,150249.0031,0.0031,0.0037,33.0003
4554,150282.0000,150282.0027,0.0027,0.0038,32.9997
4555,150315.0000,150315.0026,0.0026,0.0034,32.9998
4556,150348.0000,150348.0024,0.0024,0.0032,32.9999
4557,150381.0000,150381.0019,0.0019,0.0030,32.9995
4558,150414.0000,150414.0021,0.0021,0.0031,33.0001
4559,150447.0000,150447.0018,0.0018,0.0034,32.9997
4560,150480.0000,150480.0016,0.0016,0.0028,32.9998
4561,150513.0000,150513.0018,0.0018,0.0039,33.0002
4562,150546.0000,150546.0022,0.0022,0.0029,33.0004
4563,150579.0000,150579.0021,0.0021,0.0437,32.9999
4564,150612.0000,150612.0016,0.0016,0.0026,32.9995
4565,150645.0000,150645.0026,0.0026,0.0046,33.0009
4566,150678.0000,150678.0028,0.0028,0.0037,33.0002
4567,150711.0000,150711.0036,0.0036,0.0045,33.0008
4568,150744.0000,150744.0020,0.0020,0.0034,32.9984
4569,150777.0000,150777.0019,0.0019,0.0030,33.0000
4570,150810.0000,150810.0024,0.0024,0.0036,33.0004
4571,150843.0000,150843.0022,0.0022,0.0034,32.9998
4572,150876.0000,150876.0024,0.0024,0.0037,33.0002
4573,150909.0000,150909.0025,0.0025,0.0033,33.0001
4574,150942.0000,150942.0024,0.0024,0.0036,32.9998
4575,150975.0000,150975.0026,0.0026,0.0044,33.0002
4576,151008.0000,151008.0086,0.0086,0.0049,33.0061
4577,151041.0000,151041.0030,0.0030,0.0043,32.9943
4578,151074.0000,151074.0023,0.0023,0.0037,32.9993
4579,151107.0000,151107.0029,0.0029,0.0033,33.0006
4580,151140.0000,151140.0025,0.0025,0.0038,32.9996
4581,151173.0000,151173.0027,0.0027,0.0043,33.0003
4582,151206.0000,151206.0028,0.0028,0.0038,33.0001
4583,151239.0000,151239.0026,0.0026,0.0048,32.9998
4584,151272.0000,151272.0019,0.0019,0.0032,32.9992
4585,151305.0000,151305.0020,0.0020,0.0039,33.0002
4586,151338.0000,151338.0564,0.0564,0.0042,33.0544
4587,151371.0000,151371.0023,0.0023,0.0040,32.9459
4588,151404.0000,151404.0025,0.0025,0.0039,33.0003
4589,151437.0000,151437.0021,0.0021,0.0035,32.9996
4590,151470.0000,151470.0022,0.0022,0.0038,33.0001
4591,151503.0000,151503.0020,0.0020,0.0032,32.9997
4592,151536.0000,151536.0027,0.0027,0.0033,33.0007
4593,151569.0000,151569.0018,0.0018,0.0036,32.9991
4594,151602.0000,151602.0020,0.0020,0.0039,33.0002
4595,151635.0000,151635.0022,0.0022,0.0035,33.0003
4596,151668.0000,151668.0019,0.0019,0.0036,32.9997
4597,151701.0000,151701.0016,0.0016,0.0028,32.9996
4598,151734.0000,151734.0023,0.0023,0.0034,33.0007
4599,151767.0000,151767.0018,0.0018,0.0026,32.9995
4600,151800.0000,151800.0016,0.0016,0.0032,32.9998
4601,151833.0000,151833.0017,0.0017,0.0031,33.0000
4602,151866.0000,151866.0016,0.0016,0.0028,32.9999
4603,151899.0000,151899.0019,0.0019,0.0032,33.0003
4604,151932.0000,151932.0017,0.0017,0.0029,32.9998
4605,151965.0000,151965.0016,0.0016,0.0030,32.9998
4606,151998.0000,151998.0012,0.0012,0.0029,32.9997
4607,152031.0000,152031.0014,0.0014,0.0034,33.0002
4608,152064.0000,152064.0013,0.0013,0.0028,32.9998
4609,152097.0000,152097.0016,0.0016,0.0026,33.0003
4610,152130.0000,152130.0019,0.0019,0.0034,33.0003
4611,152163.0000,152163.0015,0.0015,0.0025,32.9996
4612,152196.0000,152196.0594,0.0594,0.0032,33.0579
4613,152229.0000,152229.0015,0.0015,0.0029,32.9421
4614,152262.0000,152262.0015,0.0015,0.0028,33.0000
4615,152295.0000,152295.0015,0.0015,0.0036,33.0001
4616,152328.0000,152328.0010,0.0010,0.0016,32.9995
4617,152361.0000,152361.0013,0.0013,0.0017,33.0003
4618,152394.0000,152394.0010,0.0010,0.0018,32.9997
4619,152427.0000,152427.0012,0.0012,0.0019,33.0002
4620,152460.0000,152460.0018,0.0018,0.0032,33.0006
4621,152493.0000,152493.0021,0.0021,0.0026,33.0003
4622,152526.0000,152526.0016,0.0016,0.0028,32.9995
4623,152559.0000,152559.0018,0.0018,0.0029,33.0002
4624,152592.0000,152592.0020,0.0020,0.0029,33.0002
4625,152625.0000,152625.0018,0.0018,0.0031,32.9998
4626,152658.0000,152658.0021,0.0021,0.0034,33.0002
4627,152691.0000,152691.0020,0.0020,0.0034,32.9999
4628,152724.0000,152724.0021,0.0021,0.0035,33.0001
4629,152757.0000,152757.0015,0.0015,0.0032,32.9994
4630,152790.0000,152790.0016,0.0016,0.0032,33.0002
4631,152823.0000,152823.0021,0.0021,0.0025,33.0005
4632,152856.0000,152856.0021,0.0021,0.0031,32.9999
4633,152889.0000,152889.0022,0.0022,0.0028,33.0002
4634,152922.0000,152922.0019,0.0019,0.0028,32.9997
4635,152955.0000,152955.0020,0.0020,0.0028,33.0001
4636,152988.0000,152988.0019,0.0019,0.0032,32.9998
4637,153021.0000,153021.0021,0.0021,0.0031,33.0002
4638,153054.0000,153054.0023,0.0023,0.0031,33.0002
4639,153087.0000,153087.0026,0.0026,0.0035,33.0003
4640,153120.0000,153120.0023,0.0023,0.0040,32.9997
4641,153153.0000,153153.0030,0.0030,0.0039,33.0007
4642,153186.0000,153186.0027,0.0027,0.0036,32.9997
4643,153219.0000,153219.0024,0.0024,0.0032,32.9998
4644,153252.0000,153252.0035,0.0035,0.0039,33.0010
4645,153285.0000,153285.0019,0.0019,0.0042,32.9984
4646,153318.0000,153318.0021,0.0021,0.0031,33.0002
4647,153351.0000,153351.0027,0.0027,0.0028,33.0006
4648,153384.0000,153384.0017,0.0017,0.0028,32.9991
4649,153417.0000,153417.0022,0.0022,0.0027,33.0005
4650,153450.0000,153450.0017,0.0017,0.0024,32.9995
4651,153483.0000,153483.0019,0.0019,0.0029,33.0002
4652,153516.0000,153516.0014,0.0014,0.0024,32.9995
4653,153549.0000,153549.0014,0.0014,0.0022,33.0000
4654,153582.0000,153582.0015,0.0015,0.0020,33.0001
4655,153615.0000,153615.0016,0.0016,0.0027,33.0001
4656,153648.0000,153648.0015,0.0015,0.0024,32.9999
4657,153681.0000,153681.0019,0.0019,0.0028,33.0004
4658,153714.0000,153714.0019,0.0019,0.0030,33.0000
4659,153747.0000,153747.0020,0.0020,0.0027,33.0001
4660,153780.0000,153780.0019,0.0019,0.0029,32.9999
4661,153813.0000,153813.0015,0.0015,0.0023,32.9996
4662,153846.0000,153846.0022,0.0022,0.0033,33.0007
4663,153879.0000,153879.0021,0.0021,0.0031,32.9999
4664,153912.0000,153912.0023,0.0023,0.0035,33.0002
4665,153945.0000,153945.0018,0.0018,0.0176,32.9995
4666,153978.0000,153978.0019,0.0019,0.0024,33.0001
4667,154011.0000,154011.0028,0.0028,0.0037,33.0009
4668,154044.0000,154044.0021,0.0021,0.0037,32.9993
4669,154077.0000,154077.0020,0.0020,0.0029,32.9999
4670,154110.0000,154110.0026,0.0026,0.0039,33.0006
4671,154143.0000,154143.0023,0.0023,0.0031,32.9996
4672,154176.0000,154176.0024,0.0024,0.0031,33.0001
4673,154209.0000,154209.0019,0.0019,0.0027,32.9996
4674,154242.0000,154242.0022,0.0022,0.0026,33.0002
4675,154275.0000,154275.0023,0.0023,0.0027,33.0001
4676,154308.0000,154308.0021,0.0021,0.0024,32.9998
4677,154341.0000,154341.0024,0.0024,0.0022,33.0002
4678,154374.0000,154374.0016,0.0016,0.0025,32.9992
4679,154407.0000,154407.0019,0.0019,0.0027,33.0003
4680,154440.0000,154440.0016,0.0016,0.0025,32.9998
4681,154473.0000,154473.0014,0.0014,0.0024,32.9998
4682,154506.0000,154506.0014,0.0014,0.0019,33.0000
4683,154539.0000,154539.0016,0.0016,0.0023,33.0002
4684,154572.0000,154572.0014,0.0014,0.0023,32.9998
4685,154605.0000,154605.0016,0.0016,0.0023,33.0002
4686,154638.0000,154638.0021,0.0021,0.0020,33.0005
4687,154671.0000,154671.0016,0.0016,0.0021,32.9995
4688,154704.0000,154704.0018,0.0018,0.0021,33.0002
4689,154737.0000,154737.0021,0.0021,0.0025,33.0003
4690,154770.0000,154770.0023,0.0023,0.0026,33.0002
4691,154803.0000,154803.0024,0.0024,0.0026,33.0001
4692,154836.0000,154836.0015,0.0015,0.0025,32.9991
4693,154869.0000,154869.0015,0.0015,0.0027,33.0000
4694,154902.0000,154902.0013,0.0013,0.0021,32.9998
4695,154935.0000,154935.0024,0.0024,0.0019,33.0012
4696,154968.0000,154968.0301,0.0301,0.0029,33.0277
4697,155001.0000,155001.0021,0.0021,0.0028,32.9720
4698,155034.0000,155034.0016,0.0016,0.0025,32.9995
4699,155067.0000,155067.0024,0.0024,0.0027,33.0008
4700,155100.0000,155100.0017,0.0017,0.0022,32.9992
4701,155133.0000,155133.0019,0.0019,0.0023,33.0002
4702,155166.0000,155166.0017,0.0017,0.0026,32.9998
4703,155199.0000,155199.0019,0.0019,0.0022,33.0002
4704,155232.0000,155232.0018,0.0018,0.0025,32.9999
4705,155265.0000,155265.0019,0.0019,0.0029,33.0001
4706,155298.0000,155298.0017,0.0017,0.0045,32.9998
4707,155331.0000,155331.0019,0.0019,0.0024,33.0002
4708,155364.0000,155364.0016,0.0016,0.0023,32.9996
4709,155397.0000,155397.0022,0.0022,0.0029,33.0007
4710,155430.0000,155430.0020,0.0020,0.0032,32.9998
4711,155463.0000,155463.0015,0.0015,0.0022,32.9995
4712,155496.0000,155496.0015,0.0015,0.0028,33.0000
4713,155529.0000,155529.0018,0.0018,0.0021,33.0003
4714,155562.0000,155562.0016,0.0016,0.0025,32.9998
4715,155595.0000,155595.0013,0.0013,0.0022,32.9997
4716,155628.0000,155628.0017,0.0017,0.0023,33.0004
4717,155661.0000,155661.0013,0.0013,0.0024,32.9996
4718,155694.0000,155694.0014,0.0014,0.0024,33.0001
4719,155727.0000,155727.0017,0.0017,0.0025,33.0003
4720,155760.0000,155760.0018,0.0018,0.0020,33.0001
4721,155793.0000,155793.0014,0.0014,0.0025,32.9996
4722,155826.0000,155826.0013,0.0013,0.0032,32.9999
4723,155859.0000,155859.0012,0.0012,0.0028,32.9999
4724,155892.0000,155892.0012,0.0012,0.0026,32.9999
4725,155925.0000,155925.0013,0.0013,0.0021,33.0001
4726,155958.0000,155958.0017,0.0017,0.0025,33.0004
4727,155991.0000,155991.0017,0.0017,0.0023,33.0000
4728,156024.0000,156024.0018,0.0018,0.0027,33.0002
4729,156057.0000,156057.0016,0.0016,0.0021,32.9997
4730,156090.0000,156090.0015,0.0015,0.0024,33.0000
4731,156123.0000,156123.0014,0.0014,0.0026,32.9999
4732,156156.0000,156156.0018,0.0018,0.0027,33.0004
4733,156189.0000,156189.0015,0.0015,0.0018,32.9997
4734,156222.0000,156222.0020,0.0020,0.0028,33.0005
4735,156255.0000,156255.0017,0.0017,0.0030,32.9997
4736,156288.0000,156288.0020,0.0020,0.0029,33.0004
4737,156321.0000,156321.0017,0.0017,0.0027,32.9997
4738,156354.0000,156354.0017,0.0017,0.0057,33.0000
4739,156387.0000,156387.0046,0.0046,0.0031,33.0029
4740,156420.0000,156421.3123,1.3123,0.0039,34.3077
4741,156453.0000,156453.0022,0.0022,0.0030,31.6899
4742,156486.0000,156486.0024,0.0024,0.0038,33.0002
4743,156519.0000,156519.0029,0.0029,0.0043,33.0005
4744,156552.0000,156552.0031,0.0031,0.0044,33.0002
4745,156585.0000,156585.0030,0.0030,0.0039,32.9999
4746,156618.0000,156618.0033,0.0033,0.0045,33.0003
4747,156651.0000,156651.0036,0.0036,0.0036,33.0002
4748,156684.0000,156684.0028,0.0028,0.0038,32.9993
4749,156717.0000,156717.0026,0.0026,0.0042,32.9998
4750,156750.0000,156750.0031,0.0031,0.0038,33.0005
4751,156783.0000,156783.0027,0.0027,0.0037,32.9995
4752,156816.0000,156816.0025,0.0025,0.0044,32.9998
4753,156849.0000,156849.0024,0.0024,0.0040,32.9999
4754,156882.0000,156882.0054,0.0054,0.0054,33.0030
4755,156915.0000,156915.0027,0.0027,0.0038,32.9974
4756,156948.0000,156948.0029,0.0029,0.0036,33.0002
4757,156981.0000,156981.0031,0.0031,0.0039,33.0002
4758,157014.0000,157014.0036,0.0036,0.0043,33.0005
4759,157047.0000,157047.0027,0.0027,0.0047,32.9991
4760,157080.0000,157080.0023,0.0023,0.0036,32.9997
4761,157113.0000,157113.0038,0.0038,0.0040,33.0014
4762,157146.0000,157146.0018,0.0018,0.0028,32.9981
4763,157179.0000,157179.0021,0.0021,0.0027,33.0002
4764,157212.0000,157212.0018,0.0018,0.0027,32.9998
4765,157245.0000,157245.0021,0.0021,0.0035,33.0003
4766,157278.0000,157278.0015,0.0015,0.0029,32.9994
4767,157311.0000,157311.0014,0.0014,0.0143,32.9999
4768,157344.0000,157344.0017,0.0017,0.0025,33.0003
4769,157377.0000,157377.0014,0.0014,0.0030,32.9997
4770,157410.0000,157410.0014,0.0014,0.0026,33.0000
4771,157443.0000,157443.0015,0.0015,0.0024,33.0001
4772,157476.0000,157476.0016,0.0016,0.0021,33.0001
4773,157509.0000,157509.0018,0.0018,0.0020,33.0002
4774,157542.0000,157542.0018,0.0018,0.0030,33.0000
4775,157575.0000,157575.0020,0.0020,0.0031,33.0002
4776,157608.0000,157608.0019,0.0018,0.0021,32.9998
4777,157641.0000,157641.0020,0.0020,0.0030,33.0002
4778,157674.0000,157674.0017,0.0017,0.0038,32.9997
4779,157707.0000,157707.0033,0.0033,0.0045,33.0015
4780,157740.0000,157740.0021,0.0021,0.0028,32.9988
4781,157773.0000,157773.0020,0.0020,0.0037,32.9999
4782,157806.0000,157806.0021,0.0021,0.0031,33.0001
4783,157839.0000,157839.0024,0.0024,0.0030,33.0003
4784,157872.0000,157872.0022,0.0022,0.0035,32.9998
4785,157905.0000,157905.0024,0.0024,0.0043,33.0001
4786,157938.0000,157938.0025,0.0025,0.0037,33.0002
4787,157971.0000,157971.0023,0.0023,0.0030,32.9998
4788,158004.0000,158004.0029,0.0029,0.0034,33.0006
4789,158037.0000,158037.0031,0.0031,0.0034,33.0002
4790,158070.0000,158070.0019,0.0019,0.0028,32.9988
4791,158103.0000,158103.0030,0.0030,0.0031,33.0011
4792,158136.0000,158136.0018,0.0018,0.0032,32.9988
4793,158169.0000,158169.0020,0.0020,0.0033,33.0002
4794,158202.0000,158202.0021,0.0021,0.0033,33.0001
4795,158235.0000,158235.0022,0.0022,0.0033,33.0001
4796,158268.0000,158268.0023,0.0023,0.0036,33.0001
4797,158301.0000,158301.0028,0.0028,0.0034,33.0005
4798,158334.0000,158334.0037,0.0037,0.0047,33.0009
4799,158367.0000,158367.0027,0.0027,0.0028,32.9990
4800,158400.0000,158400.0028,0.0028,0.0029,33.0000
4801,158433.0000,158433.0018,0.0018,0.0028,32.9991
4802,158466.0000,158466.0021,0.0021,0.0028,33.0002
4803,158499.0000,158499.0036,0.0036,0.0038,33.0015
4804,158532.0000,158532.0030,0.0030,0.0034,32.9994
4805,158565.0000,158565.0023,0.0023,0.0022,32.9993
4806,158598.0000,158598.0024,0.0024,0.0028,33.0001
4807,158631.0000,158631.0023,0.0023,0.0023,32.9999
4808,158664.0000,158664.0023,0.0023,0.0038,33.0000
4809,158697.0000,158697.0030,0.0030,0.0040,33.0007
4810,158730.0000,158730.0024,0.0024,0.0034,32.9994
4811,158763.0000,158763.0018,0.0018,0.0029,32.9993
4812,158796.0000,158796.0016,0.0016,0.0032,32.9998
4813,158829.0000,158829.0018,0.0018,0.0032,33.0003
4814,158862.0000,158862.0020,0.0020,0.0032,33.0002
4815,158895.0000,158895.0018,0.0018,0.0033,32.9998
4816,158928.0000,158928.0016,0.0016,0.0031,32.9998
4817,158961.0000,158961.0021,0.0021,0.0028,33.0005
4818,158994.0000,158994.0019,0.0019,0.0028,32.9998
4819,159027.0000,159027.0025,0.0025,0.0031,33.0006
4820,159060.0000,159060.0023,0.0023,0.0039,32.9998
4821,159093.0000,159093.0019,0.0019,0.0038,32.9997
4822,159126.0000,159126.0016,0.0016,0.0031,32.9997
4823,159159.0000,159159.0016,0.0016,0.0033,33.0000
4824,159192.0000,159192.0017,0.0017,0.0032,33.0001
4825,159225.0000,159225.0007,0.0007,0.0013,32.9990
4826,159258.0000,159258.0009,0.0009,0.0016,33.0003
4827,159291.0000,159291.0018,0.0018,0.0022,33.0009
4828,159324.0000,159324.0015,0.0015,0.0022,32.9997
4829,159357.0000,159357.0013,0.0013,0.0024,32.9998
4830,159390.0000,159391.2049,1.2049,0.0025,34.2036
4831,159423.0000,159423.0011,0.0011,0.0020,31.7962
4832,159456.0000,159456.0013,0.0013,0.0025,33.0001
4833,159489.0000,159489.0013,0.0012,0.0024,33.0000
4834,159522.0000,159522.0016,0.0016,0.0030,33.0003
4835,159555.0000,159555.0020,0.0020,0.0027,33.0004
4836,159588.0000,159588.0019,0.0019,0.0030,32.9999
4837,159621.0000,159621.0017,0.0017,0.0029,32.9998
4838,159654.0000,159654.0022,0.0022,0.0030,33.0005
4839,159687.0000,159687.0017,0.0017,0.0026,32.9995
4840,159720.0000,159720.0021,0.0021,0.0037,33.0004
4841,159753.0000,159753.0025,0.0025,0.0034,33.0004
4842,159786.0000,159786.0022,0.0022,0.0039,32.9997
4843,159819.0000,159819.0031,0.0031,0.0040,33.0009
4844,159852.0000,159852.0022,0.0022,0.0032,32.9991
4845,159885.0000,159885.0022,0.0022,0.0034,33.0000
4846,159918.0000,159918.0009,0.0009,0.0017,32.9987
4847,159951.0000,159951.0020,0.0020,0.0030,33.0011
4848,159984.0000,159984.0015,0.0015,0.0032,32.9995
4849,160017.0000,160017.0016,0.0016,0.0031,33.0000
4850,160050.0000,160050.0016,0.0016,0.0028,33.0000
4851,160083.0000,160083.0019,0.0019,0.0041,33.0003
4852,160116.0000,160116.0027,0.0027,0.0038,33.0008
4853,160149.0000,160149.0025,0.0025,0.0027,32.9998
4854,160182.0000,160182.0024,0.0024,0.0029,32.9999
4855,160215.0000,160215.0016,0.0016,0.0035,32.9991
4856,160248.0000,160248.0016,0.0016,0.0024,33.0000
4857,160281.0000,160281.0024,0.0024,0.0033,33.0008
4858,160314.0000,160314.0026,0.0026,0.0043,33.0003
4859,160347.0000,160347.0013,0.0013,0.0027,32.9986
4860,160380.0000,160380.0012,0.0012,0.0021,33.0000
4861,160413.0000,160413.0062,0.0062,0.0027,33.0050
4862,160446.0000,160446.0014,0.0014,0.0025,32.9952
4863,160479.0000,160479.0015,0.0015,0.0024,33.0001
4864,160512.0000,160512.0014,0.0014,0.0022,32.9999
4865,160545.0000,160545.0012,0.0012,0.0024,32.9998
4866,160578.0000,160578.0012,0.0012,0.0021,33.0000
4867,160611.0000,160611.0011,0.0011,0.0019,32.9999
4868,160644.0000,160644.0011,0.0011,0.0021,33.0000
4869,160677.0000,160677.0013,0.0013,0.0142,33.0002
4870,160710.0000,160710.0012,0.0012,0.0020,32.9999
4871,160743.0000,160743.0011,0.0011,0.0020,32.9999
4872,160776.0000,160776.0011,0.0011,0.0020,33.0000
4873,160809.0000,160809.0011,0.0011,0.0021,33.0000
4874,160842.0000,160842.0012,0.0012,0.0019,33.0002
4875,160875.0000,160875.0009,0.0009,0.0017,32.9997
4876,160908.0000,160908.0011,0.0011,0.0021,33.0001
4877,160941.0000,160941.0011,0.0011,0.0022,33.0000
4878,160974.0000,160974.0012,0.0012,0.0023,33.0002
4879,161007.0000,161007.0012,0.0012,0.0026,33.0000
4880,161040.0000,161040.0015,0.0015,0.0023,33.0003
4881,161073.0000,161073.0016,0.0016,0.0024,33.0000
4882,161106.0000,161106.0017,0.0017,0.0021,33.0002
4883,161139.0000,161139.0016,0.0016,0.0027,32.9999
4884,161172.0000,161172.0014,0.0014,0.0021,32.9997
4885,161205.0000,161205.0021,0.0021,0.0026,33.0007
4886,161238.0000,161238.0022,0.0022,0.0035,33.0001
4887,161271.0000,161271.0023,0.0023,0.0027,33.0001
4888,161304.0000,161304.0025,0.0025,0.0027,33.0002
4889,161337.0000,161337.0022,0.0022,0.0024,32.9997
4890,161370.0000,161370.0016,0.0016,0.0027,32.9995
4891,161403.0000,161403.0018,0.0018,0.0029,33.0001
4892,161436.0000,161436.0017,0.0017,0.0034,32.9999
4893,161469.0000,161469.0019,0.0019,0.0028,33.0002
4894,161502.0000,161502.0019,0.0019,0.0030,33.0001
4895,161535.0000,161535.0021,0.0021,0.0033,33.0002
4896,161568.0000,161568.0024,0.0024,0.0028,33.0002
4897,161601.0000,161601.0025,0.0025,0.0033,33.0002
4898,161634.0000,161634.0031,0.0031,0.0030,33.0006
4899,161667.0000,161667.0031,0.0031,0.0042,33.0000
4900,161700.0000,161700.0026,0.0026,0.0038,32.9995
4901,161733.0000,161733.0023,0.0023,0.0027,32.9997
4902,161766.0000,161766.0026,0.0026,0.0033,33.0003
4903,161799.0000,161799.0019,0.0019,0.0032,32.9993
4904,161832.0000,161832.0020,0.0020,0.0030,33.0001
4905,161865.0000,161865.0020,0.0020,0.0038,33.0000
4906,161898.0000,161898.0029,0.0029,0.0035,33.0009
4907,161931.0000,161931.0019,0.0019,0.0028,32.9989
4908,161964.0000,161964.0021,0.0021,0.0024,33.0002
4909,161997.0000,161997.0016,0.0016,0.0025,32.9995
4910,162030.0000,162030.0017,0.0017,0.0032,33.0001
4911,162063.0000,162063.0015,0.0015,0.0029,32.9999
4912,162096.0000,162096.0014,0.0014,0.0032,32.9998
4913,162129.0000,162129.0016,0.0016,0.0028,33.0003
4914,162162.0000,162162.0019,0.0019,0.0032,33.0003
4915,162195.0000,162195.0016,0.0016,0.0030,32.9997
4916,162228.0000,162228.0016,0.0016,0.0031,33.0001
4917,162261.0000,162261.0017,0.0017,0.0032,33.0001
4918,162294.0000,162294.0015,0.0015,0.0032,32.9998
4919,162327.0000,162327.0017,0.0017,0.0027,33.0002
4920,162360.0000,162360.0017,0.0017,0.0026,33.0000
4921,162393.0000,162393.0017,0.0017,0.0031,33.0000
4922,162426.0000,162426.0014,0.0014,0.0030,32.9997
4923,162459.0000,162459.0015,0.0015,0.0031,33.0000
4924,162492.0000,162492.0018,0.0018,0.0037,33.0003
4925,162525.0000,162525.0014,0.0014,0.0026,32.9997
4926,162558.0000,162558.0014,0.0014,0.0027,33.0000
4927,162591.0000,162591.0016,0.0016,0.0031,33.0002
4928,162624.0000,162624.0014,0.0014,0.0032,32.9998
4929,162657.0000,162657.0015,0.0015,0.0031,33.0001
4930,162690.0000,162690.0024,0.0024,0.0029,33.0009
4931,162723.0000,162723.0019,0.0019,0.0028,32.9995
4932,162756.0000,162756.0020,0.0020,0.0028,33.0002
4933,162789.0000,162789.0015,0.0015,0.0035,32.9995
4934,162822.0000,162822.0015,0.0015,0.0031,33.0000
4935,162855.0000,162855.0016,0.0016,0.0031,33.0001
4936,162888.0000,162888.0019,0.0019,0.0031,33.0002
4937,162921.0000,162921.0020,0.0020,0.0031,33.0002
4938,162954.0000,162954.0019,0.0019,0.0028,32.9999
4939,162987.0000,162987.0024,0.0024,0.0032,33.0005
4940,163020.0000,163020.0018,0.0018,0.0033,32.9994
4941,163053.0000,163053.0021,0.0021,0.0029,33.0002
4942,163086.0000,163086.0022,0.0022,0.0033,33.0001
4943,163119.0000,163119.0024,0.0024,0.0039,33.0002
4944,163152.0000,163152.0019,0.0019,0.0031,32.9996
4945,163185.0000,163185.0016,0.0016,0.0033,32.9996
4946,163218.0000,163218.0010,0.0010,0.0023,32.9995
4947,163251.0000,163251.0012,0.0012,0.0028,33.0002
4948,163284.0000,163284.0011,0.0011,0.0024,32.9999
4949,163317.0000,163317.0012,0.0012,0.0030,33.0001
4950,163350.0000,163350.0011,0.0011,0.0022,32.9999
4951,163383.0000,163383.0012,0.0012,0.0018,33.0001
4952,163416.0000,163416.0016,0.0016,0.0024,33.0004
4953,163449.0000,163449.0016,0.0016,0.0024,33.0000
4954,163482.0000,163482.0018,0.0018,0.0024,33.0002
4955,163515.0000,163515.0013,0.0013,0.0020,32.9995
4956,163548.0000,163548.0015,0.0015,0.0024,33.0003
4957,163581.0000,163581.0015,0.0015,0.0024,32.9999
4958,163614.0000,163614.0020,0.0020,0.0030,33.0005
4959,163647.0000,163647.2413,0.2413,0.0033,33.2393
4960,163680.0000,163680.0018,0.0018,0.0027,32.7606
4961,163713.0000,163713.0018,0.0018,0.0030,32.9999
4962,163746.0000,163746.0018,0.0018,0.0031,33.0001
4963,163779.0000,163779.0020,0.0020,0.0032,33.0001
4964,163812.0000,163812.0018,0.0018,0.0031,32.9998
4965,163845.0000,163845.0021,0.0021,0.0035,33.0003
4966,163878.0000,163878.0022,0.0022,0.0032,33.0001
4967,163911.0000,163911.0023,0.0023,0.0028,33.0002
4968,163944.0000,163944.0016,0.0016,0.0028,32.9993
4969,163977.0000,163977.0015,0.0015,0.0027,32.9999
4970,164010.0000,164010.0020,0.0020,0.0025,33.0005
4971,164043.0000,164043.0015,0.0015,0.0155,32.9995
4972,164076.0000,164076.0016,0.0016,0.0028,33.0002
4973,164109.0000,164109.0018,0.0018,0.0033,33.0001
4974,164142.0000,164142.0016,0.0016,0.0023,32.9999
4975,164175.0000,164175.0017,0.0017,0.0028,33.0001
4976,164208.0000,164208.0020,0.0020,0.0030,33.0002
4977,164241.0000,164241.0020,0.0020,0.0029,33.0000
4978,164274.0000,164274.0021,0.0021,0.0030,33.0002
4979,164307.0000,164307.0025,0.0025,0.0031,33.0004
4980,164340.0000,164340.0020,0.0020,0.0029,32.9995
4981,164373.0000,164373.0013,0.0013,0.0021,32.9993
4982,164406.0000,164406.0016,0.0016,0.0025,33.0003
4983,164439.0000,164439.0029,0.0029,0.0035,33.0013
4984,164472.0000,164472.0024,0.0024,0.0034,32.9995
4985,164505.0000,164505.0028,0.0028,0.0036,33.0005
4986,164538.0000,164538.0017,0.0017,0.0024,32.9989
4987,164571.0000,164571.0022,0.0022,0.0021,33.0005
4988,164604.0000,164604.0015,0.0015,0.0020,32.9993
4989,164637.0000,164637.0017,0.0017,0.0027,33.0002
4990,164670.0000,164670.0016,0.0016,0.0023,32.9999
4991,164703.0000,164703.0018,0.0018,0.0019,33.0002
4992,164736.0000,164736.0017,0.0017,0.0022,32.9999
4993,164769.0000,164769.0016,0.0016,0.0023,32.9999
4994,164802.0000,164802.0023,0.0023,0.0030,33.0007
4995,164835.0000,164835.0019,0.0019,0.0029,32.9996
4996,164868.0000,164868.0021,0.0021,0.0025,33.0001
4997,164901.0000,164901.0016,0.0016,0.0026,32.9995
4998,164934.0000,164934.0017,0.0017,0.0020,33.0001
4999,164967.0000,164967.0012,0.0012,0.0024,32.9995
5000,165000.0000,165000.0014,0.0014,0.0027,33.0001
5001,165033.0000,165033.0016,0.0016,0.0097,33.0003
5002,165066.0000,165066.0014,0.0014,0.0024,32.9998
5003,165099.0000,165099.0019,0.0019,0.0032,33.0005
5004,165132.0000,165132.0021,0.0021,0.0031,33.0002
5005,165165.0000,165165.0020,0.0020,0.0035,32.9999
5006,165198.0000,165198.0021,0.0021,0.0028,33.0001
5007,165231.0000,165231.0020,0.0020,0.0037,32.9999
5008,165264.0000,165264.0017,0.0017,0.0028,32.9997
5009,165297.0000,165297.0019,0.0019,0.0025,33.0002
5010,165330.0000,165330.0013,0.0013,0.0020,32.9994
5011,165363.0000,165363.0014,0.0014,0.0023,33.0001
5012,165396.0000,165396.0016,0.0016,0.0029,33.0002
5013,165429.0000,165429.0012,0.0012,0.0026,32.9996
5014,165462.0000,165462.0015,0.0015,0.0034,33.0003
5015,165495.0000,165495.0016,0.0016,0.0025,33.0000
5016,165528.0000,165528.0016,0.0016,0.0027,33.0000
5017,165561.0000,165561.0018,0.0018,0.0037,33.0002
5018,165594.0000,165594.0018,0.0018,0.0028,33.0000
5019,165627.0000,165627.0029,0.0029,0.0041,33.0010
5020,165660.0000,165660.0018,0.0018,0.0034,32.9990
5021,165693.0000,165693.0021,0.0021,0.0030,33.0002
5022,165726.0000,165726.0023,0.0023,0.0028,33.0003
5023,165759.0000,165759.0023,0.0023,0.0034,33.0000
5024,165792.0000,165792.0017,0.0017,0.0027,32.9994
5025,165825.0000,165825.0019,0.0019,0.0024,33.0002
5026,165858.0000,165858.0017,0.0017,0.0024,32.9997
5027,165891.0000,165891.0016,0.0016,0.0026,33.0000
5028,165924.0000,165924.0014,0.0014,0.0024,32.9997
5029,165957.0000,165957.0013,0.0013,0.0031,32.9999
5030,165990.0000,165990.0018,0.0018,0.0040,33.0005
5031,166023.0000,166023.0013,0.0013,0.0027,32.9995
5032,166056.0000,166056.0017,0.0017,0.0031,33.0004
5033,166089.0000,166089.0011,0.0011,0.0042,32.9993
5034,166122.0000,166122.0024,0.0024,0.0036,33.0013
5035,166155.0000,166155.0019,0.0019,0.0036,32.9995
5036,166188.0000,166188.0022,0.0022,0.0029,33.0003
5037,166221.0000,166221.0020,0.0020,0.0035,32.9999
5038,166254.0000,166254.0022,0.0022,0.0045,33.0002
5039,166287.0000,166287.0025,0.0025,0.0034,33.0002
5040,166320.0000,166320.0023,0.0023,0.0035,32.9998
5041,166353.0000,166353.0022,0.0022,0.0038,32.9999
5042,166386.0000,166386.0024,0.0024,0.0038,33.0002
5043,166419.0000,166419.0027,0.0027,0.0049,33.0003
5044,166452.0000,166452.0030,0.0030,0.0036,33.0003
5045,166485.0000,166485.0024,0.0024,0.0036,32.9994
5046,166518.0000,166518.0021,0.0021,0.0047,32.9997
5047,166551.0000,166551.0023,0.0023,0.0040,33.0002
5048,166584.0000,166584.0023,0.0023,0.0037,33.0000
5049,166617.0000,166617.0022,0.0022,0.0041,32.9998
5050,166650.0000,166650.0023,0.0023,0.0041,33.0002
5051,166683.0000,166683.0354,0.0354,0.0044,33.0330
5052,166716.0000,166716.0024,0.0024,0.0037,32.9670
5053,166749.0000,166749.0024,0.0024,0.0038,33.0000
5054,166782.0000,166782.0025,0.0025,0.0038,33.0001
5055,166815.0000,166815.0027,0.0027,0.0039,33.0002
5056,166848.0000,166848.0027,0.0027,0.0033,33.0000
5057,166881.0000,166881.0020,0.0020,0.0041,32.9993
5058,166914.0000,166914.0134,0.0134,0.0042,33.0114
5059,166947.0000,166947.0022,0.0022,0.0031,32.9888
5060,166980.0000,166980.0020,0.0020,0.0039,32.9998
5061,167013.0000,167013.0023,0.0023,0.0040,33.0003
5062,167046.0000,167046.0025,0.0025,0.0041,33.0002
5063,167079.0000,167079.0024,0.0024,0.0043,32.9999
5064,167112.0000,167112.0024,0.0024,0.0037,32.9999
5065,167145.0000,167145.0023,0.0023,0.0033,32.9999
5066,167178.0000,167178.0027,0.0027,0.0035,33.0004
5067,167211.0000,167211.0022,0.0022,0.0035,32.9995
5068,167244.0000,167244.0023,0.0023,0.0028,33.0001
5069,167277.0000,167277.0020,0.0020,0.0031,32.9997
5070,167310.0000,167310.0017,0.0017,0.0028,32.9997
5071,167343.0000,167343.0021,0.0021,0.0034,33.0004
5072,167376.0000,167376.0018,0.0018,0.0032,32.9997
5073,167409.0000,167409.0265,0.0265,0.0143,33.0247
5074,167442.0000,167442.0016,0.0016,0.0028,32.9751
5075,167475.0000,167475.0026,0.0026,0.0028,33.0009
5076,167508.0000,167508.0028,0.0028,0.0032,33.0002
5077,167541.0000,167541.0037,0.0037,0.0036,33.0009
5078,167574.0000,167574.0031,0.0031,0.0023,32.9995
5079,167607.0000,167607.0017,0.0017,0.0022,32.9985
5080,167640.0000,167640.0016,0.0016,0.0019,33.0000
5081,167673.0000,167673.0016,0.0016,0.0020,33.0000
5082,167706.0000,167706.0018,0.0018,0.0021,33.0002
5083,167739.0000,167739.0016,0.0016,0.0019,32.9998
5084,167772.0000,167772.0012,0.0012,0.0023,32.9996
5085,167805.0000,167805.0013,0.0013,0.0021,33.0001
5086,167838.0000,167838.0014,0.0014,0.0017,33.0001
5087,167871.0000,167871.0014,0.0014,0.0018,33.0000
5088,167904.0000,167904.0011,0.0011,0.0018,32.9997
5089,167937.0000,167937.0010,0.0010,0.0016,33.0000
5090,167970.0000,167970.0011,0.0011,0.0021,33.0000
5091,168003.0000,168003.0015,0.0015,0.0021,33.0004
5092,168036.0000,168036.0012,0.0012,0.0017,32.9997
5093,168069.0000,168069.0011,0.0011,0.0020,32.9999
5094,168102.0000,168102.0015,0.0015,0.0018,33.0004
5095,168135.0000,168135.0011,0.0011,0.0018,32.9996
5096,168168.0000,168168.0141,0.0141,0.0026,33.0130
5097,168201.0000,168201.0014,0.0014,0.0026,32.9873
5098,168234.0000,168234.0014,0.0014,0.0020,33.0000
5099,168267.0000,168267.0015,0.0015,0.0026,33.0001
5100,168300.0000,168300.0014,0.0014,0.0023,33.0000
5101,168333.0000,168333.0017,0.0017,0.0025,33.0002
5102,168366.0000,168366.0049,0.0049,0.0026,33.0032
5103,168399.0000,168399.0021,0.0021,0.0029,32.9972
5104,168432.0000,168432.0018,0.0018,0.0032,32.9997
5105,168465.0000,168465.0019,0.0019,0.0035,33.0001
5106,168498.0000,168498.0024,0.0024,0.0032,33.0005
5107,168531.0000,168531.0018,0.0018,0.0034,32.9994
5108,168564.0000,168564.0021,0.0021,0.0033,33.0003
5109,168597.0000,168597.0022,0.0022,0.0022,33.0001
5110,168630.0000,168630.0026,0.0026,0.0032,33.0004
5111,168663.0000,168663.0026,0.0026,0.0042,33.0000
5112,168696.0000,168696.0025,0.0025,0.0031,32.9999
5113,168729.0000,168729.0028,0.0028,0.0027,33.0002
5114,168762.0000,168762.0021,0.0021,0.0035,32.9993
5115,168795.0000,168795.0020,0.0020,0.0033,32.9999
5116,168828.0000,168828.0022,0.0022,0.0031,33.0003
5117,168861.0000,168861.0024,0.0024,0.0034,33.0002
5118,168894.0000,168894.0018,0.0018,0.0034,32.9994
5119,168927.0000,168927.0017,0.0017,0.0031,32.9999
5120,168960.0000,168960.0015,0.0015,0.0021,32.9998
5121,168993.0000,168993.0014,0.0014,0.0021,32.9998
5122,169026.0000,169026.0016,0.0016,0.0022,33.0002
5123,169059.0000,169059.0015,0.0015,0.0030,32.9999
5124,169092.0000,169092.0018,0.0018,0.0023,33.0003
5125,169125.0000,169125.0015,0.0015,0.0028,32.9997
5126,169158.0000,169158.0015,0.0015,0.0025,33.0000
5127,169191.0000,169191.0014,0.0014,0.0022,32.9998
5128,169224.0000,169224.0013,0.0013,0.0024,32.9999
5129,169257.0000,169257.0013,0.0013,0.0025,33.0001
5130,169290.0000,169290.0015,0.0015,0.0020,33.0002
5131,169323.0000,169323.0029,0.0029,0.0027,33.0014
5132,169356.0000,169356.0018,0.0018,0.0027,32.9989
5133,169389.0000,169389.0014,0.0014,0.0031,32.9996
5134,169422.0000,169422.0014,0.0014,0.0026,33.0000
5135,169455.0000,169455.0013,0.0013,0.0028,32.9999
5136,169488.0000,169488.0012,0.0012,0.0027,32.9999
5137,169521.0000,169521.0017,0.0017,0.0027,33.0005
5138,169554.0000,169554.0019,0.0019,0.0026,33.0002
5139,169587.0000,169587.0030,0.0030,0.0045,33.0012
5140,169620.0000,169620.0025,0.0025,0.0048,32.9995
5141,169653.0000,169653.0026,0.0026,0.0034,33.0001
5142,169686.0000,169686.0016,0.0016,0.0033,32.9991
5143,169719.0000,169719.0020,0.0020,0.0031,33.0004
5144,169752.0000,169752.0027,0.0027,0.0031,33.0007
5145,169785.0000,169785.0057,0.0057,0.0057,33.0030
5146,169818.0000,169818.0019,0.0019,0.0030,32.9962
5147,169851.0000,169851.0033,0.0033,0.0048,33.0013
5148,169884.0000,169884.0026,0.0026,0.0042,32.9993
5149,169917.0000,169917.0027,0.0027,0.0043,33.0001
5150,169950.0000,169950.0028,0.0028,0.0033,33.0001
5151,169983.0000,169983.0031,0.0031,0.0041,33.0003
5152,170016.0000,170016.0025,0.0025,0.0041,32.9994
5153,170049.0000,170049.0031,0.0031,0.0040,33.0006
5154,170082.0000,170082.0023,0.0023,0.0029,32.9992
5155,170115.0000,170115.0025,0.0025,0.0033,33.0002
5156,170148.0000,170148.0021,0.0021,0.0037,32.9996
5157,170181.0000,170181.0023,0.0023,0.0037,33.0002
5158,170214.0000,170214.0019,0.0019,0.0025,32.9996
5159,170247.0000,170247.0018,0.0018,0.0033,32.9999
5160,170280.0000,170280.0022,0.0022,0.0029,33.0004
5161,170313.0000,170313.0016,0.0016,0.0028,32.9994
5162,170346.0000,170346.0026,0.0026,0.0025,33.0010
5163,170379.0000,170379.0023,0.0023,0.0029,32.9997
5164,170412.0000,170412.0017,0.0017,0.0022,32.9994
5165,170445.0000,170445.0024,0.0024,0.0024,33.0006
5166,170478.0000,170478.0014,0.0014,0.0019,32.9990
5167,170511.0000,170511.0014,0.0014,0.0023,33.0000
5168,170544.0000,170544.0018,0.0018,0.0028,33.0003
5169,170577.0000,170577.0014,0.0014,0.0027,32.9996
5170,170610.0000,170610.0014,0.0014,0.0022,33.0000
5171,170643.0000,170643.0021,0.0021,0.0031,33.0008
5172,170676.0000,170676.0020,0.0020,0.0025,32.9998
5173,170709.0000,170709.0014,0.0014,0.0027,32.9994
5174,170742.0000,170742.0013,0.0013,0.0021,32.9999
5175,170775.0000,170775.0017,0.0017,0.0105,33.0004
5176,170808.0000,170808.0013,0.0013,0.0026,32.9996
5177,170841.0000,170841.0012,0.0012,0.0024,32.9999
5178,170874.0000,170874.0012,0.0012,0.0018,33.0000
5179,170907.0000,170907.0008,0.0008,0.0024,32.9996
5180,170940.0000,170940.0010,0.0010,0.0023,33.0001
5181,170973.0000,170973.0016,0.0016,0.0026,33.0006
5182,171006.0000,171006.0014,0.0014,0.0032,32.9998
5183,171039.0000,171039.0012,0.0012,0.0031,32.9998
5184,171072.0000,171072.0014,0.0014,0.0028,33.0002
5185,171105.0000,171105.0013,0.0013,0.0024,32.9998
5186,171138.0000,171138.0017,0.0017,0.0029,33.0004
5187,171171.0000,171171.0018,0.0018,0.0024,33.0001
5188,171204.0000,171204.0018,0.0018,0.0025,32.9999
5189,171237.0000,171237.0020,0.0020,0.0030,33.0003
5190,171270.0000,171270.0018,0.0018,0.0029,32.9998
5191,171303.0000,171303.0019,0.0019,0.0030,33.0001
5192,171336.0000,171336.0018,0.0018,0.0027,32.9999
5193,171369.0000,171369.0015,0.0015,0.0030,32.9997
5194,171402.0000,171402.0018,0.0018,0.0035,33.0003
5195,171435.0000,171435.0021,0.0021,0.0036,33.0002
5196,171468.0000,171468.0022,0.0022,0.0036,33.0002
5197,171501.0000,171501.0018,0.0018,0.0039,32.9996
5198,171534.0000,171534.0020,0.0020,0.0042,33.0002
5199,171567.0000,171567.0027,0.0027,0.0045,33.0007
5200,171600.0000,171600.0026,0.0026,0.0037,32.9998
5201,171633.0000,171633.0022,0.0022,0.0046,32.9996
5202,171666.0000,171666.0020,0.0020,0.0042,32.9998
5203,171699.0000,171699.0021,0.0021,0.0038,33.0002
5204,171732.0000,171732.0023,0.0023,0.0040,33.0001
5205,171765.0000,171765.0021,0.0021,0.0036,32.9998
5206,171798.0000,171798.0022,0.0022,0.0034,33.0002
5207,171831.0000,171831.0019,0.0019,0.0033,32.9997
5208,171864.0000,171864.0020,0.0020,0.0040,33.0002
5209,171897.0000,171897.0017,0.0017,0.0031,32.9996
5210,171930.0000,171930.0018,0.0018,0.0034,33.0001
5211,171963.0000,171963.0015,0.0015,0.0026,32.9997
5212,171996.0000,171996.0018,0.0018,0.0030,33.0002
5213,172029.0000,172029.0019,0.0019,0.0035,33.0001
5214,172062.0000,172062.0019,0.0019,0.0028,33.0001
5215,172095.0000,172095.0016,0.0016,0.0029,32.9996
5216,172128.0000,172128.0016,0.0016,0.0032,33.0000
5217,172161.0000,172161.0017,0.0017,0.0020,33.0001
5218,172194.0000,172194.0019,0.0019,0.0025,33.0003
5219,172227.0000,172227.0017,0.0017,0.0021,32.9997
5220,172260.0000,172260.0016,0.0016,0.0023,32.9999
5221,172293.0000,172293.0018,0.0018,0.0022,33.0002
5222,172326.0000,172326.0014,0.0014,0.0019,32.9996
5223,172359.0000,172359.0013,0.0013,0.0022,32.9999
5224,172392.0000,172392.0013,0.0013,0.0023,33.0000
5225,172425.0000,172425.0013,0.0013,0.0019,33.0000
5226,172458.0000,172458.0013,0.0013,0.0019,33.0000
5227,172491.0000,172491.0015,0.0015,0.0021,33.0002
5228,172524.0000,172524.0016,0.0016,0.0023,33.0002
5229,172557.0000,172557.0018,0.0018,0.0030,33.0002
5230,172590.0000,172590.0016,0.0016,0.0029,32.9998
5231,172623.0000,172623.0017,0.0017,0.0034,33.0001
5232,172656.0000,172656.0025,0.0025,0.0039,33.0009
5233,172689.0000,172689.0018,0.0018,0.0027,32.9993
5234,172722.0000,172722.0018,0.0018,0.0029,33.0000
5235,172755.0000,172755.0020,0.0020,0.0029,33.0002
5236,172788.0000,172788.0032,0.0032,0.0043,33.0012
5237,172821.0000,172821.0034,0.0034,0.0044,33.0003
5238,172854.0000,172854.0017,0.0017,0.0039,32.9983
5239,172887.0000,172887.0018,0.0018,0.0032,33.0001
5240,172920.0000,172920.0021,0.0021,0.0032,33.0003
5241,172953.0000,172953.0023,0.0023,0.0030,33.0002
5242,172986.0000,172986.0024,0.0024,0.0031,33.0001
5243,173019.0000,173019.0019,0.0019,0.0033,32.9995
5244,173052.0000,173052.0022,0.0022,0.0036,33.0003
5245,173085.0000,173085.0019,0.0019,0.0030,32.9997
5246,173118.0000,173118.0020,0.0020,0.0038,33.0002
5247,173151.0000,173151.0026,0.0026,0.0035,33.0006
5248,173184.0000,173184.0027,0.0027,0.0034,33.0001
5249,173217.0000,173217.0019,0.0019,0.0033,32.9991
5250,173250.0000,173250.0019,0.0019,0.0033,33.0000
5251,173283.0000,173283.0021,0.0021,0.0031,33.0002
5252,173316.0000,173316.0023,0.0023,0.0032,33.0002
5253,173349.0000,173349.0023,0.0023,0.0034,33.0000
5254,173382.0000,173382.0020,0.0020,0.0029,32.9997
5255,173415.0000,173415.0020,0.0020,0.0027,33.0000
5256,173448.0000,173448.0018,0.0018,0.0027,32.9997
5257,173481.0000,173481.1699,0.1699,0.0034,33.1681
5258,173514.0000,173514.0025,0.0025,0.0040,32.8326
5259,173547.0000,173547.0032,0.0032,0.0035,33.0007
5260,173580.0000,173580.0019,0.0019,0.0035,32.9987
5261,173613.0000,173613.0017,0.0017,0.0032,32.9997
5262,173646.0000,173646.0019,0.0019,0.0031,33.0003
5263,173679.0000,173679.0021,0.0021,0.0027,33.0001
5264,173712.0000,173712.0018,0.0018,0.0024,32.9998
5265,173745.0000,173745.0017,0.0017,0.0027,32.9998
5266,173778.0000,173778.0014,0.0014,0.0029,32.9997
5267,173811.0000,173811.0016,0.0016,0.0030,33.0002
5268,173844.0000,173844.0149,0.0149,0.0030,33.0133
5269,173877.0000,173877.0018,0.0018,0.0030,32.9868
5270,173910.0000,173910.0017,0.0017,0.0032,33.0000
5271,173943.0000,173943.0014,0.0014,0.0020,32.9997
5272,173976.0000,173976.0015,0.0015,0.0026,33.0001
5273,174009.0000,174009.0015,0.0015,0.0031,33.0000
5274,174042.0000,174042.0017,0.0017,0.0035,33.0002
5275,174075.0000,174075.0022,0.0022,0.0027,33.0005
5276,174108.0000,174108.0192,0.0192,0.0031,33.0170
5277,174141.0000,174141.0018,0.0018,0.0118,32.9826
5278,174174.0000,174174.0020,0.0020,0.0025,33.0002
5279,174207.0000,174207.0031,0.0031,0.0030,33.0011
5280,174240.0000,174240.0034,0.0034,0.0034,33.0003
5281,174273.0000,174273.0032,0.0032,0.0029,32.9998
5282,174306.0000,174306.0032,0.0032,0.0042,33.0000
5283,174339.0000,174339.0030,0.0030,0.0038,32.9998
5284,174372.0000,174372.0019,0.0019,0.0032,32.9989
5285,174405.0000,174405.0021,0.0021,0.0027,33.0002
5286,174438.0000,174438.0022,0.0022,0.0025,33.0001
5287,174471.0000,174471.0016,0.0016,0.0021,32.9993
5288,174504.0000,174504.0013,0.0013,0.0023,32.9998
5289,174537.0000,174537.0013,0.0013,0.0025,33.0000
5290,174570.0000,174570.0013,0.0013,0.0029,33.0000
5291,174603.0000,174603.0016,0.0016,0.0026,33.0003
5292,174636.0000,174636.0015,0.0015,0.0029,32.9999
5293,174669.0000,174669.0014,0.0014,0.0019,33.0000
5294,174702.0000,174702.0018,0.0018,0.0027,33.0003
5295,174735.0000,174735.0013,0.0013,0.0024,32.9996
5296,174768.0000,174768.0014,0.0014,0.0024,33.0001
5297,174801.0000,174801.0021,0.0021,0.0022,33.0006
5298,174834.0000,174834.0016,0.0016,0.0024,32.9995
5299,174867.0000,174867.0020,0.0020,0.0034,33.0004
5300,174900.0000,174900.0014,0.0014,0.0025,32.9994
5301,174933.0000,174933.0017,0.0017,0.0025,33.0003
5302,174966.0000,174966.0026,0.0026,0.0024,33.0009
5303,174999.0000,174999.0018,0.0018,0.0028,32.9993
5304,175032.0000,175032.0013,0.0013,0.0019,32.9995
5305,175065.0000,175065.0016,0.0016,0.0019,33.0002
5306,175098.0000,175098.0015,0.0015,0.0021,32.9999
5307,175131.0000,175131.0011,0.0011,0.0016,32.9997
5308,175164.0000,175164.0015,0.0015,0.0018,33.0003
5309,175197.0000,175197.0013,0.0013,0.0017,32.9998
5310,175230.0000,175230.0013,0.0013,0.0017,33.0000
5311,175263.0000,175263.0017,0.0017,0.0026,33.0005
5312,175296.0000,175296.0016,0.0016,0.0020,32.9999
5313,175329.0000,175329.0013,0.0013,0.0023,32.9997
5314,175362.0000,175362.0012,0.0012,0.0023,32.9998
5315,175395.0000,175395.0013,0.0013,0.0021,33.0002
5316,175428.0000,175428.0015,0.0015,0.0025,33.0002
5317,175461.0000,175461.0018,0.0018,0.0028,33.0002
5318,175494.0000,175494.0014,0.0014,0.0022,32.9997
5319,175527.0000,175527.0016,0.0016,0.0027,33.0001
5320,175560.0000,175560.0017,0.0017,0.0024,33.0001
5321,175593.0000,175593.0017,0.0017,0.0025,33.0001
5322,175626.0000,175626.0015,0.0015,0.0023,32.9998
5323,175659.0000,175659.0016,0.0016,0.0029,33.0001
5324,175692.0000,175692.0017,0.0017,0.0025,33.0000
5325,175725.0000,175725.0015,0.0015,0.0029,32.9998
5326,175758.0000,175758.0016,0.0016,0.0025,33.0001
5327,175791.0000,175791.0018,0.0018,0.0026,33.0002
5328,175824.0000,175824.0018,0.0018,0.0023,33.0000
5329,175857.0000,175857.0013,0.0013,0.0024,32.9995
5330,175890.0000,175890.0015,0.0015,0.0023,33.0002
5331,175923.0000,175923.0015,0.0015,0.0021,32.9999
5332,175956.0000,175956.0014,0.0014,0.0019,32.9999
5333,175989.0000,175989.0012,0.0012,0.0021,32.9998
5334,176022.0000,176022.0018,0.0018,0.0024,33.0006
5335,176055.0000,176055.0016,0.0016,0.0025,32.9998
5336,176088.0000,176088.0013,0.0013,0.0022,32.9997
5337,176121.0000,176121.0013,0.0013,0.0020,33.0000
5338,176154.0000,176154.0018,0.0018,0.0025,33.0005
5339,176187.0000,176187.0017,0.0017,0.0026,32.9999
5340,176220.0000,176220.0019,0.0019,0.0018,33.0002
5341,176253.0000,176253.0013,0.0013,0.0019,32.9994
5342,176286.0000,176286.0015,0.0015,0.0020,33.0003
5343,176319.0000,176319.0012,0.0012,0.0020,32.9996
5344,176352.0000,176352.0012,0.0012,0.0022,33.0001
5345,176385.0000,176385.0014,0.0014,0.0022,33.0002
5346,176418.0000,176418.0014,0.0014,0.0021,33.0000
5347,176451.0000,176451.0014,0.0014,0.0024,33.0000
5348,176484.0000,176484.0012,0.0012,0.0019,32.9999
5349,176517.0000,176517.0012,0.0012,0.0017,32.9999
5350,176550.0000,176550.0011,0.0011,0.0019,32.9999
5351,176583.0000,176583.0012,0.0012,0.0016,33.0001
5352,176616.0000,176616.0012,0.0012,0.0015,33.0000
5353,176649.0000,176649.0012,0.0012,0.0015,33.0001
5354,176682.0000,176682.0012,0.0012,0.0018,32.9999
5355,176715.0000,176715.0011,0.0011,0.0019,33.0000
5356,176748.0000,176748.0009,0.0009,0.0017,32.9998
5357,176781.0000,176781.0010,0.0010,0.0017,33.0001
5358,176814.0000,176814.0010,0.0010,0.0016,32.9999
5359,176847.0000,176847.0011,0.0011,0.0020,33.0002
5360,176880.0000,176880.0012,0.0012,0.0022,33.0001
5361,176913.0000,176913.0018,0.0018,0.0035,33.0006
5362,176946.0000,176946.0013,0.0013,0.0032,32.9995
5363,176979.0000,176979.0020,0.0020,0.0032,33.0007
5364,177012.0000,177012.0016,0.0016,0.0027,32.9996
5365,177045.0000,177045.0017,0.0017,0.0039,33.0000
5366,177078.0000,177078.0020,0.0020,0.0031,33.0003
5367,177111.0000,177111.0015,0.0015,0.0031,32.9996
5368,177144.0000,177144.0017,0.0017,0.0028,33.0002
5369,177177.0000,177177.0018,0.0018,0.0029,33.0001
5370,177210.0000,177210.0017,0.0017,0.0028,32.9999
5371,177243.0000,177243.0016,0.0016,0.0035,32.9998
5372,177276.0000,177276.0017,0.0017,0.0036,33.0002
5373,177309.0000,177309.0019,0.0019,0.0031,33.0002
5374,177342.0000,177342.0021,0.0021,0.0036,33.0002
5375,177375.0000,177375.0023,0.0023,0.0034,33.0003
5376,177408.0000,177408.0019,0.0019,0.0026,32.9996
5377,177441.0000,177441.0019,0.0019,0.0027,33.0000
5378,177474.0000,177474.0022,0.0022,0.0026,33.0003
5379,177507.0000,177507.0018,0.0018,0.0081,32.9997
5380,177540.0000,177540.0018,0.0018,0.0025,33.0000
5381,177573.0000,177573.0013,0.0013,0.0024,32.9995
5382,177606.0000,177606.0015,0.0015,0.0032,33.0002
5383,177639.0000,177639.0023,0.0023,0.0027,33.0008
5384,177672.0000,177672.0019,0.0019,0.0031,32.9996
5385,177705.0000,177705.0017,0.0017,0.0028,32.9998
5386,177738.0000,177738.0018,0.0018,0.0024,33.0001
5387,177771.0000,177771.0017,0.0017,0.0031,32.9999
5388,177804.0000,177804.0016,0.0016,0.0030,32.9999
5389,177837.0000,177837.0015,0.0015,0.0030,32.9998
5390,177870.0000,177870.0018,0.0018,0.0030,33.0003
5391,177903.0000,177903.0016,0.0016,0.0032,32.9999
5392,177936.0000,177936.0018,0.0018,0.0033,33.0002
5393,177969.0000,177969.0021,0.0021,0.0030,33.0002
5394,178002.0000,178002.0019,0.0019,0.0036,32.9998
5395,178035.0000,178035.0015,0.0015,0.0029,32.9997
5396,178068.0000,178068.0014,0.0014,0.0024,32.9999
5397,178101.0000,178101.0015,0.0015,0.0033,33.0001
5398,178134.0000,178134.0016,0.0016,0.0026,33.0001
5399,178167.0000,178167.0017,0.0017,0.0026,33.0001
5400,178200.0000,178200.0018,0.0018,0.0022,33.0001
5401,178233.0000,178233.0016,0.0016,0.0022,32.9998
5402,178266.0000,178266.0020,0.0020,0.0022,33.0004
5403,178299.0000,178299.0028,0.0028,0.0028,33.0008
5404,178332.0000,178332.0021,0.0021,0.0033,32.9993
5405,178365.0000,178365.0023,0.0023,0.0037,33.0002
5406,178398.0000,178398.0018,0.0018,0.0049,32.9994
5407,178431.0000,178431.0019,0.0019,0.0038,33.0002
5408,178464.0000,178464.0014,0.0014,0.0026,32.9995
5409,178497.0000,178497.0181,0.0181,0.0033,33.0167
5410,178530.0000,178530.0028,0.0028,0.0030,32.9847
5411,178563.0000,178563.0028,0.0028,0.0037,33.0000
5412,178596.0000,178596.0027,0.0027,0.0039,32.9999
5413,178629.0000,178629.0033,0.0033,0.0035,33.0006
5414,178662.0000,178662.0028,0.0028,0.0036,32.9995
5415,178695.0000,178695.0021,0.0021,0.0039,32.9994
5416,178728.0000,178728.0023,0.0023,0.0034,33.0002
5417,178761.0000,178761.0026,0.0026,0.0043,33.0003
5418,178794.0000,178794.0027,0.0027,0.0037,33.0001
5419,178827.0000,178827.0021,0.0021,0.0033,32.9994
5420,178860.0000,178860.0026,0.0026,0.0035,33.0005
5421,178893.0000,178893.0024,0.0024,0.0028,32.9997
5422,178926.0000,178926.0031,0.0031,0.0036,33.0007
5423,178959.0000,178959.0018,0.0018,0.0032,32.9988
5424,178992.0000,178992.0017,0.0017,0.0025,32.9999
5425,179025.0000,179025.0011,0.0011,0.0020,32.9994
5426,179058.0000,179058.0016,0.0016,0.0025,33.0005
5427,179091.0000,179091.0015,0.0015,0.0023,33.0000
5428,179124.0000,179124.0020,0.0020,0.0026,33.0005
5429,179157.0000,179157.0015,0.0015,0.0031,32.9994
5430,179190.0000,179190.0016,0.0016,0.0025,33.0002
5431,179223.0000,179223.0015,0.0015,0.0022,32.9999
5432,179256.0000,179256.0013,0.0013,0.0025,32.9998
5433,179289.0000,179289.0012,0.0012,0.0023,32.9999
5434,179322.0000,179322.0015,0.0015,0.0022,33.0003
5435,179355.0000,179355.0013,0.0013,0.0022,32.9998
5436,179388.0000,179388.0011,0.0011,0.0019,32.9998
5437,179421.0000,179421.5394,0.5394,0.0022,33.5383
5438,179454.0000,179454.0011,0.0011,0.0023,32.4617
5439,179487.0000,179487.0012,0.0012,0.0022,33.0001
5440,179520.0000,179520.0012,0.0012,0.0020,33.0000
5441,179553.0000,179553.0014,0.0014,0.0018,33.0002
5442,179586.0000,179586.0019,0.0019,0.0024,33.0006
5443,179619.0000,179619.0018,0.0018,0.0027,32.9999
5444,179652.0000,179652.0014,0.0014,0.0030,32.9996
5445,179685.0000,179685.0013,0.0013,0.0019,32.9999
5446,179718.0000,179718.0013,0.0013,0.0023,33.0000
5447,179751.0000,179751.0014,0.0014,0.0029,33.0001
5448,179784.0000,179784.0027,0.0027,0.0042,33.0013
5449,179817.0000,179817.0018,0.0018,0.0031,32.9991
5450,179850.0000,179850.0039,0.0039,0.0040,33.0021
5451,179883.0000,179883.0023,0.0023,0.0036,32.9984
5452,179916.0000,179916.0025,0.0025,0.0039,33.0002
5453,179949.0000,179949.0027,0.0027,0.0035,33.0002
5454,179982.0000,179982.0023,0.0023,0.0031,32.9996
5455,180015.0000,180015.0030,0.0030,0.0052,33.0007
5456,180048.0000,180048.0154,0.0154,0.0038,33.0124
5457,180081.0000,180081.0020,0.0020,0.0042,32.9866
5458,180114.0000,180114.0019,0.0019,0.0042,32.9999
5459,180147.0000,180147.0020,0.0020,0.0037,33.0001
5460,180180.0000,180180.0022,0.0022,0.0040,33.0002
5461,180213.0000,180213.0024,0.0024,0.0040,33.0002
5462,180246.0000,180246.0025,0.0025,0.0033,33.0002
5463,180279.0000,180279.0023,0.0023,0.0036,32.9998
5464,180312.0000,180312.0020,0.0020,0.0039,32.9997
5465,180345.0000,180345.0026,0.0026,0.0036,33.0005
5466,180378.0000,180378.0026,0.0025,0.0033,33.0000
5467,180411.0000,180411.0028,0.0028,0.0038,33.0002
5468,180444.0000,180444.4464,0.4464,0.0043,33.4436
5469,180477.0000,180477.0023,0.0023,0.0035,32.5559
5470,180510.0000,180510.0020,0.0020,0.0030,32.9998
5471,180543.0000,180543.0021,0.0021,0.0031,33.0001
5472,180576.0000,180576.0023,0.0023,0.0152,33.0002
5473,180609.0000,180609.0024,0.0024,0.0036,33.0001
5474,180642.0000,180642.0016,0.0016,0.0025,32.9992
5475,180675.0000,180675.0017,0.0017,0.0028,33.0001
5476,180708.0000,180708.0019,0.0019,0.0032,33.0002
5477,180741.0000,180741.0025,0.0025,0.0040,33.0005
5478,180774.0000,180774.0027,0.0027,0.0040,33.0002
5479,180807.0000,180807.0018,0.0018,0.0032,32.9992
5480,180840.0000,180840.0018,0.0018,0.0031,33.0000
5481,180873.0000,180873.0020,0.0020,0.0148,33.0002
5482,180906.0000,180906.0021,0.0021,0.0032,33.0001
5483,180939.0000,180939.0023,0.0023,0.0032,33.0002
5484,180972.0000,180972.0025,0.0025,0.0033,33.0002
5485,181005.0000,181005.0031,0.0031,0.0037,33.0006
5486,181038.0000,181038.0023,0.0023,0.0037,32.9992
5487,181071.0000,181071.0024,0.0024,0.0031,33.0001
5488,181104.0000,181104.0025,0.0025,0.0032,33.0002
5489,181137.0000,181137.0019,0.0019,0.0040,32.9994
5490,181170.0000,181170.0022,0.0022,0.0039,33.0003
5491,181203.0000,181203.0021,0.0021,0.0039,32.9999
5492,181236.0000,181236.0024,0.0024,0.0028,33.0003
5493,181269.0000,181269.0019,0.0019,0.0033,32.9994
5494,181302.0000,181302.0015,0.0015,0.0033,32.9997
5495,181335.0000,181335.0011,0.0011,0.0025,32.9996
5496,181368.0000,181368.0013,0.0013,0.0025,33.0002
5497,181401.0000,181401.0015,0.0015,0.0028,33.0001
5498,181434.0000,181434.0014,0.0014,0.0028,32.9999
5499,181467.0000,181467.0013,0.0013,0.0030,32.9999
5500,181500.0000,181500.0015,0.0015,0.0026,33.0002
5501,181533.0000,181533.0012,0.0012,0.0028,32.9997
5502,181566.0000,181566.0014,0.0014,0.0024,33.0002
5503,181599.0000,181599.0015,0.0015,0.0027,33.0001
5504,181632.0000,181632.0016,0.0016,0.0036,33.0000
5505,181665.0000,181665.0017,0.0017,0.0030,33.0001
5506,181698.0000,181698.0017,0.0017,0.0031,33.0001
5507,181731.0000,181731.0017,0.0017,0.0028,32.9999
5508,181764.0000,181764.0014,0.0014,0.0025,32.9997
5509,181797.0000,181797.0016,0.0016,0.0027,33.0002
5510,181830.0000,181830.0023,0.0023,0.0040,33.0007
5511,181863.0000,181863.0016,0.0016,0.0037,32.9994
5512,181896.0000,181896.0014,0.0014,0.0035,32.9998
5513,181929.0000,181929.0016,0.0016,0.0036,33.0002
5514,181962.0000,181962.0018,0.0018,0.0034,33.0001
5515,181995.0000,181995.0021,0.0021,0.0031,33.0003
5516,182028.0000,182028.0034,0.0034,0.0042,33.0013
5517,182061.0000,182061.0043,0.0043,0.0069,33.0009
5518,182094.0000,182094.0052,0.0052,0.0049,33.0009
5519,182127.0000,182127.0037,0.0037,0.0043,32.9985
5520,182160.0000,182160.0024,0.0025,0.0047,32.9988
5521,182193.0000,182193.0024,0.0024,0.0033,32.9999
5522,182226.0000,182226.0026,0.0026,0.0040,33.0002
5523,182259.0000,182259.0030,0.0030,0.0046,33.0004
5524,182292.0000,182292.0016,0.0016,0.0038,32.9987
5525,182325.0000,182325.0018,0.0018,0.0034,33.0002
5526,182358.0000,182358.0030,0.0030,0.0044,33.0012
5527,182391.0000,182391.0031,0.0031,0.0046,33.0000
5528,182424.0000,182424.0032,0.0032,0.0033,33.0001
5529,182457.0000,182457.0022,0.0022,0.0036,32.9990
5530,182490.0000,182490.0020,0.0020,0.0033,32.9998
5531,182523.0000,182523.0021,0.0021,0.0040,33.0002
5532,182556.0000,182556.0024,0.0024,0.0039,33.0003
5533,182589.0000,182589.0022,0.0022,0.0026,32.9998
5534,182622.0000,182622.0017,0.0017,0.0031,32.9995
5535,182655.0000,182655.0019,0.0019,0.0029,33.0002
5536,182688.0000,182688.0018,0.0018,0.0026,32.9999
5537,182721.0000,182721.0016,0.0016,0.0032,32.9998
5538,182754.0000,182754.0018,0.0018,0.0025,33.0002
5539,182787.0000,182787.0020,0.0020,0.0044,33.0003
5540,182820.0000,182820.0019,0.0019,0.0022,32.9999
5541,182853.0000,182853.0014,0.0014,0.0022,32.9995
5542,182886.0000,182886.0014,0.0014,0.0018,33.0000
5543,182919.0000,182919.0012,0.0012,0.0020,32.9998
5544,182952.0000,182952.0014,0.0014,0.0019,33.0002
5545,182985.0000,182985.0013,0.0013,0.0016,32.9999
5546,183018.0000,183018.0012,0.0012,0.0021,32.9999
5547,183051.0000,183051.0011,0.0011,0.0016,32.9999
5548,183084.0000,183084.0010,0.0010,0.0022,32.9999
5549,183117.0000,183117.0010,0.0010,0.0016,33.0000
5550,183150.0000,183150.0016,0.0016,0.0025,33.0006
5551,183183.0000,183183.0017,0.0017,0.0024,33.0001
5552,183216.0000,183216.0022,0.0022,0.0035,33.0005
5553,183249.0000,183249.0017,0.0017,0.0024,32.9994
5554,183282.0000,183282.0025,0.0025,0.0038,33.0008
5555,183315.0000,183315.5543,0.5543,0.0038,33.5518
5556,183348.0000,183348.0021,0.0021,0.0038,32.4479
5557,183381.0000,183381.0018,0.0018,0.0036,32.9997
5558,183414.0000,183414.0017,0.0017,0.0038,32.9999
5559,183447.0000,183447.0022,0.0022,0.0035,33.0005
5560,183480.0000,183480.0019,0.0019,0.0035,32.9997
5561,183513.0000,183513.0020,0.0020,0.0038,33.0002
5562,183546.0000,183546.0022,0.0022,0.0035,33.0001
5563,183579.0000,183579.0021,0.0021,0.0038,32.9999
5564,183612.0000,183612.0018,0.0018,0.0036,32.9998
5565,183645.0000,183645.0030,0.0030,0.0038,33.0012
5566,183678.0000,183678.0029,0.0029,0.0035,32.9999
5567,183711.0000,183711.0022,0.0022,0.0033,32.9993
5568,183744.0000,183744.0030,0.0030,0.0038,33.0008
5569,183777.0000,183777.0017,0.0017,0.0046,32.9987
5570,183810.0000,183810.0019,0.0019,0.0047,33.0002
5571,183843.0000,183843.0017,0.0017,0.0035,32.9998
5572,183876.0000,183876.0017,0.0017,0.0031,33.0000
5573,183909.0000,183909.0017,0.0017,0.0027,33.0000
5574,183942.0000,183942.0018,0.0018,0.0027,33.0002
5575,183975.0000,183975.0018,0.0018,0.0029,33.0000
5576,184008.0000,184008.0023,0.0023,0.0038,33.0005
5577,184041.0000,184041.0019,0.0019,0.0037,32.9996
5578,184074.0000,184074.0017,0.0017,0.0034,32.9997
5579,184107.0000,184107.0015,0.0015,0.0031,32.9998
5580,184140.0000,184140.0020,0.0020,0.0040,33.0005
5581,184173.0000,184173.0018,0.0018,0.0033,32.9998
5582,184206.0000,184206.0027,0.0027,0.0034,33.0010
5583,184239.0000,184239.0022,0.0022,0.0179,32.9995
5584,184272.0000,184272.0025,0.0025,0.0029,33.0002
5585,184305.0000,184305.0016,0.0016,0.0027,32.9991
5586,184338.0000,184338.0014,0.0014,0.0027,32.9998
5587,184371.0000,184371.0017,0.0017,0.0029,33.0003
5588,184404.0000,184404.0012,0.0012,0.0029,32.9995
5589,184437.0000,184437.0011,0.0011,0.0027,32.9999
5590,184470.0000,184470.0014,0.0014,0.0030,33.0002
5591,184503.0000,184503.0012,0.0012,0.0022,32.9999
5592,184536.0000,184536.0011,0.0011,0.0019,32.9999
5593,184569.0000,184569.0012,0.0012,0.0021,33.0001
5594,184602.0000,184602.0013,0.0013,0.0020,33.0001
5595,184635.0000,184635.0010,0.0010,0.0024,32.9997
5596,184668.0000,184668.0009,0.0009,0.0024,32.9999
5597,184701.0000,184701.0012,0.0012,0.0021,33.0002
5598,184734.0000,184734.0009,0.0009,0.0021,32.9997
5599,184767.0000,184767.0009,0.0009,0.0023,33.0000
5600,184800.0000,184800.0010,0.0010,0.0024,33.0001
5601,184833.0000,184833.0010,0.0010,0.0017,33.0000
5602,184866.0000,184866.4410,0.4410,0.0021,33.4400
5603,184899.0000,184899.0011,0.0011,0.0020,32.5602
5604,184932.0000,184932.0013,0.0013,0.0018,33.0002
5605,184965.0000,184965.0017,0.0017,0.0030,33.0004
5606,184998.0000,184998.0019,0.0019,0.0025,33.0002
5607,185031.0000,185031.0023,0.0023,0.0045,33.0004
5608,185064.0000,185064.0020,0.0020,0.0040,32.9998
5609,185097.0000,185097.0023,0.0023,0.0038,33.0003
5610,185130.0000,185130.0028,0.0028,0.0030,33.0005
5611,185163.0000,185163.0027,0.0027,0.0038,32.9999
5612,185196.0000,185196.0017,0.0017,0.0033,32.9989
5613,185229.0000,185229.0021,0.0021,0.0041,33.0004
5614,185262.0000,185262.0019,0.0019,0.0031,32.9999
5615,185295.0000,185295.0024,0.0024,0.0038,33.0004
5616,185328.0000,185328.0025,0.0025,0.0038,33.0002
5617,185361.0000,185361.0029,0.0029,0.0041,33.0004
5618,185394.0000,185394.0024,0.0024,0.0039,32.9995
5619,185427.0000,185427.0032,0.0032,0.0040,33.0008
5620,185460.0000,185460.0026,0.0026,0.0045,32.9994
5621,185493.0000,185493.0023,0.0023,0.0040,32.9997
5622,185526.0000,185526.0021,0.0021,0.0027,32.9998
5623,185559.0000,185559.0024,0.0024,0.0033,33.0003
5624,185592.0000,185592.4519,0.4519,0.0049,33.4496
5625,185625.0000,185625.0035,0.0035,0.0043,32.5516
5626,185658.0000,185658.0026,0.0026,0.0029,32.9991
5627,185691.0000,185691.0021,0.0021,0.0032,32.9995
5628,185724.0000,185724.0024,0.0024,0.0031,33.0003
5629,185757.0000,185757.0022,0.0022,0.0030,32.9998
5630,185790.0000,185790.0027,0.0027,0.0033,33.0006
5631,185823.0000,185823.0027,0.0027,0.0034,33.0000
5632,185856.0000,185856.0032,0.0032,0.0041,33.0006
5633,185889.0000,185889.0031,0.0031,0.0046,32.9999
5634,185922.0000,185922.0033,0.0033,0.0037,33.0002
5635,185955.0000,185955.0033,0.0033,0.0041,32.9999
5636,185988.0000,185988.0022,0.0022,0.0030,32.9989
5637,186021.0000,186021.0023,0.0023,0.0035,33.0001
5638,186054.0000,186054.0022,0.0022,0.0033,32.9999
5639,186087.0000,186087.0023,0.0023,0.0041,33.0001
5640,186120.0000,186120.0025,0.0025,0.0041,33.0002
5641,186153.0000,186153.0024,0.0024,0.0035,32.9999
5642,186186.0000,186186.0026,0.0026,0.0028,33.0002
5643,186219.0000,186219.0023,0.0023,0.0029,32.9997
5644,186252.0000,186252.0130,0.0130,0.0033,33.0107
5645,186285.0000,186285.0022,0.0022,0.0039,32.9892
5646,186318.0000,186318.0018,0.0018,0.0024,32.9996
5647,186351.0000,186351.0019,0.0019,0.0031,33.0000
5648,186384.0000,186384.0017,0.0017,0.0025,32.9998
5649,186417.0000,186417.0012,0.0012,0.0028,32.9995
5650,186450.0000,186450.0013,0.0013,0.0024,33.0001
5651,186483.0000,186483.0014,0.0014,0.0024,33.0000
5652,186516.0000,186516.0011,0.0011,0.0019,32.9997
5653,186549.0000,186549.0010,0.0010,0.0019,32.9999
5654,186582.0000,186582.0012,0.0012,0.0019,33.0002
5655,186615.0000,186615.0011,0.0011,0.0021,32.9999
5656,186648.0000,186648.0010,0.0010,0.0023,33.0000
5657,186681.0000,186681.0011,0.0011,0.0016,33.0001
5658,186714.0000,186714.0014,0.0014,0.0020,33.0003
5659,186747.0000,186747.0119,0.0119,0.0030,33.0105
5660,186780.0000,186780.0018,0.0018,0.0025,32.9899
5661,186813.0000,186813.0014,0.0014,0.0030,32.9997
5662,186846.0000,186846.1882,0.1882,0.0040,33.1868
5663,186879.0000,186879.0020,0.0020,0.0040,32.8138
5664,186912.0000,186912.0022,0.0022,0.0038,33.0002
5665,186945.0000,186945.0028,0.0028,0.0035,33.0005
5666,186978.0000,186978.0033,0.0033,0.0034,33.0005
5667,187011.0000,187011.0030,0.0030,0.0041,32.9998
5668,187044.0000,187045.2691,1.2691,0.0047,34.2661
5669,187077.0000,187077.0027,0.0027,0.0035,31.7336
5670,187110.0000,187110.0033,0.0033,0.0042,33.0006
5671,187143.0000,187143.0026,0.0026,0.0036,32.9992
5672,187176.0000,187176.0023,0.0023,0.0042,32.9998
5673,187209.0000,187209.0024,0.0024,0.0032,33.0001
5674,187242.0000,187242.0035,0.0035,0.0043,33.0011
5675,187275.0000,187275.0029,0.0029,0.0033,32.9993
5676,187308.0000,187308.0027,0.0027,0.0037,32.9999
5677,187341.0000,187341.0021,0.0021,0.0032,32.9993
5678,187374.0000,187374.0023,0.0023,0.0043,33.0002
5679,187407.0000,187407.0020,0.0020,0.0033,32.9997
5680,187440.0000,187440.0029,0.0029,0.0038,33.0010
5681,187473.0000,187473.0031,0.0031,0.0032,33.0002
5682,187506.0000,187506.0024,0.0024,0.0035,32.9993
5683,187539.0000,187539.0020,0.0020,0.0035,32.9996
5684,187572.0000,187572.0024,0.0024,0.0033,33.0003
5685,187605.0000,187605.0035,0.0035,0.0176,33.0011
5686,187638.0000,187638.0041,0.0041,0.0057,33.0006
5687,187671.0000,187671.0024,0.0024,0.0032,32.9983
5688,187704.0000,187704.0028,0.0028,0.0044,33.0004
5689,187737.0000,187737.0031,0.0031,0.0047,33.0003
5690,187770.0000,187770.0029,0.0029,0.0036,32.9999
5691,187803.0000,187803.0030,0.0030,0.0032,33.0001
5692,187836.0000,187836.0024,0.0024,0.0046,32.9994
5693,187869.0000,187869.0020,0.0020,0.0033,32.9995
5694,187902.0000,187902.0020,0.0020,0.0029,33.0000
5695,187935.0000,187935.0021,0.0021,0.0030,33.0001
5696,187968.0000,187968.0024,0.0024,0.0035,33.0003
5697,188001.0000,188001.0021,0.0021,0.0032,32.9997
5698,188034.0000,188034.0015,0.0015,0.0025,32.9994
5699,188067.0000,188067.0018,0.0018,0.0025,33.0002
5700,188100.0000,188100.2812,0.2812,0.0038,33.2794
5701,188133.0000,188133.0013,0.0013,0.0026,32.7201
5702,188166.0000,188166.0013,0.0013,0.0040,33.0001
5703,188199.0000,188199.0016,0.0016,0.0034,33.0002
5704,188232.0000,188232.0017,0.0017,0.0030,33.0001
5705,188265.0000,188265.0022,0.0022,0.0045,33.0005
5706,188298.0000,188298.0024,0.0024,0.0034,33.0002
5707,188331.0000,188331.0023,0.0023,0.0044,32.9999
5708,188364.0000,188364.0027,0.0027,0.0045,33.0004
5709,188397.0000,188397.0026,0.0026,0.0038,32.9999
5710,188430.0000,188430.0024,0.0024,0.0032,32.9998
5711,188463.0000,188463.0019,0.0019,0.0031,32.9995
5712,188496.0000,188496.0020,0.0020,0.0035,33.0001
5713,188529.0000,188529.0019,0.0019,0.0032,32.9999
5714,188562.0000,188562.0025,0.0025,0.0043,33.0006
5715,188595.0000,188595.0020,0.0020,0.0038,32.9995
5716,188628.0000,188628.0023,0.0023,0.0032,33.0002
5717,188661.0000,188661.0024,0.0024,0.0032,33.0001
5718,188694.0000,188694.0018,0.0018,0.0032,32.9994
5719,188727.0000,188727.0020,0.0020,0.0037,33.0002
5720,188760.0000,188760.0022,0.0022,0.0036,33.0002
5721,188793.0000,188793.0020,0.0020,0.0031,32.9998
5722,188826.0000,188826.0018,0.0018,0.0026,32.9999
5723,188859.0000,188859.0018,0.0018,0.0027,33.0000
5724,188892.0000,188892.0030,0.0030,0.0043,33.0012
5725,188925.0000,188925.0032,0.0032,0.0037,33.0002
5726,188958.0000,188958.0028,0.0028,0.0041,32.9996
5727,188991.0000,188991.0026,0.0026,0.0042,32.9998
5728,189024.0000,189024.0026,0.0026,0.0032,33.0000
5729,189057.0000,189057.0029,0.0029,0.0039,33.0003
5730,189090.0000,189090.0030,0.0030,0.0031,33.0001
5731,189123.0000,189123.0031,0.0031,0.0036,33.0001
5732,189156.0000,189156.0023,0.0023,0.0041,32.9993
5733,189189.0000,189189.0025,0.0025,0.0034,33.0002
5734,189222.0000,189222.0023,0.0023,0.0037,32.9998
5735,189255.0000,189255.0028,0.0028,0.0033,33.0005
5736,189288.0000,189288.0031,0.0031,0.0032,33.0002
5737,189321.0000,189321.0025,0.0025,0.0037,32.9994
5738,189354.0000,189354.0026,0.0026,0.0034,33.0001
5739,189387.0000,189387.0024,0.0024,0.0037,32.9998
5740,189420.0000,189420.0053,0.0053,0.0037,33.0029
5741,189453.0000,189453.0029,0.0029,0.0036,32.9975
5742,189486.0000,189486.0023,0.0023,0.0031,32.9995
5743,189519.0000,189519.0024,0.0024,0.0033,33.0001
5744,189552.0000,189552.0018,0.0018,0.0028,32.9995
5745,189585.0000,189585.0022,0.0022,0.0031,33.0003
5746,189618.0000,189618.0020,0.0020,0.0033,32.9998
5747,189651.0000,189651.0020,0.0020,0.0032,33.0000
5748,189684.0000,189684.0020,0.0020,0.0026,33.0000
5749,189717.0000,189717.0018,0.0018,0.0028,32.9999
5750,189750.0000,189750.0016,0.0016,0.0021,32.9998
5751,189783.0000,189783.0012,0.0012,0.0026,32.9996
5752,189816.0000,189816.0016,0.0016,0.0023,33.0004
5753,189849.0000,189849.0016,0.0016,0.0026,33.0000
5754,189882.0000,189882.0014,0.0014,0.0022,32.9998
5755,189915.0000,189915.0011,0.0011,0.0022,32.9997
5756,189948.0000,189948.0011,0.0011,0.0024,33.0000
5757,189981.0000,189981.0012,0.0012,0.0019,33.0002
5758,190014.0000,190014.0012,0.0012,0.0019,33.0000
5759,190047.0000,190047.0013,0.0013,0.0028,33.0000
5760,190080.0000,190080.0014,0.0014,0.0028,33.0001
5761,190113.0000,190113.0017,0.0017,0.0031,33.0004
5762,190146.0000,190146.0031,0.0031,0.0024,33.0014
5763,190179.0000,190179.0014,0.0015,0.0029,32.9984
5764,190212.0000,190212.0014,0.0014,0.0026,32.9999
5765,190245.0000,190245.0014,0.0014,0.0028,33.0001
5766,190278.0000,190278.0016,0.0016,0.0026,33.0002
5767,190311.0000,190311.0014,0.0014,0.0030,32.9997
5768,190344.0000,190344.0013,0.0013,0.0032,33.0000
5769,190377.0000,190377.1304,0.1304,0.0031,33.1290
5770,190410.0000,190410.0033,0.0033,0.0042,32.8729
5771,190443.0000,190443.0022,0.0022,0.0037,32.9989
5772,190476.0000,190476.0020,0.0020,0.0034,32.9998
5773,190509.0000,190509.0026,0.0026,0.0034,33.0006
5774,190542.0000,190542.0051,0.0051,0.0061,33.0025
5775,190575.0000,190575.0026,0.0026,0.0037,32.9975
5776,190608.0000,190608.0025,0.0025,0.0036,32.9999
5777,190641.0000,190641.0027,0.0027,0.0037,33.0003
5778,190674.0000,190674.0015,0.0015,0.0031,32.9987
5779,190707.0000,190707.0012,0.0012,0.0029,32.9997
5780,190740.0000,190740.0015,0.0015,0.0026,33.0003
5781,190773.0000,190773.0017,0.0017,0.0033,33.0002
5782,190806.0000,190806.0015,0.0015,0.0028,32.9998
5783,190839.0000,190839.0017,0.0017,0.0026,33.0002
5784,190872.0000,190872.0012,0.0012,0.0024,32.9995
5785,190905.0000,190905.0013,0.0013,0.0026,33.0001
5786,190938.0000,190938.0015,0.0015,0.0026,33.0002
5787,190971.0000,190971.0017,0.0017,0.0273,33.0001
5788,191004.0000,191004.0051,0.0051,0.0027,33.0034
5789,191037.0000,191037.0014,0.0014,0.0025,32.9963
5790,191070.0000,191070.0015,0.0015,0.0025,33.0001
5791,191103.0000,191103.0013,0.0013,0.0027,32.9998
5792,191136.0000,191136.0011,0.0011,0.0019,32.9998
5793,191169.0000,191169.0008,0.0008,0.0022,32.9997
5794,191202.0000,191202.0010,0.0010,0.0024,33.0002
5795,191235.0000,191235.0010,0.0010,0.0025,32.9999
5796,191268.0000,191268.0010,0.0010,0.0021,33.0000
5797,191301.0000,191301.0011,0.0011,0.0014,33.0002
5798,191334.0000,191334.0016,0.0016,0.0021,33.0005
5799,191367.0000,191367.0017,0.0017,0.0021,33.0000
5800,191400.0000,191400.0011,0.0011,0.0018,32.9994
5801,191433.0000,191433.0010,0.0010,0.0014,32.9999
5802,191466.0000,191466.0009,0.0009,0.0015,32.9999
5803,191499.0000,191499.0007,0.0007,0.0011,32.9998
5804,191532.0000,191532.0016,0.0016,0.0014,33.0009
5805,191565.0000,191565.0010,0.0010,0.0014,32.9994
5806,191598.0000,191598.0009,0.0009,0.0012,32.9999
5807,191631.0000,191631.0012,0.0012,0.0017,33.0003
5808,191664.0000,191664.0010,0.0010,0.0019,32.9997
5809,191697.0000,191697.0011,0.0011,0.0023,33.0001
5810,191730.0000,191730.0013,0.0013,0.0015,33.0002
5811,191763.0000,191763.0012,0.0012,0.0021,32.9999
5812,191796.0000,191796.0014,0.0014,0.0025,33.0002
5813,191829.0000,191829.0014,0.0014,0.0024,33.0001
5814,191862.0000,191862.0011,0.0011,0.0025,32.9997
5815,191895.0000,191895.0010,0.0010,0.0020,33.0000
5816,191928.0000,191928.0010,0.0010,0.0018,33.0000
5817,191961.0000,191961.0019,0.0019,0.0025,33.0009
5818,191994.0000,191994.0011,0.0011,0.0020,32.9992
5819,192027.0000,192027.0011,0.0011,0.0022,33.0000
5820,192060.0000,192060.0012,0.0012,0.0023,33.0001
5821,192093.0000,192093.0015,0.0015,0.0019,33.0003
5822,192126.0000,192126.0012,0.0012,0.0021,32.9998
5823,192159.0000,192159.0014,0.0014,0.0021,33.0002
5824,192192.0000,192192.0015,0.0015,0.0020,33.0001
5825,192225.0000,192225.0015,0.0015,0.0021,32.9999
5826,192258.0000,192258.0020,0.0020,0.0027,33.0005
5827,192291.0000,192291.0018,0.0018,0.0029,32.9998
5828,192324.0000,192324.0020,0.0020,0.0025,33.0002
5829,192357.0000,192357.0034,0.0034,0.0027,33.0014
5830,192390.0000,192390.0017,0.0017,0.0027,32.9982
5831,192423.0000,192423.0018,0.0018,0.0022,33.0002
5832,192456.0000,192456.0017,0.0017,0.0033,32.9999
5833,192489.0000,192489.0015,0.0015,0.0022,32.9998
5834,192522.0000,192522.0016,0.0016,0.0029,33.0001
5835,192555.0000,192555.0017,0.0017,0.0030,33.0000
5836,192588.0000,192588.0018,0.0018,0.0031,33.0001
5837,192621.0000,192621.0015,0.0015,0.0034,32.9998
5838,192654.0000,192654.0015,0.0015,0.0027,33.0000
5839,192687.0000,192687.0017,0.0017,0.0023,33.0002
5840,192720.0000,192720.0020,0.0020,0.0025,33.0003
5841,192753.0000,192753.0016,0.0016,0.0031,32.9996
5842,192786.0000,192786.0017,0.0017,0.0026,33.0001
5843,192819.0000,192819.0015,0.0015,0.0026,32.9998
5844,192852.0000,192852.0014,0.0014,0.0028,32.9999
5845,192885.0000,192885.0015,0.0015,0.0030,33.0000
5846,192918.0000,192918.0017,0.0017,0.0033,33.0003
5847,192951.0000,192951.0018,0.0018,0.0031,33.0001
5848,192984.0000,192984.0020,0.0020,0.0034,33.0002
5849,193017.0000,193017.0021,0.0021,0.0044,33.0001
5850,193050.0000,193050.0022,0.0022,0.0033,33.0001
5851,193083.0000,193083.0025,0.0025,0.0041,33.0002
5852,193116.0000,193116.0122,0.0122,0.0042,33.0097
5853,193149.0000,193149.0025,0.0025,0.0049,32.9904
5854,193182.0000,193182.0027,0.0027,0.0057,33.0002
5855,193215.0000,193215.0033,0.0033,0.0044,33.0006
5856,193248.0000,193248.0024,0.0024,0.0036,32.9991
5857,193281.0000,193281.0020,0.0020,0.0028,32.9996
5858,193314.0000,193314.0024,0.0024,0.0037,33.0004
5859,193347.0000,193347.0022,0.0022,0.0031,32.9998
5860,193380.0000,193380.0024,0.0024,0.0038,33.0002
5861,193413.0000,193413.0024,0.0024,0.0032,32.9999
5862,193446.0000,193446.0029,0.0029,0.0048,33.0005
5863,193479.0000,193479.0024,0.0024,0.0037,32.9995
5864,193512.0000,193512.0026,0.0026,0.0035,33.0002
5865,193545.0000,193545.0027,0.0027,0.0041,33.0001
5866,193578.0000,193578.0032,0.0032,0.0052,33.0006
5867,193611.0000,193611.0049,0.0049,0.0049,33.0017
5868,193644.0000,193644.0031,0.0031,0.0047,32.9982
5869,193677.0000,193677.0033,0.0033,0.0046,33.0001
5870,193710.0000,193710.0036,0.0036,0.0049,33.0003
5871,193743.0000,193743.0040,0.0040,0.0043,33.0003
5872,193776.0000,193776.0037,0.0037,0.0039,32.9997
5873,193809.0000,193809.0027,0.0027,0.0043,32.9990
5874,193842.0000,193842.0022,0.0022,0.0030,32.9994
5875,193875.0000,193875.0022,0.0022,0.0031,33.0001
5876,193908.0000,193908.0017,0.0017,0.0027,32.9995
5877,193941.0000,193941.0019,0.0019,0.0025,33.0002
5878,193974.0000,193974.0016,0.0016,0.0027,32.9997
5879,194007.0000,194007.0018,0.0018,0.0030,33.0001
5880,194040.0000,194040.0017,0.0017,0.0031,33.0000
5881,194073.0000,194073.0017,0.0017,0.0029,33.0000
5882,194106.0000,194106.0017,0.0017,0.0030,33.0000
5883,194139.0000,194139.0016,0.0016,0.0032,32.9999
5884,194172.0000,194172.0017,0.0017,0.0025,33.0001
5885,194205.0000,194205.0015,0.0015,0.0030,32.9998
5886,194238.0000,194238.0016,0.0017,0.0031,33.0002
5887,194271.0000,194271.0017,0.0017,0.0026,33.0000
5888,194304.0000,194304.0015,0.0015,0.0029,32.9998
5889,194337.0000,194337.0013,0.0013,0.0217,32.9998
5890,194370.0000,194370.0015,0.0015,0.0034,33.0001
5891,194403.0000,194403.0014,0.0014,0.0029,32.9999
5892,194436.0000,194436.0016,0.0016,0.0029,33.0002
5893,194469.0000,194469.0021,0.0021,0.0032,33.0006
5894,194502.0000,194502.0018,0.0018,0.0031,32.9996
5895,194535.0000,194535.0018,0.0018,0.0036,33.0000
5896,194568.0000,194568.0020,0.0020,0.0036,33.0002
5897,194601.0000,194601.0022,0.0022,0.0035,33.0002
5898,194634.0000,194634.0024,0.0024,0.0031,33.0001
5899,194667.0000,194667.0015,0.0015,0.0026,32.9991
5900,194700.0000,194700.0021,0.0021,0.0028,33.0006
5901,194733.0000,194733.0017,0.0017,0.0030,32.9996
5902,194766.0000,194766.2740,0.2740,0.0029,33.2724
5903,194799.0000,194799.0018,0.0018,0.0032,32.7278
5904,194832.0000,194832.0021,0.0021,0.0032,33.0002
5905,194865.0000,194865.0756,0.0756,0.1252,33.0736
5906,194898.0000,194898.0018,0.0018,0.0031,32.9262
5907,194931.0000,194931.0020,0.0020,0.0032,33.0002
5908,194964.0000,194964.0022,0.0022,0.0031,33.0002
5909,194997.0000,194997.0024,0.0024,0.0030,33.0002
5910,195030.0000,195030.0014,0.0014,0.0023,32.9990
5911,195063.0000,195063.0019,0.0019,0.0028,33.0004
5912,195096.0000,195096.0024,0.0024,0.0028,33.0005
5913,195129.0000,195129.0019,0.0019,0.0030,32.9995
5914,195162.0000,195162.0019,0.0019,0.0032,33.0000
5915,195195.0000,195195.0017,0.0017,0.0028,32.9998
5916,195228.0000,195228.0022,0.0022,0.0033,33.0006
5917,195261.0000,195261.0019,0.0019,0.0023,32.9996
5918,195294.0000,195294.0020,0.0020,0.0027,33.0001
5919,195327.0000,195327.0022,0.0022,0.0031,33.0002
5920,195360.0000,195360.0024,0.0024,0.0031,33.0002
5921,195393.0000,195394.0691,1.0691,0.0031,34.0666
5922,195426.0000,195426.0017,0.0017,0.0026,31.9326
5923,195459.0000,195459.0017,0.0017,0.0029,33.0001
5924,195492.0000,195492.0018,0.0018,0.0028,33.0001
5925,195525.0000,195525.0020,0.0020,0.0021,33.0002
5926,195558.0000,195558.0015,0.0015,0.0026,32.9996
5927,195591.0000,195591.0015,0.0015,0.0024,33.0000
5928,195624.0000,195624.0018,0.0018,0.0032,33.0002
5929,195657.0000,195657.0016,0.0016,0.0021,32.9998
5930,195690.0000,195690.0017,0.0017,0.0023,33.0001
5931,195723.0000,195723.0013,0.0013,0.0025,32.9996
5932,195756.0000,195756.0013,0.0013,0.0023,33.0000
5933,195789.0000,195789.0014,0.0014,0.0024,33.0001
5934,195822.0000,195822.0015,0.0015,0.0025,33.0001
5935,195855.0000,195855.0016,0.0016,0.0022,33.0002
5936,195888.0000,195888.0018,0.0018,0.0022,33.0001
5937,195921.0000,195921.0022,0.0022,0.0036,33.0004
5938,195954.0000,195954.0016,0.0016,0.0023,32.9994
5939,195987.0000,195987.0016,0.0016,0.0022,33.0000
5940,196020.0000,196020.0019,0.0019,0.0024,33.0003
5941,196053.0000,196053.0015,0.0015,0.0025,32.9996
5942,196086.0000,196086.0023,0.0023,0.0024,33.0008
5943,196119.0000,196119.0018,0.0018,0.0025,32.9995
5944,196152.0000,196152.0019,0.0019,0.0019,33.0001
5945,196185.0000,196185.0017,0.0017,0.0022,32.9998
5946,196218.0000,196218.0017,0.0017,0.0023,33.0001
5947,196251.0000,196251.0018,0.0018,0.0024,33.0001
5948,196284.0000,196284.0020,0.0020,0.0025,33.0001
5949,196317.0000,196317.0018,0.0018,0.0028,32.9999
5950,196350.0000,196350.0017,0.0017,0.0030,32.9999
5951,196383.0000,196383.0020,0.0020,0.0030,33.0002
5952,196416.0000,196416.0022,0.0022,0.0029,33.0003
5953,196449.0000,196449.0021,0.0021,0.0021,32.9999
5954,196482.0000,196482.0017,0.0017,0.0022,32.9996
5955,196515.0000,196515.0266,0.0266,0.0028,33.0249
5956,196548.0000,196548.0016,0.0016,0.0023,32.9749
5957,196581.0000,196581.0016,0.0016,0.0024,33.0001
5958,196614.0000,196614.0014,0.0014,0.0028,32.9998
5959,196647.0000,196647.0019,0.0019,0.0027,33.0005
5960,196680.0000,196680.0015,0.0015,0.0027,32.9996
5961,196713.0000,196713.0017,0.0017,0.0023,33.0002
5962,196746.0000,196746.0018,0.0018,0.0024,33.0001
5963,196779.0000,196779.0015,0.0015,0.0024,32.9997
5964,196812.0000,196812.0014,0.0014,0.0022,32.9998
5965,196845.0000,196845.0017,0.0017,0.0024,33.0004
5966,196878.0000,196878.0018,0.0018,0.0026,33.0000
5967,196911.0000,196911.0015,0.0015,0.0029,32.9998
5968,196944.0000,196944.0018,0.0018,0.0025,33.0002
5969,196977.0000,196977.0019,0.0019,0.0027,33.0001
5970,197010.0000,197010.0015,0.0015,0.0029,32.9997
5971,197043.0000,197043.0017,0.0017,0.0031,33.0002
5972,197076.0000,197076.0018,0.0018,0.0034,33.0001
5973,197109.0000,197109.0018,0.0018,0.0028,33.0000
5974,197142.0000,197142.0015,0.0015,0.0026,32.9997
5975,197175.0000,197175.0022,0.0022,0.0035,33.0007
5976,197208.0000,197208.0123,0.0123,0.0327,33.0101
5977,197241.0000,197241.0019,0.0019,0.0033,32.9896
5978,197274.0000,197274.0016,0.0016,0.0027,32.9997
5979,197307.0000,197307.0018,0.0018,0.0030,33.0002
5980,197340.0000,197340.0018,0.0018,0.0030,33.0001
5981,197373.0000,197373.0016,0.0016,0.0027,32.9998
5982,197406.0000,197406.0017,0.0017,0.0029,33.0001
5983,197439.0000,197439.0017,0.0017,0.0031,32.9999
5984,197472.0000,197472.0018,0.0018,0.0032,33.0001
5985,197505.0000,197505.0021,0.0021,0.0031,33.0002
5986,197538.0000,197538.3450,0.3450,0.0040,33.3429
5987,197571.0000,197571.0016,0.0016,0.0026,32.6567
5988,197604.0000,197604.0016,0.0016,0.0025,33.0000
5989,197637.0000,197637.0016,0.0016,0.0030,32.9999
5990,197670.0000,197670.0016,0.0016,0.0032,33.0000
5991,197703.0000,197703.0018,0.0018,0.0130,33.0002
5992,197736.0000,197736.0016,0.0016,0.0028,32.9998
5993,197769.0000,197769.0016,0.0016,0.0031,33.0000
5994,197802.0000,197802.0016,0.0016,0.0024,33.0000
5995,197835.0000,197835.0015,0.0015,0.0022,33.0000
5996,197868.0000,197868.0019,0.0019,0.0024,33.0004
5997,197901.0000,197901.0016,0.0016,0.0026,32.9997
5998,197934.0000,197934.0018,0.0018,0.0034,33.0002
5999,197967.0000,197967.0017,0.0017,0.0025,32.9999
6000,198000.0000,198000.0015,0.0015,0.0025,32.9998
6001,198033.0000,198033.0015,0.0015,0.0028,32.9999
6002,198066.0000,198066.0017,0.0017,0.0032,33.0002
6003,198099.0000,198099.0015,0.0015,0.0029,32.9998
6004,198132.0000,198132.0020,0.0020,0.0030,33.0006
6005,198165.0000,198165.0015,0.0015,0.0031,32.9995
6006,198198.0000,198198.0016,0.0016,0.0024,33.0001
6007,198231.0000,198231.0014,0.0014,0.0029,32.9998
6008,198264.0000,198264.0015,0.0015,0.0029,33.0001
6009,198297.0000,198297.0016,0.0016,0.0030,33.0001
6010,198330.0000,198330.0023,0.0023,0.0033,33.0007
6011,198363.0000,198363.0016,0.0016,0.0028,32.9993
6012,198396.0000,198396.0015,0.0015,0.0026,32.9999
6013,198429.0000,198429.0017,0.0017,0.0032,33.0002
6014,198462.0000,198462.0015,0.0015,0.0030,32.9998
6015,198495.0000,198495.0014,0.0014,0.0024,33.0000
6016,198528.0000,198528.0015,0.0015,0.0025,33.0001
6017,198561.0000,198561.0018,0.0018,0.0030,33.0003
6018,198594.0000,198594.0019,0.0019,0.0031,33.0002
6019,198627.0000,198627.0023,0.0023,0.0041,33.0004
6020,198660.0000,198660.0022,0.0022,0.0031,32.9999
6021,198693.0000,198693.0018,0.0018,0.0032,32.9995
6022,198726.0000,198726.0020,0.0020,0.0024,33.0002
6023,198759.0000,198759.0014,0.0014,0.0031,32.9994
6024,198792.0000,198792.0018,0.0018,0.0030,33.0003
6025,198825.0000,198825.0018,0.0018,0.0031,33.0001
6026,198858.0000,198858.0015,0.0015,0.0029,32.9997
6027,198891.0000,198891.0015,0.0015,0.0027,33.0000
6028,198924.0000,198924.0013,0.0013,0.0020,32.9998
6029,198957.0000,198957.0014,0.0014,0.0022,33.0001
6030,198990.0000,198990.0012,0.0012,0.0020,32.9998
6031,199023.0000,199023.0016,0.0016,0.0026,33.0003
6032,199056.0000,199056.0012,0.0012,0.0020,32.9996
6033,199089.0000,199089.0013,0.0013,0.0020,33.0002
6034,199122.0000,199122.0011,0.0011,0.0024,32.9998
6035,199155.0000,199155.0019,0.0019,0.0028,33.0008
6036,199188.0000,199188.0013,0.0013,0.0026,32.9994
6037,199221.0000,199221.0015,0.0015,0.0028,33.0002
6038,199254.0000,199254.0015,0.0015,0.0024,33.0000
6039,199287.0000,199287.0017,0.0017,0.0020,33.0002
6040,199320.0000,199320.0012,0.0012,0.0018,32.9995
6041,199353.0000,199353.0013,0.0013,0.0025,33.0001
6042,199386.0000,199386.0012,0.0012,0.0017,32.9999
6043,199419.0000,199419.0013,0.0013,0.0020,33.0001
6044,199452.0000,199452.0010,0.0010,0.0017,32.9997
6045,199485.0000,199485.0016,0.0016,0.0019,33.0006
6046,199518.0000,199518.0019,0.0019,0.0023,33.0003
6047,199551.0000,199551.0018,0.0018,0.0023,32.9998
6048,199584.0000,199584.0014,0.0014,0.0026,32.9996
6049,199617.0000,199617.0015,0.0015,0.0024,33.0001
6050,199650.0000,199650.0016,0.0016,0.0020,33.0001
6051,199683.0000,199683.1763,0.1763,0.0026,33.1747
6052,199716.0000,199716.0015,0.0015,0.0023,32.8252
6053,199749.0000,199749.0013,0.0013,0.0018,32.9998
6054,199782.0000,199782.0015,0.0015,0.0022,33.0001
6055,199815.0000,199815.0013,0.0013,0.0020,32.9998
6056,199848.0000,199848.0015,0.0015,0.0019,33.0002
6057,199881.0000,199881.0015,0.0015,0.0023,32.9999
6058,199914.0000,199914.0013,0.0013,0.0024,32.9999
6059,199947.0000,199947.0014,0.0014,0.0027,33.0000
6060,199980.0000,199980.0015,0.0015,0.0024,33.0001
6061,200013.0000,200013.0017,0.0017,0.0028,33.0002
6062,200046.0000,200046.0022,0.0022,0.0029,33.0004
6063,200079.0000,200079.0017,0.0017,0.0021,32.9995
6064,200112.0000,200112.0017,0.0017,0.0022,33.0000
6065,200145.0000,200145.0019,0.0019,0.0029,33.0002
6066,200178.0000,200178.0019,0.0019,0.0024,33.0000
6067,200211.0000,200211.0015,0.0015,0.0022,32.9996
6068,200244.0000,200244.0016,0.0016,0.0023,33.0001
6069,200277.0000,200277.0012,0.0012,0.0022,32.9996
6070,200310.0000,200310.0014,0.0014,0.0025,33.0002
6071,200343.0000,200343.0013,0.0013,0.0024,32.9999
6072,200376.0000,200376.0015,0.0015,0.0023,33.0001
6073,200409.0000,200409.0014,0.0014,0.0026,32.9999
6074,200442.0000,200442.0015,0.0015,0.0028,33.0000
6075,200475.0000,200475.0016,0.0016,0.0026,33.0001
6076,200508.0000,200508.2213,0.2213,0.0024,33.2197
6077,200541.0000,200541.0015,0.0015,0.0026,32.7802
6078,200574.0000,200574.0017,0.0017,0.0022,33.0002
6079,200607.0000,200607.0018,0.0018,0.0029,33.0001
6080,200640.0000,200640.0019,0.0019,0.0024,33.0001
6081,200673.0000,200673.0019,0.0019,0.0026,33.0000
6082,200706.0000,200706.0020,0.0020,0.0027,33.0001
6083,200739.0000,200739.0018,0.0018,0.0027,32.9997
6084,200772.0000,200772.0018,0.0018,0.0031,33.0000
6085,200805.0000,200805.0023,0.0023,0.0031,33.0004
6086,200838.0000,200838.0022,0.0022,0.0027,32.9999
6087,200871.0000,200871.2333,0.2333,0.0036,33.2311
6088,200904.0000,200904.0019,0.0019,0.0024,32.7685
6089,200937.0000,200937.0015,0.0015,0.0024,32.9997
6090,200970.0000,200970.0015,0.0015,0.0022,33.0000
6091,201003.0000,201003.0234,0.0234,0.0026,33.0219
6092,201036.0000,201036.0014,0.0014,0.0022,32.9780
6093,201069.0000,201069.0014,0.0014,0.0120,33.0000
6094,201102.0000,201102.0017,0.0017,0.0031,33.0003
6095,201135.0000,201135.0017,0.0017,0.0029,33.0000
6096,201168.0000,201168.0026,0.0026,0.0033,33.0008
6097,201201.0000,201201.0022,0.0022,0.0030,32.9997
6098,201234.0000,201234.0017,0.0017,0.0027,32.9995
6099,201267.0000,201267.0018,0.0018,0.0031,33.0001
6100,201300.0000,201300.0028,0.0028,0.0031,33.0010
6101,201333.0000,201333.0018,0.0018,0.0024,32.9990
6102,201366.0000,201366.0016,0.0016,0.0024,32.9998
6103,201399.0000,201399.0015,0.0015,0.0031,32.9999
6104,201432.0000,201432.0016,0.0016,0.0029,33.0000
6105,201465.0000,201465.0016,0.0016,0.0023,33.0000
6106,201498.0000,201498.0018,0.0018,0.0029,33.0002
6107,201531.0000,201532.2591,1.2591,0.0023,34.2573
6108,201564.0000,201564.0023,0.0023,0.0029,31.7432
6109,201597.0000,201597.0026,0.0026,0.0031,33.0003
6110,201630.0000,201630.0020,0.0020,0.0024,32.9994
6111,201663.0000,201663.0016,0.0016,0.0024,32.9996
6112,201696.0000,201696.0015,0.0015,0.0026,33.0000
6113,201729.0000,201729.0017,0.0017,0.0026,33.0002
6114,201762.0000,201762.0013,0.0013,0.0026,32.9996
6115,201795.0000,201795.0015,0.0015,0.0032,33.0002
6116,201828.0000,201828.0017,0.0017,0.0030,33.0002
6117,201861.0000,201861.0019,0.0019,0.0030,33.0002
6118,201894.0000,201894.0020,0.0020,0.0030,33.0001
6119,201927.0000,201927.0016,0.0016,0.0024,32.9996
6120,201960.0000,201960.0022,0.0022,0.0028,33.0006
6121,201993.0000,201993.0019,0.0019,0.0036,32.9996
6122,202026.0000,202026.0016,0.0016,0.0027,32.9997
6123,202059.0000,202059.0015,0.0015,0.0029,32.9999
6124,202092.0000,202092.0018,0.0018,0.0028,33.0003
6125,202125.0000,202125.0019,0.0019,0.0033,33.0001
6126,202158.0000,202158.0023,0.0023,0.0031,33.0004
6127,202191.0000,202191.0018,0.0018,0.0029,32.9995
6128,202224.0000,202224.0018,0.0018,0.0030,33.0001
6129,202257.0000,202257.0021,0.0021,0.0030,33.0002
6130,202290.0000,202290.0023,0.0023,0.0029,33.0003
6131,202323.0000,202323.0024,0.0024,0.0035,33.0001
6132,202356.0000,202356.0032,0.0032,0.0032,33.0008
6133,202389.0000,202389.0025,0.0025,0.0033,32.9993
6134,202422.0000,202422.0023,0.0023,0.0025,32.9999
6135,202455.0000,202455.0020,0.0020,0.0031,32.9996
6136,202488.0000,202488.0018,0.0018,0.0032,32.9999
6137,202521.0000,202521.0024,0.0024,0.0023,33.0006
6138,202554.0000,202554.0015,0.0015,0.0024,32.9991
6139,202587.0000,202587.0016,0.0016,0.0032,33.0000
6140,202620.0000,202620.0018,0.0018,0.0024,33.0002
6141,202653.0000,202653.0021,0.0021,0.0027,33.0002
6142,202686.0000,202686.0022,0.0022,0.0022,33.0001
6143,202719.0000,202719.0018,0.0018,0.0025,32.9996
6144,202752.0000,202752.0018,0.0018,0.0024,32.9999
6145,202785.0000,202785.0015,0.0015,0.0025,32.9998
6146,202818.0000,202818.0017,0.0017,0.0025,33.0002
6147,202851.0000,202851.0020,0.0020,0.0023,33.0003
6148,202884.0000,202884.0018,0.0018,0.0032,32.9998
6149,202917.0000,202917.0016,0.0016,0.0030,32.9998
6150,202950.0000,202950.0019,0.0019,0.0029,33.0003
6151,202983.0000,202983.0017,0.0017,0.0021,32.9998
6152,203016.0000,203016.0015,0.0015,0.0021,32.9998
6153,203049.0000,203049.0014,0.0014,0.0026,32.9999
6154,203082.0000,203082.0015,0.0015,0.0027,33.0001
6155,203115.0000,203115.0010,0.0010,0.0020,32.9996
6156,203148.0000,203148.0011,0.0011,0.0018,33.0001
6157,203181.0000,203181.0010,0.0010,0.0017,32.9999
6158,203214.0000,203214.0010,0.0010,0.0017,33.0000
6159,203247.0000,203247.0010,0.0010,0.0019,32.9999
6160,203280.0000,203280.0014,0.0014,0.0021,33.0004
6161,203313.0000,203313.0020,0.0020,0.0028,33.0006
6162,203346.0000,203346.0013,0.0013,0.0028,32.9994
6163,203379.0000,203379.0021,0.0021,0.0029,33.0008
6164,203412.0000,203412.0021,0.0021,0.0032,33.0000
6165,203445.0000,203445.0023,0.0023,0.0038,33.0002
6166,203478.0000,203478.0018,0.0018,0.0027,32.9995
6167,203511.0000,203511.0017,0.0017,0.0032,32.9999
6168,203544.0000,203544.0019,0.0019,0.0032,33.0002
6169,203577.0000,203577.0017,0.0017,0.0034,32.9998
6170,203610.0000,203610.0793,0.0793,0.0032,33.0776
6171,203643.0000,203643.0015,0.0015,0.0027,32.9222
6172,203676.0000,203676.0016,0.0016,0.0032,33.0001
6173,203709.0000,203709.0017,0.0017,0.0032,33.0001
6174,203742.0000,203742.0021,0.0021,0.0031,33.0004
6175,203775.0000,203775.0015,0.0015,0.0026,32.9994
6176,203808.0000,203808.0015,0.0015,0.0027,33.0001
6177,203841.0000,203841.0018,0.0018,0.0026,33.0003
6178,203874.0000,203874.0014,0.0014,0.0032,32.9996
6179,203907.0000,203907.0014,0.0014,0.0035,33.0000
6180,203940.0000,203940.0013,0.0013,0.0036,32.9999
6181,203973.0000,203973.0014,0.0014,0.0029,33.0001
6182,204006.0000,204006.0015,0.0015,0.0029,33.0001
6183,204039.0000,204039.0017,0.0017,0.0029,33.0002
6184,204072.0000,204072.0018,0.0018,0.0030,33.0001
6185,204105.0000,204105.0019,0.0019,0.0028,33.0001
6186,204138.0000,204138.0022,0.0022,0.0030,33.0003
6187,204171.0000,204171.0017,0.0017,0.0027,32.9995
6188,204204.0000,204204.0011,0.0011,0.0021,32.9994
6189,204237.0000,204237.0014,0.0014,0.0021,33.0003
6190,204270.0000,204270.0013,0.0013,0.0023,33.0000
6191,204303.0000,204303.0014,0.0014,0.0024,33.0001
6192,204336.0000,204336.0016,0.0016,0.0028,33.0002
6193,204369.0000,204369.0014,0.0014,0.0027,32.9998
6194,204402.0000,204402.0015,0.0015,0.0032,33.0001
6195,204435.0000,204435.0017,0.0017,0.0172,33.0002
6196,204468.0000,204468.0011,0.0011,0.0023,32.9994
6197,204501.0000,204501.0012,0.0012,0.0022,33.0001
6198,204534.0000,204534.0012,0.0012,0.0024,33.0000
6199,204567.0000,204567.0013,0.0013,0.0023,33.0001
6200,204600.0000,204600.0013,0.0013,0.0021,32.9999
6201,204633.0000,204633.0012,0.0012,0.0028,32.9999
6202,204666.0000,204666.0013,0.0013,0.0025,33.0002
6203,204699.0000,204699.0014,0.0014,0.0026,33.0001
6204,204732.0000,204732.0015,0.0015,0.0026,33.0000
6205,204765.0000,204765.0013,0.0013,0.0023,32.9999
6206,204798.0000,204798.0025,0.0025,0.0032,33.0012
6207,204831.0000,204831.0027,0.0027,0.0036,33.0002
6208,204864.0000,204864.0021,0.0021,0.0029,32.9995
6209,204897.0000,204897.0016,0.0016,0.0027,32.9995
6210,204930.0000,204930.0019,0.0019,0.0028,33.0003
6211,204963.0000,204963.0015,0.0015,0.0025,32.9996
6212,204996.0000,204996.0017,0.0017,0.0030,33.0003
6213,205029.0000,205029.0017,0.0017,0.0026,32.9999
6214,205062.0000,205062.0012,0.0012,0.0023,32.9995
6215,205095.0000,205095.0012,0.0012,0.0020,33.0000
6216,205128.0000,205128.0016,0.0016,0.0028,33.0004
6217,205161.0000,205161.0018,0.0018,0.0030,33.0002
6218,205194.0000,205194.0019,0.0019,0.0029,33.0001
6219,205227.0000,205227.0020,0.0020,0.0022,33.0000
6220,205260.0000,205260.0016,0.0016,0.0025,32.9997
6221,205293.0000,205293.0019,0.0019,0.0026,33.0003
6222,205326.0000,205326.0016,0.0016,0.0029,32.9997
6223,205359.0000,205359.0016,0.0016,0.0030,33.0000
6224,205392.0000,205392.0019,0.0019,0.0031,33.0003
6225,205425.0000,205425.0020,0.0020,0.0031,33.0001
6226,205458.0000,205458.0016,0.0016,0.0028,32.9996
6227,205491.0000,205491.0016,0.0016,0.0031,33.0000
6228,205524.0000,205525.5768,1.5768,0.0028,34.5752
6229,205557.0000,205557.0021,0.0021,0.0031,31.4253
6230,205590.0000,205590.0022,0.0022,0.0029,33.0001
6231,205623.0000,205623.0023,0.0023,0.0030,33.0001
6232,205656.0000,205656.0016,0.0016,0.0028,32.9993
6233,205689.0000,205689.0016,0.0016,0.0027,33.0000
6234,205722.0000,205722.0018,0.0018,0.0029,33.0002
6235,205755.0000,205755.0018,0.0018,0.0027,33.0001
6236,205788.0000,205788.0020,0.0020,0.0032,33.0002
6237,205821.0000,205821.0016,0.0016,0.0030,32.9996
6238,205854.0000,205854.0016,0.0016,0.0031,33.0000
6239,205887.0000,205887.0018,0.0018,0.0029,33.0002
6240,205920.0000,205920.0018,0.0018,0.0028,33.0000
6241,205953.0000,205953.0014,0.0014,0.0024,32.9996
6242,205986.0000,205986.0015,0.0015,0.0027,33.0001
6243,206019.0000,206019.0020,0.0020,0.0027,33.0005
6244,206052.0000,206052.0015,0.0015,0.0023,32.9995
6245,206085.0000,206085.0014,0.0014,0.0023,32.9999
6246,206118.0000,206118.0016,0.0016,0.0031,33.0001
6247,206151.0000,206151.0018,0.0018,0.0024,33.0002
6248,206184.0000,206184.0014,0.0014,0.0026,32.9996
6249,206217.0000,206217.0015,0.0015,0.0026,33.0002
6250,206250.0000,206250.0016,0.0016,0.0020,33.0000
6251,206283.0000,206283.0017,0.0017,0.0024,33.0001
6252,206316.0000,206316.0015,0.0015,0.0020,32.9998
6253,206349.0000,206349.0015,0.0015,0.0024,33.0001
6254,206382.0000,206382.0015,0.0015,0.0026,33.0000
6255,206415.0000,206415.0014,0.0014,0.0025,32.9999
6256,206448.0000,206448.0016,0.0016,0.0026,33.0002
6257,206481.0000,206481.0018,0.0018,0.0029,33.0002
6258,206514.0000,206514.0017,0.0017,0.0026,32.9999
6259,206547.0000,206547.0014,0.0014,0.0031,32.9997
6260,206580.0000,206580.0015,0.0015,0.0028,33.0001
6261,206613.0000,206613.0017,0.0017,0.0033,33.0002
6262,206646.0000,206646.0019,0.0019,0.0027,33.0002
6263,206679.0000,206679.0020,0.0020,0.0033,33.0001
6264,206712.0000,206712.0018,0.0018,0.0023,32.9998
6265,206745.0000,206745.0019,0.0019,0.0024,33.0001
6266,206778.0000,206778.0017,0.0017,0.0024,32.9998
6267,206811.0000,206811.0016,0.0016,0.0027,32.9999
6268,206844.0000,206844.0018,0.0018,0.0024,33.0002
6269,206877.0000,206877.0018,0.0018,0.0031,33.0001
6270,206910.0000,206910.0013,0.0013,0.0028,32.9995
6271,206943.0000,206943.0014,0.0014,0.0021,33.0001
6272,206976.0000,206976.0015,0.0015,0.0025,33.0001
6273,207009.0000,207009.0017,0.0017,0.0021,33.0002
6274,207042.0000,207042.0019,0.0019,0.0026,33.0002
6275,207075.0000,207075.0013,0.0013,0.0026,32.9994
6276,207108.0000,207108.0017,0.0017,0.0026,33.0004
6277,207141.0000,207141.0017,0.0017,0.0025,33.0000
6278,207174.0000,207174.0020,0.0020,0.0028,33.0003
6279,207207.0000,207207.0015,0.0015,0.0029,32.9995
6280,207240.0000,207240.0012,0.0012,0.0029,32.9998
6281,207273.0000,207273.0013,0.0013,0.0030,33.0001
6282,207306.0000,207306.0016,0.0016,0.0029,33.0003
6283,207339.0000,207339.0015,0.0015,0.0021,32.9999
6284,207372.0000,207372.0012,0.0012,0.0025,32.9996
6285,207405.0000,207405.0013,0.0013,0.0024,33.0001
6286,207438.0000,207438.0014,0.0014,0.0022,33.0001
6287,207471.0000,207471.0018,0.0018,0.0028,33.0004
6288,207504.0000,207504.0019,0.0019,0.0026,33.0002
6289,207537.0000,207537.0022,0.0022,0.0026,33.0003
6290,207570.0000,207570.0016,0.0016,0.0025,32.9994
6291,207603.0000,207603.0020,0.0020,0.0024,33.0004
6292,207636.0000,207636.0015,0.0015,0.0025,32.9995
6293,207669.0000,207669.0018,0.0018,0.0029,33.0003
6294,207702.0000,207702.0016,0.0016,0.0031,32.9999
6295,207735.0000,207735.0017,0.0017,0.0032,33.0001
6296,207768.0000,207768.0018,0.0018,0.0033,33.0001
6297,207801.0000,207801.0017,0.0017,0.0158,32.9999
6298,207834.0000,207834.0019,0.0019,0.0022,33.0002
6299,207867.0000,207867.0014,0.0014,0.0026,32.9995
6300,207900.0000,207900.0015,0.0015,0.0031,33.0001
6301,207933.0000,207933.0016,0.0016,0.0031,33.0001
6302,207966.0000,207966.0018,0.0018,0.0031,33.0002
6303,207999.0000,207999.0018,0.0018,0.0026,33.0000
6304,208032.0000,208032.0111,0.0111,0.0025,33.0092
6305,208065.0000,208065.0020,0.0020,0.0027,32.9910
6306,208098.0000,208098.0020,0.0020,0.0031,33.0000
6307,208131.0000,208131.0018,0.0018,0.0027,32.9998
6308,208164.0000,208164.0014,0.0014,0.0024,32.9996
6309,208197.0000,208197.0015,0.0015,0.0021,33.0000
6310,208230.0000,208230.0019,0.0019,0.0026,33.0004
6311,208263.0000,208263.0015,0.0015,0.0023,32.9996
6312,208296.0000,208296.0016,0.0016,0.0024,33.0001
6313,208329.0000,208329.0017,0.0017,0.0023,33.0001
6314,208362.0000,208362.0014,0.0015,0.0026,32.9997
6315,208395.0000,208395.0025,0.0025,0.0027,33.0010
6316,208428.0000,208428.0017,0.0017,0.0027,32.9992
6317,208461.0000,208461.0016,0.0016,0.0019,32.9999
6318,208494.0000,208494.0018,0.0018,0.0024,33.0002
6319,208527.0000,208527.0020,0.0020,0.0032,33.0001
6320,208560.0000,208560.0021,0.0021,0.0029,33.0001
6321,208593.0000,208593.0025,0.0025,0.0031,33.0004
6322,208626.0000,208626.0016,0.0016,0.0026,32.9991
6323,208659.0000,208659.0017,0.0017,0.0030,33.0000
6324,208692.0000,208692.0019,0.0019,0.0029,33.0002
6325,208725.0000,208725.0020,0.0020,0.0028,33.0001
6326,208758.0000,208758.0016,0.0016,0.0025,32.9996
6327,208791.0000,208791.0017,0.0017,0.0026,33.0001
6328,208824.0000,208824.0023,0.0023,0.0025,33.0006
6329,208857.0000,208857.0019,0.0019,0.0031,32.9996
6330,208890.0000,208890.0020,0.0020,0.0028,33.0001
6331,208923.0000,208923.0023,0.0023,0.0030,33.0003
6332,208956.0000,208956.0025,0.0025,0.0030,33.0002
6333,208989.0000,208989.0020,0.0020,0.0026,32.9995
6334,209022.0000,209022.0019,0.0019,0.0027,32.9999
6335,209055.0000,209055.0017,0.0017,0.0133,32.9998
6336,209088.0000,209088.0018,0.0018,0.0026,33.0001
6337,209121.0000,209121.0016,0.0016,0.0030,32.9999
6338,209154.0000,209154.0015,0.0015,0.0023,32.9999
6339,209187.0000,209187.0016,0.0016,0.0028,33.0001
6340,209220.0000,209220.0018,0.0018,0.0020,33.0001
6341,209253.0000,209253.0015,0.0015,0.0028,32.9997
6342,209286.0000,209286.0017,0.0017,0.0026,33.0002
6343,209319.0000,209319.0017,0.0017,0.0182,33.0000
6344,209352.0000,209352.0014,0.0014,0.0024,32.9997
6345,209385.0000,209385.0015,0.0015,0.0024,33.0000
6346,209418.0000,209418.2203,0.2203,0.0031,33.2188
6347,209451.0000,209451.0014,0.0014,0.0025,32.7812
6348,209484.0000,209484.0012,0.0012,0.0018,32.9998
6349,209517.0000,209517.0010,0.0010,0.0022,32.9998
6350,209550.0000,209550.0010,0.0010,0.0019,32.9999
6351,209583.0000,209583.0012,0.0012,0.0020,33.0002
6352,209616.0000,209616.0011,0.0011,0.0022,32.9999
6353,209649.0000,209649.0018,0.0018,0.0027,33.0008
6354,209682.0000,209682.0013,0.0013,0.0020,32.9995
6355,209715.0000,209715.0020,0.0020,0.0025,33.0007
6356,209748.0000,209748.0004,0.0004,0.0006,32.9985
6357,209781.0000,209781.0011,0.0011,0.0025,33.0006
6358,209814.0000,209814.0019,0.0019,0.0020,33.0008
6359,209847.0000,209847.0013,0.0013,0.0027,32.9994
6360,209880.0000,209880.0013,0.0013,0.0025,33.0000
6361,209913.0000,209913.0017,0.0017,0.0026,33.0004
6362,209946.0000,209946.0013,0.0013,0.0024,32.9996
6363,209979.0000,209979.0013,0.0013,0.0025,33.0000
6364,210012.0000,210012.0018,0.0018,0.0024,33.0005
6365,210045.0000,210045.0016,0.0016,0.0025,32.9999
6366,210078.0000,210078.0014,0.0014,0.0023,32.9998
6367,210111.0000,210111.0023,0.0023,0.0029,33.0008
6368,210144.0000,210144.0019,0.0018,0.0029,32.9996
6369,210177.0000,210177.0017,0.0017,0.0032,32.9999
6370,210210.0000,210210.0020,0.0020,0.0030,33.0003
6371,210243.0000,210243.0021,0.0021,0.0033,33.0000
6372,210276.0000,210276.0016,0.0016,0.0028,32.9995
6373,210309.0000,210309.0018,0.0018,0.0031,33.0002
6374,210342.0000,210342.0019,0.0019,0.0028,33.0001
6375,210375.0000,210375.0020,0.0020,0.0022,33.0002
6376,210408.0000,210408.0016,0.0016,0.0025,32.9996
6377,210441.0000,210441.0017,0.0017,0.0027,33.0001
6378,210474.0000,210474.0016,0.0016,0.0024,32.9999
6379,210507.0000,210507.0017,0.0017,0.0026,33.0001
6380,210540.0000,210540.0017,0.0017,0.0026,33.0001
6381,210573.0000,210573.0017,0.0017,0.0030,32.9999
6382,210606.0000,210606.0017,0.0017,0.0029,33.0000
6383,210639.0000,210639.0017,0.0017,0.0029,33.0000
6384,210672.0000,210672.0019,0.0019,0.0029,33.0002
6385,210705.0000,210705.0018,0.0018,0.0028,32.9999
6386,210738.0000,210738.0021,0.0021,0.0027,33.0002
6387,210771.0000,210771.0022,0.0022,0.0025,33.0001
6388,210804.0000,210804.0018,0.0018,0.0026,32.9996
6389,210837.0000,210837.0018,0.0018,0.0026,33.0000
6390,210870.0000,210870.0017,0.0017,0.0023,32.9999
6391,210903.0000,210903.0018,0.0018,0.0029,33.0001
6392,210936.0000,210936.0019,0.0019,0.0027,33.0000
6393,210969.0000,210969.0016,0.0016,0.0026,32.9998
6394,211002.0000,211002.0015,0.0015,0.0028,32.9999
6395,211035.0000,211035.0016,0.0016,0.0025,33.0001
6396,211068.0000,211068.0018,0.0018,0.0024,33.0002
6397,211101.0000,211101.0021,0.0021,0.0024,33.0003
6398,211134.0000,211134.0024,0.0024,0.0036,33.0003
6399,211167.0000,211167.0019,0.0019,0.0157,32.9995
6400,211200.0000,211200.0015,0.0015,0.0022,32.9996
6401,211233.0000,211233.0014,0.0014,0.0022,32.9999
6402,211266.0000,211266.0013,0.0013,0.0021,32.9998
6403,211299.0000,211299.0011,0.0011,0.0018,32.9998
6404,211332.0000,211332.0018,0.0018,0.0024,33.0007
6405,211365.0000,211365.0015,0.0015,0.0018,32.9997
6406,211398.0000,211398.0016,0.0016,0.0033,33.0002
6407,211431.0000,211431.0012,0.0012,0.0018,32.9996
6408,211464.0000,211464.0012,0.0012,0.0020,33.0000
6409,211497.0000,211497.0011,0.0011,0.0017,32.9999
6410,211530.0000,211530.0013,0.0013,0.0021,33.0002
6411,211563.0000,211563.0012,0.0012,0.0019,32.9998
6412,211596.0000,211596.6798,0.6798,0.0024,33.6786
6413,211629.0000,211629.0012,0.0012,0.0025,32.3215
6414,211662.0000,211662.0018,0.0018,0.0026,33.0005
6415,211695.0000,211695.0021,0.0021,0.0034,33.0003
6416,211728.0000,211728.0019,0.0019,0.0030,32.9998
6417,211761.0000,211761.0017,0.0017,0.0031,32.9998
6418,211794.0000,211794.0026,0.0026,0.0034,33.0009
6419,211827.0000,211827.0022,0.0022,0.0031,32.9995
6420,211860.0000,211860.0026,0.0026,0.0034,33.0004
6421,211893.0000,211893.0502,0.0502,0.0247,33.0476
6422,211926.0000,211926.0022,0.0022,0.0028,32.9520
6423,211959.0000,211959.0020,0.0020,0.0028,32.9998
6424,211992.0000,211992.0019,0.0019,0.0029,32.9999
6425,212025.0000,212025.0022,0.0022,0.0028,33.0003
6426,212058.0000,212058.0020,0.0020,0.0029,32.9998
6427,212091.0000,212091.0033,0.0033,0.0033,33.0013
6428,212124.0000,212124.0018,0.0018,0.0031,32.9985
6429,212157.0000,212157.0019,0.0019,0.0031,33.0001
6430,212190.0000,212190.0021,0.0021,0.0031,33.0002
6431,212223.0000,212223.0023,0.0023,0.0031,33.0001
6432,212256.0000,212256.0017,0.0017,0.0026,32.9994
6433,212289.0000,212289.0013,0.0013,0.0021,32.9996
6434,212322.0000,212322.0015,0.0015,0.0024,33.0002
6435,212355.0000,212355.0015,0.0015,0.0028,33.0000
6436,212388.0000,212388.0015,0.0015,0.0024,32.9999
6437,212421.0000,212421.0014,0.0014,0.0026,32.9999
6438,212454.0000,212454.0013,0.0013,0.0022,33.0000
6439,212487.0000,212487.0778,0.0778,0.0030,33.0764
6440,212520.0000,212520.0017,0.0017,0.0021,32.9239
6441,212553.0000,212553.0014,0.0014,0.0024,32.9997
6442,212586.0000,212586.0016,0.0016,0.0023,33.0002
6443,212619.0000,212619.0014,0.0014,0.0025,32.9998
6444,212652.0000,212652.0014,0.0014,0.0023,33.0000
6445,212685.0000,212685.0014,0.0014,0.0025,33.0000
6446,212718.0000,212718.0012,0.0012,0.0028,32.9998
6447,212751.0000,212751.0013,0.0013,0.0029,33.0001
6448,212784.0000,212784.0013,0.0013,0.0023,33.0000
6449,212817.0000,212817.0014,0.0014,0.0026,33.0001
6450,212850.0000,212850.0017,0.0017,0.0031,33.0003
6451,212883.0000,212883.0019,0.0019,0.0031,33.0001
6452,212916.0000,212916.0020,0.0020,0.0031,33.0001
6453,212949.0000,212949.0015,0.0015,0.0024,32.9995
6454,212982.0000,212982.0019,0.0019,0.0028,33.0004
6455,213015.0000,213015.0015,0.0015,0.0022,32.9996
6456,213048.0000,213048.0014,0.0014,0.0020,32.9999
6457,213081.0000,213081.0012,0.0012,0.0019,32.9998
6458,213114.0000,213114.0013,0.0013,0.0020,33.0001
6459,213147.0000,213147.0014,0.0014,0.0021,33.0000
6460,213180.0000,213180.0014,0.0014,0.0016,33.0000
6461,213213.0000,213213.0015,0.0015,0.0017,33.0001
6462,213246.0000,213246.0011,0.0011,0.0016,32.9996
6463,213279.0000,213279.0011,0.0011,0.0017,33.0000
6464,213312.0000,213312.0012,0.0012,0.0015,33.0001
6465,213345.0000,213345.0014,0.0014,0.0018,33.0002
6466,213378.0000,213378.0013,0.0013,0.0019,32.9999
6467,213411.0000,213411.0015,0.0015,0.0025,33.0002
6468,213444.0000,213444.0010,0.0010,0.0019,32.9995
6469,213477.0000,213477.0013,0.0013,0.0021,33.0002
6470,213510.0000,213510.0117,0.0117,0.0023,33.0105
6471,213543.0000,213543.0013,0.0013,0.0021,32.9896
6472,213576.0000,213576.0015,0.0015,0.0019,33.0002
6473,213609.0000,213609.0019,0.0019,0.0029,33.0004
6474,213642.0000,213642.0016,0.0016,0.0022,32.9996
6475,213675.0000,213675.0020,0.0020,0.0032,33.0005
6476,213708.0000,213708.0016,0.0016,0.0025,32.9996
6477,213741.0000,213741.0012,0.0012,0.0016,32.9996
6478,213774.0000,213774.0017,0.0017,0.0022,33.0005
6479,213807.0000,213807.0017,0.0017,0.0029,33.0000
6480,213840.0000,213840.0016,0.0016,0.0032,32.9999
6481,213873.0000,213873.0014,0.0014,0.0029,32.9998
6482,213906.0000,213906.0015,0.0015,0.0029,33.0001
6483,213939.0000,213939.0016,0.0016,0.0031,33.0001
6484,213972.0000,213972.0021,0.0021,0.0027,33.0005
6485,214005.0000,214005.0018,0.0018,0.0031,32.9998
6486,214038.0000,214038.0021,0.0021,0.0038,33.0002
6487,214071.0000,214071.0022,0.0022,0.0032,33.0001
6488,214104.0000,214104.0020,0.0020,0.0028,32.9998
6489,214137.0000,214137.0018,0.0018,0.0027,32.9998
6490,214170.0000,214170.0017,0.0017,0.0042,32.9999
6491,214203.0000,214203.0019,0.0019,0.0029,33.0003
6492,214236.0000,214236.0020,0.0020,0.0030,33.0000
6493,214269.0000,214269.0020,0.0020,0.0030,33.0001
6494,214302.0000,214302.0019,0.0019,0.0026,32.9998
6495,214335.0000,214335.0019,0.0019,0.0035,33.0000
6496,214368.0000,214368.0016,0.0016,0.0027,32.9997
6497,214401.0000,214401.0013,0.0013,0.0021,32.9997
6498,214434.0000,214434.0012,0.0012,0.0019,32.9999
6499,214467.0000,214467.0010,0.0010,0.0023,32.9998
6500,214500.0000,214500.0012,0.0012,0.0021,33.0002
6501,214533.0000,214533.0011,0.0011,0.0152,32.9999
6502,214566.0000,214566.0010,0.0010,0.0022,32.9999
6503,214599.0000,214599.0015,0.0015,0.0022,33.0005
6504,214632.0000,214632.0013,0.0013,0.0025,32.9998
6505,214665.0000,214665.0009,0.0009,0.0022,32.9996
6506,214698.0000,214698.0013,0.0013,0.0021,33.0004
6507,214731.0000,214731.0016,0.0016,0.0023,33.0003
6508,214764.0000,214764.0012,0.0012,0.0026,32.9996
6509,214797.0000,214797.0015,0.0015,0.0026,33.0003
6510,214830.0000,214830.0013,0.0013,0.0021,32.9998
6511,214863.0000,214863.0015,0.0015,0.0028,33.0002
6512,214896.0000,214896.0019,0.0019,0.0025,33.0004
6513,214929.0000,214929.0015,0.0015,0.0031,32.9996
6514,214962.0000,214962.0017,0.0017,0.0031,33.0002
6515,214995.0000,214995.0020,0.0020,0.0030,33.0002
6516,215028.0000,215028.0022,0.0022,0.0029,33.0002
6517,215061.0000,215061.0025,0.0025,0.0037,33.0003
6518,215094.0000,215094.0019,0.0019,0.0029,32.9994
6519,215127.0000,215127.0016,0.0016,0.0027,32.9997
6520,215160.0000,215160.0013,0.0013,0.0020,32.9997
6521,215193.0000,215193.0014,0.0014,0.0024,33.0001
6522,215226.0000,215226.0016,0.0016,0.0018,33.0002
6523,215259.0000,215259.0015,0.0015,0.0019,32.9998
6524,215292.0000,215292.0013,0.0013,0.0023,32.9998
6525,215325.0000,215325.0013,0.0013,0.0022,33.0000
6526,215358.0000,215358.0014,0.0014,0.0019,33.0001
6527,215391.0000,215391.0016,0.0016,0.0019,33.0002
6528,215424.0000,215424.0010,0.0010,0.0019,32.9994
6529,215457.0000,215457.0011,0.0011,0.0020,33.0001
6530,215490.0000,215490.0012,0.0012,0.0031,33.0001
6531,215523.0000,215523.0012,0.0012,0.0023,33.0000
6532,215556.0000,215556.0015,0.0015,0.0033,33.0004
6533,215589.0000,215589.0015,0.0015,0.0025,32.9999
6534,215622.0000,215622.0011,0.0011,0.0028,32.9997
6535,215655.0000,215655.0011,0.0011,0.0023,32.9999
6536,215688.0000,215688.0017,0.0017,0.0027,33.0006
6537,215721.0000,215721.0010,0.0010,0.0026,32.9994
6538,215754.0000,215754.0014,0.0014,0.0021,33.0003
6539,215787.0000,215787.0016,0.0016,0.0024,33.0002
6540,215820.0000,215820.0012,0.0012,0.0022,32.9996
6541,215853.0000,215853.0781,0.0781,0.0031,33.0769
6542,215886.0000,215886.0017,0.0017,0.0028,32.9236
6543,215919.0000,215919.0019,0.0019,0.0028,33.0002
6544,215952.0000,215952.0015,0.0015,0.0030,32.9996
6545,215985.0000,215985.0012,0.0012,0.0030,32.9997
6546,216018.0000,216018.0014,0.0014,0.0025,33.0002
6547,216051.0000,216051.0011,0.0011,0.0023,32.9997
6548,216084.0000,216084.0012,0.0012,0.0028,33.0001
6549,216117.0000,216117.0015,0.0015,0.0027,33.0003
6550,216150.0000,216150.0016,0.0016,0.0027,33.0001
6551,216183.0000,216183.0018,0.0018,0.0025,33.0001
6552,216216.0000,216216.0019,0.0019,0.0025,33.0001
6553,216249.0000,216249.0016,0.0016,0.0028,32.9997
6554,216282.0000,216282.0015,0.0015,0.0033,33.0000
6555,216315.0000,216315.0014,0.0014,0.0027,32.9999
6556,216348.0000,216348.0020,0.0020,0.0022,33.0006
6557,216381.0000,216381.0016,0.0016,0.0022,32.9995
6558,216414.0000,216414.0018,0.0018,0.0029,33.0002
6559,216447.0000,216447.0019,0.0019,0.0031,33.0001
6560,216480.0000,216480.0020,0.0020,0.0031,33.0002
6561,216513.0000,216513.0023,0.0023,0.0030,33.0002
6562,216546.0000,216546.0019,0.0019,0.0028,32.9997
6563,216579.0000,216579.0019,0.0019,0.0029,32.9999
6564,216612.0000,216612.0017,0.0017,0.0024,32.9998
6565,216645.0000,216645.0019,0.0019,0.0027,33.0002
6566,216678.0000,216678.0021,0.0021,0.0032,33.0002
6567,216711.0000,216711.0016,0.0016,0.0028,32.9996
6568,216744.0000,216744.0016,0.0015,0.0031,32.9999
6569,216777.0000,216777.0018,0.0018,0.0026,33.0003
6570,216810.0000,216810.0019,0.0019,0.0034,33.0000
6571,216843.0000,216843.0017,0.0017,0.0035,32.9999
6572,216876.0000,216876.0019,0.0019,0.0035,33.0002
6573,216909.0000,216909.0024,0.0024,0.0041,33.0004
6574,216942.0000,216942.0020,0.0020,0.0039,32.9997
6575,216975.0000,216975.0022,0.0022,0.0035,33.0002
6576,217008.0000,217008.0025,0.0025,0.0041,33.0002
6577,217041.0000,217041.0025,0.0025,0.0039,33.0001
6578,217074.0000,217074.0026,0.0026,0.0039,33.0000
6579,217107.0000,217107.0022,0.0022,0.0038,32.9997
6580,217140.0000,217140.0020,0.0020,0.0035,32.9998
6581,217173.0000,217173.0026,0.0026,0.0034,33.0006
6582,217206.0000,217206.0023,0.0023,0.0033,32.9997
6583,217239.0000,217239.0030,0.0030,0.0039,33.0007
6584,217272.0000,217272.0030,0.0030,0.0047,33.0001
6585,217305.0000,217305.0035,0.0035,0.0051,33.0005
6586,217338.0000,217338.0024,0.0024,0.0044,32.9989
6587,217371.0000,217371.0024,0.0024,0.0046,33.0000
6588,217404.0000,217404.0027,0.0027,0.0050,33.0002
6589,217437.0000,217437.0028,0.0028,0.0052,33.0002
6590,217470.0000,217470.0020,0.0020,0.0040,32.9991
6591,217503.0000,217503.0025,0.0025,0.0045,33.0005
6592,217536.0000,217536.0018,0.0018,0.0030,32.9994
6593,217569.0000,217569.0017,0.0017,0.0035,32.9999
6594,217602.0000,217602.0019,0.0019,0.0035,33.0002
6595,217635.0000,217635.0018,0.0018,0.0038,32.9999
6596,217668.0000,217668.0019,0.0019,0.0030,33.0002
6597,217701.0000,217701.0016,0.0016,0.0032,32.9997
6598,217734.0000,217734.0016,0.0016,0.0032,33.0000
6599,217767.0000,217767.0015,0.0015,0.0027,32.9999
6600,217800.0000,217800.0014,0.0014,0.0026,32.9999
6601,217833.0000,217833.0015,0.0015,0.0026,33.0000
6602,217866.0000,217866.0016,0.0016,0.0026,33.0001
6603,217899.0000,217899.0013,0.0013,0.0193,32.9997
6604,217932.0000,217932.0012,0.0012,0.0027,32.9999
6605,217965.0000,217965.0017,0.0017,0.0029,33.0005
6606,217998.0000,217998.0016,0.0016,0.0024,32.9999
6607,218031.0000,218031.0018,0.0018,0.0030,33.0002
6608,218064.0000,218064.0015,0.0015,0.0030,32.9997
6609,218097.0000,218097.0021,0.0021,0.0032,33.0006
6610,218130.0000,218130.0020,0.0020,0.0034,32.9999
6611,218163.0000,218163.0021,0.0021,0.0031,33.0002
6612,218196.0000,218196.0027,0.0027,0.0031,33.0005
6613,218229.0000,218229.0020,0.0020,0.0040,32.9993
6614,218262.0000,218262.0027,0.0027,0.0035,33.0007
6615,218295.0000,218295.0023,0.0023,0.0043,32.9996
6616,218328.0000,218328.0022,0.0022,0.0039,32.9999
6617,218361.0000,218361.0021,0.0021,0.0034,32.9999
6618,218394.0000,218394.0018,0.0018,0.0030,32.9997
6619,218427.0000,218427.0019,0.0019,0.0031,33.0001
6620,218460.0000,218460.0022,0.0022,0.0038,33.0002
6621,218493.0000,218493.0023,0.0023,0.0037,33.0002
6622,218526.0000,218526.0026,0.0026,0.0046,33.0003
6623,218559.0000,218559.0022,0.0022,0.0037,32.9996
6624,218592.0000,218592.0018,0.0018,0.0041,32.9996
6625,218625.0000,218625.0019,0.0019,0.0034,33.0001
6626,218658.0000,218658.0017,0.0017,0.0038,32.9998
6627,218691.0000,218691.0018,0.0018,0.0046,33.0000
6628,218724.0000,218724.0017,0.0017,0.0038,32.9999
6629,218757.0000,218757.0010,0.0010,0.0014,32.9993
6630,218790.0000,218790.0010,0.0010,0.0017,33.0000
6631,218823.0000,218823.0014,0.0014,0.0033,33.0004
6632,218856.0000,218856.0017,0.0017,0.0026,33.0003
6633,218889.0000,218889.0021,0.0021,0.0033,33.0004
6634,218922.0000,218922.0016,0.0016,0.0029,32.9995
6635,218955.0000,218955.0017,0.0017,0.0029,33.0001
6636,218988.0000,218988.0021,0.0021,0.0033,33.0004
6637,219021.0000,219021.0020,0.0020,0.0036,32.9999
6638,219054.0000,219054.0021,0.0021,0.0037,33.0001
6639,219087.0000,219087.0019,0.0019,0.0035,32.9999
6640,219120.0000,219120.0019,0.0019,0.0029,33.0000
6641,219153.0000,219153.0020,0.0020,0.0031,33.0000
6642,219186.0000,219186.0014,0.0014,0.0059,32.9995
6643,219219.0000,219219.0015,0.0015,0.0020,33.0001
6644,219252.0000,219252.0012,0.0012,0.0022,32.9998
6645,219285.0000,219285.0013,0.0013,0.0022,33.0001
6646,219318.0000,219318.0015,0.0015,0.0022,33.0001
6647,219351.0000,219351.0014,0.0014,0.0022,33.0000
6648,219384.0000,219384.0012,0.0012,0.0018,32.9998
6649,219417.0000,219417.0014,0.0014,0.0022,33.0002
6650,219450.0000,219450.0013,0.0013,0.0021,32.9998
6651,219483.0000,219483.0012,0.0012,0.0019,32.9999
6652,219516.0000,219516.0010,0.0010,0.0016,32.9998
6653,219549.0000,219549.0013,0.0013,0.0017,33.0003
6654,219582.0000,219582.0012,0.0012,0.0022,33.0000
6655,219615.0000,219615.0016,0.0016,0.0026,33.0004
6656,219648.0000,219648.0011,0.0011,0.0024,32.9995
6657,219681.0000,219681.0013,0.0013,0.0024,33.0002
6658,219714.0000,219714.0026,0.0026,0.0031,33.0013
6659,219747.0000,219747.0019,0.0019,0.0032,32.9993
6660,219780.0000,219780.0021,0.0021,0.0030,33.0002
6661,219813.0000,219813.0019,0.0019,0.0025,32.9998
6662,219846.0000,219846.0024,0.0024,0.0031,33.0005
6663,219879.0000,219879.0026,0.0026,0.0033,33.0001
6664,219912.0000,219912.0016,0.0016,0.0032,32.9991
6665,219945.0000,219945.0022,0.0022,0.0039,33.0006
6666,219978.0000,219978.0024,0.0024,0.0031,33.0002
6667,220011.0000,220011.0017,0.0017,0.0037,32.9993
6668,220044.0000,220044.0020,0.0020,0.0040,33.0002
6669,220077.0000,220077.0026,0.0026,0.0031,33.0006
6670,220110.0000,220110.0022,0.0022,0.0028,32.9996
6671,220143.0000,220143.0017,0.0017,0.0027,32.9995
6672,220176.0000,220176.0015,0.0015,0.0032,32.9998
6673,220209.0000,220209.0011,0.0011,0.0015,32.9996
6674,220242.0000,220242.0011,0.0011,0.0019,32.9999
6675,220275.0000,220275.0013,0.0013,0.0024,33.0002
6676,220308.0000,220308.0022,0.0022,0.0024,33.0009
6677,220341.0000,220341.0023,0.0023,0.0028,33.0002
6678,220374.0000,220374.0014,0.0014,0.0023,32.9991
6679,220407.0000,220407.0013,0.0013,0.0023,32.9999
6680,220440.0000,220440.0014,0.0014,0.0033,33.0001
6681,220473.0000,220473.0016,0.0016,0.0047,33.0002
6682,220506.0000,220506.0017,0.0017,0.0035,33.0001
6683,220539.0000,220539.0016,0.0016,0.0036,32.9999
6684,220572.0000,220572.0033,0.0033,0.0032,33.0017
6685,220605.0000,220605.0028,0.0028,0.0042,32.9996
6686,220638.0000,220638.0028,0.0028,0.0052,33.0000
6687,220671.0000,220671.0023,0.0023,0.0030,32.9995
6688,220704.0000,220704.0025,0.0025,0.0033,33.0002
6689,220737.0000,220737.0025,0.0025,0.0039,33.0000
6690,220770.0000,220770.0599,0.0599,0.0037,33.0574
6691,220803.0000,220803.0018,0.0018,0.0036,32.9419
6692,220836.0000,220836.0014,0.0014,0.0026,32.9995
6693,220869.0000,220869.0016,0.0016,0.0027,33.0003
6694,220902.0000,220902.0015,0.0015,0.0028,32.9998
6695,220935.0000,220935.0016,0.0016,0.0028,33.0002
6696,220968.0000,220968.0014,0.0014,0.0035,32.9998
6697,221001.0000,221001.0013,0.0013,0.0025,32.9999
6698,221034.0000,221034.0014,0.0014,0.0025,33.0001
6699,221067.0000,221067.0009,0.0009,0.0026,32.9995
6700,221100.0000,221100.0012,0.0012,0.0019,33.0002
6701,221133.0000,221133.0010,0.0010,0.0020,32.9999
6702,221166.0000,221166.0012,0.0012,0.0021,33.0002
6703,221199.0000,221199.0010,0.0010,0.0020,32.9997
6704,221232.0000,221232.0013,0.0013,0.0026,33.0004
6705,221265.0000,221265.0019,0.0019,0.0151,33.0006
6706,221298.0000,221298.0023,0.0023,0.0035,33.0004
6707,221331.0000,221331.0025,0.0025,0.0032,33.0003
6708,221364.0000,221364.0021,0.0021,0.0031,32.9996
6709,221397.0000,221397.0026,0.0026,0.0049,33.0004
6710,221430.0000,221430.0027,0.0027,0.0034,33.0002
6711,221463.0000,221463.0029,0.0029,0.0035,33.0002
6712,221496.0000,221496.0027,0.0027,0.0032,32.9997
6713,221529.0000,221529.0025,0.0025,0.0036,32.9998
6714,221562.0000,221562.0019,0.0019,0.0033,32.9994
6715,221595.0000,221595.0019,0.0019,0.0037,33.0000
6716,221628.0000,221628.0019,0.0019,0.0034,32.9999
6717,221661.0000,221661.0020,0.0020,0.0034,33.0002
6718,221694.0000,221694.0021,0.0021,0.0029,33.0000
6719,221727.0000,221727.0019,0.0019,0.0028,32.9999
6720,221760.0000,221760.0018,0.0018,0.0041,32.9998
6721,221793.0000,221793.0024,0.0024,0.0032,33.0006
6722,221826.0000,221826.0021,0.0021,0.0036,32.9998
6723,221859.0000,221859.0026,0.0026,0.0032,33.0005
6724,221892.0000,221892.0017,0.0017,0.0030,32.9991
6725,221925.0000,221925.0020,0.0020,0.0030,33.0003
6726,221958.0000,221958.0019,0.0019,0.0032,32.9999
6727,221991.0000,221991.0021,0.0021,0.0030,33.0001
6728,222024.0000,222024.0023,0.0023,0.0033,33.0002
6729,222057.0000,222057.0018,0.0018,0.0034,32.9995
6730,222090.0000,222090.0013,0.0013,0.0022,32.9996
6731,222123.0000,222123.0015,0.0015,0.0022,33.0002
6732,222156.0000,222156.0014,0.0014,0.0022,32.9999
6733,222189.0000,222189.0013,0.0013,0.0021,32.9999
6734,222222.0000,222222.0013,0.0013,0.0020,32.9999
6735,222255.0000,222255.0013,0.0013,0.0022,33.0000
6736,222288.0000,222288.0010,0.0010,0.0023,32.9998
6737,222321.0000,222321.0011,0.0011,0.0020,33.0001
6738,222354.0000,222354.0011,0.0011,0.0020,33.0000
6739,222387.0000,222387.0010,0.0010,0.0023,32.9999
6740,222420.0000,222420.0010,0.0010,0.0021,33.0000
6741,222453.0000,222453.0017,0.0017,0.0021,33.0006
6742,222486.0000,222486.0015,0.0015,0.0020,32.9998
6743,222519.0000,222519.0024,0.0024,0.0028,33.0009
6744,222552.0000,222552.0019,0.0019,0.0033,32.9994
6745,222585.0000,222585.0015,0.0015,0.0026,32.9997
6746,222618.0000,222618.0017,0.0017,0.0029,33.0002
6747,222651.0000,222651.0018,0.0018,0.0032,33.0001
6748,222684.0000,222684.0019,0.0019,0.0031,33.0001
6749,222717.0000,222717.0021,0.0021,0.0031,33.0002
6750,222750.0000,222750.0020,0.0020,0.0033,32.9999
6751,222783.0000,222783.0019,0.0019,0.0036,32.9999
6752,222816.0000,222816.0019,0.0019,0.0035,33.0000
6753,222849.0000,222849.0020,0.0020,0.0035,33.0002
6754,222882.0000,222882.0022,0.0022,0.0035,33.0002
6755,222915.0000,222915.0021,0.0021,0.0024,32.9998
6756,222948.0000,222948.0023,0.0023,0.0023,33.0002
6757,222981.0000,222981.0017,0.0017,0.0021,32.9994
6758,223014.0000,223014.0017,0.0017,0.0025,33.0000
6759,223047.0000,223047.0018,0.0018,0.0024,33.0001
6760,223080.0000,223080.0016,0.0016,0.0029,32.9998
6761,223113.0000,223113.0018,0.0018,0.0031,33.0002
6762,223146.0000,223146.0024,0.0024,0.0030,33.0006
6763,223179.0000,223179.0020,0.0020,0.0026,32.9997
6764,223212.0000,223212.0022,0.0022,0.0030,33.0001
6765,223245.0000,223245.0023,0.0023,0.0030,33.0002
6766,223278.0000,223278.0022,0.0022,0.0030,32.9999
6767,223311.0000,223311.0017,0.0017,0.0031,32.9995
6768,223344.0000,223344.0030,0.0030,0.0035,33.0013
6769,223377.0000,223377.0025,0.0025,0.0033,32.9995
6770,223410.0000,223410.0026,0.0026,0.0045,33.0001
6771,223443.0000,223443.0021,0.0021,0.0038,32.9995
6772,223476.0000,223476.0030,0.0030,0.0048,33.0009
6773,223509.0000,223509.0026,0.0026,0.0044,32.9996
6774,223542.0000,223542.0025,0.0025,0.0041,33.0000
6775,223575.0000,223575.0025,0.0025,0.0043,32.9999
6776,223608.0000,223608.0026,0.0026,0.0043,33.0002
6777,223641.0000,223641.0015,0.0015,0.0020,32.9989
6778,223674.0000,223674.0019,0.0019,0.0035,33.0004
6779,223707.0000,223707.0013,0.0013,0.0034,32.9994
6780,223740.0000,223740.0015,0.0015,0.0033,33.0003
6781,223773.0000,223773.0013,0.0013,0.0038,32.9997
6782,223806.0000,223806.0012,0.0012,0.0034,32.9999
6783,223839.0000,223839.0012,0.0012,0.0031,33.0000
6784,223872.0000,223872.0016,0.0016,0.0030,33.0005
6785,223905.0000,223905.0018,0.0018,0.0027,33.0002
6786,223938.0000,223938.0020,0.0020,0.0033,33.0002
6787,223971.0000,223971.0015,0.0015,0.0031,32.9995
6788,224004.0000,224004.0014,0.0014,0.0030,32.9999
6789,224037.0000,224037.0017,0.0017,0.0027,33.0002
6790,224070.0000,224070.0017,0.0017,0.0029,33.0000
6791,224103.0000,224103.0075,0.0075,0.0027,33.0059
6792,224136.0000,224136.0018,0.0018,0.0024,32.9943
6793,224169.0000,224169.0014,0.0014,0.0030,32.9996
6794,224202.0000,224202.0019,0.0019,0.0025,33.0005
6795,224235.0000,224235.0017,0.0017,0.0026,32.9998
6796,224268.0000,224268.0018,0.0018,0.0027,33.0001
6797,224301.0000,224301.0020,0.0020,0.0027,33.0002
6798,224334.0000,224334.0026,0.0026,0.0035,33.0006
6799,224367.0000,224367.0028,0.0028,0.0035,33.0002
6800,224400.0000,224400.0030,0.0030,0.0035,33.0002
6801,224433.0000,224433.0027,0.0027,0.0039,32.9997
6802,224466.0000,224466.0033,0.0033,0.0052,33.0006
6803,224499.0000,224499.0021,0.0021,0.0038,32.9988
6804,224532.0000,224532.0020,0.0020,0.0049,32.9999
6805,224565.0000,224565.0030,0.0030,0.0036,33.0010
6806,224598.0000,224598.0035,0.0035,0.0049,33.0005
6807,224631.0000,224631.0026,0.0026,0.0157,32.9991
6808,224664.0000,224664.0024,0.0024,0.0036,32.9998
6809,224697.0000,224697.0026,0.0026,0.0044,33.0002
6810,224730.0000,224730.0027,0.0027,0.0048,33.0002
6811,224763.0000,224763.0019,0.0019,0.0035,32.9991
6812,224796.0000,224796.0028,0.0028,0.0038,33.0009
6813,224829.0000,224829.0017,0.0017,0.0027,32.9989
6814,224862.0000,224862.0018,0.0018,0.0032,33.0001
6815,224895.0000,224895.0019,0.0019,0.0038,33.0001
6816,224928.0000,224928.0019,0.0019,0.0034,33.0000
6817,224961.0000,224961.0019,0.0019,0.0031,33.0000
6818,224994.0000,224994.0022,0.0022,0.0035,33.0003
6819,225027.0000,225027.0029,0.0029,0.0039,33.0007
6820,225060.0000,225060.0029,0.0029,0.0046,33.0001
6821,225093.0000,225093.0031,0.0031,0.0041,33.0001
6822,225126.0000,225126.0029,0.0029,0.0045,32.9998
6823,225159.0000,225159.0021,0.0021,0.0039,32.9992
6824,225192.0000,225192.0031,0.0031,0.0038,33.0010
6825,225225.0000,225225.0021,0.0021,0.0027,32.9990
6826,225258.0000,225258.0024,0.0024,0.0029,33.0003
6827,225291.0000,225291.0018,0.0018,0.0035,32.9993
6828,225324.0000,225324.0018,0.0018,0.0032,33.0000
6829,225357.0000,225357.0019,0.0019,0.0031,33.0001
6830,225390.0000,225390.0021,0.0021,0.0031,33.0002
6831,225423.0000,225423.0023,0.0023,0.0037,33.0002
6832,225456.0000,225456.0017,0.0017,0.0026,32.9995
6833,225489.0000,225489.0024,0.0024,0.0032,33.0007
6834,225522.0000,225522.0020,0.0020,0.0035,32.9996
6835,225555.0000,225555.0019,0.0019,0.0025,32.9999
6836,225588.0000,225588.0021,0.0021,0.0029,33.0002
6837,225621.0000,225621.0023,0.0023,0.0037,33.0002
6838,225654.0000,225654.0018,0.0018,0.0030,32.9995
6839,225687.0000,225687.0023,0.0023,0.0031,33.0005
6840,225720.0000,225720.0022,0.0022,0.0028,32.9998
6841,225753.0000,225753.0022,0.0022,0.0030,33.0000
6842,225786.0000,225786.0024,0.0024,0.0036,33.0002
6843,225819.0000,225819.0024,0.0024,0.0028,32.9999
6844,225852.0000,225852.0021,0.0021,0.0023,32.9997
6845,225885.0000,225885.0016,0.0016,0.0029,32.9995
6846,225918.0000,225918.0015,0.0015,0.0025,33.0000
6847,225951.0000,225951.0017,0.0017,0.0025,33.0002
6848,225984.0000,225984.0013,0.0013,0.0031,32.9996
6849,226017.0000,226017.0015,0.0015,0.0026,33.0002
6850,226050.0000,226050.0023,0.0023,0.0031,33.0008
6851,226083.0000,226083.0017,0.0017,0.0030,32.9994
6852,226116.0000,226116.0020,0.0020,0.0032,33.0003
6853,226149.0000,226149.0021,0.0021,0.0033,33.0001
6854,226182.0000,226182.0023,0.0023,0.0037,33.0003
6855,226215.0000,226215.0020,0.0020,0.0034,32.9997
6856,226248.0000,226248.0015,0.0015,0.0032,32.9996
6857,226281.0000,226281.0015,0.0015,0.0030,33.0000
6858,226314.0000,226314.0023,0.0023,0.0027,33.0007
6859,226347.0000,226347.0022,0.0022,0.0027,32.9999
6860,226380.0000,226380.0021,0.0021,0.0036,32.9999
6861,226413.0000,226413.0018,0.0018,0.0030,32.9998
6862,226446.0000,226446.0021,0.0021,0.0036,33.0002
6863,226479.0000,226479.0021,0.0021,0.0032,33.0001
6864,226512.0000,226512.0023,0.0023,0.0038,33.0002
6865,226545.0000,226545.0024,0.0024,0.0031,33.0001
6866,226578.0000,226578.0020,0.0020,0.0033,32.9997
6867,226611.0000,226611.0017,0.0017,0.0031,32.9997
6868,226644.0000,226644.0018,0.0018,0.0032,33.0002
6869,226677.0000,226677.0018,0.0018,0.0032,33.0000
6870,226710.0000,226710.0019,0.0019,0.0032,33.0001
6871,226743.0000,226743.0031,0.0031,0.0036,33.0012
6872,226776.0000,226776.0023,0.0023,0.0035,32.9992
6873,226809.0000,226809.0018,0.0018,0.0031,32.9995
6874,226842.0000,226842.0035,0.0035,0.0036,33.0017
6875,226875.0000,226875.0025,0.0025,0.0036,32.9990
6876,226908.0000,226908.0035,0.0035,0.0049,33.0010
6877,226941.0000,226941.0029,0.0029,0.0036,32.9993
6878,226974.0000,226974.0028,0.0028,0.0035,32.9999
6879,227007.0000,227007.0015,0.0015,0.0029,32.9987
6880,227040.0000,227040.0017,0.0017,0.0030,33.0002
6881,227073.0000,227073.0015,0.0015,0.0024,32.9998
6882,227106.0000,227106.0013,0.0013,0.0019,32.9998
6883,227139.0000,227139.0015,0.0015,0.0024,33.0001
6884,227172.0000,227172.0019,0.0019,0.0031,33.0004
6885,227205.0000,227205.0020,0.0020,0.0029,33.0001
6886,227238.0000,227238.0017,0.0017,0.0022,32.9997
6887,227271.0000,227271.0016,0.0016,0.0030,32.9999
6888,227304.0000,227304.0018,0.0018,0.0030,33.0002
6889,227337.0000,227337.0015,0.0015,0.0027,32.9997
6890,227370.0000,227370.0016,0.0016,0.0030,33.0001
6891,227403.0000,227403.0022,0.0022,0.0027,33.0007
6892,227436.0000,227436.0018,0.0018,0.0032,32.9996
6893,227469.0000,227469.0016,0.0016,0.0026,32.9997
6894,227502.0000,227502.0016,0.0016,0.0036,33.0001
6895,227535.0000,227535.0017,0.0017,0.0027,33.0000
6896,227568.0000,227568.0013,0.0013,0.0024,32.9996
6897,227601.0000,227601.0027,0.0027,0.0033,33.0014
6898,227634.0000,227634.0022,0.0022,0.0029,32.9995
6899,227667.0000,227667.0024,0.0024,0.0033,33.0002
6900,227700.0000,227700.0016,0.0016,0.0029,32.9992
6901,227733.0000,227733.0015,0.0015,0.0030,32.9999
6902,227766.0000,227766.0019,0.0019,0.0030,33.0003
6903,227799.0000,227799.0018,0.0018,0.0030,32.9999
6904,227832.0000,227832.0013,0.0013,0.0023,32.9995
6905,227865.0000,227865.0014,0.0014,0.0024,33.0001
6906,227898.0000,227898.0017,0.0017,0.0032,33.0003
6907,227931.0000,227931.0015,0.0015,0.0028,32.9998
6908,227964.0000,227964.0020,0.0020,0.0029,33.0004
6909,227997.0000,227997.0015,0.0015,0.0112,32.9995
6910,228030.0000,228030.0016,0.0016,0.0025,33.0001
6911,228063.0000,228063.0020,0.0020,0.0039,33.0004
6912,228096.0000,228096.0015,0.0015,0.0029,32.9995
6913,228129.0000,228129.0016,0.0016,0.0031,33.0001
6914,228162.0000,228162.0014,0.0014,0.0029,32.9998
6915,228195.0000,228195.0016,0.0016,0.0029,33.0002
6916,228228.0000,228228.0015,0.0015,0.0025,32.9999
6917,228261.0000,228261.0017,0.0017,0.0027,33.0002
6918,228294.0000,228294.0019,0.0019,0.0024,33.0002
6919,228327.0000,228327.0015,0.0015,0.0025,32.9996
6920,228360.0000,228360.0015,0.0015,0.0026,33.0000
6921,228393.0000,228393.0017,0.0017,0.0027,33.0002
6922,228426.0000,228426.0014,0.0014,0.0029,32.9997
6923,228459.0000,228459.0020,0.0020,0.0027,33.0006
6924,228492.0000,228492.0016,0.0016,0.0026,32.9996
6925,228525.0000,228525.0012,0.0012,0.0025,32.9997
6926,228558.0000,228558.0012,0.0012,0.0024,33.0000
6927,228591.0000,228591.0013,0.0013,0.0019,33.0001
6928,228624.0000,228624.0015,0.0015,0.0022,33.0002
6929,228657.0000,228657.0039,0.0039,0.0031,33.0024
6930,228690.0000,228690.0015,0.0015,0.0029,32.9976
6931,228723.0000,228723.0016,0.0016,0.0026,33.0001
6932,228756.0000,228756.0016,0.0016,0.0021,33.0000
6933,228789.0000,228789.0015,0.0015,0.0023,32.9999
6934,228822.0000,228822.0014,0.0014,0.0025,32.9999
6935,228855.0000,228855.0016,0.0016,0.0025,33.0001
6936,228888.0000,228888.0015,0.0015,0.0024,32.9999
6937,228921.0000,228921.0015,0.0015,0.0022,33.0000
6938,228954.0000,228954.0016,0.0016,0.0030,33.0001
6939,228987.0000,228987.0017,0.0017,0.0027,33.0001
6940,229020.0000,229020.0019,0.0019,0.0028,33.0002
6941,229053.0000,229053.0019,0.0019,0.0039,33.0000
6942,229086.0000,229086.0017,0.0017,0.0024,32.9998
6943,229119.0000,229119.0018,0.0018,0.0025,33.0001
6944,229152.0000,229152.0014,0.0014,0.0022,32.9996
6945,229185.0000,229185.0015,0.0015,0.0024,33.0001
6946,229218.0000,229218.0015,0.0015,0.0020,32.9999
6947,229251.0000,229251.0013,0.0013,0.0021,32.9999
6948,229284.0000,229284.0013,0.0013,0.0021,32.9999
6949,229317.0000,229317.0011,0.0011,0.0018,32.9999
6950,229350.0000,229350.0010,0.0010,0.0019,32.9999
6951,229383.0000,229383.0012,0.0012,0.0019,33.0001
6952,229416.0000,229416.0009,0.0009,0.0017,32.9998
6953,229449.0000,229449.0011,0.0011,0.0017,33.0001
6954,229482.0000,229482.0011,0.0011,0.0021,33.0000
6955,229515.0000,229515.0010,0.0010,0.0018,32.9999
6956,229548.0000,229548.0013,0.0013,0.0021,33.0003
6957,229581.0000,229581.0012,0.0012,0.0023,32.9999
6958,229614.0000,229614.0012,0.0012,0.0019,33.0000
6959,229647.0000,229647.0011,0.0011,0.0025,33.0000
6960,229680.0000,229680.0885,0.0885,0.0019,33.0873
6961,229713.0000,229713.0014,0.0014,0.0022,32.9129
6962,229746.0000,229746.0017,0.0017,0.0018,33.0003
6963,229779.0000,229779.0014,0.0014,0.0018,32.9997
6964,229812.0000,229812.0014,0.0014,0.0019,33.0000
6965,229845.0000,229845.0011,0.0011,0.0016,32.9997
6966,229878.0000,229878.0011,0.0011,0.0022,33.0000
6967,229911.0000,229911.0013,0.0013,0.0024,33.0002
6968,229944.0000,229944.0013,0.0013,0.0027,32.9999
6969,229977.0000,229977.0012,0.0012,0.0028,33.0000
6970,230010.0000,230010.2133,0.2133,0.0029,33.2121
6971,230043.0000,230043.0014,0.0014,0.0026,32.7881
6972,230076.0000,230076.0010,0.0010,0.0014,32.9996
6973,230109.0000,230109.0013,0.0013,0.0021,33.0003
6974,230142.0000,230142.0225,0.0225,0.0019,33.0212
6975,230175.0000,230175.0013,0.0013,0.0020,32.9788
6976,230208.0000,230208.0014,0.0014,0.0021,33.0001
6977,230241.0000,230241.0016,0.0016,0.0028,33.0002
6978,230274.0000,230274.0015,0.0015,0.0029,32.9999
6979,230307.0000,230307.0016,0.0016,0.0025,33.0001
6980,230340.0000,230340.0018,0.0018,0.0028,33.0001
6981,230373.0000,230373.0018,0.0018,0.0035,33.0001
6982,230406.0000,230406.0016,0.0016,0.0027,32.9998
6983,230439.0000,230439.0016,0.0016,0.0022,33.0000
6984,230472.0000,230472.0017,0.0017,0.0024,33.0000
6985,230505.0000,230505.0020,0.0020,0.0027,33.0003
6986,230538.0000,230538.0020,0.0020,0.0019,33.0000
6987,230571.0000,230571.0016,0.0016,0.0025,32.9996
6988,230604.0000,230604.0012,0.0012,0.0021,32.9996
6989,230637.0000,230637.0012,0.0012,0.0020,33.0001
6990,230670.0000,230670.0015,0.0015,0.0025,33.0002
6991,230703.0000,230703.0013,0.0013,0.0017,32.9998
6992,230736.0000,230736.0012,0.0012,0.0017,32.9999
6993,230769.0000,230769.0016,0.0016,0.0020,33.0004
6994,230802.0000,230802.0016,0.0016,0.0020,32.9999
6995,230835.0000,230835.0017,0.0017,0.0018,33.0001
6996,230868.0000,230868.0012,0.0012,0.0017,32.9995
6997,230901.0000,230901.0013,0.0013,0.0017,33.0001
6998,230934.0000,230934.0014,0.0014,0.0019,33.0001
6999,230967.0000,230967.0011,0.0011,0.0023,32.9997
7000,231000.0000,231000.0010,0.0010,0.0019,32.9999
7001,231033.0000,231033.0009,0.0009,0.0018,32.9999
7002,231066.0000,231066.0010,0.0010,0.0018,33.0001
7003,231099.0000,231099.0010,0.0010,0.0017,33.0001
7004,231132.0000,231132.0011,0.0011,0.0021,33.0000
7005,231165.0000,231165.0013,0.0013,0.0022,33.0002
7006,231198.0000,231198.0016,0.0016,0.0021,33.0003
7007,231231.0000,231231.0017,0.0017,0.0024,33.0001
7008,231264.0000,231264.0019,0.0019,0.0028,33.0002
7009,231297.0000,231297.0021,0.0021,0.0028,33.0001
7010,231330.0000,231330.0017,0.0017,0.0025,32.9996
7011,231363.0000,231363.0021,0.0021,0.0135,33.0004
7012,231396.0000,231396.2696,0.2696,0.0026,33.2676
7013,231429.0000,231429.0018,0.0018,0.0028,32.7321
7014,231462.0000,231462.0018,0.0018,0.0024,33.0001
7015,231495.0000,231495.0014,0.0014,0.0029,32.9996
7016,231528.0000,231528.0018,0.0018,0.0028,33.0003
7017,231561.0000,231561.0018,0.0018,0.0029,33.0000
7018,231594.0000,231594.0019,0.0019,0.0038,33.0001
7019,231627.0000,231627.0021,0.0021,0.0031,33.0002
7020,231660.0000,231660.0022,0.0022,0.0029,33.0002
7021,231693.0000,231693.0017,0.0017,0.0026,32.9995
7022,231726.0000,231726.0017,0.0017,0.0022,32.9999
7023,231759.0000,231759.0013,0.0013,0.0022,32.9996
7024,231792.0000,231792.0010,0.0010,0.0017,32.9997
7025,231825.0000,231825.0012,0.0012,0.0024,33.0002
7026,231858.0000,231858.0012,0.0012,0.0028,33.0000
7027,231891.0000,231891.0014,0.0014,0.0023,33.0002
7028,231924.0000,231924.0012,0.0012,0.0024,32.9998
7029,231957.0000,231957.0014,0.0014,0.0021,33.0002
7030,231990.0000,231990.0014,0.0014,0.0024,33.0000
7031,232023.0000,232023.0017,0.0017,0.0024,33.0003
7032,232056.0000,232056.0014,0.0014,0.0021,32.9997
7033,232089.0000,232089.0014,0.0014,0.0020,33.0000
7034,232122.0000,232122.0015,0.0015,0.0024,33.0000
7035,232155.0000,232155.0016,0.0016,0.0022,33.0001
7036,232188.0000,232188.0017,0.0017,0.0026,33.0001
7037,232221.0000,232221.0019,0.0019,0.0025,33.0002
7038,232254.0000,232254.0014,0.0014,0.0024,32.9995
7039,232287.0000,232287.0015,0.0015,0.0024,33.0001
7040,232320.0000,232320.0017,0.0017,0.0019,33.0002
7041,232353.0000,232353.0019,0.0019,0.0025,33.0002
7042,232386.0000,232386.0017,0.0017,0.0023,32.9998
7043,232419.0000,232419.0017,0.0017,0.0026,33.0000
7044,232452.0000,232452.0018,0.0018,0.0025,33.0001
7045,232485.0000,232485.0017,0.0017,0.0030,32.9999
7046,232518.0000,232518.0020,0.0020,0.0033,33.0003
7047,232551.0000,232551.0021,0.0021,0.0027,33.0001
7048,232584.0000,232584.0015,0.0015,0.0025,32.9994
7049,232617.0000,232617.0014,0.0014,0.0022,32.9999
7050,232650.0000,232650.0016,0.0016,0.0024,33.0003
7051,232683.0000,232683.0018,0.0018,0.0017,33.0002
7052,232716.0000,232716.0014,0.0014,0.0019,32.9996
7053,232749.0000,232749.0015,0.0015,0.0018,33.0001
7054,232782.0000,232782.0017,0.0017,0.0019,33.0002
7055,232815.0000,232815.0015,0.0015,0.0018,32.9998
7056,232848.0000,232848.0010,0.0010,0.0016,32.9996
7057,232881.0000,232881.0017,0.0017,0.0020,33.0006
7058,232914.0000,232914.0014,0.0014,0.0026,32.9998
7059,232947.0000,232947.0013,0.0013,0.0021,32.9999
7060,232980.0000,232980.0012,0.0012,0.0019,32.9999
7061,233013.0000,233013.0013,0.0013,0.0019,33.0001
7062,233046.0000,233046.0015,0.0015,0.0020,33.0002
7063,233079.0000,233079.0013,0.0013,0.0023,32.9998
7064,233112.0000,233112.0013,0.0013,0.0022,33.0000
7065,233145.0000,233145.0013,0.0013,0.0019,33.0001
7066,233178.0000,233178.0011,0.0011,0.0020,32.9998
7067,233211.0000,233211.0015,0.0015,0.0023,33.0004
7068,233244.0000,233244.0070,0.0070,0.0027,33.0055
7069,233277.0000,233281.8607,4.8607,0.0028,37.8537
7070,233310.0000,233310.0015,0.0015,0.0026,28.1409
7071,233343.0000,233343.0012,0.0012,0.0021,32.9997
7072,233376.0000,233376.0145,0.0145,0.0025,33.0133
7073,233409.0000,233409.0014,0.0014,0.0022,32.9868
7074,233442.0000,233442.0012,0.0012,0.0022,32.9999
7075,233475.0000,233475.0013,0.0013,0.0021,33.0000
7076,233508.0000,233508.0015,0.0015,0.0019,33.0002
7077,233541.0000,233541.0012,0.0012,0.0019,32.9997
7078,233574.0000,233574.0011,0.0011,0.0022,33.0000
7079,233607.0000,233607.0013,0.0013,0.0021,33.0002
7080,233640.0000,233640.0013,0.0013,0.0018,32.9999
7081,233673.0000,233673.0012,0.0012,0.0018,33.0000
7082,233706.0000,233706.7315,0.7315,0.0020,33.7303
7083,233739.0000,233739.0015,0.0015,0.0017,32.2700
7084,233772.0000,233772.0016,0.0016,0.0018,33.0002
7085,233805.0000,233805.0012,0.0012,0.0016,32.9995
7086,233838.0000,233838.0014,0.0014,0.0024,33.0002
7087,233871.0000,233871.0017,0.0017,0.0029,33.0003
7088,233904.0000,233904.0025,0.0025,0.0028,33.0008
7089,233937.0000,233937.0026,0.0026,0.0034,33.0001
7090,233970.0000,233970.0020,0.0020,0.0031,32.9994
7091,234003.0000,234003.0018,0.0018,0.0025,32.9997
7092,234036.0000,234036.0019,0.0019,0.0028,33.0002
7093,234069.0000,234069.0016,0.0016,0.0026,32.9997
7094,234102.0000,234102.0016,0.0016,0.0030,33.0000
7095,234135.0000,234135.0017,0.0017,0.0028,33.0001
7096,234168.0000,234168.0019,0.0019,0.0031,33.0002
7097,234201.0000,234201.0021,0.0021,0.0027,33.0002
7098,234234.0000,234234.0028,0.0028,0.0031,33.0007
7099,234267.0000,234267.0025,0.0025,0.0027,32.9997
7100,234300.0000,234300.0021,0.0021,0.0038,32.9996
7101,234333.0000,234333.0018,0.0018,0.0028,32.9997
7102,234366.0000,234366.0018,0.0018,0.0028,33.0000
7103,234399.0000,234399.0022,0.0022,0.0028,33.0004
7104,234432.0000,234432.0015,0.0015,0.0030,32.9993
7105,234465.0000,234465.0017,0.0017,0.0027,33.0002
7106,234498.0000,234498.0017,0.0017,0.0031,33.0001
7107,234531.0000,234531.0019,0.0019,0.0031,33.0002
7108,234564.0000,234564.0019,0.0019,0.0021,33.0000
7109,234597.0000,234597.0021,0.0021,0.0029,33.0002
7110,234630.0000,234630.0017,0.0017,0.0025,32.9996
7111,234663.0000,234663.0016,0.0016,0.0026,32.9999
7112,234696.0000,234696.0016,0.0016,0.0029,33.0000
7113,234729.0000,234729.0017,0.0017,0.0122,33.0001
7114,234762.0000,234762.0019,0.0019,0.0030,33.0002
7115,234795.0000,234795.0019,0.0019,0.0026,33.0000
7116,234828.0000,234828.0015,0.0015,0.0028,32.9996
7117,234861.0000,234861.0017,0.0017,0.0028,33.0002
7118,234894.0000,234894.0019,0.0019,0.0024,33.0002
7119,234927.0000,234927.0014,0.0014,0.0024,32.9996
7120,234960.0000,234960.0016,0.0016,0.0030,33.0001
7121,234993.0000,234993.0017,0.0017,0.0024,33.0002
7122,235026.0000,235026.0018,0.0018,0.0025,33.0001
7123,235059.0000,235059.0015,0.0015,0.0025,32.9997
7124,235092.0000,235092.0017,0.0017,0.0025,33.0002
7125,235125.0000,235125.0017,0.0017,0.0030,33.0000
7126,235158.0000,235158.0014,0.0014,0.0024,32.9997
7127,235191.0000,235191.0021,0.0021,0.0024,33.0007
7128,235224.0000,235224.0016,0.0016,0.0020,32.9995
7129,235257.0000,235257.0017,0.0017,0.0019,33.0002
7130,235290.0000,235290.0019,0.0019,0.0021,33.0002
7131,235323.0000,235323.0017,0.0017,0.0023,32.9998
7132,235356.0000,235356.0018,0.0018,0.0025,33.0000
7133,235389.0000,235389.0028,0.0028,0.0028,33.0010
7134,235422.0000,235422.0026,0.0026,0.0030,32.9998
7135,235455.0000,235455.0025,0.0025,0.0030,32.9999
7136,235488.0000,235488.0021,0.0021,0.0030,32.9996
7137,235521.0000,235521.0020,0.0020,0.0029,32.9998
7138,235554.0000,235554.0016,0.0016,0.0027,32.9996
7139,235587.0000,235587.0017,0.0017,0.0027,33.0002
7140,235620.0000,235620.0018,0.0018,0.0026,33.0001
7141,235653.0000,235653.0019,0.0019,0.0025,33.0000
7142,235686.0000,235686.0017,0.0017,0.0021,32.9999
7143,235719.0000,235719.0010,0.0010,0.0020,32.9993
7144,235752.0000,235752.0010,0.0010,0.0017,33.0000
7145,235785.0000,235785.0013,0.0013,0.0018,33.0003
7146,235818.0000,235818.0010,0.0010,0.0022,32.9998
7147,235851.0000,235851.0008,0.0008,0.0018,32.9998
7148,235884.0000,235884.0013,0.0013,0.0026,33.0005
7149,235917.0000,235917.0016,0.0016,0.0024,33.0003
7150,235950.0000,235950.0016,0.0016,0.0029,33.0000
7151,235983.0000,235983.0017,0.0017,0.0023,33.0001
7152,236016.0000,236016.0013,0.0013,0.0020,32.9997
7153,236049.0000,236049.0014,0.0014,0.0027,33.0001
7154,236082.0000,236082.0017,0.0017,0.0022,33.0003
7155,236115.0000,236115.0017,0.0017,0.0019,33.0000
7156,236148.0000,236148.0014,0.0014,0.0020,32.9997
7157,236181.0000,236181.0015,0.0015,0.0021,33.0001
7158,236214.0000,236214.0017,0.0017,0.0025,33.0002
7159,236247.0000,236247.0014,0.0014,0.0022,32.9998
7160,236280.0000,236280.0014,0.0014,0.0020,33.0000
7161,236313.0000,236313.0015,0.0015,0.0026,33.0001
7162,236346.0000,236346.0017,0.0017,0.0020,33.0002
7163,236379.0000,236379.0018,0.0018,0.0021,33.0002
7164,236412.0000,236412.0012,0.0012,0.0019,32.9993
7165,236445.0000,236445.0013,0.0013,0.0022,33.0001
7166,236478.0000,236478.0025,0.0025,0.0033,33.0012
7167,236511.0000,236511.0014,0.0014,0.0025,32.9990
7168,236544.0000,236544.0015,0.0015,0.0025,33.0001
7169,236577.0000,236577.0016,0.0016,0.0031,33.0001
7170,236610.0000,236610.0016,0.0016,0.0020,33.0000
7171,236643.0000,236643.0016,0.0016,0.0026,33.0000
7172,236676.0000,236676.0016,0.0016,0.0031,33.0000
7173,236709.0000,236709.0019,0.0019,0.0034,33.0003
7174,236742.0000,236742.0020,0.0020,0.0028,33.0001
7175,236775.0000,236775.0015,0.0015,0.0021,32.9995
7176,236808.0000,236808.0016,0.0016,0.0026,33.0002
7177,236841.0000,236841.0019,0.0019,0.0023,33.0003
7178,236874.0000,236874.0015,0.0015,0.0023,32.9996
7179,236907.0000,236908.2537,1.2537,0.0024,34.2522
7180,236940.0000,236940.0016,0.0016,0.0029,31.7480
7181,236973.0000,236973.0023,0.0023,0.0027,33.0006
7182,237006.0000,237006.0030,0.0030,0.0037,33.0007
7183,237039.0000,237039.0016,0.0016,0.0032,32.9987
7184,237072.0000,237072.0017,0.0017,0.0025,33.0000
7185,237105.0000,237105.0018,0.0018,0.0033,33.0001
7186,237138.0000,237138.0021,0.0021,0.0026,33.0003
7187,237171.0000,237171.0021,0.0021,0.0029,33.0000
7188,237204.0000,237204.0016,0.0016,0.0026,32.9994
7189,237237.0000,237237.0017,0.0017,0.0028,33.0002
7190,237270.0000,237270.0017,0.0017,0.0030,32.9999
7191,237303.0000,237303.0021,0.0021,0.0035,33.0004
7192,237336.0000,237336.0019,0.0019,0.0036,32.9999
7193,237369.0000,237369.0020,0.0020,0.0032,33.0001
7194,237402.0000,237402.0015,0.0015,0.0023,32.9995
7195,237435.0000,237435.0018,0.0018,0.0031,33.0003
7196,237468.0000,237468.0047,0.0048,0.0027,33.0030
7197,237501.0000,237501.0021,0.0021,0.0026,32.9974
7198,237534.0000,237534.0022,0.0022,0.0024,33.0000
7199,237567.0000,237567.0015,0.0015,0.0025,32.9994
7200,237600.0000,237600.0016,0.0016,0.0024,33.0000
7201,237633.0000,237633.0017,0.0017,0.0028,33.0001
7202,237666.0000,237666.0019,0.0019,0.0028,33.0002
7203,237699.0000,237699.0019,0.0019,0.0031,33.0000
7204,237732.0000,237732.0020,0.0020,0.0031,33.0001
7205,237765.0000,237765.0018,0.0018,0.0029,32.9998
7206,237798.0000,237798.0017,0.0017,0.0031,32.9999
7207,237831.0000,237831.0020,0.0020,0.0030,33.0003
7208,237864.0000,237864.4531,0.4531,0.0030,33.4511
7209,237897.0000,237897.0016,0.0016,0.0030,32.5485
7210,237930.0000,237930.0016,0.0016,0.0031,33.0000
7211,237963.0000,237963.0020,0.0020,0.0030,33.0003
7212,237996.0000,237996.0017,0.0017,0.0024,32.9997
7213,238029.0000,238029.0018,0.0018,0.0028,33.0001
7214,238062.0000,238062.0018,0.0018,0.0031,33.0001
7215,238095.0000,238095.0019,0.0019,0.0147,33.0001
7216,238128.0000,238128.0016,0.0016,0.0027,32.9996
7217,238161.0000,238161.0017,0.0017,0.0032,33.0002
7218,238194.0000,238194.0018,0.0018,0.0024,33.0001
7219,238227.0000,238227.0019,0.0019,0.0029,33.0001
7220,238260.0000,238260.0013,0.0013,0.0021,32.9994
7221,238293.0000,238293.0015,0.0015,0.0025,33.0002
7222,238326.0000,238326.0015,0.0015,0.0027,33.0000
7223,238359.0000,238359.0015,0.0015,0.0025,33.0000
7224,238392.0000,238392.0016,0.0016,0.0030,33.0001
7225,238425.0000,238425.0017,0.0017,0.0058,33.0002
7226,238458.0000,238458.0015,0.0015,0.0026,32.9998
7227,238491.0000,238491.0015,0.0015,0.0022,33.0000
7228,238524.0000,238524.0018,0.0018,0.0023,33.0003
7229,238557.0000,238557.0018,0.0018,0.0024,33.0001
7230,238590.0000,238590.0014,0.0014,0.0023,32.9996
7231,238623.0000,238623.0017,0.0017,0.0021,33.0003
7232,238656.0000,238656.0024,0.0024,0.0026,33.0007
7233,238689.0000,238689.0016,0.0016,0.0026,32.9992
7234,238722.0000,238722.5681,0.5681,0.0024,33.5666
7235,238755.0000,238755.0020,0.0020,0.0029,32.4338
7236,238788.0000,238788.0017,0.0017,0.0020,32.9997
7237,238821.0000,238821.0015,0.0015,0.0024,32.9998
7238,238854.0000,238854.0014,0.0014,0.0019,32.9999
7239,238887.0000,238887.0015,0.0015,0.0019,33.0002
7240,238920.0000,238920.0017,0.0017,0.0018,33.0001
7241,238953.0000,238953.0013,0.0013,0.0019,32.9997
7242,238986.0000,238986.0015,0.0015,0.0020,33.0001
7243,239019.0000,239019.0016,0.0016,0.0018,33.0001
7244,239052.0000,239052.0014,0.0014,0.0018,32.9998
7245,239085.0000,239085.0014,0.0014,0.0020,33.0000
7246,239118.0000,239118.0014,0.0014,0.0017,33.0000
7247,239151.0000,239151.0015,0.0015,0.0022,33.0000
7248,239184.0000,239184.0014,0.0014,0.0021,33.0000
7249,239217.0000,239217.0016,0.0016,0.0030,33.0002
7250,239250.0000,239250.0017,0.0017,0.0026,33.0000
7251,239283.0000,239283.0017,0.0017,0.0032,33.0000
7252,239316.0000,239316.0018,0.0018,0.0025,33.0001
7253,239349.0000,239349.0022,0.0022,0.0030,33.0003
7254,239382.0000,239382.0026,0.0026,0.0042,33.0005
7255,239415.0000,239415.0018,0.0018,0.0031,32.9992
7256,239448.0000,239448.0026,0.0026,0.0033,33.0008
7257,239481.0000,239481.0024,0.0024,0.0039,32.9997
7258,239514.0000,239514.0024,0.0024,0.0038,33.0000
7259,239547.0000,239547.0023,0.0023,0.0030,32.9999
7260,239580.0000,239580.0020,0.0020,0.0030,32.9998
7261,239613.0000,239613.0022,0.0022,0.0039,33.0002
7262,239646.0000,239646.0018,0.0018,0.0031,32.9996
7263,239679.0000,239679.0020,0.0020,0.0030,33.0002
7264,239712.0000,239712.0020,0.0020,0.0032,32.9999
7265,239745.0000,239745.0017,0.0017,0.0026,32.9997
7266,239778.0000,239778.0018,0.0018,0.0025,33.0002
7267,239811.0000,239811.0016,0.0016,0.0018,32.9997
7268,239844.0000,239844.0023,0.0023,0.0026,33.0008
7269,239877.0000,239877.0024,0.0024,0.0029,33.0001
7270,239910.0000,239910.0018,0.0018,0.0023,32.9995
7271,239943.0000,239943.0016,0.0016,0.0026,32.9998
7272,239976.0000,239976.0023,0.0023,0.0030,33.0007
7273,240009.0000,240009.0025,0.0025,0.0025,33.0002
7274,240042.0000,240042.0024,0.0024,0.0025,32.9998
7275,240075.0000,240075.0029,0.0029,0.0045,33.0006
7276,240108.0000,240108.0031,0.0031,0.0031,33.0002
7277,240141.0000,240141.0028,0.0028,0.0035,32.9996
7278,240174.0000,240174.0027,0.0027,0.0031,33.0000
7279,240207.0000,240207.0024,0.0024,0.0028,32.9997
7280,240240.0000,240240.0026,0.0026,0.0041,33.0002
7281,240273.0000,240273.0021,0.0021,0.0027,32.9995
7282,240306.0000,240306.0024,0.0024,0.0028,33.0003
7283,240339.0000,240339.0016,0.0016,0.0018,32.9992
7284,240372.0000,240372.0017,0.0017,0.0018,33.0002
7285,240405.0000,240405.0018,0.0018,0.0020,33.0001
7286,240438.0000,240438.0021,0.0021,0.0022,33.0003
7287,240471.0000,240471.0021,0.0021,0.0021,33.0000
7288,240504.0000,240504.0018,0.0018,0.0025,32.9997
7289,240537.0000,240537.0014,0.0014,0.0020,32.9995
7290,240570.0000,240570.0013,0.0013,0.0026,33.0000
7291,240603.0000,240603.0016,0.0016,0.0027,33.0002
7292,240636.0000,240636.0013,0.0013,0.0027,32.9997
7293,240669.0000,240669.0017,0.0017,0.0028,33.0005
7294,240702.0000,240702.0015,0.0015,0.0020,32.9997
7295,240735.0000,240735.0014,0.0014,0.0026,33.0000
7296,240768.0000,240768.0017,0.0017,0.0026,33.0002
7297,240801.0000,240801.0018,0.0018,0.0025,33.0001
7298,240834.0000,240834.0014,0.0014,0.0027,32.9996
7299,240867.0000,240867.0016,0.0016,0.0026,33.0002
7300,240900.0000,240900.0013,0.0013,0.0018,32.9998
7301,240933.0000,240933.0012,0.0012,0.0025,32.9999
7302,240966.0000,240966.0017,0.0017,0.0020,33.0005
7303,240999.0000,240999.0020,0.0020,0.0030,33.0003
7304,241032.0000,241032.0016,0.0016,0.0026,32.9996
7305,241065.0000,241065.0018,0.0018,0.0034,33.0003
7306,241098.0000,241098.0020,0.0020,0.0035,33.0001
7307,241131.0000,241131.0014,0.0014,0.0031,32.9994
7308,241164.0000,241164.0019,0.0019,0.0029,33.0006
7309,241197.0000,241197.0021,0.0021,0.0030,33.0001
7310,241230.0000,241230.0031,0.0031,0.0037,33.0010
7311,241263.0000,241263.0061,0.0061,0.0043,33.0031
7312,241296.0000,241296.0029,0.0029,0.0038,32.9967
7313,241329.0000,241329.0021,0.0021,0.0038,32.9993
7314,241362.0000,241362.0021,0.0021,0.0036,33.0000
7315,241395.0000,241395.0018,0.0018,0.0071,32.9997
7316,241428.0000,241428.0023,0.0023,0.0030,33.0004
7317,241461.0000,241461.0027,0.0027,0.0200,33.0004
7318,241494.0000,241494.0033,0.0033,0.0026,33.0006
7319,241527.0000,241527.0021,0.0021,0.0038,32.9988
7320,241560.0000,241560.0025,0.0025,0.0034,33.0004
7321,241593.0000,241593.0024,0.0024,0.0030,32.9999
7322,241626.0000,241626.0029,0.0029,0.0043,33.0005
7323,241659.0000,241659.0027,0.0027,0.0036,32.9998
7324,241692.0000,241692.0018,0.0018,0.0038,32.9990
7325,241725.0000,241725.0020,0.0020,0.0030,33.0002
7326,241758.0000,241758.0017,0.0017,0.0049,32.9997
7327,241791.0000,241791.0019,0.0019,0.0036,33.0002
7328,241824.0000,241824.0021,0.0021,0.0042,33.0002
7329,241857.0000,241857.0021,0.0021,0.0030,33.0000
7330,241890.0000,241890.0024,0.0024,0.0034,33.0002
7331,241923.0000,241923.0030,0.0030,0.0040,33.0006
7332,241956.0000,241956.0023,0.0023,0.0031,32.9993
7333,241989.0000,241989.0018,0.0018,0.0027,32.9995
7334,242022.0000,242022.0015,0.0015,0.0031,32.9997
7335,242055.0000,242055.0016,0.0016,0.0030,33.0002
7336,242088.0000,242088.0018,0.0018,0.0031,33.0002
7337,242121.0000,242121.0016,0.0016,0.0029,32.9998
7338,242154.0000,242154.0018,0.0018,0.0028,33.0002
7339,242187.0000,242187.0016,0.0016,0.0024,32.9998
7340,242220.0000,242220.0017,0.0017,0.0024,33.0001
7341,242253.0000,242253.0014,0.0014,0.0022,32.9997
7342,242286.0000,242286.0016,0.0016,0.0024,33.0002
7343,242319.0000,242319.0024,0.0024,0.0038,33.0008
7344,242352.0000,242352.0028,0.0028,0.0050,33.0004
7345,242385.0000,242385.0027,0.0027,0.0037,33.0000
7346,242418.0000,242418.0027,0.0027,0.0039,33.0000
7347,242451.0000,242451.0019,0.0019,0.0027,32.9992
7348,242484.0000,242485.2591,1.2591,0.0033,34.2572
7349,242517.0000,242517.0020,0.0020,0.0051,31.7429
7350,242550.0000,242550.0484,0.0484,0.0038,33.0463
7351,242583.0000,242583.0012,0.0012,0.0019,32.9528
7352,242616.0000,242616.0016,0.0016,0.0030,33.0004
7353,242649.0000,242649.0018,0.0018,0.0032,33.0002
7354,242682.0000,242682.0019,0.0019,0.0033,33.0001
7355,242715.0000,242715.0022,0.0022,0.0029,33.0003
7356,242748.0000,242748.0017,0.0017,0.0029,32.9995
7357,242781.0000,242781.0015,0.0015,0.0025,32.9998
7358,242814.0000,242814.0018,0.0018,0.0031,33.0002
7359,242847.0000,242847.0021,0.0021,0.0035,33.0003
7360,242880.0000,242880.0020,0.0020,0.0031,33.0000
7361,242913.0000,242913.0023,0.0023,0.0030,33.0003
7362,242946.0000,242946.0021,0.0021,0.0035,32.9998
7363,242979.0000,242979.0022,0.0022,0.0037,33.0002
7364,243012.0000,243012.0028,0.0028,0.0044,33.0006
7365,243045.0000,243045.0023,0.0023,0.0038,32.9995
7366,243078.0000,243078.0019,0.0019,0.0029,32.9996
7367,243111.0000,243111.0014,0.0014,0.0030,32.9995
7368,243144.0000,243144.0016,0.0016,0.0025,33.0002
7369,243177.0000,243177.0018,0.0018,0.0028,33.0002
7370,243210.0000,243210.0022,0.0022,0.0041,33.0004
7371,243243.0000,243243.0015,0.0015,0.0028,32.9993
7372,243276.0000,243276.0022,0.0022,0.0032,33.0007
7373,243309.0000,243309.0019,0.0019,0.0030,32.9997
7374,243342.0000,243342.0022,0.0022,0.0030,33.0002
7375,243375.0000,243375.0022,0.0022,0.0028,33.0000
7376,243408.0000,243408.0016,0.0016,0.0022,32.9995
7377,243441.0000,243441.0020,0.0020,0.0023,33.0003
7378,243474.0000,243474.0015,0.0015,0.0028,32.9995
7379,243507.0000,243507.0017,0.0017,0.0031,33.0002
7380,243540.0000,243540.0016,0.0016,0.0031,32.9999
7381,243573.0000,243573.0012,0.0012,0.0027,32.9996
7382,243606.0000,243606.0015,0.0015,0.0026,33.0003
7383,243639.0000,243639.0021,0.0021,0.0026,33.0006
7384,243672.0000,243672.0016,0.0016,0.0025,32.9995
7385,243705.0000,243705.0010,0.0010,0.0026,32.9993
7386,243738.0000,243738.0010,0.0010,0.0022,33.0000
7387,243771.0000,243771.0012,0.0012,0.0028,33.0002
7388,243804.0000,243804.0012,0.0012,0.0025,32.9999
7389,243837.0000,243837.0009,0.0009,0.0019,32.9998
7390,243870.0000,243870.0011,0.0011,0.0020,33.0001
7391,243903.0000,243903.0010,0.0010,0.0017,32.9999
7392,243936.0000,243936.0009,0.0009,0.0022,32.9999
7393,243969.0000,243969.0010,0.0010,0.0020,33.0001
7394,244002.0000,244002.0013,0.0013,0.0025,33.0003
7395,244035.0000,244035.0011,0.0011,0.0028,32.9998
7396,244068.0000,244068.0014,0.0014,0.0030,33.0003
7397,244101.0000,244101.0016,0.0016,0.0030,33.0002
7398,244134.0000,244134.0018,0.0018,0.0025,33.0001
7399,244167.0000,244167.0019,0.0019,0.0028,33.0002
7400,244200.0000,244200.0021,0.0021,0.0023,33.0002
7401,244233.0000,244233.0015,0.0015,0.0030,32.9994
7402,244266.0000,244266.0020,0.0020,0.0027,33.0004
7403,244299.0000,244299.0017,0.0017,0.0023,32.9998
7404,244332.0000,244332.0014,0.0014,0.0025,32.9997
7405,244365.0000,244365.0015,0.0015,0.0026,33.0000
7406,244398.0000,244398.0014,0.0014,0.0033,32.9999
7407,244431.0000,244431.0016,0.0016,0.0034,33.0002
7408,244464.0000,244464.0014,0.0014,0.0023,32.9998
7409,244497.0000,244497.0015,0.0015,0.0025,33.0001
7410,244530.0000,244530.0174,0.0174,0.0032,33.0159
7411,244563.0000,244563.0016,0.0016,0.0026,32.9842
7412,244596.0000,244596.0014,0.0014,0.0032,32.9999
7413,244629.0000,244629.0030,0.0030,0.0035,33.0016
7414,244662.0000,244662.0021,0.0021,0.0030,32.9991
7415,244695.0000,244695.0021,0.0021,0.0030,33.0000
7416,244728.0000,244728.0021,0.0021,0.0031,33.0000
7417,244761.0000,244761.0017,0.0017,0.0032,32.9995
7418,244794.0000,244794.0017,0.0017,0.0020,33.0000
7419,244827.0000,244827.0019,0.0019,0.0149,33.0002
7420,244860.0000,244860.0021,0.0021,0.0032,33.0002
7421,244893.0000,244893.0022,0.0022,0.0028,33.0001
7422,244926.0000,244926.0024,0.0024,0.0032,33.0002
7423,244959.0000,244959.0016,0.0016,0.0029,32.9992
7424,244992.0000,244992.0017,0.0017,0.0029,33.0000
7425,245025.0000,245025.0018,0.0018,0.0029,33.0002
7426,245058.0000,245058.0019,0.0019,0.0027,33.0000
7427,245091.0000,245091.0016,0.0016,0.0030,32.9997
7428,245124.0000,245124.0015,0.0015,0.0027,32.9998
7429,245157.0000,245157.0014,0.0014,0.0027,33.0000
7430,245190.0000,245190.0014,0.0014,0.0025,32.9999
7431,245223.0000,245223.0017,0.0017,0.0030,33.0003
7432,245256.0000,245256.0013,0.0013,0.0021,32.9996
7433,245289.0000,245289.0013,0.0013,0.0026,32.9999
7434,245322.0000,245322.0019,0.0019,0.0025,33.0006
7435,245355.0000,245355.0015,0.0015,0.0023,32.9996
7436,245388.0000,245388.0011,0.0011,0.0023,32.9996
7437,245421.0000,245421.0019,0.0019,0.0023,33.0009
7438,245454.0000,245454.0013,0.0013,0.0029,32.9994
7439,245487.0000,245487.0028,0.0028,0.0034,33.0015
7440,245520.0000,245520.0017,0.0017,0.0034,32.9989
7441,245553.0000,245553.0021,0.0021,0.0034,33.0004
7442,245586.0000,245586.0025,0.0025,0.0035,33.0003
7443,245619.0000,245619.0022,0.0022,0.0043,32.9997
7444,245652.0000,245652.0028,0.0028,0.0041,33.0006
7445,245685.0000,245685.0025,0.0025,0.0032,32.9997
7446,245718.0000,245718.0027,0.0027,0.0037,33.0002
7447,245751.0000,245751.0019,0.0019,0.0038,32.9992
7448,245784.0000,245784.0071,0.0071,0.0039,33.0053
7449,245817.0000,245817.0028,0.0028,0.0046,32.9957
7450,245850.0000,245850.0032,0.0032,0.0046,33.0004
7451,245883.0000,245883.0025,0.0025,0.0044,32.9993
7452,245916.0000,245916.0035,0.0035,0.0044,33.0010
7453,245949.0000,245949.0022,0.0022,0.0039,32.9988
7454,245982.0000,245982.0027,0.0027,0.0044,33.0005
7455,246015.0000,246015.0026,0.0026,0.0038,32.9999
7456,246048.0000,246048.0028,0.0028,0.0037,33.0002
7457,246081.0000,246081.0024,0.0024,0.0036,32.9996
7458,246114.0000,246114.0019,0.0019,0.0036,32.9995
7459,246147.0000,246147.0021,0.0021,0.0030,33.0002
7460,246180.0000,246180.0020,0.0020,0.0040,32.9999
7461,246213.0000,246213.0022,0.0022,0.0033,33.0001
7462,246246.0000,246246.0018,0.0018,0.0030,32.9997
7463,246279.0000,246279.0027,0.0027,0.0039,33.0009
7464,246312.0000,246312.0022,0.0022,0.0031,32.9995
7465,246345.0000,246345.0023,0.0023,0.0031,33.0001
7466,246378.0000,246378.0025,0.0025,0.0027,33.0002
7467,246411.0000,246411.0022,0.0022,0.0026,32.9997
7468,246444.0000,246444.0185,0.0185,0.0034,33.0163
7469,246477.0000,246477.0019,0.0019,0.0029,32.9835
7470,246510.0000,246510.0019,0.0019,0.0032,32.9999
7471,246543.0000,246543.0017,0.0017,0.0029,32.9998
7472,246576.0000,246576.0018,0.0018,0.0029,33.0001
7473,246609.0000,246609.0017,0.0017,0.0026,33.0000
7474,246642.0000,246642.0019,0.0019,0.0024,33.0002
7475,246675.0000,246675.0020,0.0020,0.0024,33.0001
7476,246708.0000,246708.0022,0.0022,0.0027,33.0002
7477,246741.0000,246741.0018,0.0018,0.0024,32.9996
7478,246774.0000,246774.0011,0.0011,0.0018,32.9993
7479,246807.0000,246807.0012,0.0012,0.0025,33.0001
7480,246840.0000,246840.0012,0.0012,0.0021,33.0000
7481,246873.0000,246873.0012,0.0012,0.0032,33.0000
7482,246906.0000,246906.0012,0.0012,0.0019,33.0000
7483,246939.0000,246939.0014,0.0014,0.0019,33.0002
7484,246972.0000,246972.0021,0.0021,0.0027,33.0007
7485,247005.0000,247005.0025,0.0025,0.0032,33.0004
7486,247038.0000,247038.0015,0.0015,0.0029,32.9990
7487,247071.0000,247071.0016,0.0016,0.0032,33.0001
7488,247104.0000,247104.0018,0.0018,0.0029,33.0002
7489,247137.0000,247137.0021,0.0021,0.0031,33.0003
7490,247170.0000,247170.0021,0.0021,0.0030,33.0000
7491,247203.0000,247203.0020,0.0020,0.0036,32.9999
7492,247236.0000,247236.0018,0.0018,0.0033,32.9998
7493,247269.0000,247269.0016,0.0016,0.0043,32.9998
7494,247302.0000,247302.0016,0.0016,0.0037,33.0000
7495,247335.0000,247335.0020,0.0020,0.0041,33.0004
7496,247368.0000,247368.0025,0.0025,0.0037,33.0005
7497,247401.0000,247401.0021,0.0021,0.0031,32.9997
7498,247434.0000,247434.0022,0.0022,0.0031,33.0001
7499,247467.0000,247467.0022,0.0022,0.0028,33.0000
7500,247500.0000,247500.0015,0.0015,0.0029,32.9992
7501,247533.0000,247533.0021,0.0021,0.0023,33.0006
7502,247566.0000,247566.0017,0.0017,0.0029,32.9996
7503,247599.0000,247599.0019,0.0019,0.0030,33.0001
7504,247632.0000,247632.0021,0.0021,0.0037,33.0002
7505,247665.0000,247665.0021,0.0021,0.0032,33.0000
7506,247698.0000,247698.0016,0.0016,0.0033,32.9995
7507,247731.0000,247731.0023,0.0023,0.0050,33.0006
7508,247764.0000,247764.0013,0.0013,0.0032,32.9990
7509,247797.0000,247797.0017,0.0017,0.0037,33.0004
7510,247830.0000,247830.0018,0.0018,0.0038,33.0001
7511,247863.0000,247863.0019,0.0019,0.0034,33.0001
7512,247896.0000,247896.0018,0.0018,0.0029,32.9999
7513,247929.0000,247929.0015,0.0015,0.0031,32.9997
7514,247962.0000,247962.0012,0.0012,0.0030,32.9997
7515,247995.0000,247995.0012,0.0012,0.0032,32.9999
7516,248028.0000,248028.0014,0.0014,0.0033,33.0002
7517,248061.0000,248061.0015,0.0015,0.0032,33.0001
7518,248094.0000,248094.0017,0.0017,0.0031,33.0002
7519,248127.0000,248127.0019,0.0019,0.0031,33.0002
7520,248160.0000,248160.0013,0.0013,0.0027,32.9993
7521,248193.0000,248193.0013,0.0013,0.0134,33.0001
7522,248226.0000,248226.0017,0.0017,0.0035,33.0004
7523,248259.0000,248259.0016,0.0016,0.0038,32.9999
7524,248292.0000,248292.0014,0.0014,0.0033,32.9998
7525,248325.0000,248325.0026,0.0026,0.0036,33.0012
7526,248358.0000,248358.0016,0.0016,0.0029,32.9990
7527,248391.0000,248391.0021,0.0021,0.0034,33.0005
7528,248424.0000,248424.0022,0.0022,0.0041,33.0001
7529,248457.0000,248457.0021,0.0021,0.0043,32.9999
7530,248490.0000,248490.0020,0.0020,0.0038,32.9998
7531,248523.0000,248523.0020,0.0020,0.0039,33.0000
7532,248556.0000,248556.0022,0.0022,0.0027,33.0002
7533,248589.0000,248589.0021,0.0021,0.0031,32.9998
7534,248622.0000,248622.0022,0.0022,0.0032,33.0001
7535,248655.0000,248655.0017,0.0017,0.0029,32.9995
7536,248688.0000,248688.0022,0.0022,0.0031,33.0006
7537,248721.0000,248721.0019,0.0019,0.0028,32.9996
7538,248754.0000,248754.0015,0.0015,0.0023,32.9996
7539,248787.0000,248787.0017,0.0017,0.0132,33.0002
7540,248820.0000,248820.0017,0.0017,0.0018,33.0000
7541,248853.0000,248853.0151,0.0151,0.0027,33.0135
7542,248886.0000,248886.0020,0.0020,0.0020,32.9869
7543,248919.0000,248919.0018,0.0018,0.0018,32.9998
7544,248952.0000,248952.0016,0.0016,0.0025,32.9998
7545,248985.0000,248985.0022,0.0022,0.0034,33.0006
7546,249018.0000,249018.0016,0.0016,0.0025,32.9994
7547,249051.0000,249051.0014,0.0014,0.0028,32.9998
7548,249084.0000,249084.0013,0.0013,0.0027,32.9999
7549,249117.0000,249117.0015,0.0015,0.0027,33.0002
7550,249150.0000,249150.0015,0.0015,0.0025,33.0000
7551,249183.0000,249183.0016,0.0016,0.0020,33.0002
7552,249216.0000,249216.0018,0.0018,0.0021,33.0002
7553,249249.0000,249249.0012,0.0012,0.0018,32.9994
7554,249282.0000,249282.0012,0.0012,0.0022,33.0000
7555,249315.0000,249315.0014,0.0014,0.0022,33.0002
7556,249348.0000,249348.0012,0.0012,0.0023,32.9997
7557,249381.0000,249381.0013,0.0013,0.0025,33.0002
7558,249414.0000,249414.0011,0.0011,0.0018,32.9998
7559,249447.0000,249447.0012,0.0012,0.0023,33.0001
7560,249480.0000,249480.0012,0.0012,0.0020,33.0000
7561,249513.0000,249513.0016,0.0016,0.0024,33.0004
7562,249546.0000,249546.0020,0.0020,0.0021,33.0004
7563,249579.0000,249579.0030,0.0030,0.0033,33.0010
7564,249612.0000,249612.0014,0.0014,0.0024,32.9984
7565,249645.0000,249645.0016,0.0016,0.0024,33.0001
7566,249678.0000,249678.0015,0.0015,0.0035,32.9999
7567,249711.0000,249711.0015,0.0015,0.0034,33.0001
7568,249744.0000,249744.0015,0.0015,0.0030,33.0000
7569,249777.0000,249777.0019,0.0019,0.0035,33.0004
7570,249810.0000,249810.0015,0.0015,0.0028,32.9996
7571,249843.0000,249843.0016,0.0016,0.0028,33.0001
7572,249876.0000,249876.0018,0.0018,0.0034,33.0002
7573,249909.0000,249909.0016,0.0016,0.0028,32.9998
7574,249942.0000,249942.0018,0.0018,0.0029,33.0001
7575,249975.0000,249975.0016,0.0016,0.0024,32.9998
7576,250008.0000,250008.0018,0.0018,0.0022,33.0002
7577,250041.0000,250041.0023,0.0023,0.0026,33.0005
7578,250074.0000,250074.0018,0.0018,0.0024,32.9995
7579,250107.0000,250107.0021,0.0021,0.0025,33.0003
7580,250140.0000,250140.0017,0.0017,0.0029,32.9996
7581,250173.0000,250173.0017,0.0017,0.0024,33.0000
7582,250206.0000,250206.0016,0.0016,0.0024,32.9999
7583,250239.0000,250239.0017,0.0017,0.0025,33.0001
7584,250272.0000,250272.0018,0.0018,0.0026,33.0001
7585,250305.0000,250305.0019,0.0019,0.0026,33.0001
7586,250338.0000,250338.0019,0.0019,0.0028,33.0000
7587,250371.0000,250371.0014,0.0014,0.0026,32.9995
7588,250404.0000,250404.0024,0.0024,0.0030,33.0010
7589,250437.0000,250437.0025,0.0025,0.0029,33.0000
7590,250470.0000,250470.0015,0.0015,0.0030,32.9990
7591,250503.0000,250503.0016,0.0016,0.0025,33.0002
7592,250536.0000,250536.0017,0.0017,0.0023,33.0001
7593,250569.0000,250569.0012,0.0012,0.0027,32.9995
7594,250602.0000,250602.0022,0.0022,0.0023,33.0010
7595,250635.0000,250635.0014,0.0014,0.0021,32.9992
7596,250668.0000,250668.0015,0.0015,0.0021,33.0001
7597,250701.0000,250701.0012,0.0012,0.0021,32.9997
7598,250734.0000,250734.0016,0.0016,0.0030,33.0004
7599,250767.0000,250767.0015,0.0015,0.0023,33.0000
7600,250800.0000,250800.0012,0.0012,0.0024,32.9997
7601,250833.0000,250833.0012,0.0012,0.0025,33.0000
7602,250866.0000,250866.0019,0.0019,0.0033,33.0007
7603,250899.0000,250899.0014,0.0014,0.0023,32.9995
7604,250932.0000,250932.0018,0.0018,0.0031,33.0004
7605,250965.0000,250965.0020,0.0020,0.0026,33.0002
7606,250998.0000,250998.0022,0.0022,0.0026,33.0002
7607,251031.0000,251031.0024,0.0024,0.0033,33.0002
7608,251064.0000,251064.0018,0.0018,0.0033,32.9994
7609,251097.0000,251097.0017,0.0017,0.0028,32.9999
7610,251130.0000,251130.0019,0.0019,0.0032,33.0001
7611,251163.0000,251163.0019,0.0019,0.0036,33.0000
7612,251196.0000,251196.0026,0.0026,0.0032,33.0007
7613,251229.0000,251229.0028,0.0028,0.0046,33.0002
7614,251262.0000,251262.0030,0.0030,0.0032,33.0002
7615,251295.0000,251295.0018,0.0018,0.0034,32.9988
7616,251328.0000,251328.0019,0.0019,0.0039,33.0001
7617,251361.0000,251361.0015,0.0015,0.0032,32.9996
7618,251394.0000,251394.0017,0.0017,0.0030,33.0002
7619,251427.0000,251427.0027,0.0027,0.0039,33.0010
7620,251460.0000,251460.0020,0.0020,0.0038,32.9994
7621,251493.0000,251493.0022,0.0022,0.0031,33.0002
7622,251526.0000,251526.0025,0.0025,0.0033,33.0003
7623,251559.0000,251559.0023,0.0023,0.0149,32.9998
7624,251592.0000,251592.0018,0.0018,0.0031,32.9996
7625,251625.0000,251625.0023,0.0023,0.0028,33.0005
7626,251658.0000,251658.0018,0.0018,0.0027,32.9995
7627,251691.0000,251691.0015,0.0015,0.0029,32.9997
7628,251724.0000,251724.0015,0.0015,0.0028,33.0000
7629,251757.0000,251757.0020,0.0020,0.0025,33.0005
7630,251790.0000,251790.0026,0.0026,0.0031,33.0005
7631,251823.0000,251823.0018,0.0018,0.0021,32.9992
7632,251856.0000,251856.0023,0.0023,0.0028,33.0005
7633,251889.0000,251889.0017,0.0017,0.0024,32.9995
7634,251922.0000,251922.0018,0.0018,0.0022,33.0000
7635,251955.0000,251955.0017,0.0017,0.0024,32.9999
7636,251988.0000,251988.0018,0.0018,0.0024,33.0002
7637,252021.0000,252021.0019,0.0019,0.0024,33.0001
7638,252054.0000,252054.0017,0.0017,0.0026,32.9998
7639,252087.0000,252087.0010,0.0010,0.0017,32.9993
7640,252120.0000,252120.0014,0.0014,0.0023,33.0004
7641,252153.0000,252153.0019,0.0019,0.0028,33.0005
7642,252186.0000,252186.0020,0.0020,0.0031,33.0001
7643,252219.0000,252219.0017,0.0017,0.0033,32.9997
7644,252252.0000,252252.0029,0.0029,0.0039,33.0012
7645,252285.0000,252285.0022,0.0022,0.0034,32.9993
7646,252318.0000,252318.0018,0.0018,0.0030,32.9996
7647,252351.0000,252351.0018,0.0018,0.0035,33.0001
7648,252384.0000,252384.0021,0.0021,0.0031,33.0002
7649,252417.0000,252417.0020,0.0020,0.0037,33.0000
7650,252450.0000,252450.0019,0.0019,0.0029,32.9998
7651,252483.0000,252483.0021,0.0021,0.0034,33.0002
7652,252516.0000,252516.0018,0.0018,0.0026,32.9997
7653,252549.0000,252549.0020,0.0020,0.0026,33.0002
7654,252582.0000,252582.0022,0.0022,0.0073,33.0002
7655,252615.0000,252615.0020,0.0020,0.0034,32.9998
7656,252648.0000,252648.0025,0.0025,0.0045,33.0005
7657,252681.0000,252681.0030,0.0030,0.0031,33.0005
7658,252714.0000,252714.0025,0.0025,0.0028,32.9996
7659,252747.0000,252747.0022,0.0022,0.0027,32.9997
7660,252780.0000,252780.0018,0.0018,0.0028,32.9996
7661,252813.0000,252813.0018,0.0018,0.0036,33.0001
7662,252846.0000,252846.0024,0.0024,0.0037,33.0006
7663,252879.0000,252879.0020,0.0020,0.0031,32.9996
7664,252912.0000,252912.0020,0.0020,0.0032,32.9999
7665,252945.0000,252945.0019,0.0019,0.0035,32.9999
7666,252978.0000,252978.0017,0.0017,0.0034,32.9999
7667,253011.0000,253011.0019,0.0019,0.0042,33.0002
7668,253044.0000,253044.0015,0.0015,0.0031,32.9995
7669,253077.0000,253077.0017,0.0017,0.0030,33.0003
7670,253110.0000,253110.0015,0.0015,0.0027,32.9998
7671,253143.0000,253143.0015,0.0015,0.0029,33.0000
7672,253176.0000,253176.0015,0.0015,0.0023,33.0000
7673,253209.0000,253209.0015,0.0015,0.0030,33.0000
7674,253242.0000,253242.0016,0.0016,0.0022,33.0001
7675,253275.0000,253275.0016,0.0016,0.0023,33.0000
7676,253308.0000,253308.0026,0.0026,0.0041,33.0009
7677,253341.0000,253341.0024,0.0024,0.0031,32.9999
7678,253374.0000,253374.0025,0.0025,0.0039,33.0001
7679,253407.0000,253407.0023,0.0023,0.0037,32.9998
7680,253440.0000,253440.0022,0.0022,0.0027,32.9999
7681,253473.0000,253473.0025,0.0025,0.0027,33.0003
7682,253506.0000,253506.0023,0.0023,0.0035,32.9998
7683,253539.0000,253539.0021,0.0021,0.0037,32.9998
7684,253572.0000,253572.0020,0.0020,0.0030,32.9999
7685,253605.0000,253605.0022,0.0022,0.0036,33.0002
7686,253638.0000,253638.0023,0.0023,0.0035,33.0001
7687,253671.0000,253671.0025,0.0025,0.0036,33.0002
7688,253704.0000,253704.0016,0.0016,0.0047,32.9991
7689,253737.0000,253737.0018,0.0018,0.0026,33.0002
7690,253770.0000,253770.0020,0.0020,0.0031,33.0002
7691,253803.0000,253803.0017,0.0017,0.0033,32.9997
7692,253836.0000,253836.0018,0.0018,0.0031,33.0001
7693,253869.0000,253869.0022,0.0022,0.0038,33.0005
7694,253902.0000,253902.0026,0.0026,0.0029,33.0004
7695,253935.0000,253935.0018,0.0018,0.0036,32.9992
7696,253968.0000,253968.0018,0.0018,0.0029,33.0000
7697,254001.0000,254001.0019,0.0019,0.0025,33.0001
7698,254034.0000,254034.0015,0.0015,0.0033,32.9996
7699,254067.0000,254067.0017,0.0017,0.0037,33.0002
7700,254100.0000,254100.0014,0.0014,0.0030,32.9997
7701,254133.0000,254133.0022,0.0022,0.0024,33.0007
7702,254166.0000,254166.0020,0.0020,0.0029,32.9998
7703,254199.0000,254199.0102,0.0102,0.0040,33.0082
7704,254232.0000,254232.0027,0.0027,0.0038,32.9925
7705,254265.0000,254265.0021,0.0021,0.0040,32.9995
7706,254298.0000,254298.0018,0.0018,0.0035,32.9997
7707,254331.0000,254331.0022,0.0022,0.0034,33.0004
7708,254364.0000,254364.0021,0.0021,0.0028,32.9999
7709,254397.0000,254397.0015,0.0015,0.0027,32.9994
7710,254430.0000,254430.0016,0.0016,0.0027,33.0001
7711,254463.0000,254463.0018,0.0018,0.0028,33.0002
7712,254496.0000,254496.0017,0.0017,0.0021,32.9998
7713,254529.0000,254529.0011,0.0011,0.0019,32.9995
7714,254562.0000,254562.0013,0.0013,0.0021,33.0002
7715,254595.0000,254595.0010,0.0010,0.0020,32.9997
7716,254628.0000,254628.0012,0.0012,0.0019,33.0001
7717,254661.0000,254661.0010,0.0011,0.0023,32.9999
7718,254694.0000,254694.0019,0.0019,0.0022,33.0008
7719,254727.0000,254727.0019,0.0019,0.0032,33.0000
7720,254760.0000,254760.0020,0.0020,0.0028,33.0001
7721,254793.0000,254793.0018,0.0018,0.0032,32.9998
7722,254826.0000,254826.0024,0.0024,0.0024,33.0006
7723,254859.0000,254859.0025,0.0025,0.0032,33.0002
7724,254892.0000,254892.0018,0.0018,0.0029,32.9992
7725,254925.0000,254925.0019,0.0019,0.0139,33.0002
7726,254958.0000,254958.0019,0.0019,0.0033,32.9999
7727,254991.0000,254991.0021,0.0021,0.0031,33.0002
7728,255024.0000,255024.0018,0.0018,0.0036,32.9998
7729,255057.0000,255057.0017,0.0017,0.0039,32.9999
7730,255090.0000,255090.0017,0.0017,0.0022,33.0000
7731,255123.0000,255123.0016,0.0016,0.0027,32.9999
7732,255156.0000,255156.0022,0.0022,0.0034,33.0005
7733,255189.0000,255189.0024,0.0024,0.0028,33.0002
7734,255222.0000,255222.0017,0.0017,0.0027,32.9994
7735,255255.0000,255255.0017,0.0017,0.0029,33.0000
7736,255288.0000,255288.0016,0.0016,0.0037,32.9999
7737,255321.0000,255321.0019,0.0019,0.0033,33.0002
7738,255354.0000,255354.0017,0.0017,0.0032,32.9998
7739,255387.0000,255387.0014,0.0014,0.0029,32.9997
7740,255420.0000,255420.0016,0.0016,0.0029,33.0002
7741,255453.0000,255453.0018,0.0018,0.0033,33.0002
7742,255486.0000,255486.0019,0.0019,0.0029,33.0002
7743,255519.0000,255519.0022,0.0022,0.0028,33.0002
7744,255552.0000,255552.0020,0.0020,0.0032,32.9999
7745,255585.0000,255585.0016,0.0016,0.0029,32.9995
7746,255618.0000,255618.0015,0.0015,0.0026,32.9999
7747,255651.0000,255651.0017,0.0017,0.0025,33.0002
7748,255684.0000,255684.0012,0.0012,0.0027,32.9996
7749,255717.0000,255717.0014,0.0014,0.0023,33.0002
7750,255750.0000,255750.0016,0.0016,0.0020,33.0002
7751,255783.0000,255783.0016,0.0016,0.0023,33.0000
7752,255816.0000,255816.0012,0.0012,0.0021,32.9996
7753,255849.0000,255849.0013,0.0013,0.0018,33.0001
7754,255882.0000,255882.0016,0.0016,0.0022,33.0003
7755,255915.0000,255915.0012,0.0012,0.0020,32.9996
7756,255948.0000,255948.0012,0.0012,0.0021,33.0000
7757,255981.0000,255981.0014,0.0014,0.0020,33.0002
7758,256014.0000,256014.0015,0.0015,0.0017,33.0001
7759,256047.0000,256047.0013,0.0013,0.0023,32.9998
7760,256080.0000,256080.0013,0.0013,0.0017,33.0000
7761,256113.0000,256113.0015,0.0015,0.0022,33.0002
7762,256146.0000,256146.0016,0.0016,0.0019,33.0001
7763,256179.0000,256179.0018,0.0018,0.0027,33.0002
7764,256212.0000,256212.0021,0.0021,0.0028,33.0003
7765,256245.0000,256245.0021,0.0021,0.0025,33.0000
7766,256278.0000,256278.0020,0.0020,0.0027,32.9999
7767,256311.0000,256311.0019,0.0019,0.0033,33.0000
7768,256344.0000,256344.0021,0.0021,0.0033,33.0002
7769,256377.0000,256377.0018,0.0018,0.0024,32.9997
7770,256410.0000,256410.0019,0.0019,0.0029,33.0001
7771,256443.0000,256443.0016,0.0016,0.0024,32.9998
7772,256476.0000,256476.0018,0.0018,0.0020,33.0001
7773,256509.0000,256509.0018,0.0018,0.0022,33.0000
7774,256542.0000,256542.0018,0.0018,0.0027,33.0000
7775,256575.0000,256575.0016,0.0016,0.0022,32.9998
7776,256608.0000,256608.0017,0.0017,0.0024,33.0001
7777,256641.0000,256641.0019,0.0019,0.0028,33.0002
7778,256674.0000,256674.0015,0.0015,0.0028,32.9996
7779,256707.0000,256707.0022,0.0022,0.0032,33.0008
7780,256740.0000,256740.0020,0.0020,0.0029,32.9998
7781,256773.0000,256773.0017,0.0017,0.0031,32.9997
7782,256806.0000,256806.0014,0.0014,0.0026,32.9997
7783,256839.0000,256839.3187,0.3187,0.0028,33.3173
7784,256872.0000,256872.0016,0.0016,0.0024,32.6829
7785,256905.0000,256905.0016,0.0016,0.0025,33.0000
7786,256938.0000,256938.0018,0.0018,0.0029,33.0002
7787,256971.0000,256971.0020,0.0020,0.0032,33.0002
7788,257004.0000,257004.0023,0.0023,0.0027,33.0003
7789,257037.0000,257037.0356,0.0356,0.0037,33.0332
7790,257070.0000,257070.0017,0.0017,0.0028,32.9662
7791,257103.0000,257103.0018,0.0018,0.0061,33.0001
7792,257136.0000,257136.0021,0.0021,0.0038,33.0003
7793,257169.0000,257169.0020,0.0020,0.0032,32.9999
7794,257202.0000,257202.0018,0.0018,0.0029,32.9998
7795,257235.0000,257235.0017,0.0017,0.0026,32.9999
7796,257268.0000,257268.0017,0.0017,0.0021,33.0000
7797,257301.0000,257301.0013,0.0013,0.0024,32.9996
7798,257334.0000,257334.0016,0.0016,0.0020,33.0003
7799,257367.0000,257367.0014,0.0014,0.0026,32.9999
7800,257400.0000,257400.0017,0.0017,0.0025,33.0003
7801,257433.0000,257433.0013,0.0013,0.0023,32.9996
7802,257466.0000,257466.0016,0.0016,0.0022,33.0003
7803,257499.0000,257499.0014,0.0014,0.0020,32.9998
7804,257532.0000,257532.0016,0.0016,0.0026,33.0002
7805,257565.0000,257565.0019,0.0019,0.0023,33.0003
7806,257598.0000,257598.0061,0.0061,0.0128,33.0042
7807,257631.0000,257631.0039,0.0039,0.0028,32.9979
7808,257664.0000,257664.0019,0.0019,0.0027,32.9979
7809,257697.0000,257697.0016,0.0016,0.0025,32.9998
7810,257730.0000,257730.0022,0.0022,0.0035,33.0006
7811,257763.0000,257763.0024,0.0024,0.0025,33.0002
7812,257796.0000,257796.0023,0.0023,0.0027,32.9999
7813,257829.0000,257829.0019,0.0019,0.0029,32.9997
7814,257862.0000,257862.0039,0.0039,0.0041,33.0020
7815,257895.0000,257895.0037,0.0037,0.0043,32.9998
7816,257928.0000,257928.0024,0.0024,0.0027,32.9987
7817,257961.0000,257961.0022,0.0022,0.0036,32.9998
7818,257994.0000,257994.0025,0.0025,0.0030,33.0003
7819,258027.0000,258027.0026,0.0026,0.0031,33.0001
7820,258060.0000,258060.0025,0.0025,0.0034,32.9999
7821,258093.0000,258093.0025,0.0025,0.0033,33.0000
7822,258126.0000,258126.0028,0.0028,0.0043,33.0003
7823,258159.0000,258159.0022,0.0022,0.0024,32.9994
7824,258192.0000,258192.0022,0.0022,0.0039,33.0000
7825,258225.0000,258225.0023,0.0023,0.0039,33.0001
7826,258258.0000,258258.0021,0.0021,0.0034,32.9998
7827,258291.0000,258291.0017,0.0017,0.0167,32.9996
7828,258324.0000,258324.0015,0.0015,0.0026,32.9998
7829,258357.0000,258357.0019,0.0019,0.0030,33.0004
7830,258390.0000,258390.0015,0.0015,0.0028,32.9995
7831,258423.0000,258423.0015,0.0015,0.0030,33.0001
7832,258456.0000,258456.0010,0.0010,0.0014,32.9994
7833,258489.0000,258489.0012,0.0012,0.0015,33.0002
7834,258522.0000,258522.0011,0.0011,0.0015,32.9999
7835,258555.0000,258555.0010,0.0010,0.0016,33.0000
7836,258588.0000,258588.0010,0.0010,0.0021,33.0000
7837,258621.0000,258621.0010,0.0010,0.0015,33.0000
7838,258654.0000,258654.0011,0.0011,0.0020,33.0001
7839,258687.0000,258687.0012,0.0012,0.0021,33.0001
7840,258720.0000,258720.0011,0.0011,0.0017,32.9999
7841,258753.0000,258753.0012,0.0012,0.0015,33.0001
7842,258786.0000,258786.0012,0.0012,0.0017,33.0001
7843,258819.0000,258819.0013,0.0013,0.0018,33.0001
7844,258852.0000,258852.0012,0.0012,0.0019,32.9998
7845,258885.0000,258885.0013,0.0013,0.0030,33.0001
7846,258918.0000,258918.0015,0.0015,0.0031,33.0002
7847,258951.0000,258951.0017,0.0017,0.0024,33.0002
7848,258984.0000,258984.0018,0.0018,0.0029,33.0002
7849,259017.0000,259017.0014,0.0014,0.0030,32.9996
7850,259050.0000,259050.0022,0.0022,0.0032,33.0007
7851,259083.0000,259083.0009,0.0009,0.0015,32.9988
7852,259116.0000,259116.0010,0.0010,0.0018,33.0001
7853,259149.0000,259149.0011,0.0011,0.0021,33.0001
7854,259182.0000,259182.0013,0.0013,0.0033,33.0002
7855,259215.0000,259215.0017,0.0017,0.0033,33.0004
7856,259248.0000,259248.0021,0.0021,0.0025,33.0004
7857,259281.0000,259281.0016,0.0016,0.0029,32.9995
7858,259314.0000,259314.0018,0.0018,0.0028,33.0002
7859,259347.0000,259347.0020,0.0020,0.0028,33.0002
7860,259380.0000,259380.0020,0.0020,0.0027,33.0001
7861,259413.0000,259413.0018,0.0018,0.0034,32.9998
7862,259446.0000,259446.0016,0.0016,0.0032,32.9998
7863,259479.0000,259479.0018,0.0018,0.0025,33.0002
7864,259512.0000,259512.0016,0.0016,0.0028,32.9999
7865,259545.0000,259545.0015,0.0015,0.0026,32.9998
7866,259578.0000,259578.0018,0.0018,0.0026,33.0003
7867,259611.0000,259611.0015,0.0015,0.0030,32.9997
7868,259644.0000,259644.0017,0.0017,0.0029,33.0002
7869,259677.0000,259677.0016,0.0016,0.0027,33.0000
7870,259710.0000,259710.0019,0.0019,0.0025,33.0002
7871,259743.0000,259743.0020,0.0020,0.0027,33.0001
7872,259776.0000,259776.0014,0.0014,0.0029,32.9994
7873,259809.0000,259809.0016,0.0016,0.0028,33.0002
7874,259842.0000,259842.0016,0.0016,0.0022,33.0000
7875,259875.0000,259875.0017,0.0017,0.0023,33.0001
7876,259908.0000,259908.0013,0.0013,0.0021,32.9996
7877,259941.0000,259941.0014,0.0014,0.0028,33.0001
7878,259974.0000,259974.0011,0.0011,0.0029,32.9997
7879,260007.0000,260007.0014,0.0014,0.0032,33.0003
7880,260040.0000,260040.0014,0.0014,0.0025,33.0000
7881,260073.0000,260073.0017,0.0017,0.0032,33.0003
7882,260106.0000,260106.0016,0.0016,0.0027,32.9999
7883,260139.0000,260139.0017,0.0017,0.0030,33.0001
7884,260172.0000,260172.0014,0.0014,0.0021,32.9997
7885,260205.0000,260205.0013,0.0013,0.0019,32.9999
7886,260238.0000,260238.0012,0.0012,0.0015,32.9999
7887,260271.0000,260271.0010,0.0010,0.0017,32.9998
7888,260304.0000,260304.5018,0.5018,0.0028,33.5008
7889,260337.0000,260337.0013,0.0013,0.0023,32.4995
7890,260370.0000,260370.0012,0.0012,0.0027,32.9999
7891,260403.0000,260403.0016,0.0016,0.0027,33.0003
7892,260436.0000,260436.0017,0.0017,0.0031,33.0002
7893,260469.0000,260469.0020,0.0020,0.0029,33.0002
7894,260502.0000,260502.0017,0.0017,0.0030,32.9998
7895,260535.0000,260535.0015,0.0015,0.0031,32.9998
7896,260568.0000,260568.0017,0.0017,0.0031,33.0002
7897,260601.0000,260601.0019,0.0019,0.0032,33.0002
7898,260634.0000,260634.0021,0.0021,0.0031,33.0002
7899,260667.0000,260667.0017,0.0017,0.0027,32.9995
7900,260700.0000,260700.0018,0.0018,0.0021,33.0001
7901,260733.0000,260733.0019,0.0019,0.0026,33.0001
7902,260766.0000,260766.0016,0.0016,0.0023,32.9997
7903,260799.0000,260799.0017,0.0017,0.0029,33.0001
7904,260832.0000,260832.0016,0.0016,0.0028,32.9998
7905,260865.0000,260865.0015,0.0015,0.0026,32.9999
7906,260898.0000,260898.0017,0.0017,0.0026,33.0002
7907,260931.0000,260931.0019,0.0019,0.0026,33.0001
7908,260964.0000,260964.0020,0.0020,0.0020,33.0001
7909,260997.0000,260997.0015,0.0015,0.0025,32.9995
7910,261030.0000,261030.0018,0.0018,0.0023,33.0003
7911,261063.0000,261063.0019,0.0019,0.0024,33.0002
7912,261096.0000,261096.0015,0.0015,0.0022,32.9996
7913,261129.0000,261129.0016,0.0016,0.0031,33.0000
7914,261162.0000,261162.0017,0.0017,0.0024,33.0002
7915,261195.0000,261195.0015,0.0015,0.0025,32.9997
7916,261228.0000,261228.0015,0.0015,0.0026,33.0001
7917,261261.0000,261261.0017,0.0017,0.0027,33.0001
7918,261294.0000,261294.0017,0.0017,0.0019,33.0000
7919,261327.0000,261327.0013,0.0013,0.0019,32.9997
7920,261360.0000,261360.0016,0.0016,0.0018,33.0002
7921,261393.0000,261393.0013,0.0013,0.0017,32.9998
7922,261426.0000,261426.0021,0.0021,0.0021,33.0008
7923,261459.0000,261459.0033,0.0033,0.0019,33.0012
7924,261492.0000,261492.0012,0.0012,0.0024,32.9979
7925,261525.0000,261525.0012,0.0012,0.0029,33.0000
7926,261558.0000,261558.0014,0.0014,0.0036,33.0002
7927,261591.0000,261591.0020,0.0020,0.0040,33.0006
7928,261624.0000,261624.0020,0.0020,0.0035,33.0000
7929,261657.0000,261657.0021,0.0021,0.0153,33.0001
7930,261690.0000,261690.0023,0.0023,0.0030,33.0002
7931,261723.0000,261723.0024,0.0024,0.0029,33.0001
7932,261756.0000,261756.0017,0.0017,0.0025,32.9993
7933,261789.0000,261789.0020,0.0020,0.0036,33.0003
7934,261822.0000,261822.0027,0.0027,0.0033,33.0007
7935,261855.0000,261855.0029,0.0029,0.0033,33.0002
7936,261888.0000,261888.0104,0.0104,0.0029,33.0075
7937,261921.0000,261921.0025,0.0025,0.0034,32.9921
7938,261954.0000,261954.0025,0.0025,0.0029,33.0000
7939,261987.0000,261987.0029,0.0029,0.0033,33.0004
7940,262020.0000,262020.0016,0.0016,0.0025,32.9987
7941,262053.0000,262053.0021,0.0021,0.0034,33.0005
7942,262086.0000,262086.0022,0.0022,0.0032,33.0001
7943,262119.0000,262119.0027,0.0027,0.0037,33.0005
7944,262152.0000,262152.0019,0.0019,0.0025,32.9992
7945,262185.0000,262185.0015,0.0015,0.0020,32.9996
7946,262218.0000,262218.0016,0.0016,0.0023,33.0001
7947,262251.0000,262251.0013,0.0013,0.0035,32.9996
7948,262284.0000,262284.0019,0.0019,0.0030,33.0006
7949,262317.0000,262317.0033,0.0033,0.0040,33.0014
7950,262350.0000,262350.0016,0.0016,0.0029,32.9983
7951,262383.0000,262383.0012,0.0012,0.0018,32.9996
7952,262416.0000,262416.0011,0.0011,0.0018,32.9999
7953,262449.0000,262449.0012,0.0012,0.0020,33.0001
7954,262482.0000,262482.0013,0.0013,0.0019,33.0001
7955,262515.0000,262515.0012,0.0012,0.0017,33.0000
7956,262548.0000,262548.0013,0.0013,0.0022,33.0001
7957,262581.0000,262581.0014,0.0014,0.0019,33.0001
7958,262614.0000,262614.0016,0.0016,0.0016,33.0001
7959,262647.0000,262647.0013,0.0013,0.0017,32.9997
7960,262680.0000,262680.0012,0.0012,0.0014,32.9999
7961,262713.0000,262713.0011,0.0011,0.0014,32.9999
7962,262746.0000,262746.0012,0.0012,0.0014,33.0001
7963,262779.0000,262779.0011,0.0011,0.0015,32.9999
7964,262812.0000,262812.0016,0.0016,0.0027,33.0005
7965,262845.0000,262845.0014,0.0014,0.0016,32.9998
7966,262878.0000,262878.0018,0.0018,0.0023,33.0003
7967,262911.0000,262911.0014,0.0014,0.0021,32.9996
7968,262944.0000,262944.0422,0.0422,0.0022,33.0409
7969,262977.0000,262977.0012,0.0012,0.0024,32.9590
7970,263010.0000,263010.0012,0.0012,0.0021,33.0000
7971,263043.0000,263043.0014,0.0014,0.0026,33.0002
7972,263076.0000,263076.0015,0.0015,0.0148,33.0001
7973,263109.0000,263109.0172,0.0172,0.0029,33.0156
7974,263142.0000,263142.0013,0.0013,0.0032,32.9841
7975,263175.0000,263175.0022,0.0022,0.0037,33.0009
7976,263208.0000,263208.0026,0.0026,0.0034,33.0005
7977,263241.0000,263241.0019,0.0019,0.0030,32.9992
7978,263274.0000,263274.0016,0.0016,0.0026,32.9998
7979,263307.0000,263307.0018,0.0018,0.0037,33.0001
7980,263340.0000,263340.0019,0.0019,0.0038,33.0001
7981,263373.0000,263373.1073,0.1073,0.0047,33.1054
7982,263406.0000,263406.0036,0.0036,0.0055,32.8964
7983,263439.0000,263439.0024,0.0024,0.0035,32.9988
7984,263472.0000,263472.0020,0.0020,0.0043,32.9996
7985,263505.0000,263505.0021,0.0021,0.0044,33.0000
7986,263538.0000,263538.0019,0.0019,0.0028,32.9998
7987,263571.0000,263571.0017,0.0017,0.0022,32.9998
7988,263604.0000,263604.0019,0.0019,0.0023,33.0002
7989,263637.0000,263637.0019,0.0019,0.0029,33.0000
7990,263670.0000,263670.0021,0.0021,0.0025,33.0002
7991,263703.0000,263703.0015,0.0015,0.0027,32.9995
7992,263736.0000,263736.0019,0.0019,0.0024,33.0004
7993,263769.0000,263769.0020,0.0020,0.0029,33.0001
7994,263802.0000,263802.0020,0.0020,0.0034,33.0000
7995,263835.0000,263835.0021,0.0021,0.0031,33.0001
7996,263868.0000,263868.0018,0.0018,0.0033,32.9997
7997,263901.0000,263901.0019,0.0019,0.0026,33.0000
7998,263934.0000,263934.0016,0.0016,0.0030,32.9997
7999,263967.0000,263967.0023,0.0023,0.0026,33.0007
8000,264000.0000,264000.0024,0.0024,0.0024,33.0001
8001,264033.0000,264033.2710,0.2710,0.0033,33.2686
8002,264066.0000,264066.0024,0.0024,0.0032,32.7314
8003,264099.0000,264099.2095,0.2095,0.0037,33.2071
8004,264132.0000,264132.0022,0.0022,0.0039,32.7927
8005,264165.0000,264165.0022,0.0022,0.0031,33.0000
8006,264198.0000,264198.0019,0.0019,0.0034,32.9998
8007,264231.0000,264231.0023,0.0023,0.0036,33.0004
8008,264264.0000,264264.0027,0.0027,0.0041,33.0004
8009,264297.0000,264297.0023,0.0023,0.0037,32.9996
8010,264330.0000,264330.0023,0.0023,0.0040,33.0000
8011,264363.0000,264363.0020,0.0020,0.0036,32.9998
8012,264396.0000,264396.0022,0.0022,0.0035,33.0002
8013,264429.0000,264429.0022,0.0022,0.0034,33.0000
8014,264462.0000,264462.0020,0.0020,0.0033,32.9998
8015,264495.0000,264495.0022,0.0022,0.0032,33.0002
8016,264528.0000,264528.0018,0.0018,0.0028,32.9996
8017,264561.0000,264561.0017,0.0017,0.0029,32.9999
8018,264594.0000,264594.0019,0.0019,0.0025,33.0002
8019,264627.0000,264627.0018,0.0018,0.0023,32.9999
8020,264660.0000,264660.0020,0.0020,0.0028,33.0002
8021,264693.0000,264693.0017,0.0017,0.0025,32.9997
8022,264726.0000,264726.0016,0.0016,0.0025,33.0000
8023,264759.0000,264759.0014,0.0014,0.0023,32.9998
8024,264792.0000,264792.0020,0.0020,0.0020,33.0006
8025,264825.0000,264825.0025,0.0025,0.0043,33.0005
8026,264858.0000,264858.0022,0.0022,0.0031,32.9997
8027,264891.0000,264891.0021,0.0021,0.0037,32.9999
8028,264924.0000,264924.0022,0.0022,0.0033,33.0002
8029,264957.0000,264957.0024,0.0024,0.0033,33.0002
8030,264990.0000,264990.0025,0.0025,0.0042,33.0002
8031,265023.0000,265023.0021,0.0021,0.0139,32.9995
8032,265056.0000,265056.0022,0.0022,0.0040,33.0002
8033,265089.0000,265089.0029,0.0029,0.0035,33.0007
8034,265122.0000,265122.0034,0.0034,0.0037,33.0005
8035,265155.0000,265155.0027,0.0027,0.0033,32.9993
8036,265188.0000,265188.0026,0.0026,0.0037,32.9999
8037,265221.0000,265221.0018,0.0018,0.0034,32.9992
8038,265254.0000,265254.0020,0.0020,0.0034,33.0001
8039,265287.0000,265287.0022,0.0022,0.0038,33.0003
8040,265320.0000,265320.0024,0.0024,0.0041,33.0001
8041,265353.0000,265353.0027,0.0027,0.0039,33.0004
8042,265386.0000,265386.0020,0.0020,0.0032,32.9993
8043,265419.0000,265419.0019,0.0019,0.0042,32.9999
8044,265452.0000,265452.0023,0.0023,0.0038,33.0004
8045,265485.0000,265486.1950,1.1950,0.0042,34.1926
8046,265518.0000,265518.0021,0.0021,0.0038,31.8071
8047,265551.0000,265551.0024,0.0024,0.0037,33.0003
8048,265584.0000,265584.0019,0.0019,0.0030,32.9996
8049,265617.0000,265617.0020,0.0020,0.0037,33.0001
8050,265650.0000,265650.0023,0.0023,0.0037,33.0002
8051,265683.0000,265683.0025,0.0025,0.0034,33.0002
8052,265716.0000,265716.0029,0.0029,0.0036,33.0005
8053,265749.0000,265749.0023,0.0023,0.0034,32.9994
8054,265782.0000,265782.0021,0.0021,0.0031,32.9998
8055,265815.0000,265815.0024,0.0024,0.0033,33.0003
8056,265848.0000,265848.0026,0.0026,0.0033,33.0002
8057,265881.0000,265881.0021,0.0021,0.0033,32.9995
8058,265914.0000,265914.0017,0.0017,0.0029,32.9996
8059,265947.0000,265947.0019,0.0019,0.0024,33.0002
8060,265980.0000,265980.0016,0.0016,0.0027,32.9997
8061,266013.0000,266013.0017,0.0017,0.0025,33.0002
8062,266046.0000,266046.0018,0.0018,0.0029,33.0001
8063,266079.0000,266079.0020,0.0020,0.0026,33.0002
8064,266112.0000,266112.0016,0.0016,0.0024,32.9996
8065,266145.0000,266145.0022,0.0022,0.0030,33.0006
8066,266178.0000,266178.0017,0.0017,0.0026,32.9995
8067,266211.0000,266211.0020,0.0020,0.0027,33.0003
8068,266244.0000,266244.0026,0.0026,0.0028,33.0007
8069,266277.0000,266277.0024,0.0024,0.0032,32.9998
8070,266310.0000,266310.0021,0.0021,0.0028,32.9996
8071,266343.0000,266343.0023,0.0023,0.0033,33.0002
8072,266376.0000,266376.0024,0.0024,0.0036,33.0002
8073,266409.0000,266409.0023,0.0023,0.0037,32.9999
8074,266442.0000,266442.0025,0.0025,0.0033,33.0001
8075,266475.0000,266475.0021,0.0021,0.0032,32.9996
8076,266508.0000,266508.0021,0.0021,0.0037,33.0000
8077,266541.0000,266541.0024,0.0024,0.0036,33.0003
8078,266574.0000,266574.0027,0.0027,0.0034,33.0003
8079,266607.0000,266607.0022,0.0022,0.0035,32.9994
8080,266640.0000,266640.0024,0.0024,0.0031,33.0002
8081,266673.0000,266673.0019,0.0019,0.0030,32.9995
8082,266706.0000,266706.0019,0.0019,0.0033,33.0000
8083,266739.0000,266739.3632,0.3632,0.0043,33.3613
8084,266772.0000,266772.0022,0.0022,0.0037,32.6391
8085,266805.0000,266805.0032,0.0032,0.0036,33.0010
8086,266838.0000,266838.0028,0.0028,0.0037,32.9997
8087,266871.0000,266871.0035,0.0035,0.0036,33.0007
8088,266904.0000,266904.0025,0.0025,0.0032,32.9990
8089,266937.0000,266937.0024,0.0024,0.0030,32.9999
8090,266970.0000,266970.0011,0.0011,0.0022,32.9987
8091,267003.0000,267003.0013,0.0013,0.0024,33.0001
8092,267036.0000,267036.0011,0.0011,0.0022,32.9999
8093,267069.0000,267069.0010,0.0010,0.0019,32.9999
8094,267102.0000,267102.0012,0.0012,0.0026,33.0001
8095,267135.0000,267135.0011,0.0011,0.0022,32.9999
8096,267168.0000,267168.0014,0.0014,0.0021,33.0003
8097,267201.0000,267201.0011,0.0011,0.0019,32.9997
8098,267234.0000,267234.0011,0.0011,0.0021,33.0000
8099,267267.0000,267267.0012,0.0012,0.0021,33.0001
8100,267300.0000,267300.0011,0.0011,0.0022,32.9999
8101,267333.0000,267333.0010,0.0010,0.0021,32.9999
8102,267366.0000,267366.0010,0.0010,0.0022,33.0000
8103,267399.0000,267399.0012,0.0012,0.0027,33.0002
8104,267432.0000,267432.0011,0.0011,0.0026,32.9998
8105,267465.0000,267465.0011,0.0011,0.0020,33.0000
8106,267498.0000,267498.0010,0.0010,0.0017,32.9999
8107,267531.0000,267531.0011,0.0011,0.0018,33.0001
8108,267564.0000,267564.0011,0.0011,0.0025,33.0001
8109,267597.0000,267597.0012,0.0012,0.0027,33.0000
8110,267630.0000,267630.0018,0.0018,0.0030,33.0006
8111,267663.0000,267663.0021,0.0021,0.0027,33.0003
8112,267696.0000,267696.0019,0.0019,0.0026,32.9998
8113,267729.0000,267729.0020,0.0020,0.0029,33.0001
8114,267762.0000,267762.0019,0.0019,0.0028,32.9999
8115,267795.0000,267795.0017,0.0017,0.0033,32.9998
8116,267828.0000,267828.0019,0.0019,0.0033,33.0002
8117,267861.0000,267861.0998,0.0998,0.0032,33.0979
8118,267894.0000,267894.0019,0.0019,0.0030,32.9021
8119,267927.0000,267927.0020,0.0020,0.0031,33.0000
8120,267960.0000,267960.0020,0.0020,0.0039,33.0000
8121,267993.0000,267993.0022,0.0022,0.0039,33.0002
8122,268026.0000,268026.0021,0.0021,0.0036,32.9998
8123,268059.0000,268059.0026,0.0026,0.0038,33.0005
8124,268092.0000,268092.0024,0.0024,0.0032,32.9998
8125,268125.0000,268125.0020,0.0020,0.0040,32.9996
8126,268158.0000,268158.0019,0.0019,0.0032,32.9999
8127,268191.0000,268191.0021,0.0021,0.0040,33.0001
8128,268224.0000,268224.0022,0.0022,0.0040,33.0001
8129,268257.0000,268257.0025,0.0025,0.0036,33.0003
8130,268290.0000,268290.0026,0.0026,0.0046,33.0002
8131,268323.0000,268323.0025,0.0025,0.0039,32.9998
8132,268356.0000,268356.0026,0.0026,0.0035,33.0001
8133,268389.0000,268389.0028,0.0028,0.0169,33.0003
8134,268422.0000,268422.0020,0.0020,0.0031,32.9992
8135,268455.0000,268455.0022,0.0022,0.0042,33.0002
8136,268488.0000,268488.0024,0.0024,0.0039,33.0002
8137,268521.0000,268521.0019,0.0019,0.0031,32.9995
8138,268554.0000,268554.0020,0.0020,0.0034,33.0002
8139,268587.0000,268587.0030,0.0030,0.0039,33.0009
8140,268620.0000,268620.0024,0.0024,0.0032,32.9994
8141,268653.0000,268653.0020,0.0020,0.0037,32.9996
8142,268686.0000,268686.0022,0.0022,0.0036,33.0002
8143,268719.0000,268719.0022,0.0022,0.0034,33.0000
8144,268752.0000,268752.0019,0.0019,0.0036,32.9997
8145,268785.0000,268785.0025,0.0025,0.0037,33.0006
8146,268818.0000,268818.0023,0.0023,0.0037,32.9998
8147,268851.0000,268851.0020,0.0020,0.0029,32.9998
8148,268884.0000,268884.0016,0.0016,0.0029,32.9995
8149,268917.0000,268917.0014,0.0014,0.0029,32.9998
8150,268950.0000,268950.0011,0.0011,0.0028,32.9997
8151,268983.0000,268983.0011,0.0011,0.0027,33.0000
8152,269016.0000,269016.0012,0.0012,0.0028,33.0001
8153,269049.0000,269049.0014,0.0014,0.0024,33.0002
8154,269082.0000,269082.0015,0.0015,0.0025,33.0001
8155,269115.0000,269115.0017,0.0017,0.0024,33.0002
8156,269148.0000,269148.0017,0.0017,0.0026,33.0000
8157,269181.0000,269181.0016,0.0016,0.0030,32.9998
8158,269214.0000,269214.0014,0.0014,0.0024,32.9998
8159,269247.0000,269247.0016,0.0016,0.0032,33.0003
8160,269280.0000,269280.0021,0.0021,0.0040,33.0005
8161,269313.0000,269313.0029,0.0029,0.0043,33.0008
8162,269346.0000,269346.0024,0.0024,0.0033,32.9995
8163,269379.0000,269379.0025,0.0025,0.0047,33.0001
8164,269412.0000,269412.0022,0.0022,0.0031,32.9997
8165,269445.0000,269445.0025,0.0025,0.0036,33.0004
8166,269478.0000,269478.0028,0.0028,0.0034,33.0003
8167,269511.0000,269511.0029,0.0029,0.0046,33.0001
8168,269544.0000,269544.0023,0.0023,0.0045,32.9994
8169,269577.0000,269577.0031,0.0031,0.0042,33.0008
8170,269610.0000,269610.0027,0.0027,0.0036,32.9996
8171,269643.0000,269643.0020,0.0020,0.0036,32.9994
8172,269676.0000,269676.0030,0.0030,0.0040,33.0010
8173,269709.0000,269709.0024,0.0024,0.0043,32.9994
8174,269742.0000,269742.0026,0.0026,0.0043,33.0001
8175,269775.0000,269775.0023,0.0023,0.0044,32.9998
8176,269808.0000,269808.0031,0.0031,0.0041,33.0008
8177,269841.0000,269841.0030,0.0030,0.0040,32.9999
8178,269874.0000,269874.0029,0.0029,0.0038,32.9998
8179,269907.0000,269907.0023,0.0023,0.0037,32.9994
8180,269940.0000,269940.0019,0.0019,0.0039,32.9996
8181,269973.0000,269973.0020,0.0020,0.0038,33.0001
8182,270006.0000,270006.0019,0.0019,0.0046,33.0000
8183,270039.0000,270039.0022,0.0022,0.0031,33.0003
8184,270072.0000,270072.0023,0.0023,0.0048,33.0001
8185,270105.0000,270105.0022,0.0022,0.0035,32.9998
8186,270138.0000,270138.0023,0.0023,0.0035,33.0002
8187,270171.0000,270171.0018,0.0018,0.0035,32.9994
8188,270204.0000,270204.0027,0.0027,0.0041,33.0009
8189,270237.0000,270237.0029,0.0029,0.0039,33.0002
8190,270270.0000,270270.0030,0.0030,0.0038,33.0002
8191,270303.0000,270303.0024,0.0024,0.0036,32.9994
8192,270336.0000,270336.0020,0.0020,0.0038,32.9996
8193,270369.0000,270369.0019,0.0019,0.0034,32.9999
8194,270402.0000,270402.0021,0.0021,0.0032,33.0002
8195,270435.0000,270435.0023,0.0023,0.0031,33.0002
8196,270468.0000,270468.0024,0.0024,0.0036,33.0002
8197,270501.0000,270501.0019,0.0019,0.0039,32.9995
8198,270534.0000,270534.0028,0.0028,0.0032,33.0008
8199,270567.0000,270567.0019,0.0019,0.0032,32.9991
8200,270600.0000,270600.0021,0.0021,0.0032,33.0002
8201,270633.0000,270633.0015,0.0015,0.0041,32.9994
8202,270666.0000,270666.0016,0.0016,0.0032,33.0002
8203,270699.0000,270699.0018,0.0018,0.0032,33.0002
8204,270732.0000,270732.0020,0.0020,0.0032,33.0002
8205,270765.0000,270765.0025,0.0025,0.0037,33.0005
8206,270798.0000,270798.0020,0.0020,0.0037,32.9995
8207,270831.0000,270831.0017,0.0017,0.0030,32.9997
8208,270864.0000,270864.0018,0.0018,0.0026,33.0001
8209,270897.0000,270897.0016,0.0016,0.0026,32.9998
8210,270930.0000,270930.0015,0.0015,0.0027,33.0000
8211,270963.0000,270963.0014,0.0014,0.0028,32.9998
8212,270996.0000,270996.0015,0.0015,0.0029,33.0001
8213,271029.0000,271029.0016,0.0016,0.0036,33.0001
8214,271062.0000,271062.0018,0.0018,0.0030,33.0002
8215,271095.0000,271095.0015,0.0015,0.0033,32.9997
8216,271128.0000,271128.0016,0.0016,0.0030,33.0001
8217,271161.0000,271161.0024,0.0024,0.0044,33.0008
8218,271194.0000,271194.0025,0.0025,0.0035,33.0001
8219,271227.0000,271227.0033,0.0033,0.0043,33.0008
8220,271260.0000,271260.0022,0.0022,0.0037,32.9989
8221,271293.0000,271293.0027,0.0027,0.0038,33.0005
8222,271326.0000,271326.0026,0.0026,0.0037,32.9999
8223,271359.0000,271359.0035,0.0035,0.0039,33.0009
8224,271392.0000,271392.0030,0.0030,0.0051,32.9995
8225,271425.0000,271425.0030,0.0030,0.0033,33.0000
8226,271458.0000,271458.0031,0.0031,0.0040,33.0002
8227,271491.0000,271491.0017,0.0017,0.0043,32.9986
8228,271524.0000,271524.0022,0.0022,0.0033,33.0004
8229,271557.0000,271557.0021,0.0021,0.0036,32.9999
8230,271590.0000,271590.0033,0.0033,0.0071,33.0012
8231,271623.0000,271623.0020,0.0020,0.0039,32.9987
8232,271656.0000,271656.0021,0.0021,0.0070,33.0001
8233,271689.0000,271689.0024,0.0024,0.0039,33.0002
8234,271722.0000,271722.0022,0.0022,0.0032,32.9998
8235,271755.0000,271755.0031,0.0031,0.0240,33.0009
8236,271788.0000,271788.0029,0.0029,0.0040,32.9998
8237,271821.0000,271821.0024,0.0024,0.0035,32.9995
8238,271854.0000,271854.0017,0.0017,0.0034,32.9993
8239,271887.0000,271887.0023,0.0023,0.0043,33.0006
8240,271920.0000,271920.0022,0.0022,0.0039,32.9999
8241,271953.0000,271953.0022,0.0022,0.0039,32.9999
8242,271986.0000,271986.0020,0.0020,0.0040,32.9998
8243,272019.0000,272019.0022,0.0022,0.0039,33.0002
8244,272052.0000,272052.0023,0.0023,0.0031,33.0001
8245,272085.0000,272085.0025,0.0025,0.0030,33.0002
8246,272118.0000,272118.0015,0.0015,0.0029,32.9991
8247,272151.0000,272151.0017,0.0017,0.0039,33.0001
8248,272184.0000,272184.0015,0.0015,0.0034,32.9998
8249,272217.0000,272217.0020,0.0020,0.0040,33.0005
8250,272250.0000,272250.0018,0.0018,0.0035,32.9998
8251,272283.0000,272283.0021,0.0021,0.0032,33.0003
8252,272316.0000,272316.0014,0.0014,0.0023,32.9993
8253,272349.0000,272349.0020,0.0020,0.0032,33.0006
8254,272382.0000,272382.0016,0.0016,0.0033,32.9997
8255,272415.0000,272415.0019,0.0019,0.0032,33.0003
8256,272448.0000,272448.0020,0.0020,0.0029,33.0001
8257,272481.0000,272481.0023,0.0023,0.0037,33.0003
8258,272514.0000,272514.0019,0.0019,0.0038,32.9997
8259,272547.0000,272547.0019,0.0019,0.0032,33.0000
8260,272580.0000,272580.0023,0.0023,0.0043,33.0004
8261,272613.0000,272613.0024,0.0024,0.0042,33.0001
8262,272646.0000,272646.0024,0.0024,0.0032,33.0000
8263,272679.0000,272679.0021,0.0021,0.0037,32.9997
8264,272712.0000,272712.0028,0.0028,0.0034,33.0007
8265,272745.0000,272745.0025,0.0025,0.0035,32.9997
8266,272778.0000,272778.0025,0.0025,0.0037,32.9999
8267,272811.0000,272811.0025,0.0025,0.0032,33.0001
8268,272844.0000,272844.0023,0.0023,0.0028,32.9998
8269,272877.0000,272877.0017,0.0017,0.0033,32.9994
8270,272910.0000,272910.0016,0.0016,0.0022,32.9999
8271,272943.0000,272943.0015,0.0015,0.0024,32.9999
8272,272976.0000,272976.0017,0.0017,0.0022,33.0002
8273,273009.0000,273009.0019,0.0019,0.0023,33.0002
8274,273042.0000,273042.0017,0.0017,0.0032,32.9998
8275,273075.0000,273075.3010,0.3010,0.0069,33.2992
8276,273108.0000,273108.0017,0.0017,0.0059,32.7008
8277,273141.0000,273141.0022,0.0022,0.0034,33.0005
8278,273174.0000,273174.0020,0.0020,0.0033,32.9998
8279,273207.0000,273207.0033,0.0033,0.0031,33.0013
8280,273240.0000,273240.0017,0.0017,0.0030,32.9984
8281,273273.0000,273273.0026,0.0026,0.0028,33.0008
8282,273306.0000,273306.0026,0.0026,0.0036,33.0000
8283,273339.0000,273339.0022,0.0022,0.0030,32.9996
8284,273372.0000,273372.0021,0.0021,0.0043,32.9999
8285,273405.0000,273405.0021,0.0021,0.0035,33.0000
8286,273438.0000,273438.0019,0.0019,0.0039,32.9998
8287,273471.0000,273471.0021,0.0021,0.0032,33.0002
8288,273504.0000,273504.0016,0.0016,0.0028,32.9995
8289,273537.0000,273537.0018,0.0018,0.0025,33.0003
8290,273570.0000,273570.0016,0.0016,0.0030,32.9997
8291,273603.0000,273603.0010,0.0010,0.0017,32.9994
8292,273636.0000,273636.0010,0.0010,0.0017,33.0000
8293,273669.0000,273669.0011,0.0011,0.0014,33.0001
8294,273702.0000,273702.0027,0.0027,0.0015,33.0016
8295,273735.0000,273735.0010,0.0010,0.0016,32.9983
8296,273768.0000,273768.0010,0.0010,0.0016,33.0000
8297,273801.0000,273801.0022,0.0022,0.0020,33.0012
8298,273834.0000,273834.0016,0.0016,0.0023,32.9994
8299,273867.0000,273867.0018,0.0018,0.0028,33.0002
8300,273900.0000,273900.0020,0.0020,0.0029,33.0002
8301,273933.0000,273933.0014,0.0014,0.0026,32.9994
8302,273966.0000,273966.0012,0.0012,0.0020,32.9998
8303,273999.0000,273999.0239,0.0239,0.0448,33.0227
8304,274032.0000,274032.0013,0.0013,0.0025,32.9774
8305,274065.0000,274065.0017,0.0017,0.0035,33.0004
8306,274098.0000,274098.0017,0.0017,0.0026,32.9999
8307,274131.0000,274131.0015,0.0015,0.0026,32.9999
8308,274164.0000,274164.0017,0.0017,0.0022,33.0002
8309,274197.0000,274197.0016,0.0016,0.0030,32.9999
8310,274230.0000,274230.0018,0.0018,0.0029,33.0002
8311,274263.0000,274263.0020,0.0020,0.0032,33.0002
8312,274296.0000,274296.0021,0.0021,0.0029,33.0000
8313,274329.0000,274329.0015,0.0015,0.0021,32.9994
8314,274362.0000,274362.0018,0.0018,0.0030,33.0003
8315,274395.0000,274395.0015,0.0015,0.0033,32.9997
8316,274428.0000,274428.0021,0.0021,0.0030,33.0007
8317,274461.0000,274461.0032,0.0032,0.0042,33.0010
8318,274494.0000,274494.0031,0.0031,0.0044,32.9999
8319,274527.0000,274527.0025,0.0025,0.0038,32.9995
8320,274560.0000,274560.0025,0.0025,0.0034,33.0000
8321,274593.0000,274593.0022,0.0022,0.0040,32.9997
8322,274626.0000,274626.0025,0.0025,0.0038,33.0003
8323,274659.0000,274659.0021,0.0021,0.0038,32.9996
8324,274692.0000,274692.0023,0.0023,0.0037,33.0002
8325,274725.0000,274725.0017,0.0017,0.0034,32.9994
8326,274758.0000,274758.0019,0.0019,0.0033,33.0002
8327,274791.0000,274791.0018,0.0018,0.0047,32.9999
8328,274824.0000,274824.0015,0.0015,0.0023,32.9997
8329,274857.0000,274857.0020,0.0020,0.0035,33.0005
8330,274890.0000,274890.0015,0.0015,0.0030,32.9995
8331,274923.0000,274923.0015,0.0015,0.0032,33.0000
8332,274956.0000,274956.0015,0.0015,0.0025,33.0000
8333,274989.0000,274989.0013,0.0013,0.0029,32.9998
8334,275022.0000,275022.0020,0.0020,0.0031,33.0007
8335,275055.0000,275055.0014,0.0014,0.0031,32.9994
8336,275088.0000,275088.0013,0.0012,0.0027,32.9999
8337,275121.0000,275121.0012,0.0012,0.0171,32.9999
8338,275154.0000,275154.0012,0.0012,0.0020,33.0000
8339,275187.0000,275187.0013,0.0013,0.0022,33.0001
8340,275220.0000,275220.0011,0.0011,0.0024,32.9998
8341,275253.0000,275253.0011,0.0011,0.0025,33.0000
8342,275286.0000,275286.0010,0.0010,0.0021,32.9999
8343,275319.0000,275319.0011,0.0011,0.0028,33.0001
8344,275352.0000,275352.0012,0.0012,0.0029,33.0001
8345,275385.0000,275385.0011,0.0011,0.0026,32.9999
8346,275418.0000,275418.0009,0.0009,0.0026,32.9998
8347,275451.0000,275451.0010,0.0010,0.0023,33.0001
8348,275484.0000,275484.0012,0.0012,0.0024,33.0002
8349,275517.0000,275517.0021,0.0021,0.0033,33.0010
8350,275550.0000,275550.0018,0.0018,0.0028,32.9997
8351,275583.0000,275583.0020,0.0020,0.0034,33.0002
8352,275616.0000,275616.0023,0.0023,0.0033,33.0003
8353,275649.0000,275649.0024,0.0024,0.0036,33.0001
8354,275682.0000,275682.0017,0.0017,0.0021,32.9993
8355,275715.0000,275715.0014,0.0014,0.0017,32.9997
8356,275748.0000,275748.0014,0.0014,0.0021,33.0001
8357,275781.0000,275781.0016,0.0016,0.0029,33.0001
8358,275814.0000,275814.0016,0.0016,0.0027,33.0000
8359,275847.0000,275847.0018,0.0018,0.0024,33.0002
8360,275880.0000,275880.0170,0.0170,0.0023,33.0152
8361,275913.0000,275913.0014,0.0014,0.0024,32.9845
8362,275946.0000,275946.0016,0.0016,0.0025,33.0002
8363,275979.0000,275979.0022,0.0022,0.0034,33.0006
8364,276012.0000,276012.0024,0.0024,0.0034,33.0002
8365,276045.0000,276045.0036,0.0036,0.0033,33.0012
8366,276078.0000,276078.0035,0.0035,0.0049,32.9999
8367,276111.0000,276111.0033,0.0033,0.0040,32.9998
8368,276144.0000,276144.0028,0.0028,0.0033,32.9995
8369,276177.0000,276177.0019,0.0019,0.0034,32.9991
8370,276210.0000,276210.0022,0.0022,0.0031,33.0003
8371,276243.0000,276243.0026,0.0026,0.0029,33.0004
8372,276276.0000,276276.0028,0.0028,0.0039,33.0002
8373,276309.0000,276309.0026,0.0026,0.0038,32.9998
8374,276342.0000,276342.0022,0.0022,0.0040,32.9996
8375,276375.0000,276375.0023,0.0023,0.0041,33.0001
8376,276408.0000,276408.0022,0.0022,0.0038,32.9999
8377,276441.0000,276441.0023,0.0022,0.0028,33.0000
8378,276474.0000,276474.0010,0.0010,0.0029,32.9988
8379,276507.0000,276507.0011,0.0011,0.0017,33.0000
8380,276540.0000,276540.0011,0.0011,0.0022,33.0000
8381,276573.0000,276573.0014,0.0014,0.0028,33.0003
8382,276606.0000,276606.0013,0.0013,0.0022,32.9999
8383,276639.0000,276639.0012,0.0012,0.0021,32.9999
8384,276672.0000,276672.0012,0.0012,0.0022,33.0000
8385,276705.0000,276705.0013,0.0013,0.0021,33.0001
8386,276738.0000,276738.0014,0.0014,0.0029,33.0001
8387,276771.0000,276771.0016,0.0016,0.0024,33.0001
8388,276804.0000,276804.0016,0.0016,0.0030,33.0000
8389,276837.0000,276837.0017,0.0017,0.0024,33.0002
8390,276870.0000,276870.0013,0.0013,0.0027,32.9996
8391,276903.0000,276903.0017,0.0017,0.0034,33.0004
8392,276936.0000,276936.0017,0.0017,0.0030,33.0001
8393,276969.0000,276969.0019,0.0019,0.0042,33.0001
8394,277002.0000,277002.0033,0.0033,0.0033,33.0015
8395,277035.0000,277035.0023,0.0023,0.0032,32.9990
8396,277068.0000,277068.0021,0.0021,0.0043,32.9998
8397,277101.0000,277101.0027,0.0027,0.0040,33.0006
8398,277134.0000,277134.0020,0.0020,0.0030,32.9993
8399,277167.0000,277167.0022,0.0022,0.0030,33.0002
8400,277200.0000,277200.0024,0.0024,0.0050,33.0001
8401,277233.0000,277233.0026,0.0026,0.0033,33.0002
8402,277266.0000,277266.0022,0.0022,0.0037,32.9997
8403,277299.0000,277299.0029,0.0029,0.0039,33.0007
8404,277332.0000,277332.0019,0.0019,0.0040,32.9990
8405,277365.0000,277365.0021,0.0021,0.0039,33.0002
8406,277398.0000,277398.0022,0.0022,0.0040,33.0001
8407,277431.0000,277431.0017,0.0017,0.0039,32.9995
8408,277464.0000,277464.0026,0.0026,0.0041,33.0009
8409,277497.0000,277497.0021,0.0021,0.0048,32.9995
8410,277530.0000,277530.0022,0.0022,0.0039,33.0001
8411,277563.0000,277563.0020,0.0020,0.0036,32.9998
8412,277596.0000,277596.0025,0.0025,0.0038,33.0005
8413,277629.0000,277629.7229,0.7229,0.0042,33.7203
8414,277662.0000,277662.0026,0.0026,0.0035,32.2797
8415,277695.0000,277695.0023,0.0023,0.0027,32.9997
8416,277728.0000,277728.0021,0.0021,0.0030,32.9998
8417,277761.0000,277761.0022,0.0022,0.0030,33.0001
8418,277794.0000,277794.0024,0.0024,0.0031,33.0002
8419,277827.0000,277827.0023,0.0023,0.0027,32.9999
8420,277860.0000,277860.0021,0.0021,0.0031,32.9998
8421,277893.0000,277893.0024,0.0024,0.0029,33.0003
8422,277926.0000,277926.0026,0.0026,0.0039,33.0002
8423,277959.0000,277959.0020,0.0020,0.0031,32.9994
8424,277992.0000,277992.0017,0.0017,0.0029,32.9997
8425,278025.0000,278025.0019,0.0019,0.0030,33.0002
8426,278058.0000,278058.0018,0.0018,0.0032,32.9999
8427,278091.0000,278091.0020,0.0020,0.0031,33.0002
8428,278124.0000,278124.0017,0.0017,0.0028,32.9997
8429,278157.0000,278157.0018,0.0018,0.0029,33.0001
8430,278190.0000,278190.0019,0.0019,0.0030,33.0001
8431,278223.0000,278223.0022,0.0022,0.0030,33.0003
8432,278256.0000,278256.0023,0.0023,0.0031,33.0001
8433,278289.0000,278289.0024,0.0024,0.0029,33.0001
8434,278322.0000,278322.0020,0.0020,0.0026,32.9996
8435,278355.0000,278355.0017,0.0017,0.0029,32.9997
8436,278388.0000,278388.0017,0.0017,0.0031,33.0000
8437,278421.0000,278421.0018,0.0018,0.0031,33.0001
8438,278454.0000,278454.0020,0.0020,0.0030,33.0002
8439,278487.0000,278487.0021,0.0021,0.0171,33.0001
8440,278520.0000,278520.0031,0.0031,0.0052,33.0010
8441,278553.0000,278553.0029,0.0029,0.0040,32.9997
8442,278586.0000,278586.0028,0.0028,0.0033,32.9999
8443,278619.0000,278619.0022,0.0022,0.0031,32.9994
8444,278652.0000,278652.0020,0.0020,0.0042,32.9998
8445,278685.0000,278685.0021,0.0021,0.0035,33.0002
8446,278718.0000,278718.0021,0.0021,0.0034,32.9999
8447,278751.0000,278751.0018,0.0018,0.0032,32.9997
8448,278784.0000,278784.0027,0.0027,0.0031,33.0009
8449,278817.0000,278817.0019,0.0019,0.0034,32.9992
8450,278850.0000,278850.0021,0.0021,0.0032,33.0002
8451,278883.0000,278883.0024,0.0024,0.0032,33.0003
8452,278916.0000,278916.0017,0.0017,0.0032,32.9994
8453,278949.0000,278949.0019,0.0019,0.0032,33.0002
8454,278982.0000,278982.0017,0.0017,0.0033,32.9998
8455,279015.0000,279015.0019,0.0019,0.0032,33.0002
8456,279048.0000,279048.0019,0.0019,0.0027,33.0000
8457,279081.0000,279081.0016,0.0016,0.0033,32.9997
8458,279114.0000,279114.0016,0.0016,0.0034,32.9999
8459,279147.0000,279147.0034,0.0034,0.0052,33.0019
8460,279180.0000,279180.0019,0.0019,0.0046,32.9984
8461,279213.0000,279213.0022,0.0022,0.0040,33.0003
8462,279246.0000,279246.0019,0.0019,0.0038,32.9997
8463,279279.0000,279279.0024,0.0024,0.0033,33.0005
8464,279312.0000,279312.0018,0.0018,0.0033,32.9994
8465,279345.0000,279345.0020,0.0020,0.0038,33.0002
8466,279378.0000,279378.0019,0.0019,0.0025,32.9999
8467,279411.0000,279411.0021,0.0021,0.0032,33.0002
8468,279444.0000,279444.0023,0.0023,0.0037,33.0002
8469,279477.0000,279477.0025,0.0025,0.0031,33.0002
8470,279510.0000,279510.0033,0.0033,0.0032,33.0008
8471,279543.0000,279543.0026,0.0026,0.0133,32.9993
8472,279576.0000,279576.0021,0.0021,0.0032,32.9994
8473,279609.0000,279609.0018,0.0018,0.0018,32.9997
8474,279642.0000,279642.0019,0.0019,0.0056,33.0001
8475,279675.0000,279675.0014,0.0014,0.0028,32.9995
8476,279708.0000,279708.0015,0.0015,0.0026,33.0001
8477,279741.0000,279741.0026,0.0026,0.0026,33.0011
8478,279774.0000,279774.0020,0.0020,0.0024,32.9994
8479,279807.0000,279807.0016,0.0016,0.0028,32.9996
8480,279840.0000,279840.0015,0.0015,0.0031,32.9999
8481,279873.0000,279873.0017,0.0017,0.0031,33.0002
8482,279906.0000,279906.0018,0.0018,0.0031,33.0001
8483,279939.0000,279939.0015,0.0015,0.0029,32.9997
8484,279972.0000,279972.0017,0.0017,0.0027,33.0002
8485,280005.0000,280005.0011,0.0011,0.0024,32.9994
8486,280038.0000,280038.0012,0.0012,0.0021,33.0001
8487,280071.0000,280071.0014,0.0014,0.0025,33.0002
8488,280104.0000,280104.0014,0.0014,0.0027,33.0000
8489,280137.0000,280137.0012,0.0012,0.0026,32.9999
8490,280170.0000,280172.9101,2.9101,0.0034,35.9089
8491,280203.0000,280203.0013,0.0013,0.0027,30.0912
8492,280236.0000,280236.0015,0.0015,0.0034,33.0002
8493,280269.0000,280269.0018,0.0018,0.0021,33.0003
8494,280302.0000,280302.0012,0.0012,0.0051,32.9994
8495,280335.0000,280335.0014,0.0014,0.0028,33.0002
8496,280368.0000,280368.0015,0.0015,0.0026,33.0001
8497,280401.0000,280401.0019,0.0019,0.0033,33.0004
8498,280434.0000,280434.0386,0.0386,0.0029,33.0367
8499,280467.0000,280467.0038,0.0038,0.0044,32.9652
8500,280500.0000,280500.0024,0.0024,0.0041,32.9985
8501,280533.0000,280533.0026,0.0026,0.0029,33.0002
8502,280566.0000,280566.0046,0.0046,0.0032,33.0021
8503,280599.0000,280599.0057,0.0057,0.0044,33.0011
8504,280632.0000,280632.0018,0.0018,0.0032,32.9961
8505,280665.0000,280665.0035,0.0035,0.0047,33.0017
8506,280698.0000,280698.0020,0.0020,0.0036,32.9985
8507,280731.0000,280731.0022,0.0022,0.0046,33.0002
8508,280764.0000,280764.0022,0.0022,0.0035,33.0000
8509,280797.0000,280797.0022,0.0022,0.0038,33.0000
8510,280830.0000,280830.0024,0.0024,0.0039,33.0002
8511,280863.0000,280863.0026,0.0026,0.0039,33.0003
8512,280896.0000,280896.0282,0.0282,0.0038,33.0256
8513,280929.0000,280929.0023,0.0023,0.0032,32.9741
8514,280962.0000,280962.0026,0.0026,0.0029,33.0002
8515,280995.0000,280995.0021,0.0021,0.0028,32.9995
8516,281028.0000,281028.0020,0.0020,0.0038,32.9999
8517,281061.0000,281061.0022,0.0022,0.0039,33.0002
8518,281094.0000,281094.0020,0.0020,0.0032,32.9997
8519,281127.0000,281127.0022,0.0022,0.0034,33.0002
8520,281160.0000,281160.0023,0.0023,0.0035,33.0002
8521,281193.0000,281193.0026,0.0026,0.0044,33.0002
8522,281226.0000,281226.0032,0.0032,0.0041,33.0006
8523,281259.0000,281259.0022,0.0022,0.0043,32.9990
8524,281292.0000,281292.0024,0.0024,0.0043,33.0002
8525,281325.0000,281325.0021,0.0021,0.0049,32.9997
8526,281358.0000,281358.0030,0.0030,0.0042,33.0010
8527,281391.0000,281391.0029,0.0029,0.0053,32.9999
8528,281424.0000,281424.0025,0.0025,0.0043,32.9995
8529,281457.0000,281457.0023,0.0023,0.0032,32.9999
8530,281490.0000,281490.0020,0.0020,0.0030,32.9997
8531,281523.0000,281523.0024,0.0024,0.0030,33.0003
8532,281556.0000,281556.0021,0.0021,0.0046,32.9998
8533,281589.0000,281589.0020,0.0020,0.0032,32.9998
8534,281622.0000,281622.0014,0.0014,0.0032,32.9994
8535,281655.0000,281655.0011,0.0011,0.0031,32.9997
8536,281688.0000,281688.0015,0.0015,0.0028,33.0005
8537,281721.0000,281721.0017,0.0017,0.0028,33.0002
8538,281754.0000,281754.0013,0.0013,0.0028,32.9996
8539,281787.0000,281787.0051,0.0051,0.0029,33.0039
8540,281820.0000,281820.0013,0.0013,0.0030,32.9962
8541,281853.0000,281853.0283,0.0283,0.0163,33.0270
8542,281886.0000,281886.0013,0.0013,0.0027,32.9730
8543,281919.0000,281919.0014,0.0014,0.0027,33.0001
8544,281952.0000,281952.0015,0.0015,0.0027,33.0001
8545,281985.0000,281985.0014,0.0014,0.0030,33.0000
8546,282018.0000,282018.0015,0.0015,0.0036,33.0001
8547,282051.0000,282051.0012,0.0012,0.0028,32.9996
8548,282084.0000,282084.0019,0.0019,0.0033,33.0007
8549,282117.0000,282117.0411,0.0411,0.0040,33.0392
8550,282150.0000,282150.0021,0.0021,0.0033,32.9610
8551,282183.0000,282183.0020,0.0020,0.0035,32.9999
8552,282216.0000,282216.0022,0.0022,0.0035,33.0002
8553,282249.0000,282249.0024,0.0024,0.0035,33.0002
8554,282282.0000,282282.0025,0.0025,0.0033,33.0002
8555,282315.0000,282315.0028,0.0028,0.0036,33.0003
8556,282348.0000,282348.0031,0.0031,0.0042,33.0004
8557,282381.0000,282381.0023,0.0023,0.0036,32.9992
8558,282414.0000,282414.0017,0.0017,0.0030,32.9994
8559,282447.0000,282447.0019,0.0019,0.0030,33.0002
8560,282480.0000,282480.0019,0.0019,0.0034,33.0000
8561,282513.0000,282513.0021,0.0021,0.0037,33.0002
8562,282546.0000,282546.0023,0.0023,0.0040,33.0002
8563,282579.0000,282579.0025,0.0025,0.0033,33.0002
8564,282612.0000,282612.0024,0.0024,0.0034,32.9999
8565,282645.0000,282645.0023,0.0023,0.0036,32.9999
8566,282678.0000,282678.0051,0.0051,0.0068,33.0028
8567,282711.0000,282711.0028,0.0028,0.0035,32.9977
8568,282744.0000,282744.0023,0.0023,0.0034,32.9995
8569,282777.0000,282777.0023,0.0023,0.0033,32.9999
8570,282810.0000,282810.0019,0.0019,0.0039,32.9996
8571,282843.0000,282843.0021,0.0021,0.0131,33.0002
8572,282876.0000,282876.0018,0.0018,0.0033,32.9997
8573,282909.0000,282909.0019,0.0019,0.0028,33.0001
8574,282942.0000,282942.0013,0.0013,0.0032,32.9994
8575,282975.0000,282975.0014,0.0014,0.0026,33.0001
8576,283008.0000,283008.0013,0.0013,0.0027,32.9999
8577,283041.0000,283041.0012,0.0012,0.0026,32.9999
8578,283074.0000,283074.0011,0.0011,0.0029,32.9999
8579,283107.0000,283107.0013,0.0013,0.0024,33.0002
8580,283140.0000,283140.0010,0.0010,0.0022,32.9997
8581,283173.0000,283173.0012,0.0012,0.0022,33.0001
8582,283206.0000,283206.0010,0.0010,0.0019,32.9998
8583,283239.0000,283239.0010,0.0010,0.0022,33.0001
8584,283272.0000,283272.0010,0.0010,0.0024,32.9999
8585,283305.0000,283305.0010,0.0010,0.0024,33.0001
8586,283338.0000,283338.0017,0.0017,0.0029,33.0006
8587,283371.0000,283371.0014,0.0014,0.0026,32.9997
8588,283404.0000,283404.0017,0.0017,0.0029,33.0003
8589,283437.0000,283437.0014,0.0014,0.0033,32.9997
8590,283470.0000,283470.0015,0.0015,0.0031,33.0001
8591,283503.0000,283503.0016,0.0016,0.0030,33.0000
8592,283536.0000,283536.0017,0.0017,0.0038,33.0001
8593,283569.0000,283569.0018,0.0018,0.0032,33.0001
8594,283602.0000,283602.0016,0.0016,0.0033,32.9997
8595,283635.0000,283635.0016,0.0016,0.0037,33.0001
8596,283668.0000,283668.0017,0.0017,0.0037,33.0001
8597,283701.0000,283701.0019,0.0019,0.0031,33.0002
8598,283734.0000,283734.0021,0.0021,0.0036,33.0002
8599,283767.0000,283767.0018,0.0018,0.0024,32.9997
8600,283800.0000,283800.0024,0.0024,0.0044,33.0007
8601,283833.0000,283833.0030,0.0030,0.0037,33.0006
8602,283866.0000,283866.0021,0.0021,0.0078,32.9992
8603,283899.0000,283899.0036,0.0036,0.0041,33.0015
8604,283932.0000,283932.0055,0.0055,0.0122,33.0018
8605,283965.0000,283965.0044,0.0044,0.0027,32.9990
8606,283998.0000,283998.0018,0.0018,0.0036,32.9973
8607,284031.0000,284031.0020,0.0020,0.0036,33.0002
8608,284064.0000,284064.0012,0.0012,0.0024,32.9992
8609,284097.0000,284097.0012,0.0012,0.0027,33.0001
8610,284130.0000,284130.0014,0.0014,0.0039,33.0001
8611,284163.0000,284163.0015,0.0015,0.0036,33.0001
8612,284196.0000,284196.0026,0.0026,0.0040,33.0011
8613,284229.0000,284229.0027,0.0027,0.0047,33.0001
8614,284262.0000,284262.0019,0.0019,0.0029,32.9992
8615,284295.0000,284295.0018,0.0018,0.0030,32.9999
8616,284328.0000,284328.0022,0.0022,0.0029,33.0004
8617,284361.0000,284361.0020,0.0020,0.0033,32.9998
8618,284394.0000,284394.0019,0.0019,0.0035,33.0000
8619,284427.0000,284427.0019,0.0019,0.0030,33.0000
8620,284460.0000,284460.0021,0.0021,0.0030,33.0002
8621,284493.0000,284493.0024,0.0024,0.0047,33.0003
8622,284526.0000,284526.0018,0.0018,0.0025,32.9994
8623,284559.0000,284559.0012,0.0012,0.0031,32.9994
8624,284592.0000,284592.0019,0.0019,0.0049,33.0007
8625,284625.0000,284625.0027,0.0027,0.0041,33.0008
8626,284658.0000,284658.0020,0.0020,0.0039,32.9994
8627,284691.0000,284691.0020,0.0020,0.0033,33.0000
8628,284724.0000,284724.0015,0.0015,0.0027,32.9994
8629,284757.0000,284757.0014,0.0014,0.0026,33.0000
8630,284790.0000,284790.0015,0.0015,0.0022,33.0000
8631,284823.0000,284823.0013,0.0013,0.0028,32.9999
8632,284856.0000,284856.0013,0.0013,0.0027,33.0000
8633,284889.0000,284889.0012,0.0012,0.0026,32.9999
8634,284922.0000,284922.0012,0.0012,0.0028,33.0000
8635,284955.0000,284955.0019,0.0019,0.0030,33.0007
8636,284988.0000,284988.0014,0.0014,0.0026,32.9995
8637,285021.0000,285021.0013,0.0013,0.0057,32.9999
8638,285054.0000,285054.0014,0.0014,0.0057,33.0002
8639,285087.0000,285087.0018,0.0018,0.0035,33.0004
8640,285120.0000,285120.0025,0.0025,0.0040,33.0007
8641,285153.0000,285153.0022,0.0022,0.0044,32.9998
8642,285186.0000,285186.0019,0.0019,0.0034,32.9997
8643,285219.0000,285219.0021,0.0021,0.0157,33.0002
8644,285252.0000,285252.0029,0.0029,0.0038,33.0008
8645,285285.0000,285285.0021,0.0021,0.0037,32.9992
8646,285318.0000,285318.0022,0.0022,0.0036,33.0001
8647,285351.0000,285351.0024,0.0024,0.0035,33.0002
8648,285384.0000,285384.0019,0.0019,0.0031,32.9995
8649,285417.0000,285417.0021,0.0021,0.0035,33.0002
8650,285450.0000,285450.0022,0.0022,0.0040,33.0000
8651,285483.0000,285483.0017,0.0017,0.0038,32.9996
8652,285516.0000,285516.0021,0.0021,0.0035,33.0004
8653,285549.0000,285549.0028,0.0028,0.0039,33.0007
8654,285582.0000,285582.0025,0.0025,0.0037,32.9997
8655,285615.0000,285615.0027,0.0027,0.0053,33.0002
8656,285648.0000,285648.0029,0.0029,0.0028,33.0002
8657,285681.0000,285681.0022,0.0022,0.0032,32.9993
8658,285714.0000,285714.0024,0.0024,0.0037,33.0002
8659,285747.0000,285747.0026,0.0026,0.0038,33.0002
8660,285780.0000,285780.0023,0.0023,0.0034,32.9997
8661,285813.0000,285813.0052,0.0052,0.0034,33.0029
8662,285846.0000,285846.0019,0.0019,0.0035,32.9967
8663,285879.0000,285879.0018,0.0018,0.0031,32.9999
8664,285912.0000,285912.0019,0.0019,0.0031,33.0001
8665,285945.0000,285945.0023,0.0023,0.0031,33.0004
8666,285978.0000,285978.0024,0.0024,0.0033,33.0001
8667,286011.0000,286011.0028,0.0028,0.0031,33.0005
8668,286044.0000,286044.0016,0.0016,0.0031,32.9988
8669,286077.0000,286077.0016,0.0016,0.0032,33.0000
8670,286110.0000,286110.0017,0.0017,0.0027,33.0002
8671,286143.0000,286143.0014,0.0014,0.0029,32.9997
8672,286176.0000,286176.0015,0.0015,0.0030,33.0001
8673,286209.0000,286209.0017,0.0017,0.0030,33.0003
8674,286242.0000,286242.0019,0.0019,0.0032,33.0002
8675,286275.0000,286275.0019,0.0019,0.0034,33.0000
8676,286308.0000,286308.0020,0.0020,0.0040,33.0001
8677,286341.0000,286341.0056,0.0056,0.0036,33.0036
8678,286374.0000,286374.0018,0.0018,0.0041,32.9962
8679,286407.0000,286407.0021,0.0021,0.0085,33.0003
8680,286440.0000,286440.0019,0.0019,0.0037,32.9998
8681,286473.0000,286473.0019,0.0019,0.0044,33.0000
8682,286506.0000,286506.0020,0.0020,0.0039,33.0001
8683,286539.0000,286539.0039,0.0039,0.0083,33.0019
8684,286572.0000,286572.0019,0.0019,0.0070,32.9980
8685,286605.0000,286605.0023,0.0023,0.0046,33.0004
8686,286638.0000,286638.0024,0.0024,0.0039,33.0001
8687,286671.0000,286671.0021,0.0021,0.0032,32.9996
8688,286704.0000,286704.0023,0.0023,0.0036,33.0003
8689,286737.0000,286737.0024,0.0024,0.0033,33.0001
8690,286770.0000,286770.0016,0.0016,0.0037,32.9992
8691,286803.0000,286803.0018,0.0018,0.0037,33.0002
8692,286836.0000,286836.0017,0.0017,0.0034,32.9999
8693,286869.0000,286869.0019,0.0019,0.0067,33.0001
8694,286902.0000,286902.0029,0.0029,0.0043,33.0010
8695,286935.0000,286935.0023,0.0023,0.0032,32.9994
8696,286968.0000,286968.0020,0.0020,0.0036,32.9997
8697,287001.0000,287001.0024,0.0024,0.0043,33.0004
8698,287034.0000,287034.0046,0.0046,0.0041,33.0023
8699,287067.0000,287067.0026,0.0026,0.0036,32.9980
8700,287100.0000,287100.0110,0.0110,0.0040,33.0084
8701,287133.0000,287133.0030,0.0030,0.0040,32.9920
8702,287166.0000,287166.0024,0.0024,0.0032,32.9993
8703,287199.0000,287199.0020,0.0020,0.0029,32.9997
8704,287232.0000,287232.0018,0.0018,0.0030,32.9998
8705,287265.0000,287265.0017,0.0017,0.0028,32.9999
8706,287298.0000,287298.0019,0.0019,0.0034,33.0002
8707,287331.0000,287331.0021,0.0021,0.0034,33.0002
8708,287364.0000,287364.0022,0.0022,0.0028,33.0001
8709,287397.0000,287397.0126,0.0126,0.0049,33.0104
8710,287430.0000,287430.0029,0.0029,0.0040,32.9904
8711,287463.0000,287463.0028,0.0028,0.0035,32.9998
8712,287496.0000,287496.0017,0.0017,0.0028,32.9989
8713,287529.0000,287529.0027,0.0027,0.0034,33.0010
8714,287562.0000,287562.0016,0.0016,0.0032,32.9989
8715,287595.0000,287595.0019,0.0019,0.0034,33.0002
8716,287628.0000,287628.0018,0.0018,0.0034,33.0000
8717,287661.0000,287661.0019,0.0019,0.0041,33.0001
8718,287694.0000,287695.2220,1.2220,0.0034,34.2201
8719,287727.0000,287727.0013,0.0013,0.0026,31.7793
8720,287760.0000,287760.0020,0.0020,0.0031,33.0007
8721,287793.0000,287793.0022,0.0022,0.0038,33.0002
8722,287826.0000,287826.0024,0.0024,0.0038,33.0002
8723,287859.0000,287859.0022,0.0022,0.0034,32.9998
8724,287892.0000,287892.0023,0.0023,0.0037,33.0001
8725,287925.0000,287925.0077,0.0077,0.0039,33.0054
8726,287958.0000,287958.0019,0.0019,0.0046,32.9942
8727,287991.0000,287991.0021,0.0021,0.0040,33.0002
8728,288024.0000,288024.0022,0.0022,0.0040,33.0001
8729,288057.0000,288057.0020,0.0020,0.0033,32.9998
8730,288090.0000,288090.0023,0.0023,0.0048,33.0003
8731,288123.0000,288123.0024,0.0024,0.0035,33.0001
8732,288156.0000,288156.0046,0.0046,0.0042,33.0023
8733,288189.0000,288189.0025,0.0025,0.0035,32.9978
8734,288222.0000,288222.0027,0.0027,0.0038,33.0002
8735,288255.0000,288255.0029,0.0029,0.0037,33.0002
8736,288288.0000,288288.0019,0.0019,0.0035,32.9990
8737,288321.0000,288321.0021,0.0021,0.0029,33.0002
8738,288354.0000,288354.0023,0.0023,0.0041,33.0002
8739,288387.0000,288387.0042,0.0042,0.0040,33.0019
8740,288420.0000,288420.0024,0.0024,0.0045,32.9982
8741,288453.0000,288453.0057,0.0057,0.0074,33.0033
8742,288486.0000,288486.0023,0.0023,0.0049,32.9967
8743,288519.0000,288519.0026,0.0026,0.0041,33.0003
8744,288552.0000,288552.0027,0.0027,0.0058,33.0001
8745,288585.0000,288585.0027,0.0027,0.0182,33.0000
8746,288618.0000,288618.0023,0.0023,0.0038,32.9996
8747,288651.0000,288651.3697,0.3697,0.0033,33.3675
8748,288684.0000,288684.0018,0.0018,0.0031,32.6321
8749,288717.0000,288717.0018,0.0018,0.0034,33.0000
8750,288750.0000,288750.0020,0.0020,0.0034,33.0001
8751,288783.0000,288783.0019,0.0019,0.0029,32.9999
8752,288816.0000,288816.0014,0.0014,0.0034,32.9995
8753,288849.0000,288849.0013,0.0013,0.0038,32.9999
8754,288882.0000,288882.0014,0.0014,0.0026,33.0001
8755,288915.0000,288915.0016,0.0016,0.0057,33.0002
8756,288948.0000,288948.0020,0.0020,0.0030,33.0004
8757,288981.0000,288981.0027,0.0027,0.0044,33.0007
8758,289014.0000,289014.0017,0.0017,0.0033,32.9990
8759,289047.0000,289047.0019,0.0018,0.0032,33.0002
8760,289080.0000,289080.0016,0.0016,0.0036,32.9997
8761,289113.0000,289113.0020,0.0020,0.0033,33.0005
8762,289146.0000,289146.0022,0.0022,0.0033,33.0002
8763,289179.0000,289179.0025,0.0025,0.0046,33.0003
8764,289212.0000,289212.0021,0.0021,0.0039,32.9996
8765,289245.0000,289245.0025,0.0025,0.0036,33.0004
8766,289278.0000,289278.0027,0.0027,0.0033,33.0002
8767,289311.0000,289311.0020,0.0020,0.0032,32.9994
8768,289344.0000,289344.0023,0.0023,0.0035,33.0002
8769,289377.0000,289377.0019,0.0019,0.0033,32.9996
8770,289410.0000,289410.0019,0.0019,0.0024,33.0000
8771,289443.0000,289443.0041,0.0041,0.0030,33.0022
8772,289476.0000,289476.0020,0.0020,0.0039,32.9978
8773,289509.0000,289509.0013,0.0013,0.0019,32.9993
8774,289542.0000,289542.0015,0.0015,0.0021,33.0002
8775,289575.0000,289575.0079,0.0079,0.0038,33.0064
8776,289608.0000,289608.0016,0.0016,0.0024,32.9937
8777,289641.0000,289641.0024,0.0024,0.0032,33.0008
8778,289674.0000,289674.0020,0.0020,0.0023,32.9996
8779,289707.0000,289707.0019,0.0019,0.0059,32.9999
8780,289740.0000,289740.0018,0.0018,0.0027,32.9999
8781,289773.0000,289773.0018,0.0018,0.0029,33.0000
8782,289806.0000,289806.0016,0.0016,0.0026,32.9998
8783,289839.0000,289839.0011,0.0011,0.0022,32.9995
8784,289872.0000,289872.0011,0.0011,0.0022,33.0000
8785,289905.0000,289905.0010,0.0010,0.0020,33.0000
8786,289938.0000,289938.0011,0.0011,0.0018,33.0001
8787,289971.0000,289971.0013,0.0013,0.0020,33.0002
8788,290004.0000,290004.0012,0.0012,0.0019,32.9999
8789,290037.0000,290037.0011,0.0011,0.0018,32.9999
8790,290070.0000,290070.0011,0.0011,0.0019,33.0000
8791,290103.0000,290103.0011,0.0011,0.0018,33.0000
8792,290136.0000,290136.0011,0.0011,0.0019,32.9999
8793,290169.0000,290180.0993,11.0993,0.0023,44.0983
8794,290202.0000,290202.0014,0.0014,0.0021,21.9021
8795,290235.0000,290235.0012,0.0012,0.0018,32.9998
8796,290268.0000,290268.0014,0.0014,0.0025,33.0002
8797,290301.0000,290301.0012,0.0012,0.0025,32.9998
8798,290334.0000,290334.0017,0.0017,0.0028,33.0006
8799,290367.0000,290367.0016,0.0016,0.0029,32.9999
8800,290400.0000,290400.0023,0.0023,0.0024,33.0007
8801,290433.0000,290433.0014,0.0014,0.0029,32.9991
8802,290466.0000,290466.0017,0.0017,0.0028,33.0002
8803,290499.0000,290499.0016,0.0016,0.0030,32.9999
8804,290532.0000,290532.0015,0.0015,0.0024,32.9999
8805,290565.0000,290565.0019,0.0019,0.0024,33.0005
8806,290598.0000,290598.0016,0.0016,0.0024,32.9997
8807,290631.0000,290631.0018,0.0018,0.0021,33.0002
8808,290664.0000,290664.0018,0.0018,0.0030,33.0000
8809,290697.0000,290697.0024,0.0024,0.0033,33.0006
8810,290730.0000,290730.0022,0.0022,0.0028,32.9997
8811,290763.0000,290763.0024,0.0024,0.0029,33.0002
8812,290796.0000,290796.0021,0.0021,0.0025,32.9997
8813,290829.0000,290829.0024,0.0024,0.0030,33.0003
8814,290862.0000,290862.0017,0.0017,0.0030,32.9993
8815,290895.0000,290895.0020,0.0020,0.0028,33.0003
8816,290928.0000,290928.0022,0.0022,0.0030,33.0001
8817,290961.0000,290961.0016,0.0016,0.0036,32.9995
8818,290994.0000,290994.0017,0.0017,0.0023,33.0001
8819,291027.0000,291027.0014,0.0014,0.0025,32.9997
8820,291060.0000,291060.0015,0.0015,0.0023,33.0001
8821,291093.0000,291093.0016,0.0016,0.0026,33.0000
8822,291126.0000,291126.0014,0.0014,0.0023,32.9998
8823,291159.0000,291159.3453,0.3453,0.0025,33.3440
8824,291192.0000,291192.0012,0.0012,0.0022,32.6559
8825,291225.0000,291225.0010,0.0010,0.0015,32.9997
8826,291258.0000,291258.0009,0.0009,0.0016,32.9999
8827,291291.0000,291291.0010,0.0010,0.0018,33.0001
8828,291324.0000,291324.0011,0.0011,0.0019,33.0001
8829,291357.0000,291357.0010,0.0010,0.0014,32.9999
8830,291390.0000,291390.0012,0.0012,0.0017,33.0002
8831,291423.0000,291423.0011,0.0011,0.0017,32.9999
8832,291456.0000,291456.0009,0.0009,0.0016,32.9999
8833,291489.0000,291489.0009,0.0009,0.0018,33.0000
8834,291522.0000,291522.0009,0.0009,0.0018,33.0000
8835,291555.0000,291555.0022,0.0022,0.0037,33.0013
8836,291588.0000,291588.0024,0.0024,0.0037,33.0002
8837,291621.0000,291621.0019,0.0019,0.0039,32.9995
8838,291654.0000,291654.0021,0.0021,0.0039,33.0001
8839,291687.0000,291687.0021,0.0021,0.0040,33.0001
8840,291720.0000,291720.0026,0.0026,0.0034,33.0004
8841,291753.0000,291753.0021,0.0021,0.0034,32.9996
8842,291786.0000,291786.0027,0.0027,0.0039,33.0006
8843,291819.0000,291819.0023,0.0023,0.0037,32.9995
8844,291852.0000,291852.0025,0.0025,0.0039,33.0002
8845,291885.0000,291885.0032,0.0032,0.0040,33.0007
8846,291918.0000,291918.0031,0.0031,0.0036,32.9999
8847,291951.0000,291951.0020,0.0020,0.0157,32.9989
8848,291984.0000,291984.0020,0.0020,0.0030,33.0000
8849,292017.0000,292017.0020,0.0020,0.0029,33.0001
8850,292050.0000,292050.0018,0.0018,0.0028,32.9998
8851,292083.0000,292083.0020,0.0020,0.0025,33.0002
8852,292116.0000,292116.0020,0.0020,0.0027,33.0000
8853,292149.0000,292149.0019,0.0019,0.0032,32.9999
8854,292182.0000,292182.0021,0.0021,0.0033,33.0002
8855,292215.0000,292215.0023,0.0023,0.0034,33.0002
8856,292248.0000,292248.0026,0.0026,0.0038,33.0003
8857,292281.0000,292281.0018,0.0018,0.0028,32.9993
8858,292314.0000,292314.0030,0.0030,0.0039,33.0011
8859,292347.0000,292347.0017,0.0017,0.0032,32.9987
8860,292380.0000,292380.0015,0.0015,0.0025,32.9998
8861,292413.0000,292413.0015,0.0015,0.0030,33.0000
8862,292446.0000,292446.0016,0.0016,0.0031,33.0001
8863,292479.0000,292479.0019,0.0019,0.0029,33.0003
8864,292512.0000,292512.0014,0.0014,0.0026,32.9995
8865,292545.0000,292545.0016,0.0016,0.0030,33.0002
8866,292578.0000,292578.0016,0.0016,0.0026,33.0000
8867,292611.0000,292611.0020,0.0020,0.0029,33.0004
8868,292644.0000,292644.0020,0.0020,0.0034,33.0001
8869,292677.0000,292677.0029,0.0029,0.0041,33.0009
8870,292710.0000,292710.0017,0.0017,0.0038,32.9988
8871,292743.0000,292743.0027,0.0027,0.0033,33.0010
8872,292776.0000,292776.0018,0.0018,0.0040,32.9991
8873,292809.0000,292809.0030,0.0030,0.0045,33.0012
8874,292842.0000,292842.0021,0.0021,0.0040,32.9991
8875,292875.0000,292875.0031,0.0031,0.0040,33.0010
8876,292908.0000,292908.0022,0.0022,0.0038,32.9990
8877,292941.0000,292941.0019,0.0019,0.0041,32.9997
8878,292974.0000,292974.0018,0.0018,0.0034,33.0000
8879,293007.0000,293007.0021,0.0021,0.0033,33.0002
8880,293040.0000,293040.0016,0.0016,0.0031,32.9995
8881,293073.0000,293073.0017,0.0017,0.0032,33.0001
8882,293106.0000,293106.0015,0.0015,0.0027,32.9998
8883,293139.0000,293139.0017,0.0017,0.0028,33.0002
8884,293172.0000,293172.0031,0.0031,0.0036,33.0014
8885,293205.0000,293205.0028,0.0028,0.0049,32.9997
8886,293238.0000,293238.0023,0.0023,0.0036,32.9995
8887,293271.0000,293271.0024,0.0024,0.0030,33.0001
8888,293304.0000,293304.0022,0.0022,0.0028,32.9998
8889,293337.0000,293337.0015,0.0015,0.0034,32.9993
8890,293370.0000,293370.0016,0.0016,0.0030,33.0001
8891,293403.0000,293403.0015,0.0015,0.0037,32.9999
8892,293436.0000,293436.0017,0.0017,0.0039,33.0002
8893,293469.0000,293469.0016,0.0016,0.0035,32.9999
8894,293502.0000,293502.0014,0.0014,0.0025,32.9999
8895,293535.0000,293535.0016,0.0016,0.0029,33.0002
8896,293568.0000,293568.0017,0.0017,0.0030,33.0001
8897,293601.0000,293601.0015,0.0015,0.0025,32.9998
8898,293634.0000,293634.0016,0.0016,0.0025,33.0001
8899,293667.0000,293667.0013,0.0013,0.0027,32.9997
8900,293700.0000,293700.0012,0.0012,0.0024,32.9999
8901,293733.0000,293733.0013,0.0013,0.0025,33.0001
8902,293766.0000,293766.0014,0.0015,0.0031,33.0001
8903,293799.0000,293799.4651,0.4651,0.0025,33.4636
8904,293832.0000,293832.0012,0.0012,0.0027,32.5361
8905,293865.0000,293865.0237,0.0237,0.0031,33.0225
8906,293898.0000,293898.0018,0.0018,0.0028,32.9781
8907,293931.0000,293931.0018,0.0018,0.0047,33.0000
8908,293964.0000,293964.0015,0.0015,0.0026,32.9997
8909,293997.0000,293997.0017,0.0017,0.0042,33.0002
8910,294030.0000,294030.0018,0.0018,0.0027,33.0001
8911,294063.0000,294063.0016,0.0016,0.0030,32.9998
8912,294096.0000,294096.0014,0.0014,0.0035,32.9998
8913,294129.0000,294129.0017,0.0017,0.0034,33.0003
8914,294162.0000,294162.0018,0.0018,0.0035,33.0001
8915,294195.0000,294195.0023,0.0023,0.0032,33.0005
8916,294228.0000,294228.0025,0.0025,0.0039,33.0002
8917,294261.0000,294261.0020,0.0020,0.0039,32.9995
8918,294294.0000,294294.0022,0.0022,0.0034,33.0002
8919,294327.0000,294327.0020,0.0020,0.0037,32.9998
8920,294360.0000,294360.0024,0.0024,0.0035,33.0004
8921,294393.0000,294393.0022,0.0022,0.0031,32.9999
8922,294426.0000,294426.0023,0.0023,0.0031,33.0001
8923,294459.0000,294459.0018,0.0018,0.0029,32.9995
8924,294492.0000,294492.0021,0.0021,0.0031,33.0003
8925,294525.0000,294525.0031,0.0031,0.0038,33.0010
8926,294558.0000,294558.0017,0.0017,0.0033,32.9987
8927,294591.0000,294591.0018,0.0018,0.0034,33.0000
8928,294624.0000,294624.0028,0.0028,0.0044,33.0010
8929,294657.0000,294657.0021,0.0021,0.0042,32.9993
8930,294690.0000,294690.0022,0.0022,0.0035,33.0001
8931,294723.0000,294723.0023,0.0023,0.0034,33.0001
8932,294756.0000,294756.0025,0.0025,0.0036,33.0002
8933,294789.0000,294789.0025,0.0025,0.0038,33.0000
8934,294822.0000,294822.0022,0.0022,0.0040,32.9996
8935,294855.0000,294855.0017,0.0017,0.0030,32.9995
8936,294888.0000,294888.0017,0.0017,0.0030,33.0001
8937,294921.0000,294921.0015,0.0015,0.0034,32.9998
8938,294954.0000,294954.0018,0.0018,0.0035,33.0002
8939,294987.0000,294987.0025,0.0025,0.0039,33.0007
8940,295020.0000,295020.0017,0.0017,0.0030,32.9992
8941,295053.0000,295053.0016,0.0016,0.0026,32.9999
8942,295086.0000,295086.0014,0.0014,0.0026,32.9998
8943,295119.0000,295119.0013,0.0013,0.0021,32.9999
8944,295152.0000,295152.0016,0.0016,0.0025,33.0003
8945,295185.0000,295185.0013,0.0013,0.0023,32.9996
8946,295218.0000,295218.0011,0.0011,0.0020,32.9999
8947,295251.0000,295251.0010,0.0010,0.0023,32.9999
8948,295284.0000,295284.0011,0.0011,0.0028,33.0001
8949,295317.0000,295317.0020,0.0020,0.0167,33.0009
8950,295350.0000,295350.0010,0.0010,0.0015,32.9990
8951,295383.0000,295383.0010,0.0010,0.0022,33.0000
8952,295416.0000,295416.0015,0.0015,0.0018,33.0004
8953,295449.0000,295449.0012,0.0012,0.0019,32.9997
8954,295482.0000,295482.0014,0.0014,0.0019,33.0002
8955,295515.0000,295515.0017,0.0017,0.0027,33.0003
8956,295548.0000,295548.0016,0.0016,0.0022,32.9999
8957,295581.0000,295581.0015,0.0015,0.0022,32.9999
8958,295614.0000,295614.0013,0.0013,0.0025,32.9998
8959,295647.0000,295647.0014,0.0014,0.0026,33.0001
8960,295680.0000,295680.0012,0.0012,0.0027,32.9998
8961,295713.0000,295713.0014,0.0014,0.0027,33.0002
8962,295746.0000,295746.0018,0.0018,0.0027,33.0004
8963,295779.0000,295779.3894,0.3894,0.0036,33.3876
8964,295812.0000,295812.0014,0.0014,0.0032,32.6119
8965,295845.0000,295845.0024,0.0024,0.0036,33.0011
8966,295878.0000,295878.0031,0.0031,0.0041,33.0007
8967,295911.0000,295911.0048,0.0048,0.0060,33.0017
8968,295944.0000,295944.0028,0.0028,0.0028,32.9980
8969,295977.0000,295977.0031,0.0031,0.0036,33.0004
8970,296010.0000,296010.0036,0.0036,0.0043,33.0005
8971,296043.0000,296043.0031,0.0031,0.0041,32.9995
8972,296076.0000,296076.0025,0.0025,0.0037,32.9994
8973,296109.0000,296109.0036,0.0036,0.0037,33.0011
8974,296142.0000,296142.0034,0.0034,0.0045,32.9998
8975,296175.0000,296175.0028,0.0028,0.0038,32.9994
8976,296208.0000,296208.0021,0.0021,0.0034,32.9993
8977,296241.0000,296241.0030,0.0030,0.0041,33.0009
8978,296274.0000,296274.0025,0.0025,0.0038,32.9996
8979,296307.0000,296307.0025,0.0025,0.0030,33.0000
8980,296340.0000,296340.0017,0.0017,0.0030,32.9992
8981,296373.0000,296373.0032,0.0032,0.0031,33.0015
8982,296406.0000,296406.0027,0.0027,0.0033,32.9995
8983,296439.0000,296439.0014,0.0014,0.0032,32.9987
8984,296472.0000,296472.0013,0.0013,0.0026,32.9999
8985,296505.0000,296505.0019,0.0019,0.0033,33.0006
8986,296538.0000,296538.0011,0.0011,0.0024,32.9992
8987,296571.0000,296571.0013,0.0013,0.0027,33.0001
8988,296604.0000,296604.0017,0.0017,0.0025,33.0005
8989,296637.0000,296637.0012,0.0012,0.0019,32.9994
8990,296670.0000,296670.0011,0.0011,0.0016,32.9999
8991,296703.0000,296703.0011,0.0011,0.0018,33.0000
8992,296736.0000,296736.0010,0.0010,0.0015,33.0000
8993,296769.0000,296769.0009,0.0009,0.0016,32.9999
8994,296802.0000,296802.0011,0.0011,0.0016,33.0002
8995,296835.0000,296835.0013,0.0013,0.0019,33.0001
8996,296868.0000,296868.0017,0.0017,0.0018,33.0005
8997,296901.0000,296901.0013,0.0013,0.0026,32.9995
8998,296934.0000,296934.0013,0.0013,0.0018,33.0000
8999,296967.0000,296967.0022,0.0022,0.0023,33.0009
9000,297000.0000,297000.0018,0.0018,0.0024,32.9996
9001,297033.0000,297033.0015,0.0015,0.0024,32.9997
9002,297066.0000,297066.0030,0.0030,0.0036,33.0016
9003,297099.0000,297099.0018,0.0018,0.0029,32.9987
9004,297132.0000,297132.0021,0.0021,0.0034,33.0003
9005,297165.0000,297165.0028,0.0028,0.0036,33.0008
9006,297198.0000,297198.0031,0.0031,0.0045,33.0002
9007,297231.0000,297231.0024,0.0024,0.0040,32.9993
9008,297264.0000,297264.0020,0.0020,0.0040,32.9997
9009,297297.0000,297297.0027,0.0027,0.0033,33.0006
9010,297330.0000,297330.0014,0.0014,0.0020,32.9988
9011,297363.0000,297363.0023,0.0023,0.0025,33.0009
9012,297396.0000,297396.0015,0.0015,0.0027,32.9992
9013,297429.0000,297429.0015,0.0015,0.0026,33.0000
9014,297462.0000,297462.0018,0.0018,0.0029,33.0003
9015,297495.0000,297495.0020,0.0020,0.0029,33.0002
9016,297528.0000,297528.0019,0.0019,0.0034,32.9999
9017,297561.0000,297561.0021,0.0021,0.0031,33.0002
9018,297594.0000,297594.0020,0.0020,0.0035,32.9998
9019,297627.0000,297627.0022,0.0022,0.0035,33.0003
9020,297660.0000,297660.0021,0.0021,0.0036,32.9999
9021,297693.0000,297693.0026,0.0026,0.0034,33.0005
9022,297726.0000,297726.0019,0.0019,0.0035,32.9993
9023,297759.0000,297759.0022,0.0022,0.0036,33.0002
9024,297792.0000,297792.0022,0.0022,0.0032,33.0000
9025,297825.0000,297825.0019,0.0019,0.0030,32.9997
9026,297858.0000,297858.0020,0.0020,0.0037,33.0001
9027,297891.0000,297891.0016,0.0016,0.0025,32.9995
9028,297924.0000,297924.0309,0.0309,0.0037,33.0294
9029,297957.0000,297957.0028,0.0028,0.0039,32.9719
9030,297990.0000,297990.0018,0.0018,0.0031,32.9990
9031,298023.0000,298023.0020,0.0020,0.0027,33.0001
9032,298056.0000,298056.0022,0.0022,0.0031,33.0002
9033,298089.0000,298089.0018,0.0018,0.0028,32.9997
9034,298122.0000,298122.0021,0.0021,0.0031,33.0003
9035,298155.0000,298155.0030,0.0030,0.0040,33.0009
9036,298188.0000,298188.0019,0.0019,0.0037,32.9989
9037,298221.0000,298221.0027,0.0027,0.0043,33.0008
9038,298254.0000,298254.0028,0.0028,0.0036,33.0002
9039,298287.0000,298287.0022,0.0022,0.0034,32.9993
9040,298320.0000,298320.2229,0.2229,0.0044,33.2207
9041,298353.0000,298353.0024,0.0024,0.0038,32.7796
9042,298386.0000,298386.0021,0.0021,0.0038,32.9997
9043,298419.0000,298419.0024,0.0024,0.0036,33.0003
9044,298452.0000,298452.0025,0.0025,0.0037,33.0000
9045,298485.0000,298485.0092,0.0092,0.0037,33.0067
9046,298518.0000,298518.0018,0.0018,0.0041,32.9926
9047,298551.0000,298551.0025,0.0025,0.0032,33.0007
9048,298584.0000,298584.0019,0.0019,0.0036,32.9994
9049,298617.0000,298617.0019,0.0019,0.0034,33.0000
9050,298650.0000,298650.0022,0.0022,0.0036,33.0003
9051,298683.0000,298683.0019,0.0019,0.0179,32.9998
9052,298716.0000,298716.0020,0.0020,0.0035,33.0001
9053,298749.0000,298749.0025,0.0025,0.0041,33.0005
9054,298782.0000,298782.0022,0.0022,0.0031,32.9997
9055,298815.0000,298815.0024,0.0024,0.0039,33.0001
9056,298848.0000,298848.0027,0.0027,0.0030,33.0003
9057,298881.0000,298881.0021,0.0021,0.0038,32.9994
9058,298914.0000,298914.0019,0.0019,0.0041,32.9999
9059,298947.0000,298947.0020,0.0020,0.0038,33.0001
9060,298980.0000,298980.0022,0.0022,0.0041,33.0002
9061,299013.0000,299013.0024,0.0024,0.0034,33.0002
9062,299046.0000,299046.0023,0.0023,0.0034,32.9999
9063,299079.0000,299079.0024,0.0024,0.0044,33.0002
9064,299112.0000,299112.0021,0.0021,0.0037,32.9996
9065,299145.0000,299145.0021,0.0021,0.0030,33.0001
9066,299178.0000,299178.0024,0.0024,0.0032,33.0002
9067,299211.0000,299211.0024,0.0024,0.0029,33.0000
9068,299244.0000,299244.0027,0.0027,0.0030,33.0003
9069,299277.0000,299277.0022,0.0022,0.0033,32.9996
9070,299310.0000,299310.0021,0.0021,0.0033,32.9999
9071,299343.0000,299343.0029,0.0029,0.0040,33.0007
9072,299376.0000,299376.0021,0.0020,0.0038,32.9992
9073,299409.0000,299409.0023,0.0023,0.0037,33.0002
9074,299442.0000,299442.0024,0.0024,0.0038,33.0001
9075,299475.0000,299475.0020,0.0020,0.0027,32.9996
9076,299508.0000,299508.0022,0.0022,0.0030,33.0002
9077,299541.0000,299541.0259,0.0259,0.0030,33.0237
9078,299574.0000,299574.0017,0.0017,0.0028,32.9758
9079,299607.0000,299607.0014,0.0014,0.0029,32.9997
9080,299640.0000,299640.0014,0.0014,0.0027,33.0001
9081,299673.0000,299673.0016,0.0016,0.0024,33.0001
9082,299706.0000,299706.0018,0.0018,0.0030,33.0002
9083,299739.0000,299739.0013,0.0013,0.0023,32.9995
9084,299772.0000,299772.0016,0.0016,0.0023,33.0003
9085,299805.0000,299805.0015,0.0015,0.0019,32.9999
9086,299838.0000,299838.0010,0.0009,0.0015,32.9994
9087,299871.0000,299871.0012,0.0012,0.0019,33.0002
9088,299904.0000,299904.0011,0.0011,0.0018,33.0000
9089,299937.0000,299937.0011,0.0011,0.0016,33.0000
9090,299970.0000,299970.0009,0.0009,0.0019,32.9998
9091,300003.0000,300003.0012,0.0012,0.0019,33.0003
9092,300036.0000,300036.0021,0.0021,0.0028,33.0009
9093,300069.0000,300069.0020,0.0020,0.0032,32.9999
9094,300102.0000,300102.0020,0.0020,0.0034,33.0000
9095,300135.0000,300135.0023,0.0023,0.0040,33.0003
9096,300168.0000,300168.0019,0.0019,0.0037,32.9997
9097,300201.0000,300201.0019,0.0019,0.0038,33.0000
9098,300234.0000,300234.0022,0.0022,0.0030,33.0003
9099,300267.0000,300267.0024,0.0024,0.0030,33.0002
9100,300300.0000,300300.0027,0.0027,0.0033,33.0003
9101,300333.0000,300333.0022,0.0022,0.0024,32.9995
9102,300366.0000,300366.0018,0.0018,0.0031,32.9996
9103,300399.0000,300399.0018,0.0018,0.0033,33.0000
9104,300432.0000,300432.0018,0.0018,0.0032,33.0000
9105,300465.0000,300465.0020,0.0020,0.0032,33.0001
9106,300498.0000,300498.0022,0.0022,0.0032,33.0002
9107,300531.0000,300531.0021,0.0021,0.0029,32.9999
9108,300564.0000,300564.0023,0.0023,0.0034,33.0002
9109,300597.0000,300597.0024,0.0024,0.0036,33.0002
9110,300630.0000,300630.0022,0.0022,0.0031,32.9998
9111,300663.0000,300663.0019,0.0019,0.0029,32.9997
9112,300696.0000,300696.0017,0.0017,0.0036,32.9998
9113,300729.0000,300729.0016,0.0016,0.0038,32.9999
9114,300762.0000,300762.0017,0.0017,0.0032,33.0000
9115,300795.0000,300795.0019,0.0019,0.0032,33.0002
9116,300828.0000,300828.0018,0.0018,0.0029,32.9999
9117,300861.0000,300861.0016,0.0016,0.0026,32.9999
9118,300894.0000,300894.0016,0.0016,0.0022,32.9999
9119,300927.0000,300927.0012,0.0012,0.0027,32.9996
9120,300960.0000,300960.0013,0.0013,0.0023,33.0001
9121,300993.0000,300993.0014,0.0014,0.0025,33.0001
9122,301026.0000,301026.0013,0.0013,0.0025,32.9999
9123,301059.0000,301059.0014,0.0014,0.0026,33.0001
9124,301092.0000,301092.0011,0.0011,0.0027,32.9998
9125,301125.0000,301125.0014,0.0014,0.0026,33.0003
9126,301158.0000,301158.0015,0.0015,0.0033,33.0001
9127,301191.0000,301191.0014,0.0014,0.0028,32.9999
9128,301224.0000,301224.0018,0.0018,0.0025,33.0004
9129,301257.0000,301257.0017,0.0017,0.0027,32.9999
9130,301290.0000,301290.0021,0.0021,0.0029,33.0004
9131,301323.0000,301323.0023,0.0023,0.0035,33.0002
9132,301356.0000,301356.0017,0.0017,0.0032,32.9994
9133,301389.0000,301389.0019,0.0019,0.0026,33.0002
9134,301422.0000,301422.0021,0.0021,0.0036,33.0002
9135,301455.0000,301455.0014,0.0014,0.0031,32.9993
9136,301488.0000,301488.0016,0.0016,0.0034,33.0001
9137,301521.0000,301521.0018,0.0018,0.0031,33.0002
9138,301554.0000,301554.0020,0.0020,0.0032,33.0002
9139,301587.0000,301587.0022,0.0022,0.0037,33.0003
9140,301620.0000,301620.0024,0.0024,0.0047,33.0002
9141,301653.0000,301653.0022,0.0022,0.0043,32.9998
9142,301686.0000,301686.0024,0.0024,0.0039,33.0002
9143,301719.0000,301719.0025,0.0025,0.0034,33.0001
9144,301752.0000,301752.0031,0.0031,0.0037,33.0005
9145,301785.0000,301785.0029,0.0029,0.0034,32.9998
9146,301818.0000,301818.0018,0.0018,0.0036,32.9989
9147,301851.0000,301851.0018,0.0018,0.0030,33.0000
9148,301884.0000,301884.0022,0.0022,0.0036,33.0004
9149,301917.0000,301917.0019,0.0019,0.0031,32.9998
9150,301950.0000,301950.0016,0.0016,0.0035,32.9997
9151,301983.0000,301983.0017,0.0017,0.0030,33.0001
9152,302016.0000,302016.0019,0.0019,0.0025,33.0001
9153,302049.0000,302049.0020,0.0020,0.0166,33.0002
9154,302082.0000,302083.8300,1.8300,0.0029,34.8280
9155,302115.0000,302115.0019,0.0019,0.0031,31.1719
9156,302148.0000,302148.0016,0.0016,0.0028,32.9997
9157,302181.0000,302181.0017,0.0017,0.0027,33.0001
9158,302214.0000,302214.0015,0.0015,0.0024,32.9998
9159,302247.0000,302247.0013,0.0013,0.0027,32.9998
9160,302280.0000,302280.0014,0.0014,0.0025,33.0001
9161,302313.0000,302313.0019,0.0019,0.0034,33.0005
9162,302346.0000,302346.0017,0.0017,0.0023,32.9998
9163,302379.0000,302379.0025,0.0025,0.0031,33.0008
9164,302412.0000,302412.0018,0.0018,0.0027,32.9994
9165,302445.0000,302445.0017,0.0017,0.0030,32.9999
9166,302478.0000,302478.0023,0.0023,0.0027,33.0005
9167,302511.0000,302511.0019,0.0019,0.0025,32.9996
9168,302544.0000,302544.0016,0.0016,0.0031,32.9997
9169,302577.0000,302577.0015,0.0015,0.0030,33.0000
9170,302610.0000,302610.0019,0.0019,0.0026,33.0003
9171,302643.0000,302643.0018,0.0018,0.0031,32.9999
9172,302676.0000,302676.0020,0.0020,0.0033,33.0002
9173,302709.0000,302709.0022,0.0022,0.0032,33.0002
9174,302742.0000,302742.0018,0.0018,0.0026,32.9996
9175,302775.0000,302775.0020,0.0020,0.0027,33.0002
9176,302808.0000,302808.0022,0.0022,0.0027,33.0002
9177,302841.0000,302841.0024,0.0024,0.0026,33.0002
9178,302874.0000,302874.0020,0.0020,0.0024,32.9997
9179,302907.0000,302907.0017,0.0017,0.0029,32.9997
9180,302940.0000,302940.0016,0.0016,0.0030,32.9999
9181,302973.0000,302973.0016,0.0016,0.0031,33.0000
9182,303006.0000,303006.0019,0.0019,0.0032,33.0003
9183,303039.0000,303039.0018,0.0018,0.0030,32.9999
9184,303072.0000,303072.0022,0.0022,0.0031,33.0004
9185,303105.0000,303105.0017,0.0017,0.0028,32.9995
9186,303138.0000,303138.0013,0.0013,0.0025,32.9996
9187,303171.0000,303171.0014,0.0014,0.0026,33.0002
9188,303204.0000,303204.0014,0.0014,0.0032,32.9999
9189,303237.0000,303237.0012,0.0012,0.0026,32.9999
9190,303270.0000,303270.0011,0.0011,0.0023,32.9999
9191,303303.0000,303303.0010,0.0010,0.0023,32.9998
9192,303336.0000,303336.0011,0.0011,0.0024,33.0001
9193,303369.0000,303369.0009,0.0009,0.0025,32.9998
9194,303402.0000,303402.0011,0.0011,0.0022,33.0002
9195,303435.0000,303435.0011,0.0011,0.0028,32.9999
9196,303468.0000,303468.0011,0.0011,0.0026,33.0001
9197,303501.0000,303501.0018,0.0018,0.0038,33.0007
9198,303534.0000,303534.0015,0.0015,0.0024,32.9997
9199,303567.0000,303567.0022,0.0022,0.0035,33.0007
9200,303600.0000,303600.0023,0.0023,0.0033,33.0001
9201,303633.0000,303633.0025,0.0025,0.0032,33.0002
9202,303666.0000,303666.0019,0.0019,0.0028,32.9994
9203,303699.0000,303699.0021,0.0021,0.0047,33.0002
9204,303732.0000,303732.0019,0.0019,0.0031,32.9998
9205,303765.0000,303765.0020,0.0020,0.0041,33.0001
9206,303798.0000,303798.0023,0.0023,0.0031,33.0003
9207,303831.0000,303831.0024,0.0024,0.0033,33.0001
9208,303864.0000,303864.0026,0.0026,0.0040,33.0002
9209,303897.0000,303897.0029,0.0029,0.0045,33.0003
9210,303930.0000,303930.0024,0.0024,0.0037,32.9995
9211,303963.0000,303963.0028,0.0028,0.0050,33.0004
9212,303996.0000,303996.0033,0.0033,0.0047,33.0004
9213,304029.0000,304029.0029,0.0029,0.0046,32.9996
9214,304062.0000,304062.0037,0.0037,0.0047,33.0008
9215,304095.0000,304095.0035,0.0035,0.0056,32.9999
9216,304128.0000,304128.0029,0.0029,0.0037,32.9993
9217,304161.0000,304161.0023,0.0023,0.0039,32.9994
9218,304194.0000,304194.0023,0.0023,0.0032,33.0000
9219,304227.0000,304227.0012,0.0012,0.0027,32.9990
9220,304260.0000,304260.0012,0.0012,0.0026,33.0000
9221,304293.0000,304293.0012,0.0012,0.0027,33.0000
9222,304326.0000,304326.0016,0.0016,0.0024,33.0004
9223,304359.0000,304359.0017,0.0017,0.0035,33.0001
9224,304392.0000,304392.0014,0.0014,0.0033,32.9996
9225,304425.0000,304425.0016,0.0016,0.0032,33.0002
9226,304458.0000,304458.0013,0.0013,0.0026,32.9997
9227,304491.0000,304491.0014,0.0014,0.0031,33.0001
9228,304524.0000,304524.0016,0.0016,0.0023,33.0002
9229,304557.0000,304557.0017,0.0017,0.0031,33.0001
9230,304590.0000,304590.0019,0.0019,0.0023,33.0002
9231,304623.0000,304623.0019,0.0019,0.0024,33.0000
9232,304656.0000,304656.0016,0.0016,0.0032,32.9997
9233,304689.0000,304689.0023,0.0023,0.0032,33.0007
9234,304722.0000,304722.0019,0.0019,0.0037,32.9996
9235,304755.0000,304755.0016,0.0016,0.0029,32.9997
9236,304788.0000,304788.0028,0.0028,0.0032,33.0012
9237,304821.0000,304821.0020,0.0020,0.0037,32.9992
9238,304854.0000,304854.0020,0.0020,0.0039,33.0000
9239,304887.0000,304887.0020,0.0020,0.0031,33.0000
9240,304920.0000,304920.0022,0.0022,0.0033,33.0001
9241,304953.0000,304953.0023,0.0023,0.0031,33.0002
9242,304986.0000,304986.0021,0.0021,0.0036,32.9997
9243,305019.0000,305019.0022,0.0022,0.0036,33.0002
9244,305052.0000,305052.0024,0.0024,0.0037,33.0002
9245,305085.0000,305085.0023,0.0023,0.0029,32.9999
9246,305118.0000,305118.0020,0.0020,0.0026,32.9997
9247,305151.0000,305151.0018,0.0018,0.0030,32.9998
9248,305184.0000,305184.0017,0.0017,0.0025,32.9999
9249,305217.0000,305217.0020,0.0020,0.0035,33.0003
9250,305250.0000,305250.0018,0.0018,0.0035,32.9998
9251,305283.0000,305283.0019,0.0019,0.0034,33.0001
9252,305316.0000,305316.0021,0.0021,0.0037,33.0002
9253,305349.0000,305349.0023,0.0023,0.0029,33.0001
9254,305382.0000,305382.0024,0.0024,0.0037,33.0001
9255,305415.0000,305415.0027,0.0027,0.0204,33.0003
9256,305448.0000,305448.0029,0.0029,0.0034,33.0003
9257,305481.0000,305481.0022,0.0022,0.0029,32.9992
9258,305514.0000,305514.0019,0.0019,0.0033,32.9997
9259,305547.0000,305547.0021,0.0021,0.0033,33.0002
9260,305580.0000,305580.0019,0.0019,0.0031,32.9998
9261,305613.0000,305613.0021,0.0021,0.0051,33.0002
9262,305646.0000,305646.0022,0.0022,0.0031,33.0001
9263,305679.0000,305679.0025,0.0025,0.0045,33.0002
9264,305712.0000,305712.0022,0.0022,0.0036,32.9997
9265,305745.0000,305745.0025,0.0025,0.0039,33.0003
9266,305778.0000,305778.0017,0.0017,0.0033,32.9992
9267,305811.0000,305811.0025,0.0025,0.0031,33.0008
9268,305844.0000,305844.0029,0.0029,0.0041,33.0004
9269,305877.0000,305877.0017,0.0017,0.0043,32.9988
9270,305910.0000,305910.0020,0.0020,0.0042,33.0003
9271,305943.0000,305943.0020,0.0020,0.0039,33.0000
9272,305976.0000,305976.0020,0.0020,0.0034,33.0000
9273,306009.0000,306009.0018,0.0018,0.0030,32.9998
9274,306042.0000,306042.0018,0.0018,0.0033,33.0000
9275,306075.0000,306075.0013,0.0013,0.0030,32.9996
9276,306108.0000,306108.0011,0.0011,0.0027,32.9998
9277,306141.0000,306141.0012,0.0012,0.0025,33.0001
9278,306174.0000,306174.0012,0.0012,0.0027,32.9999
9279,306207.0000,306207.0011,0.0011,0.0023,33.0000
9280,306240.0000,306240.0011,0.0011,0.0022,32.9999
9281,306273.0000,306273.0011,0.0011,0.0022,33.0000
9282,306306.0000,306306.0014,0.0014,0.0026,33.0003
9283,306339.0000,306339.0015,0.0015,0.0026,33.0001
9284,306372.0000,306372.0014,0.0014,0.0030,32.9999
9285,306405.0000,306405.0016,0.0016,0.0027,33.0001
9286,306438.0000,306438.0017,0.0017,0.0020,33.0001
9287,306471.0000,306471.0013,0.0013,0.0024,32.9996
9288,306504.0000,306504.0015,0.0015,0.0025,33.0002
9289,306537.0000,306537.0020,0.0019,0.0023,33.0004
9290,306570.0000,306570.0017,0.0017,0.0022,32.9997
9291,306603.0000,306603.0015,0.0015,0.0030,32.9998
9292,306636.0000,306636.0016,0.0016,0.0027,33.0002
9293,306669.0000,306669.0013,0.0013,0.0024,32.9997
9294,306702.0000,306702.0013,0.0013,0.0027,32.9999
9295,306735.0000,306735.0014,0.0014,0.0025,33.0002
9296,306768.0000,306768.0016,0.0016,0.0027,33.0002
9297,306801.0000,306801.0013,0.0013,0.0026,32.9996
9298,306834.0000,306834.0014,0.0014,0.0024,33.0001
9299,306867.0000,306867.0017,0.0017,0.0032,33.0003
9300,306900.0000,306900.0023,0.0023,0.0037,33.0006
9301,306933.0000,306933.0014,0.0014,0.0030,32.9991
9302,306966.0000,306966.0020,0.0020,0.0026,33.0006
9303,306999.0000,306999.0020,0.0020,0.0039,33.0000
9304,307032.0000,307032.0020,0.0020,0.0030,33.0000
9305,307065.0000,307065.0017,0.0017,0.0035,32.9997
9306,307098.0000,307098.0019,0.0019,0.0035,33.0002
9307,307131.0000,307131.0018,0.0018,0.0037,33.0000
9308,307164.0000,307164.0022,0.0022,0.0035,33.0004
9309,307197.0000,307197.0024,0.0024,0.0045,33.0002
9310,307230.0000,307230.0026,0.0026,0.0035,33.0002
9311,307263.0000,307263.0027,0.0027,0.0035,33.0001
9312,307296.0000,307296.0020,0.0020,0.0034,32.9993
9313,307329.0000,307329.0021,0.0021,0.0033,33.0001
9314,307362.0000,307362.0024,0.0024,0.0037,33.0002
9315,307395.0000,307395.0043,0.0043,0.0039,33.0019
9316,307428.0000,307428.0022,0.0022,0.0037,32.9979
9317,307461.0000,307461.0021,0.0021,0.0033,32.9999
9318,307494.0000,307494.0023,0.0023,0.0032,33.0002
9319,307527.0000,307527.0022,0.0022,0.0035,32.9998
9320,307560.0000,307560.0020,0.0019,0.0032,32.9998
9321,307593.0000,307593.0021,0.0021,0.0029,33.0002
9322,307626.0000,307626.0023,0.0023,0.0029,33.0002
9323,307659.0000,307659.0024,0.0024,0.0025,33.0001
9324,307692.0000,307692.0021,0.0021,0.0034,32.9997
9325,307725.0000,307725.0018,0.0018,0.0029,32.9997
9326,307758.0000,307758.0019,0.0019,0.0030,33.0000
9327,307791.0000,307791.0019,0.0019,0.0033,33.0000
9328,307824.0000,307824.0018,0.0018,0.0034,32.9999
9329,307857.0000,307857.0017,0.0017,0.0037,32.9999
9330,307890.0000,307890.0017,0.0017,0.0028,33.0000
9331,307923.0000,307923.0019,0.0019,0.0028,33.0002
9332,307956.0000,307956.0021,0.0021,0.0028,33.0002
9333,307989.0000,307989.0022,0.0022,0.0031,33.0002
9334,308022.0000,308022.0015,0.0015,0.0028,32.9993
9335,308055.0000,308055.0017,0.0017,0.0028,33.0002
9336,308088.0000,308088.0016,0.0016,0.0030,32.9999
9337,308121.0000,308121.0011,0.0011,0.0022,32.9995
9338,308154.0000,308154.0018,0.0018,0.0032,33.0007
9339,308187.0000,308187.0013,0.0013,0.0030,32.9995
9340,308220.0000,308220.0012,0.0012,0.0022,32.9999
9341,308253.0000,308253.0011,0.0011,0.0024,32.9999
9342,308286.0000,308286.0010,0.0010,0.0022,32.9999
9343,308319.0000,308319.0022,0.0022,0.0027,33.0012
9344,308352.0000,308352.0013,0.0013,0.0021,32.9991
9345,308385.0000,308385.0017,0.0017,0.0028,33.0004
9346,308418.0000,308418.0019,0.0019,0.0026,33.0002
9347,308451.0000,308451.0020,0.0020,0.0033,33.0001
9348,308484.0000,308484.0020,0.0020,0.0029,33.0001
9349,308517.0000,308517.0023,0.0023,0.0027,33.0003
9350,308550.0000,308550.0018,0.0018,0.0027,32.9995
9351,308583.0000,308583.0021,0.0021,0.0027,33.0002
9352,308616.0000,308616.0015,0.0015,0.0030,32.9994
9353,308649.0000,308649.0014,0.0014,0.0025,32.9999
9354,308682.0000,308682.0014,0.0014,0.0024,33.0000
9355,308715.0000,308715.0016,0.0016,0.0019,33.0001
9356,308748.0000,308748.0014,0.0014,0.0022,32.9999
9357,308781.0000,308781.0013,0.0013,0.0153,32.9999
9358,308814.0000,308814.0014,0.0015,0.0021,33.0002
9359,308847.0000,308847.0013,0.0013,0.0025,32.9999
9360,308880.0000,308880.0013,0.0013,0.0022,32.9999
9361,308913.0000,308913.0012,0.0012,0.0016,32.9999
9362,308946.0000,308946.0012,0.0012,0.0021,33.0000
9363,308979.0000,308979.0010,0.0010,0.0019,32.9998
9364,309012.0000,309012.0011,0.0011,0.0018,33.0001
9365,309045.0000,309045.0011,0.0011,0.0018,33.0001
9366,309078.0000,309078.0011,0.0011,0.0021,33.0000
9367,309111.0000,309111.0010,0.0010,0.0019,32.9999
9368,309144.0000,309144.0016,0.0016,0.0030,33.0006
9369,309177.0000,309177.0024,0.0024,0.0028,33.0008
9370,309210.0000,309210.0017,0.0017,0.0030,32.9993
9371,309243.0000,309243.0019,0.0019,0.0023,33.0002
9372,309276.0000,309276.0016,0.0016,0.0036,32.9997
9373,309309.0000,309309.0016,0.0016,0.0026,33.0000
9374,309342.0000,309342.0017,0.0017,0.0030,33.0001
9375,309375.0000,309375.0018,0.0018,0.0031,33.0001
9376,309408.0000,309408.0020,0.0020,0.0032,33.0001
9377,309441.0000,309441.0027,0.0027,0.0029,33.0007
9378,309474.0000,309474.0026,0.0026,0.0032,32.9999
9379,309507.0000,309507.0017,0.0017,0.0028,32.9991
9380,309540.0000,309540.0017,0.0017,0.0029,33.0001
9381,309573.0000,309573.0020,0.0020,0.0030,33.0002
9382,309606.0000,309606.0031,0.0031,0.0031,33.0011
9383,309639.0000,309639.0020,0.0020,0.0031,32.9989
9384,309672.0000,309672.0017,0.0017,0.0029,32.9997
9385,309705.0000,309705.0018,0.0018,0.0029,33.0001
9386,309738.0000,309738.0020,0.0020,0.0033,33.0002
9387,309771.0000,309771.1268,0.1268,0.0033,33.1248
9388,309804.0000,309804.0022,0.0022,0.0034,32.8754
9389,309837.0000,309837.0014,0.0014,0.0026,32.9992
9390,309870.0000,309870.0018,0.0018,0.0031,33.0005
9391,309903.0000,309903.0017,0.0017,0.0030,32.9999
9392,309936.0000,309936.0017,0.0017,0.0033,33.0000
9393,309969.0000,309969.0408,0.0408,0.0031,33.0390
9394,310002.0000,310002.0016,0.0016,0.0027,32.9608
9395,310035.0000,310035.0017,0.0017,0.0024,33.0001
9396,310068.0000,310068.0017,0.0017,0.0026,33.0000
9397,310101.0000,310101.0020,0.0020,0.0026,33.0002
9398,310134.0000,310134.0014,0.0014,0.0024,32.9995
9399,310167.0000,310167.0017,0.0017,0.0024,33.0003
9400,310200.0000,310200.0012,0.0012,0.0016,32.9995
9401,310233.0000,310233.0012,0.0012,0.0021,33.0000
9402,310266.0000,310266.0015,0.0015,0.0021,33.0002
9403,310299.0000,310299.0017,0.0017,0.0020,33.0002
9404,310332.0000,310332.0019,0.0019,0.0027,33.0002
9405,310365.0000,310365.0014,0.0014,0.0021,32.9996
9406,310398.0000,310398.0013,0.0013,0.0021,32.9999
9407,310431.0000,310431.0014,0.0014,0.0020,33.0001
9408,310464.0000,310464.0017,0.0017,0.0023,33.0002
9409,310497.0000,310497.0012,0.0012,0.0025,32.9995
9410,310530.0000,310530.0014,0.0014,0.0025,33.0002
9411,310563.0000,310563.0015,0.0015,0.0028,33.0001
9412,310596.0000,310596.0011,0.0011,0.0023,32.9995
9413,310629.0000,310629.0011,0.0011,0.0033,33.0001
9414,310662.0000,310662.0013,0.0013,0.0023,33.0002
9415,310695.0000,310695.0011,0.0011,0.0022,32.9998
9416,310728.0000,310728.0013,0.0013,0.0025,33.0001
9417,310761.0000,310761.0012,0.0012,0.0020,33.0000
9418,310794.0000,310794.0014,0.0014,0.0020,33.0002
9419,310827.0000,310827.0018,0.0018,0.0025,33.0004
9420,310860.0000,310860.0014,0.0014,0.0026,32.9996
9421,310893.0000,310893.0019,0.0019,0.0027,33.0005
9422,310926.0000,310926.0023,0.0022,0.0031,33.0004
9423,310959.0000,310959.0021,0.0021,0.0029,32.9998
9424,310992.0000,310992.0021,0.0021,0.0030,33.0000
9425,311025.0000,311025.0017,0.0017,0.0032,32.9996
9426,311058.0000,311058.0015,0.0015,0.0026,32.9998
9427,311091.0000,311091.0019,0.0019,0.0035,33.0004
9428,311124.0000,311124.0021,0.0021,0.0032,33.0003
9429,311157.0000,311157.0023,0.0023,0.0031,33.0002
9430,311190.0000,311190.0020,0.0020,0.0027,32.9997
9431,311223.0000,311223.0016,0.0016,0.0025,32.9996
9432,311256.0000,311256.0022,0.0022,0.0030,33.0007
9433,311289.0000,311289.0024,0.0024,0.0031,33.0002
9434,311322.0000,311322.0026,0.0026,0.0022,33.0002
9435,311355.0000,311355.0018,0.0018,0.0022,32.9992
9436,311388.0000,311388.0015,0.0015,0.0024,32.9997
9437,311421.0000,311421.0017,0.0017,0.0028,33.0002
9438,311454.0000,311454.0014,0.0014,0.0025,32.9997
9439,311487.0000,311487.0017,0.0017,0.0029,33.0003
9440,311520.0000,311520.0017,0.0017,0.0037,33.0000
9441,311553.0000,311553.0015,0.0015,0.0030,32.9998
9442,311586.0000,311586.0018,0.0018,0.0029,33.0002
9443,311619.0000,311619.0021,0.0021,0.0031,33.0003
9444,311652.0000,311652.0020,0.0020,0.0031,32.9999
9445,311685.0000,311685.0020,0.0020,0.0026,33.0000
9446,311718.0000,311718.0016,0.0016,0.0025,32.9996
9447,311751.0000,311751.0014,0.0014,0.0031,32.9998
9448,311784.0000,311784.0015,0.0015,0.0032,33.0001
9449,311817.0000,311817.0032,0.0032,0.0048,33.0017
9450,311850.0000,311850.0016,0.0016,0.0031,32.9984
9451,311883.0000,311883.0017,0.0017,0.0028,33.0000
9452,311916.0000,311916.0017,0.0017,0.0024,33.0000
9453,311949.0000,311949.0016,0.0016,0.0023,33.0000
9454,311982.0000,311982.0015,0.0015,0.0020,32.9998
9455,312015.0000,312015.0015,0.0015,0.0018,33.0000
9456,312048.0000,312048.0013,0.0013,0.0021,32.9998
9457,312081.0000,312081.0014,0.0014,0.0024,33.0001
9458,312114.0000,312114.0013,0.0013,0.0022,32.9999
9459,312147.0000,312147.0013,0.0013,0.0138,33.0000
9460,312180.0000,312180.0011,0.0011,0.0017,32.9998
9461,312213.0000,312213.0013,0.0013,0.0019,33.0002
9462,312246.0000,312246.0010,0.0010,0.0018,32.9998
9463,312279.0000,312279.0039,0.0039,0.0022,33.0029
9464,312312.0000,312312.0012,0.0012,0.0022,32.9973
9465,312345.0000,312345.0014,0.0014,0.0022,33.0001
9466,312378.0000,312378.0016,0.0016,0.0021,33.0002
9467,312411.0000,312411.0021,0.0021,0.0022,33.0005
9468,312444.0000,312444.0011,0.0011,0.0021,32.9990
9469,312477.0000,312477.0020,0.0020,0.0024,33.0009
9470,312510.0000,312510.0017,0.0017,0.0031,32.9997
9471,312543.0000,312543.0018,0.0018,0.0037,33.0001
9472,312576.0000,312576.0019,0.0019,0.0033,33.0001
9473,312609.0000,312609.0019,0.0019,0.0029,33.0000
9474,312642.0000,312642.0020,0.0020,0.0035,33.0001
9475,312675.0000,312675.0022,0.0022,0.0030,33.0002
9476,312708.0000,312708.0026,0.0026,0.0029,33.0004
9477,312741.0000,312741.0022,0.0022,0.0039,32.9996
9478,312774.0000,312774.0032,0.0032,0.0038,33.0010
9479,312807.0000,312807.0022,0.0022,0.0032,32.9990
9480,312840.0000,312840.0020,0.0020,0.0022,32.9998
9481,312873.0000,312873.0018,0.0018,0.0042,32.9999
9482,312906.0000,312906.0018,0.0018,0.0032,32.9999
9483,312939.0000,312939.0020,0.0020,0.0031,33.0003
9484,312972.0000,312972.0022,0.0022,0.0031,33.0002
9485,313005.0000,313005.0023,0.0023,0.0032,33.0001
9486,313038.0000,313038.0018,0.0018,0.0039,32.9995
9487,313071.0000,313071.0095,0.0095,0.0036,33.0077
9488,313104.0000,313104.4521,0.4521,0.0032,33.4426
9489,313137.0000,313137.0020,0.0020,0.0028,32.5500
9490,313170.0000,313170.0015,0.0015,0.0027,32.9995
9491,313203.0000,313203.0015,0.0015,0.0025,33.0000
9492,313236.0000,313236.0015,0.0015,0.0022,33.0000
9493,313269.0000,313269.0013,0.0013,0.0024,32.9998
9494,313302.0000,313302.0013,0.0013,0.0024,33.0000
9495,313335.0000,313335.0014,0.0014,0.0023,33.0001
9496,313368.0000,313368.0014,0.0014,0.0029,33.0001
9497,313401.0000,313401.0012,0.0012,0.0023,32.9998
9498,313434.0000,313434.0014,0.0014,0.0024,33.0002
9499,313467.0000,313467.0014,0.0014,0.0033,33.0001
9500,313500.0000,313500.0013,0.0013,0.0020,32.9999
9501,313533.0000,313533.0011,0.0011,0.0023,32.9997
9502,313566.0000,313566.0012,0.0012,0.0024,33.0002
9503,313599.0000,313599.0011,0.0011,0.0023,32.9999
9504,313632.0000,313632.0147,0.0147,0.0027,33.0135
9505,313665.0000,313665.0013,0.0013,0.0027,32.9866
9506,313698.0000,313698.0014,0.0014,0.0025,33.0001
9507,313731.0000,313731.0016,0.0016,0.0026,33.0002
9508,313764.0000,313764.0011,0.0011,0.0022,32.9995
9509,313797.0000,313797.0010,0.0010,0.0021,32.9999
9510,313830.0000,313830.0012,0.0012,0.0020,33.0001
9511,313863.0000,313863.0018,0.0018,0.0025,33.0006
9512,313896.0000,313896.0014,0.0014,0.0022,32.9996
9513,313929.0000,313929.0010,0.0010,0.0018,32.9996
9514,313962.0000,313962.0023,0.0023,0.0024,33.0013
9515,313995.0000,313995.0012,0.0012,0.0031,32.9989
9516,314028.0000,314028.0016,0.0016,0.0027,33.0003
9517,314061.0000,314061.0033,0.0033,0.0034,33.0018
9518,314094.0000,314094.0015,0.0015,0.0034,32.9982
9519,314127.0000,314127.0018,0.0018,0.0030,33.0003
9520,314160.0000,314160.0014,0.0014,0.0032,32.9996
9521,314193.0000,314193.0013,0.0013,0.0028,32.9999
9522,314226.0000,314226.0014,0.0014,0.0033,33.0001
9523,314259.0000,314259.0013,0.0013,0.0026,32.9999
9524,314292.0000,314292.0012,0.0012,0.0029,32.9999
9525,314325.0000,314325.0013,0.0013,0.0026,33.0001
9526,314358.0000,314358.0014,0.0014,0.0030,33.0002
9527,314391.0000,314391.0013,0.0013,0.0019,32.9999
9528,314424.0000,314424.0016,0.0016,0.0027,33.0003
9529,314457.0000,314457.0015,0.0015,0.0028,33.0000
9530,314490.0000,314490.0018,0.0018,0.0030,33.0003
9531,314523.0000,314523.0015,0.0015,0.0023,32.9997
9532,314556.0000,314556.0016,0.0016,0.0023,33.0001
9533,314589.0000,314589.0016,0.0016,0.0027,33.0000
9534,314622.0000,314622.0014,0.0014,0.0025,32.9998
9535,314655.0000,314655.0014,0.0014,0.0025,33.0000
9536,314688.0000,314688.0014,0.0014,0.0028,33.0000
9537,314721.0000,314721.0018,0.0018,0.0027,33.0004
9538,314754.0000,314754.0015,0.0015,0.0029,32.9997
9539,314787.0000,314787.0017,0.0017,0.0025,33.0002
9540,314820.0000,314820.0015,0.0015,0.0030,32.9998
9541,314853.0000,314853.0015,0.0015,0.0027,33.0000
9542,314886.0000,314886.0014,0.0014,0.0025,32.9999
9543,314919.0000,314919.0016,0.0016,0.0029,33.0002
9544,314952.0000,314952.0018,0.0018,0.0032,33.0002
9545,314985.0000,314985.0020,0.0020,0.0032,33.0002
9546,315018.0000,315018.0026,0.0026,0.0034,33.0006
9547,315051.0000,315051.0018,0.0018,0.0035,32.9992
9548,315084.0000,315084.0018,0.0018,0.0031,33.0000
9549,315117.0000,315117.0015,0.0015,0.0035,32.9997
9550,315150.0000,315150.0016,0.0016,0.0038,33.0000
9551,315183.0000,315183.0016,0.0016,0.0036,33.0001
9552,315216.0000,315216.0017,0.0017,0.0032,33.0000
9553,315249.0000,315249.0014,0.0014,0.0030,32.9997
9554,315282.0000,315282.0016,0.0016,0.0026,33.0002
9555,315315.0000,315315.0509,0.0509,0.0027,33.0493
9556,315348.0000,315348.0011,0.0011,0.0025,32.9502
9557,315381.0000,315381.0011,0.0011,0.0026,33.0000
9558,315414.0000,315414.0011,0.0011,0.0024,33.0001
9559,315447.0000,315447.0013,0.0013,0.0022,33.0001
9560,315480.0000,315480.0011,0.0011,0.0019,32.9998
9561,315513.0000,315513.0018,0.0018,0.0165,33.0006
9562,315546.0000,315546.0011,0.0011,0.0020,32.9993
9563,315579.0000,315579.0014,0.0014,0.0028,33.0003
9564,315612.0000,315612.0014,0.0014,0.0023,32.9999
9565,315645.0000,315645.0013,0.0013,0.0026,32.9999
9566,315678.0000,315678.0013,0.0013,0.0026,33.0001
9567,315711.0000,315711.0015,0.0015,0.0029,33.0002
9568,315744.0000,315744.0010,0.0010,0.0029,32.9995
9569,315777.0000,315777.0012,0.0012,0.0026,33.0002
9570,315810.0000,315810.0014,0.0014,0.0024,33.0002
9571,315843.0000,315843.0012,0.0012,0.0023,32.9998
9572,315876.0000,315876.0016,0.0016,0.0031,33.0003
9573,315909.0000,315909.0630,0.0630,0.0031,33.0614
9574,315942.0000,315942.0018,0.0018,0.0027,32.9388
9575,315975.0000,315975.0015,0.0015,0.0028,32.9997
9576,316008.0000,316008.0020,0.0020,0.0028,33.0005
9577,316041.0000,316041.0032,0.0032,0.0030,33.0012
9578,316074.0000,316074.0023,0.0023,0.0028,32.9991
9579,316107.0000,316107.0026,0.0026,0.0032,33.0003
9580,316140.0000,316140.0030,0.0030,0.0026,33.0004
9581,316173.0000,316173.0031,0.0031,0.0036,33.0001
9582,316206.0000,316206.0022,0.0022,0.0025,32.9992
9583,316239.0000,316239.0034,0.0034,0.0031,33.0011
9584,316272.0000,316272.0015,0.0015,0.0023,32.9981
9585,316305.0000,316305.0019,0.0019,0.0030,33.0004
9586,316338.0000,316338.0021,0.0021,0.0028,33.0003
9587,316371.0000,316371.0016,0.0016,0.0028,32.9995
9588,316404.0000,316404.0018,0.0018,0.0028,33.0002
9589,316437.0000,316437.0019,0.0019,0.0025,33.0001
9590,316470.0000,316470.0021,0.0021,0.0028,33.0002
9591,316503.0000,316503.0015,0.0015,0.0028,32.9994
9592,316536.0000,316536.0016,0.0016,0.0029,33.0000
9593,316569.0000,316569.0018,0.0018,0.0032,33.0002
9594,316602.0000,316602.0015,0.0015,0.0026,32.9997
9595,316635.0000,316635.0542,0.0542,0.0031,33.0527
9596,316668.0000,316668.1772,0.1772,0.0029,33.1230
9597,316701.0000,316701.0014,0.0014,0.0033,32.8242
9598,316734.0000,316734.0022,0.0022,0.0038,33.0008
9599,316767.0000,316767.0023,0.0023,0.0031,33.0001
9600,316800.0000,316800.2909,0.2909,0.0025,33.2886
9601,316833.0000,316833.0012,0.0012,0.0026,32.7103
9602,316866.0000,316866.0014,0.0014,0.0026,33.0002
9603,316899.0000,316899.0013,0.0013,0.0029,33.0000
9604,316932.0000,316932.0015,0.0015,0.0028,33.0002
9605,316965.0000,316965.0019,0.0019,0.0031,33.0004
9606,316998.0000,316998.0017,0.0017,0.0027,32.9999
9607,317031.0000,317031.0016,0.0016,0.0030,32.9999
9608,317064.0000,317064.0013,0.0013,0.0029,32.9997
9609,317097.0000,317097.0019,0.0019,0.0028,33.0006
9610,317130.0000,317130.0021,0.0021,0.0034,33.0002
9611,317163.0000,317163.0017,0.0017,0.0028,32.9996
9612,317196.0000,317196.0014,0.0014,0.0033,32.9997
9613,317229.0000,317229.0016,0.0016,0.0030,33.0001
9614,317262.0000,317262.0016,0.0016,0.0033,33.0001
9615,317295.0000,317295.0019,0.0019,0.0028,33.0002
9616,317328.0000,317328.0016,0.0016,0.0033,32.9997
9617,317361.0000,317361.0015,0.0015,0.0031,32.9999
9618,317394.0000,317394.0016,0.0016,0.0032,33.0001
9619,317427.0000,317427.0017,0.0017,0.0031,33.0002
9620,317460.0000,317460.0014,0.0014,0.0026,32.9997
9621,317493.0000,317493.0017,0.0017,0.0035,33.0003
9622,317526.0000,317526.0017,0.0017,0.0033,33.0000
9623,317559.0000,317559.0019,0.0019,0.0033,33.0002
9624,317592.0000,317592.0015,0.0015,0.0031,32.9996
9625,317625.0000,317625.0017,0.0017,0.0030,33.0002
9626,317658.0000,317658.0012,0.0012,0.0022,32.9995
9627,317691.0000,317691.0012,0.0012,0.0023,33.0000
9628,317724.0000,317724.0014,0.0014,0.0029,33.0002
9629,317757.0000,317757.0016,0.0016,0.0028,33.0002
9630,317790.0000,317790.0019,0.0019,0.0035,33.0003
9631,317823.0000,317823.0019,0.0019,0.0038,33.0000
9632,317856.0000,317856.0015,0.0015,0.0030,32.9996
9633,317889.0000,317889.0016,0.0016,0.0027,33.0002
9634,317922.0000,317922.0014,0.0014,0.0030,32.9998
9635,317955.0000,317955.0014,0.0014,0.0027,32.9999
9636,317988.0000,317988.0015,0.0015,0.0030,33.0002
9637,318021.0000,318021.0014,0.0014,0.0023,32.9999
9638,318054.0000,318054.0012,0.0012,0.0027,32.9998
9639,318087.0000,318087.0013,0.0013,0.0024,33.0001
9640,318120.0000,318120.0399,0.0399,0.0025,33.0385
9641,318153.0000,318153.0016,0.0016,0.0019,32.9617
9642,318186.0000,318186.0012,0.0012,0.0025,32.9996
9643,318219.0000,318219.0013,0.0013,0.0022,33.0001
9644,318252.0000,318252.0022,0.0022,0.0028,33.0009
9645,318285.0000,318285.0016,0.0016,0.0023,32.9994
9646,318318.0000,318318.0015,0.0015,0.0021,33.0000
9647,318351.0000,318351.0016,0.0016,0.0026,33.0000
9648,318384.0000,318384.0017,0.0017,0.0024,33.0001
9649,318417.0000,318417.0026,0.0026,0.0034,33.0009
9650,318450.0000,318450.0020,0.0020,0.0031,32.9994
9651,318483.0000,318483.0021,0.0021,0.0031,33.0002
9652,318516.0000,318516.0024,0.0024,0.0034,33.0003
9653,318549.0000,318549.0020,0.0020,0.0027,32.9995
9654,318582.0000,318582.0016,0.0016,0.0033,32.9997
9655,318615.0000,318615.0017,0.0017,0.0031,33.0000
9656,318648.0000,318648.0019,0.0019,0.0036,33.0002
9657,318681.0000,318681.0025,0.0025,0.0029,33.0007
9658,318714.0000,318714.0017,0.0017,0.0041,32.9992
9659,318747.0000,318747.0024,0.0024,0.0033,33.0006
9660,318780.0000,318780.0019,0.0019,0.0040,32.9996
9661,318813.0000,318813.0023,0.0023,0.0031,33.0004
9662,318846.0000,318846.0019,0.0019,0.0037,32.9996
9663,318879.0000,318879.0024,0.0024,0.0197,33.0006
9664,318912.0000,318912.0019,0.0019,0.0032,32.9994
9665,318945.0000,318945.0017,0.0017,0.0028,32.9998
9666,318978.0000,318978.0016,0.0016,0.0026,32.9999
9667,319011.0000,319011.0020,0.0020,0.0024,33.0004
9668,319044.0000,319044.0016,0.0016,0.0027,32.9996
9669,319077.0000,319077.7267,0.7267,0.0027,33.7251
9670,319110.0000,319110.0018,0.0018,0.0025,32.2751
9671,319143.0000,319143.0016,0.0016,0.0031,32.9999
9672,319176.0000,319176.0020,0.0020,0.0032,33.0003
9673,319209.0000,319209.0016,0.0016,0.0026,32.9997
9674,319242.0000,319242.0020,0.0020,0.0027,33.0004
9675,319275.0000,319275.0018,0.0018,0.0030,32.9998
9676,319308.0000,319308.0014,0.0014,0.0027,32.9995
9677,319341.0000,319341.0015,0.0015,0.0031,33.0001
9678,319374.0000,319374.0016,0.0016,0.0026,33.0001
9679,319407.0000,319407.0011,0.0011,0.0021,32.9995
9680,319440.0000,319440.0011,0.0011,0.0020,33.0000
9681,319473.0000,319473.0015,0.0015,0.0028,33.0004
9682,319506.0000,319506.0012,0.0012,0.0018,32.9997
9683,319539.0000,319539.0012,0.0012,0.0021,33.0000
9684,319572.0000,319572.0013,0.0013,0.0022,33.0002
9685,319605.0000,319605.0010,0.0010,0.0021,32.9997
9686,319638.0000,319638.0010,0.0010,0.0018,33.0000
9687,319671.0000,319671.0011,0.0011,0.0023,33.0002
9688,319704.0000,319704.0016,0.0016,0.0020,33.0004
9689,319737.0000,319737.0016,0.0016,0.0018,33.0001
9690,319770.0000,319770.0013,0.0013,0.0016,32.9997
9691,319803.0000,319803.0011,0.0011,0.0026,32.9998
9692,319836.0000,319836.0012,0.0012,0.0020,33.0001
9693,319869.0000,319869.0011,0.0011,0.0026,33.0000
9694,319902.0000,319902.0013,0.0013,0.0021,33.0001
9695,319935.0000,319935.0015,0.0015,0.0024,33.0002
9696,319968.0000,319968.0017,0.0017,0.0032,33.0002
9697,320001.0000,320001.0018,0.0018,0.0026,33.0001
9698,320034.0000,320034.0020,0.0020,0.0023,33.0002
9699,320067.0000,320067.0015,0.0015,0.0026,32.9995
9700,320100.0000,320100.0016,0.0016,0.0026,33.0002
9701,320133.0000,320133.0013,0.0013,0.0024,32.9997
9702,320166.0000,320166.0014,0.0014,0.0024,33.0001
9703,320199.0000,320199.0015,0.0015,0.0026,33.0001
9704,320232.0000,320232.0013,0.0013,0.0024,32.9998
9705,320265.0000,320265.0012,0.0012,0.0021,32.9999
9706,320298.0000,320298.0012,0.0012,0.0021,33.0000
9707,320331.0000,320331.0011,0.0011,0.0022,32.9999
9708,320364.0000,320364.0011,0.0011,0.0018,33.0000
9709,320397.0000,320397.0012,0.0012,0.0021,33.0001
9710,320430.0000,320430.0013,0.0013,0.0025,33.0001
9711,320463.0000,320463.0011,0.0011,0.0022,32.9998
9712,320496.0000,320496.0012,0.0012,0.0017,33.0001
9713,320529.0000,320529.0014,0.0014,0.0025,33.0002
9714,320562.0000,320562.0016,0.0016,0.0025,33.0002
9715,320595.0000,320595.0018,0.0018,0.0032,33.0001
9716,320628.0000,320628.0019,0.0019,0.0026,33.0002
9717,320661.0000,320661.0018,0.0018,0.0028,32.9999
9718,320694.0000,320694.0023,0.0023,0.0033,33.0005
9719,320727.0000,320727.0018,0.0018,0.0032,32.9995
9720,320760.0000,320760.0014,0.0014,0.0029,32.9996
9721,320793.0000,320793.0017,0.0017,0.0028,33.0002
9722,320826.0000,320826.0017,0.0017,0.0027,33.0001
9723,320859.0000,320859.0014,0.0014,0.0029,32.9996
9724,320892.0000,320892.0014,0.0014,0.0020,33.0000
9725,320925.0000,320925.0012,0.0012,0.0025,32.9998
9726,320958.0000,320958.0014,0.0014,0.0023,33.0002
9727,320991.0000,320991.0013,0.0013,0.0025,32.9999
9728,321024.0000,321024.0014,0.0014,0.0022,33.0001
9729,321057.0000,321057.0013,0.0013,0.0021,32.9999
9730,321090.0000,321090.0014,0.0014,0.0023,33.0001
9731,321123.0000,321123.0011,0.0011,0.0018,32.9997
9732,321156.0000,321156.0012,0.0012,0.0019,33.0001
9733,321189.0000,321189.0018,0.0018,0.0029,33.0006
9734,321222.0000,321222.0013,0.0013,0.0029,32.9995
9735,321255.0000,321255.0014,0.0014,0.0031,33.0001
9736,321288.0000,321288.0017,0.0017,0.0031,33.0003
9737,321321.0000,321321.0019,0.0019,0.0045,33.0001
9738,321354.0000,321354.0019,0.0019,0.0032,33.0000
9739,321387.0000,321387.0022,0.0022,0.0032,33.0003
9740,321420.0000,321420.0019,0.0019,0.0035,32.9998
9741,321453.0000,321453.0020,0.0020,0.0030,33.0001
9742,321486.0000,321486.0019,0.0019,0.0032,32.9999
9743,321519.0000,321519.0016,0.0016,0.0032,32.9997
9744,321552.0000,321552.0022,0.0022,0.0039,33.0006
9745,321585.0000,321585.0024,0.0024,0.0044,33.0002
9746,321618.0000,321618.0022,0.0022,0.0040,32.9998
9747,321651.0000,321651.0028,0.0028,0.0034,33.0005
9748,321684.0000,321684.0021,0.0021,0.0039,32.9993
9749,321717.0000,321717.0019,0.0019,0.0040,32.9998
9750,321750.0000,321750.0021,0.0021,0.0031,33.0002
9751,321783.0000,321783.0019,0.0019,0.0034,32.9998
9752,321816.0000,321816.0021,0.0021,0.0034,33.0002
9753,321849.0000,321849.0057,0.0057,0.0032,33.0037
9754,321882.0000,321882.0022,0.0022,0.0038,32.9965
9755,321915.0000,321915.0019,0.0019,0.0033,32.9997
9756,321948.0000,321948.0020,0.0020,0.0030,33.0001
9757,321981.0000,321981.0016,0.0016,0.0029,32.9996
9758,322014.0000,322014.0016,0.0016,0.0029,33.0000
9759,322047.0000,322047.0019,0.0019,0.0029,33.0003
9760,322080.0000,322080.0018,0.0018,0.0034,33.0000
9761,322113.0000,322113.0018,0.0018,0.0033,32.9999
9762,322146.0000,322146.0019,0.0019,0.0033,33.0002
9763,322179.0000,322179.0017,0.0017,0.0029,32.9998
9764,322212.0000,322212.0019,0.0019,0.0029,33.0002
9765,322245.0000,322245.0017,0.0017,0.0187,32.9997
9766,322278.0000,322278.0014,0.0014,0.0025,32.9998
9767,322311.0000,322311.0018,0.0018,0.0024,33.0003
9768,322344.0000,322344.0014,0.0014,0.0021,32.9996
9769,322377.0000,322377.0012,0.0012,0.0020,32.9998
9770,322410.0000,322410.0014,0.0014,0.0019,33.0002
9771,322443.0000,322443.0013,0.0013,0.0019,32.9999
9772,322476.0000,322476.0013,0.0013,0.0018,33.0000
9773,322509.0000,322509.0017,0.0017,0.0023,33.0004
9774,322542.0000,322542.0022,0.0022,0.0023,33.0005
9775,322575.0000,322575.0018,0.0018,0.0018,32.9996
9776,322608.0000,322608.0013,0.0013,0.0017,32.9995
9777,322641.0000,322641.0015,0.0015,0.0019,33.0002
9778,322674.0000,322674.0011,0.0011,0.0020,32.9996
9779,322707.0000,322707.0012,0.0012,0.0022,33.0001
9780,322740.0000,322740.0012,0.0012,0.0023,33.0000
9781,322773.0000,322773.0014,0.0014,0.0019,33.0001
9782,322806.0000,322806.0015,0.0015,0.0024,33.0002
9783,322839.0000,322840.7596,1.7596,0.0022,34.7581
9784,322872.0000,322872.0015,0.0015,0.0023,31.2419
9785,322905.0000,322905.0016,0.0016,0.0022,33.0001
9786,322938.0000,322938.0013,0.0013,0.0024,32.9997
9787,322971.0000,322971.0013,0.0013,0.0024,33.0000
9788,323004.0000,323004.0015,0.0015,0.0024,33.0002
9789,323037.0000,323037.0014,0.0014,0.0027,32.9999
9790,323070.0000,323070.0016,0.0016,0.0027,33.0001
9791,323103.0000,323103.0018,0.0018,0.0029,33.0003
9792,323136.0000,323136.0017,0.0017,0.0029,32.9999
9793,323169.0000,323169.0020,0.0020,0.0031,33.0003
9794,323202.0000,323202.0023,0.0023,0.0029,33.0003
9795,323235.0000,323235.0019,0.0019,0.0025,32.9996
9796,323268.0000,323268.0019,0.0019,0.0030,33.0000
9797,323301.0000,323301.0146,0.0146,0.0030,33.0127
9798,323334.0000,323334.0014,0.0014,0.0025,32.9868
9799,323367.0000,323367.0015,0.0015,0.0026,33.0001
9800,323400.0000,323400.0016,0.0016,0.0025,33.0002
9801,323433.0000,323433.0022,0.0022,0.0025,33.0005
9802,323466.0000,323466.0015,0.0015,0.0023,32.9994
9803,323499.0000,323499.0016,0.0016,0.0022,33.0001
9804,323532.0000,323532.0018,0.0018,0.0022,33.0002
9805,323565.0000,323565.0015,0.0015,0.0024,32.9997
9806,323598.0000,323598.0017,0.0017,0.0030,33.0002
9807,323631.0000,323631.8677,0.8677,0.0035,33.8660
9808,323664.0000,323664.0020,0.0020,0.0029,32.1343
9809,323697.0000,323697.0015,0.0015,0.0027,32.9995
9810,323730.0000,323730.0014,0.0014,0.0026,33.0000
9811,323763.0000,323763.0017,0.0017,0.0025,33.0003
9812,323796.0000,323796.0013,0.0014,0.0024,32.9996
9813,323829.0000,323829.0013,0.0013,0.0026,33.0000
9814,323862.0000,323862.0013,0.0013,0.0023,33.0000
9815,323895.0000,323895.0013,0.0013,0.0024,33.0000
9816,323928.0000,323928.0013,0.0013,0.0026,33.0000
9817,323961.0000,323961.4113,0.4113,0.0025,33.4099
9818,323994.0000,323994.0013,0.0013,0.0020,32.5900
9819,324027.0000,324027.0012,0.0012,0.0020,32.9999
9820,324060.0000,324060.0013,0.0013,0.0017,33.0001
9821,324093.0000,324093.0010,0.0010,0.0014,32.9997
9822,324126.0000,324126.0014,0.0014,0.0023,33.0004
9823,324159.0000,324159.0018,0.0018,0.0024,33.0004
9824,324192.0000,324192.0014,0.0014,0.0030,32.9996
9825,324225.0000,324225.0016,0.0016,0.0030,33.0003
9826,324258.0000,324258.0018,0.0018,0.0032,33.0001
9827,324291.0000,324291.0013,0.0013,0.0027,32.9995
9828,324324.0000,324324.0022,0.0022,0.0046,33.0008
9829,324357.0000,324357.0032,0.0032,0.0035,33.0010
9830,324390.0000,324390.0025,0.0025,0.0033,32.9993
9831,324423.0000,324423.0042,0.0042,0.0034,33.0017
9832,324456.0000,324456.0018,0.0018,0.0033,32.9975
9833,324489.0000,324489.0020,0.0020,0.0030,33.0002
9834,324522.0000,324522.0024,0.0024,0.0033,33.0005
9835,324555.0000,324555.0016,0.0016,0.0034,32.9992
9836,324588.0000,324588.0017,0.0017,0.0041,33.0001
9837,324621.0000,324621.0021,0.0021,0.0036,33.0004
9838,324654.0000,324654.0021,0.0021,0.0039,33.0000
9839,324687.0000,324687.0021,0.0021,0.0034,33.0000
9840,324720.0000,324720.0037,0.0037,0.0036,33.0016
9841,324753.0000,324753.0022,0.0022,0.0034,32.9984
9842,324786.0000,324786.0023,0.0023,0.0028,33.0001
9843,324819.0000,324819.0022,0.0022,0.0031,33.0000
9844,324852.0000,324852.0025,0.0025,0.0037,33.0002
9845,324885.0000,324885.0026,0.0026,0.0037,33.0002
9846,324918.0000,324918.0016,0.0016,0.0034,32.9990
9847,324951.0000,324951.0017,0.0017,0.0035,33.0001
9848,324984.0000,324984.0017,0.0017,0.0032,33.0000
9849,325017.0000,325017.0016,0.0016,0.0034,32.9998
9850,325050.0000,325050.0018,0.0018,0.0034,33.0002
9851,325083.0000,325083.0016,0.0016,0.0031,32.9998
9852,325116.0000,325116.0017,0.0017,0.0119,33.0001
9853,325149.0000,325149.0018,0.0018,0.0032,33.0002
9854,325182.0000,325182.0015,0.0015,0.0033,32.9997
9855,325215.0000,325215.0016,0.0016,0.0028,33.0001
9856,325248.0000,325248.0024,0.0024,0.0032,33.0008
9857,325281.0000,325281.0019,0.0019,0.0033,32.9995
9858,325314.0000,325314.0030,0.0030,0.0038,33.0011
9859,325347.0000,325347.0025,0.0025,0.0036,32.9996
9860,325380.0000,325380.0022,0.0022,0.0030,32.9996
9861,325413.0000,325413.0022,0.0022,0.0030,33.0000
9862,325446.0000,325446.0022,0.0022,0.0031,33.0000
9863,325479.0000,325479.6640,0.6640,0.0081,33.6619
9864,325512.0000,325512.0026,0.0026,0.0041,32.3385
9865,325545.0000,325545.0022,0.0022,0.0028,32.9996
9866,325578.0000,325578.0022,0.0022,0.0038,33.0000
9867,325611.0000,325611.0027,0.0027,0.0242,33.0005
9868,325644.0000,325644.0048,0.0048,0.0030,33.0021
9869,325677.0000,325677.0015,0.0015,0.0032,32.9967
9870,325710.0000,325710.0012,0.0012,0.0021,32.9998
9871,325743.0000,325743.0012,0.0012,0.0026,32.9999
9872,325776.0000,325776.0018,0.0018,0.0034,33.0006
9873,325809.0000,325809.0014,0.0014,0.0018,32.9996
9874,325842.0000,325842.0017,0.0017,0.0026,33.0003
9875,325875.0000,325875.0031,0.0031,0.0025,33.0013
9876,325908.0000,325908.0012,0.0012,0.0059,32.9982
9877,325941.0000,325941.0014,0.0014,0.0026,33.0001
9878,325974.0000,325974.0013,0.0013,0.0022,32.9999
9879,326007.0000,326007.0013,0.0013,0.0020,33.0000
9880,326040.0000,326040.0015,0.0015,0.0017,33.0002
9881,326073.0000,326073.0012,0.0012,0.0017,32.9997
9882,326106.0000,326106.0013,0.0013,0.0023,33.0001
9883,326139.0000,326139.0012,0.0012,0.0020,33.0000
9884,326172.0000,326172.0034,0.0034,0.0018,33.0021
9885,326205.0000,326205.0013,0.0013,0.0022,32.9979
9886,326238.0000,326238.0011,0.0011,0.0018,32.9998
9887,326271.0000,326271.0012,0.0012,0.0019,33.0001
9888,326304.0000,326304.0014,0.0014,0.0019,33.0001
9889,326337.0000,326337.0024,0.0024,0.0020,33.0010
9890,326370.0000,326370.0044,0.0044,0.0020,33.0021
9891,326403.0000,326403.0016,0.0016,0.0023,32.9972
9892,326436.0000,326436.0016,0.0016,0.0023,33.0000
9893,326469.0000,326469.0026,0.0026,0.0027,33.0010
9894,326502.0000,326502.0012,0.0012,0.0029,32.9986
9895,326535.0000,326535.0025,0.0025,0.0027,33.0013
9896,326568.0000,326568.0014,0.0014,0.0022,32.9988
9897,326601.0000,326601.0015,0.0015,0.0020,33.0001
9898,326634.0000,326634.0013,0.0013,0.0021,32.9998
9899,326667.0000,326667.0045,0.0045,0.0025,33.0033
9900,326700.0000,326700.0034,0.0034,0.0027,32.9988
9901,326733.0000,326733.0032,0.0032,0.0033,32.9999
9902,326766.0000,326766.0045,0.0045,0.0032,33.0012
9903,326799.0000,326799.0056,0.0056,0.0030,33.0011
9904,326832.0000,326832.0020,0.0020,0.0023,32.9964
9905,326865.0000,326865.0015,0.0015,0.0025,32.9995
9906,326898.0000,326898.0018,0.0018,0.0027,33.0004
9907,326931.0000,326931.0028,0.0028,0.0035,33.0010
9908,326964.0000,326964.0020,0.0020,0.0028,32.9992
9909,326997.0000,326997.0014,0.0014,0.0024,32.9994
9910,327030.0000,327030.0015,0.0015,0.0026,33.0001
9911,327063.0000,327063.0014,0.0014,0.0028,32.9999
9912,327096.0000,327096.0021,0.0021,0.0053,33.0007
9913,327129.0000,327129.0010,0.0010,0.0047,32.9989
9914,327162.0000,327162.0011,0.0011,0.0020,33.0001
9915,327195.0000,327195.0014,0.0014,0.0053,33.0003
9916,327228.0000,327228.0013,0.0013,0.0023,32.9999
9917,327261.0000,327261.4620,0.4620,0.0026,33.4607
9918,327294.0000,327294.0013,0.0013,0.0049,32.5393
9919,327327.0000,327327.2629,0.2629,0.0030,33.2617
9920,327360.0000,327360.0012,0.0012,0.0027,32.7382
9921,327393.0000,327394.2018,1.2018,0.0035,34.2006
9922,327426.0000,327426.0019,0.0019,0.0066,31.8001
9923,327459.0000,327459.0017,0.0017,0.0032,32.9998
9924,327492.0000,327492.0015,0.0015,0.0062,32.9998
9925,327525.0000,327525.0039,0.0039,0.0029,33.0024
9926,327558.0000,327558.0013,0.0013,0.0032,32.9974
9927,327591.0000,327591.0020,0.0020,0.0025,33.0007
9928,327624.0000,327624.0011,0.0011,0.0021,32.9991
9929,327657.0000,327657.0037,0.0037,0.0026,33.0027
9930,327690.0000,327690.0040,0.0040,0.0029,33.0002
9931,327723.0000,327723.0012,0.0012,0.0025,32.9972
9932,327756.0000,327756.0014,0.0014,0.0020,33.0002
9933,327789.0000,327789.0014,0.0014,0.0022,33.0000
9934,327822.0000,327822.0012,0.0012,0.0022,32.9998
9935,327855.0000,327855.0012,0.0012,0.0024,33.0000
9936,327888.0000,327888.0012,0.0012,0.0024,33.0000
9937,327921.0000,327921.0012,0.0012,0.0026,33.0000
9938,327954.0000,327954.0012,0.0012,0.0018,33.0001
9939,327987.0000,327987.0017,0.0017,0.0029,33.0004
9940,328020.0000,328020.0023,0.0023,0.0033,33.0006
9941,328053.0000,328053.0024,0.0024,0.0032,33.0001
9942,328086.0000,328086.0020,0.0020,0.0032,32.9996
9943,328119.0000,328119.0022,0.0022,0.0031,33.0002
9944,328152.0000,328152.0024,0.0024,0.0030,33.0002
9945,328185.0000,328185.0668,0.0668,0.0063,33.0644
9946,328218.0000,328218.0022,0.0022,0.0033,32.9353
9947,328251.0000,328251.0024,0.0024,0.0029,33.0002
9948,328284.0000,328284.0021,0.0021,0.0028,32.9997
9949,328317.0000,328317.0010,0.0010,0.0022,32.9990
9950,328350.0000,328350.0012,0.0012,0.0024,33.0001
9951,328383.0000,328383.0017,0.0017,0.0030,33.0005
9952,328416.0000,328416.0016,0.0016,0.0028,32.9999
9953,328449.0000,328449.0020,0.0020,0.0029,33.0005
9954,328482.0000,328482.0018,0.0018,0.0025,32.9998
9955,328515.0000,328515.0015,0.0015,0.0028,32.9997
9956,328548.0000,328548.0019,0.0019,0.0028,33.0004
9957,328581.0000,328581.0012,0.0012,0.0024,32.9993
9958,328614.0000,328614.0014,0.0014,0.0024,33.0002
9959,328647.0000,328647.0013,0.0013,0.0024,32.9999
9960,328680.0000,328680.0012,0.0012,0.0026,32.9999
9961,328713.0000,328713.0016,0.0016,0.0029,33.0004
9962,328746.0000,328746.0018,0.0018,0.0027,33.0002
9963,328779.0000,328779.0832,0.0832,0.0030,33.0814
9964,328812.0000,328812.0018,0.0018,0.0027,32.9186
9965,328845.0000,328845.0020,0.0020,0.0031,33.0002
9966,328878.0000,328878.0018,0.0018,0.0042,32.9998
9967,328911.0000,328911.0017,0.0017,0.0026,32.9999
9968,328944.0000,328944.0016,0.0016,0.0029,32.9999
9969,328977.0000,328977.0012,0.0012,0.0123,32.9996
9970,329010.0000,329010.0012,0.0012,0.0025,33.0000
9971,329043.0000,329043.0011,0.0011,0.0024,33.0000
9972,329076.0000,329076.0013,0.0013,0.0023,33.0001
9973,329109.0000,329109.0014,0.0014,0.0025,33.0001
9974,329142.0000,329142.0016,0.0016,0.0029,33.0002
9975,329175.0000,329175.0014,0.0014,0.0026,32.9998
9976,329208.0000,329208.0012,0.0012,0.0034,32.9998
9977,329241.0000,329241.0013,0.0013,0.0029,33.0002
9978,329274.0000,329274.4504,0.4504,0.0022,33.4490
9979,329307.0000,329307.0021,0.0021,0.0033,32.5518
9980,329340.0000,329340.0017,0.0017,0.0030,32.9995
9981,329373.0000,329373.0017,0.0017,0.0031,33.0000
9982,329406.0000,329406.0027,0.0027,0.0036,33.0010
9983,329439.0000,329439.0015,0.0015,0.0036,32.9988
9984,329472.0000,329472.0097,0.0097,0.0036,33.0082
9985,329505.0000,329505.0019,0.0019,0.0028,32.9922
9986,329538.0000,329538.0021,0.0021,0.0030,33.0002
9987,329571.0000,329571.0028,0.0028,0.0055,33.0006
9988,329604.0000,329604.0043,0.0043,0.0051,33.0015
9989,329637.0000,329637.0027,0.0027,0.0034,32.9985
9990,329670.0000,329670.0029,0.0029,0.0041,33.0001
9991,329703.0000,329703.0023,0.0023,0.0032,32.9994
9992,329736.0000,329736.0033,0.0033,0.0040,33.0010
9993,329769.0000,329769.0020,0.0020,0.0041,32.9987
9994,329802.0000,329802.0022,0.0022,0.0044,33.0002
9995,329835.0000,329835.0021,0.0021,0.0037,32.9999
9996,329868.0000,329868.0026,0.0026,0.0040,33.0005
9997,329901.0000,329901.0025,0.0025,0.0032,32.9999
9998,329934.0000,329934.0031,0.0031,0.0036,33.0006
9999,329967.0000,329967.0021,0.0021,0.0032,32.9990
