arch,skill,seed,died,waves_cleared,duration_s,bored,danger,in_band,mean_health,min_health,decisions,requests,deadline_met,fallback_rate,cache_hit_rate,input_tokens,tick_p99_ms,tick_max_ms,overruns
fixed,weak,0,1,9,49.302,0.09973,0.13788,0.76238,0.4959,0.0,9,0,0.0,0.0,0.0,0,33.0,33.0,0
fixed,weak,1,1,10,49.995,0.20462,0.12607,0.66931,0.5549,0.0,10,0,0.0,0.0,0.0,0,33.0,33.0,0
fixed,weak,2,1,3,24.354,0.17073,0.10434,0.72493,0.5373,0.0,3,0,0.0,0.0,0.0,0,33.0,33.0,0
fixed,weak,3,1,4,27.654,0.14081,0.26492,0.59427,0.44789,0.0,4,0,0.0,0.0,0.0,0,33.0,33.0,0
fixed,weak,4,1,9,48.609,0.20434,0.11948,0.67617,0.58945,0.0,9,0,0.0,0.0,0.0,0,33.0,33.0,0
fixed,weak,5,1,7,38.346,0.0525,0.43976,0.50775,0.39377,0.0,7,0,0.0,0.0,0.0,0,33.0,33.0,0
fixed,weak,6,1,8,44.517,0.09563,0.12305,0.78132,0.51152,0.0,8,0,0.0,0.0,0.0,0,33.0,33.0,0
fixed,weak,7,1,11,56.925,0.12058,0.06377,0.81565,0.53218,0.0,11,0,0.0,0.0,0.0,0,33.0,33.0,0
fixed,weak,8,1,5,39.039,0.0634,0.18681,0.74979,0.42485,0.0,5,0,0.0,0.0,0.0,0,33.0,33.0,0
fixed,weak,9,1,7,42.174,0.12441,0.2277,0.64789,0.51436,0.0,7,0,0.0,0.0,0.0,0,33.0,33.0,0
fixed,weak,10,1,8,45.573,0.07169,0.20275,0.72556,0.41815,0.0,8,0,0.0,0.0,0.0,0,33.0,33.0,0
fixed,weak,11,1,4,26.499,0.13948,0.09465,0.76588,0.66984,0.0,4,0,0.0,0.0,0.0,0,33.0,33.0,0
fixed,weak,12,1,15,70.026,0.08812,0.10697,0.8049,0.64769,0.0,15,0,0.0,0.0,0.0,0,33.0,33.0,0
fixed,weak,13,1,10,50.424,0.03992,0.1983,0.76178,0.51752,0.0,10,0,0.0,0.0,0.0,0,33.0,33.0,0
fixed,weak,14,1,10,49.269,0.04086,0.12257,0.83657,0.43458,0.0,10,0,0.0,0.0,0.0,0,33.0,33.0,0
fixed,weak,15,1,6,37.257,0.05403,0.25332,0.69265,0.40288,0.0,6,0,0.0,0.0,0.0,0,33.0,33.0,0
fixed,weak,16,1,19,86.592,0.04726,0.06669,0.88605,0.62057,0.0,19,0,0.0,0.0,0.0,0,33.0,33.0,0
fixed,weak,17,1,4,31.746,0.06341,0.21102,0.72557,0.45454,0.0,4,0,0.0,0.0,0.0,0,33.0,33.0,0
fixed,weak,18,1,12,63.591,0.06798,0.19253,0.73949,0.4584,0.0,12,0,0.0,0.0,0.0,0,33.0,33.0,0
fixed,weak,19,1,15,68.541,0.05344,0.07318,0.87338,0.54578,0.0,15,0,0.0,0.0,0.0,0,33.0,33.0,0
fixed,weak,20,1,7,35.409,0.05685,0.15937,0.78378,0.40471,0.0,7,0,0.0,0.0,0.0,0,33.0,33.0,0
fixed,weak,21,1,6,38.577,0.17194,0.0864,0.74166,0.64383,0.0,6,0,0.0,0.0,0.0,0,33.0,33.0,0
fixed,weak,22,1,5,37.653,0.05346,0.23401,0.71253,0.45252,0.0,5,0,0.0,0.0,0.0,0,33.0,33.0,0
fixed,weak,23,1,10,46.629,0.13376,0.15216,0.71408,0.52425,0.0,10,0,0.0,0.0,0.0,0,33.0,33.0,0
fixed,weak,24,1,5,38.61,0.05726,0.15214,0.7906,0.41113,0.0,5,0,0.0,0.0,0.0,0,33.0,33.0,0
fixed,weak,25,1,11,52.8,0.03812,0.15125,0.81063,0.46351,0.0,11,0,0.0,0.0,0.0,0,33.0,33.0,0
fixed,weak,26,1,8,44.847,0.10155,0.16115,0.73731,0.50359,0.0,8,0,0.0,0.0,0.0,0,33.0,33.0,0
fixed,weak,27,1,4,27.192,0.07403,0.21481,0.71117,0.48094,0.0,4,0,0.0,0.0,0.0,0,33.0,33.0,0
fixed,weak,28,1,11,55.539,0.18301,0.04694,0.77005,0.64407,0.0,11,0,0.0,0.0,0.0,0,33.0,33.0,0
fixed,weak,29,1,12,64.119,0.04992,0.09624,0.85383,0.44217,0.0,12,0,0.0,0.0,0.0,0,33.0,33.0,0
fixed,weak,30,1,6,31.548,0.14644,0.33368,0.51987,0.41627,0.0,6,0,0.0,0.0,0.0,0,33.0,33.0,0
fixed,weak,31,1,9,52.173,0.09741,0.16888,0.73371,0.49437,0.0,9,0,0.0,0.0,0.0,0,33.0,33.0,0
fixed,weak,32,1,8,41.085,0.05301,0.17028,0.77671,0.45356,0.0,8,0,0.0,0.0,0.0,0,33.0,33.0,0
fixed,weak,33,1,12,60.555,0.03324,0.05341,0.91335,0.49385,0.0,12,0,0.0,0.0,0.0,0,33.0,33.0,0
fixed,weak,34,1,5,33.396,0.06028,0.26482,0.6749,0.43718,0.0,5,0,0.0,0.0,0.0,0,33.0,33.0,0
fixed,weak,35,1,6,36.003,0.05591,0.19523,0.74885,0.47172,0.0,6,0,0.0,0.0,0.0,0,33.0,33.0,0
fixed,weak,36,1,4,34.32,0.06154,0.21538,0.72308,0.49133,0.0,4,0,0.0,0.0,0.0,0,33.0,33.0,0
fixed,weak,37,1,7,43.659,0.04686,0.0582,0.89494,0.52972,0.0,7,0,0.0,0.0,0.0,0,33.0,33.0,0
fixed,weak,38,1,10,56.628,0.06527,0.21212,0.72261,0.49913,0.0,10,0,0.0,0.0,0.0,0,33.0,33.0,0
fixed,weak,39,1,6,35.706,0.12292,0.21627,0.66081,0.52919,0.0,6,0,0.0,0.0,0.0,0,33.0,33.0,0
fixed,weak,40,1,7,40.887,0.08797,0.21469,0.69734,0.52303,0.0,7,0,0.0,0.0,0.0,0,33.0,33.0,0
fixed,weak,41,1,7,40.491,0.0546,0.12795,0.81744,0.50591,0.0,7,0,0.0,0.0,0.0,0,33.0,33.0,0
fixed,weak,42,1,10,53.823,0.13795,0.03801,0.82403,0.66245,0.0,10,0,0.0,0.0,0.0,0,33.0,33.0,0
fixed,weak,43,1,6,37.125,0.05422,0.07556,0.87022,0.50521,0.0,6,0,0.0,0.0,0.0,0,33.0,33.0,0
fixed,weak,44,1,7,36.234,0.09654,0.2204,0.68306,0.40728,0.0,7,0,0.0,0.0,0.0,0,33.0,33.0,0
fixed,weak,45,1,10,55.737,0.14565,0.15098,0.70337,0.53676,0.0,10,0,0.0,0.0,0.0,0,33.0,33.0,0
fixed,weak,46,1,12,59.664,0.05808,0.03706,0.90487,0.56989,0.0,12,0,0.0,0.0,0.0,0,33.0,33.0,0
fixed,weak,47,1,8,47.586,0.08877,0.20388,0.70735,0.43419,0.0,8,0,0.0,0.0,0.0,0,33.0,33.0,0
fixed,weak,48,1,10,50.622,0.03977,0.13559,0.82464,0.49657,0.0,10,0,0.0,0.0,0.0,0,33.0,33.0,0
fixed,weak,49,1,7,38.247,0.10526,0.14582,0.74892,0.52699,0.0,7,0,0.0,0.0,0.0,0,33.0,33.0,0
fixed,weak,50,1,7,42.273,0.0484,0.2381,0.71351,0.44397,0.0,7,0,0.0,0.0,0.0,0,33.0,33.0,0
fixed,weak,51,1,3,33.858,0.09747,0.22027,0.68226,0.49719,0.0,3,0,0.0,0.0,0.0,0,33.0,33.0,0
fixed,weak,52,1,7,40.656,0.04951,0.2638,0.68669,0.42197,0.0,7,0,0.0,0.0,0.0,0,33.0,33.0,0
fixed,weak,53,1,10,50.391,0.06418,0.15914,0.77669,0.49066,0.0,10,0,0.0,0.0,0.0,0,33.0,33.0,0
fixed,weak,54,1,9,48.114,0.04184,0.1406,0.81756,0.41742,0.0,9,0,0.0,0.0,0.0,0,33.0,33.0,0
fixed,weak,55,1,14,68.211,0.02951,0.12337,0.84712,0.48524,0.0,14,0,0.0,0.0,0.0,0,33.0,33.0,0
fixed,weak,56,1,11,55.836,0.03605,0.1318,0.83215,0.39764,0.0,11,0,0.0,0.0,0.0,0,33.0,33.0,0
fixed,weak,57,1,3,28.248,0.07126,0.33411,0.59463,0.34355,0.0,3,0,0.0,0.0,0.0,0,33.0,33.0,0
fixed,weak,58,1,16,72.204,0.02834,0.23629,0.73537,0.41862,0.0,16,0,0.0,0.0,0.0,0,33.0,33.0,0
fixed,weak,59,1,10,52.998,0.07846,0.05044,0.87111,0.58754,0.0,10,0,0.0,0.0,0.0,0,33.0,33.0,0
fixed,weak,60,1,8,45.441,0.10821,0.21278,0.67901,0.57036,0.0,8,0,0.0,0.0,0.0,0,33.0,33.0,0
fixed,weak,61,1,10,55.968,0.05719,0.17158,0.77123,0.44764,0.0,10,0,0.0,0.0,0.0,0,33.0,33.0,0
fixed,weak,62,1,11,59.004,0.03691,0.10794,0.85515,0.48345,0.0,11,0,0.0,0.0,0.0,0,33.0,33.0,0
fixed,weak,63,1,2,20.922,0.09621,0.11987,0.78391,0.55679,0.0,2,0,0.0,0.0,0.0,0,33.0,33.0,0
fixed,weak,64,1,7,42.438,0.05054,0.25816,0.69129,0.4529,0.0,7,0,0.0,0.0,0.0,0,33.0,33.0,0
fixed,weak,65,1,5,32.637,0.06168,0.06572,0.8726,0.57553,0.0,5,0,0.0,0.0,0.0,0,33.0,33.0,0
fixed,weak,66,1,17,79.992,0.07508,0.06064,0.86427,0.62606,0.0,17,0,0.0,0.0,0.0,0,33.0,33.0,0
fixed,weak,67,1,6,38.445,0.05236,0.08155,0.86609,0.56287,0.0,6,0,0.0,0.0,0.0,0,33.0,33.0,0
fixed,weak,68,1,9,49.929,0.04296,0.09914,0.8579,0.56456,0.0,9,0,0.0,0.0,0.0,0,33.0,33.0,0
fixed,weak,69,1,16,73.425,0.11685,0.09079,0.79236,0.58644,0.0,16,0,0.0,0.0,0.0,0,33.0,33.0,0
fixed,weak,70,1,4,30.129,0.11501,0.08872,0.79628,0.60885,0.0,4,0,0.0,0.0,0.0,0,33.0,33.0,0
fixed,weak,71,1,2,23.463,0.09564,0.14487,0.75949,0.47963,0.0,2,0,0.0,0.0,0.0,0,33.0,33.0,0
fixed,weak,72,1,6,41.052,0.04904,0.26929,0.68167,0.38282,0.0,6,0,0.0,0.0,0.0,0,33.0,33.0,0
fixed,weak,73,1,10,50.49,0.06863,0.08889,0.84248,0.4792,0.0,10,0,0.0,0.0,0.0,0,33.0,33.0,0
fixed,weak,74,1,6,38.148,0.14273,0.17907,0.6782,0.48803,0.0,6,0,0.0,0.0,0.0,0,33.0,33.0,0
fixed,weak,75,1,8,40.755,0.12389,0.09555,0.78057,0.5899,0.0,8,0,0.0,0.0,0.0,0,33.0,33.0,0
fixed,weak,76,1,10,50.358,0.13761,0.06946,0.79292,0.59612,0.0,10,0,0.0,0.0,0.0,0,33.0,33.0,0
fixed,weak,77,1,7,42.768,0.09722,0.11728,0.78549,0.56909,0.0,7,0,0.0,0.0,0.0,0,33.0,33.0,0
fixed,weak,78,1,4,28.644,0.07028,0.10599,0.82373,0.53457,0.0,4,0,0.0,0.0,0.0,0,33.0,33.0,0
fixed,weak,79,1,10,49.302,0.21486,0.33601,0.44913,0.4962,0.0,10,0,0.0,0.0,0.0,0,33.0,33.0,0
fixed,weak,80,1,4,27.39,0.07349,0.28193,0.64458,0.41866,0.0,4,0,0.0,0.0,0.0,0,33.0,33.0,0
fixed,weak,81,1,3,25.773,0.21895,0.23431,0.54673,0.52302,0.0,3,0,0.0,0.0,0.0,0,33.0,33.0,0
fixed,weak,82,1,4,28.677,0.0725,0.08861,0.8389,0.54003,0.0,4,0,0.0,0.0,0.0,0,33.0,33.0,0
fixed,weak,83,1,6,38.148,0.12111,0.21194,0.66696,0.46949,0.0,6,0,0.0,0.0,0.0,0,33.0,33.0,0
fixed,weak,84,1,8,46.101,0.04438,0.28776,0.66786,0.44867,0.0,8,0,0.0,0.0,0.0,0,33.0,33.0,0
fixed,weak,85,1,7,40.689,0.05434,0.08678,0.85888,0.53997,0.0,7,0,0.0,0.0,0.0,0,33.0,33.0,0
fixed,weak,86,1,8,46.398,0.15007,0.11735,0.73257,0.55828,0.0,8,0,0.0,0.0,0.0,0,33.0,33.0,0
fixed,weak,87,1,5,34.551,0.05826,0.10029,0.84145,0.56724,0.0,5,0,0.0,0.0,0.0,0,33.0,33.0,0
fixed,weak,88,1,8,47.487,0.04239,0.10215,0.85546,0.4431,0.0,8,0,0.0,0.0,0.0,0,33.0,33.0,0
fixed,weak,89,1,2,18.348,0.10971,0.23201,0.65827,0.42228,0.0,2,0,0.0,0.0,0.0,0,33.0,33.0,0
fixed,weak,90,1,10,51.117,0.12589,0.04584,0.82828,0.60501,0.0,10,0,0.0,0.0,0.0,0,33.0,33.0,0
fixed,weak,91,1,3,25.476,0.07902,0.10751,0.81347,0.54414,0.0,3,0,0.0,0.0,0.0,0,33.0,33.0,0
fixed,weak,92,1,10,51.183,0.04062,0.36364,0.59574,0.3406,0.0,10,0,0.0,0.0,0.0,0,33.0,33.0,0
fixed,weak,93,1,8,45.21,0.09708,0.14161,0.76131,0.54438,0.0,8,0,0.0,0.0,0.0,0,33.0,33.0,0
fixed,weak,94,1,8,46.728,0.10593,0.19068,0.70339,0.49405,0.0,8,0,0.0,0.0,0.0,0,33.0,33.0,0
fixed,weak,95,1,3,23.496,0.08567,0.14607,0.76826,0.45783,0.0,3,0,0.0,0.0,0.0,0,33.0,33.0,0
fixed,weak,96,1,6,40.392,0.08007,0.20016,0.71977,0.565,0.0,6,0,0.0,0.0,0.0,0,33.0,33.0,0
fixed,weak,97,1,5,36.96,0.05446,0.3125,0.63304,0.44545,0.0,5,0,0.0,0.0,0.0,0,33.0,33.0,0
fixed,weak,98,1,10,56.331,0.07909,0.23433,0.68658,0.45736,0.0,10,0,0.0,0.0,0.0,0,33.0,33.0,0
fixed,weak,99,1,9,50.193,0.13609,0.15911,0.7048,0.56205,0.0,9,0,0.0,0.0,0.0,0,33.0,33.0,0
fixed,weak,100,1,6,36.861,0.05461,0.15846,0.78693,0.43602,0.0,6,0,0.0,0.0,0.0,0,33.0,33.0,0
fixed,weak,101,1,7,35.475,0.05674,0.20372,0.73953,0.40496,0.0,7,0,0.0,0.0,0.0,0,33.0,33.0,0
fixed,weak,102,1,7,39.27,0.08908,0.11429,0.79664,0.56682,0.0,7,0,0.0,0.0,0.0,0,33.0,33.0,0
fixed,weak,103,1,10,54.78,0.06867,0.10241,0.82892,0.54777,0.0,10,0,0.0,0.0,0.0,0,33.0,33.0,0
fixed,weak,104,1,7,42.174,0.09155,0.10016,0.80829,0.50625,0.0,7,0,0.0,0.0,0.0,0,33.0,33.0,0
fixed,weak,105,1,3,25.806,0.07801,0.09335,0.82864,0.53344,0.0,3,0,0.0,0.0,0.0,0,33.0,33.0,0
fixed,weak,106,1,10,53.031,0.05849,0.0448,0.8967,0.5707,0.0,10,0,0.0,0.0,0.0,0,33.0,33.0,0
fixed,weak,107,1,5,31.053,0.06482,0.18916,0.74601,0.45694,0.0,5,0,0.0,0.0,0.0,0,33.0,33.0,0
fixed,weak,108,1,3,24.354,0.15718,0.11653,0.72629,0.55416,0.0,3,0,0.0,0.0,0.0,0,33.0,33.0,0
fixed,weak,109,1,7,44.088,0.04865,0.22455,0.7268,0.50659,0.0,7,0,0.0,0.0,0.0,0,33.0,33.0,0
fixed,weak,110,1,6,38.346,0.10069,0.07831,0.821,0.54247,0.0,6,0,0.0,0.0,0.0,0,33.0,33.0,0
fixed,weak,111,1,6,33.66,0.0598,0.11373,0.82647,0.53726,0.0,6,0,0.0,0.0,0.0,0,33.0,33.0,0
fixed,weak,112,1,7,37.554,0.05448,0.12654,0.81898,0.45855,0.0,7,0,0.0,0.0,0.0,0,33.0,33.0,0
fixed,weak,113,1,7,41.613,0.04837,0.10071,0.85091,0.46672,0.0,7,0,0.0,0.0,0.0,0,33.0,33.0,0
fixed,weak,114,1,4,34.089,0.05905,0.20232,0.73863,0.48141,0.0,4,0,0.0,0.0,0.0,0,33.0,33.0,0
fixed,weak,115,1,5,36.663,0.15932,0.05941,0.78128,0.6224,0.0,5,0,0.0,0.0,0.0,0,33.0,33.0,0
fixed,weak,116,1,16,73.623,0.05244,0.29,0.65755,0.42959,0.0,16,0,0.0,0.0,0.0,0,33.0,33.0,0
fixed,weak,117,1,5,32.868,0.14859,0.24699,0.60442,0.50818,0.0,5,0,0.0,0.0,0.0,0,33.0,33.0,0
fixed,weak,118,1,6,37.125,0.12267,0.10756,0.76978,0.55626,0.0,6,0,0.0,0.0,0.0,0,33.0,33.0,0
fixed,weak,119,1,6,35.343,0.05696,0.09524,0.84781,0.53088,0.0,6,0,0.0,0.0,0.0,0,33.0,33.0,0
fixed,weak,120,1,7,43.362,0.04642,0.20776,0.74581,0.39146,0.0,7,0,0.0,0.0,0.0,0,33.0,33.0,0
fixed,weak,121,1,6,36.564,0.05776,0.07581,0.86643,0.46621,0.0,6,0,0.0,0.0,0.0,0,33.0,33.0,0
fixed,weak,122,1,4,32.076,0.0679,0.14198,0.79012,0.51107,0.0,4,0,0.0,0.0,0.0,0,33.0,33.0,0
fixed,weak,123,1,13,61.479,0.05529,0.16908,0.77563,0.49165,0.0,13,0,0.0,0.0,0.0,0,33.0,33.0,0
fixed,weak,124,1,12,54.681,0.11768,0.20821,0.67411,0.5365,0.0,12,0,0.0,0.0,0.0,0,33.0,33.0,0
fixed,weak,125,1,8,43.23,0.07557,0.17481,0.74962,0.45527,0.0,8,0,0.0,0.0,0.0,0,33.0,33.0,0
fixed,weak,126,1,11,57.123,0.18486,0.20335,0.61179,0.54897,0.0,11,0,0.0,0.0,0.0,0,33.0,33.0,0
fixed,weak,127,1,8,44.022,0.07571,0.05772,0.86657,0.54705,0.0,8,0,0.0,0.0,0.0,0,33.0,33.0,0
fixed,weak,128,1,12,56.826,0.15273,0.11498,0.73229,0.53913,0.0,12,0,0.0,0.0,0.0,0,33.0,33.0,0
fixed,weak,129,1,13,65.208,0.05719,0.04605,0.89676,0.57115,0.0,13,0,0.0,0.0,0.0,0,33.0,33.0,0
fixed,weak,130,1,19,83.292,0.02417,0.08479,0.89105,0.54808,0.0,19,0,0.0,0.0,0.0,0,33.0,33.0,0
fixed,weak,131,1,5,33.66,0.13627,0.10098,0.76275,0.58488,0.0,5,0,0.0,0.0,0.0,0,33.0,33.0,0
fixed,weak,132,1,8,49.731,0.04048,0.31321,0.64632,0.35833,0.0,8,0,0.0,0.0,0.0,0,33.0,33.0,0
fixed,weak,133,1,6,35.508,0.09851,0.1487,0.75279,0.51757,0.0,6,0,0.0,0.0,0.0,0,33.0,33.0,0
fixed,weak,134,1,3,23.694,0.08496,0.11699,0.79805,0.45414,0.0,3,0,0.0,0.0,0.0,0,33.0,33.0,0
fixed,weak,135,1,9,50.754,0.07347,0.24837,0.67815,0.42084,0.0,9,0,0.0,0.0,0.0,0,33.0,33.0,0
fixed,weak,136,1,6,37.785,0.10131,0.12664,0.77205,0.59229,0.0,6,0,0.0,0.0,0.0,0,33.0,33.0,0
fixed,weak,137,1,5,36.63,0.05495,0.37207,0.57297,0.34981,0.0,5,0,0.0,0.0,0.0,0,33.0,33.0,0
fixed,weak,138,1,3,24.387,0.08254,0.18539,0.73207,0.4696,0.0,3,0,0.0,0.0,0.0,0,33.0,33.0,0
fixed,weak,139,1,3,24.09,0.08356,0.10548,0.81096,0.54894,0.0,3,0,0.0,0.0,0.0,0,33.0,33.0,0
fixed,weak,140,1,11,55.968,0.08432,0.08078,0.83491,0.48691,0.0,11,0,0.0,0.0,0.0,0,33.0,33.0,0
fixed,weak,141,1,14,69.729,0.05017,0.13961,0.81022,0.5038,0.0,14,0,0.0,0.0,0.0,0,33.0,33.0,0
fixed,weak,142,1,9,47.388,0.08287,0.12604,0.79109,0.50019,0.0,9,0,0.0,0.0,0.0,0,33.0,33.0,0
fixed,weak,143,1,8,46.464,0.07315,0.09659,0.83026,0.4795,0.0,8,0,0.0,0.0,0.0,0,33.0,33.0,0
fixed,weak,144,1,10,52.371,0.03844,0.14115,0.82042,0.45431,0.0,10,0,0.0,0.0,0.0,0,33.0,33.0,0
fixed,weak,145,1,2,22.638,0.08892,0.16327,0.74781,0.51352,0.0,2,0,0.0,0.0,0.0,0,33.0,33.0,0
fixed,weak,146,1,3,27.258,0.07385,0.13923,0.78692,0.52205,0.0,3,0,0.0,0.0,0.0,0,33.0,33.0,0
fixed,weak,147,1,7,39.567,0.05088,0.1618,0.78732,0.52032,0.0,7,0,0.0,0.0,0.0,0,33.0,33.0,0
fixed,weak,148,1,3,26.235,0.07673,0.12579,0.79748,0.47551,0.0,3,0,0.0,0.0,0.0,0,33.0,33.0,0
fixed,weak,149,1,11,57.816,0.20776,0.11473,0.67751,0.59928,0.0,11,0,0.0,0.0,0.0,0,33.0,33.0,0
fixed,weak,150,1,10,54.78,0.13494,0.07952,0.78554,0.61312,0.0,10,0,0.0,0.0,0.0,0,33.0,33.0,0
fixed,weak,151,1,9,48.51,0.0415,0.37755,0.58095,0.38336,0.0,9,0,0.0,0.0,0.0,0,33.0,33.0,0
fixed,weak,152,1,7,43.164,0.05122,0.23012,0.71865,0.42622,0.0,7,0,0.0,0.0,0.0,0,33.0,33.0,0
fixed,weak,153,1,7,40.92,0.05161,0.13952,0.80887,0.41599,0.0,7,0,0.0,0.0,0.0,0,33.0,33.0,0
fixed,weak,154,1,7,45.573,0.08979,0.15351,0.7567,0.60047,0.0,7,0,0.0,0.0,0.0,0,33.0,33.0,0
fixed,weak,155,1,3,25.014,0.08047,0.2467,0.67282,0.43617,0.0,3,0,0.0,0.0,0.0,0,33.0,33.0,0
fixed,weak,156,1,10,54.252,0.20438,0.06934,0.72628,0.63982,0.0,10,0,0.0,0.0,0.0,0,33.0,33.0,0
fixed,weak,157,1,12,58.674,0.17942,0.24859,0.57199,0.57755,0.0,12,0,0.0,0.0,0.0,0,33.0,33.0,0
fixed,weak,158,1,16,74.481,0.08463,0.05272,0.86265,0.57203,0.0,16,0,0.0,0.0,0.0,0,33.0,33.0,0
fixed,weak,159,1,8,49.302,0.11379,0.20549,0.68072,0.52791,0.0,8,0,0.0,0.0,0.0,0,33.0,33.0,0
fixed,weak,160,1,14,64.944,0.09451,0.11839,0.78709,0.43546,0.0,14,0,0.0,0.0,0.0,0,33.0,33.0,0
fixed,weak,161,1,9,50.589,0.06458,0.1272,0.80822,0.48399,0.0,9,0,0.0,0.0,0.0,0,33.0,33.0,0
fixed,weak,162,1,2,20.658,0.10064,0.10703,0.79233,0.56529,0.0,2,0,0.0,0.0,0.0,0,33.0,33.0,0
fixed,weak,163,1,5,36.663,0.08551,0.08821,0.82628,0.61643,0.0,5,0,0.0,0.0,0.0,0,33.0,33.0,0
fixed,weak,164,1,8,44.022,0.04573,0.07571,0.87856,0.46075,0.0,8,0,0.0,0.0,0.0,0,33.0,33.0,0
fixed,weak,165,1,9,48.972,0.04111,0.32075,0.63814,0.41627,0.0,9,0,0.0,0.0,0.0,0,33.0,33.0,0
fixed,weak,166,1,6,40.656,0.18263,0.11851,0.69886,0.61691,0.0,6,0,0.0,0.0,0.0,0,33.0,33.0,0
fixed,weak,167,1,5,35.739,0.0591,0.11173,0.82918,0.49086,0.0,5,0,0.0,0.0,0.0,0,33.0,33.0,0
fixed,weak,168,1,6,35.904,0.18566,0.17739,0.63695,0.50617,0.0,6,0,0.0,0.0,0.0,0,33.0,33.0,0
fixed,weak,169,1,19,86.196,0.05436,0.15276,0.79288,0.54502,0.0,19,0,0.0,0.0,0.0,0,33.0,33.0,0
fixed,weak,170,1,20,86.988,0.18968,0.24355,0.56677,0.51223,0.0,20,0,0.0,0.0,0.0,0,33.0,33.0,0
fixed,weak,171,1,2,23.562,0.08543,0.34034,0.57423,0.44065,0.0,2,0,0.0,0.0,0.0,0,33.0,33.0,0
fixed,weak,172,1,10,53.361,0.03772,0.09895,0.86333,0.45073,0.0,10,0,0.0,0.0,0.0,0,33.0,33.0,0
fixed,weak,173,1,6,36.267,0.05551,0.13649,0.80801,0.48563,0.0,6,0,0.0,0.0,0.0,0,33.0,33.0,0
fixed,weak,174,1,7,40.986,0.25684,0.19887,0.54428,0.59242,0.0,7,0,0.0,0.0,0.0,0,33.0,33.0,0
fixed,weak,175,1,15,71.247,0.02918,0.10144,0.86938,0.50522,0.0,15,0,0.0,0.0,0.0,0,33.0,33.0,0
fixed,weak,176,1,14,65.604,0.03068,0.1328,0.83652,0.40186,0.0,14,0,0.0,0.0,0.0,0,33.0,33.0,0
fixed,weak,177,1,9,46.86,0.07535,0.13803,0.78662,0.50467,0.0,9,0,0.0,0.0,0.0,0,33.0,33.0,0
fixed,weak,178,1,8,46.53,0.04397,0.21489,0.74113,0.45445,0.0,8,0,0.0,0.0,0.0,0,33.0,33.0,0
fixed,weak,179,1,15,71.61,0.05207,0.09124,0.85668,0.56084,0.0,15,0,0.0,0.0,0.0,0,33.0,33.0,0
fixed,weak,180,1,11,55.902,0.16824,0.06848,0.76328,0.6125,0.0,11,0,0.0,0.0,0.0,0,33.0,33.0,0
fixed,weak,181,1,4,26.598,0.37469,0.09553,0.52978,0.72593,0.0,4,0,0.0,0.0,0.0,0,33.0,33.0,0
fixed,weak,182,1,15,70.917,0.02839,0.18986,0.78176,0.52122,0.0,15,0,0.0,0.0,0.0,0,33.0,33.0,0
fixed,weak,183,1,6,37.554,0.05448,0.07557,0.86995,0.49795,0.0,6,0,0.0,0.0,0.0,0,33.0,33.0,0
fixed,weak,184,1,9,46.497,0.04329,0.10788,0.84883,0.50046,0.0,9,0,0.0,0.0,0.0,0,33.0,33.0,0
fixed,weak,185,1,12,57.618,0.06529,0.2291,0.70561,0.49307,0.0,12,0,0.0,0.0,0.0,0,33.0,33.0,0
fixed,weak,186,1,13,68.442,0.06654,0.18129,0.75217,0.42884,0.0,13,0,0.0,0.0,0.0,0,33.0,33.0,0
fixed,weak,187,1,9,50.985,0.10485,0.31197,0.58317,0.42199,0.0,9,0,0.0,0.0,0.0,0,33.0,33.0,0
fixed,weak,188,1,6,36.96,0.05714,0.0875,0.85536,0.54886,0.0,6,0,0.0,0.0,0.0,0,33.0,33.0,0
fixed,weak,189,1,9,50.952,0.06736,0.15933,0.77332,0.56179,0.0,9,0,0.0,0.0,0.0,0,33.0,33.0,0
fixed,weak,190,1,7,43.923,0.04884,0.25319,0.69797,0.46141,0.0,7,0,0.0,0.0,0.0,0,33.0,33.0,0
fixed,weak,191,1,9,53.163,0.10615,0.23402,0.65984,0.46796,0.0,9,0,0.0,0.0,0.0,0,33.0,33.0,0
fixed,weak,192,1,9,46.959,0.04498,0.25158,0.70344,0.39695,0.0,9,0,0.0,0.0,0.0,0,33.0,33.0,0
fixed,weak,193,1,3,23.463,0.08579,0.19972,0.71449,0.45986,0.0,3,0,0.0,0.0,0.0,0,33.0,33.0,0
fixed,weak,194,1,12,60.654,0.03591,0.25245,0.71164,0.41439,0.0,12,0,0.0,0.0,0.0,0,33.0,33.0,0
fixed,weak,195,1,7,43.197,0.08251,0.11001,0.80749,0.54827,0.0,7,0,0.0,0.0,0.0,0,33.0,33.0,0
fixed,weak,196,1,12,59.697,0.12935,0.10282,0.76783,0.45012,0.0,12,0,0.0,0.0,0.0,0,33.0,33.0,0
fixed,weak,197,1,7,41.745,0.2253,0.07668,0.69802,0.62751,0.0,7,0,0.0,0.0,0.0,0,33.0,33.0,0
fixed,weak,198,1,17,77.913,0.0432,0.13427,0.82253,0.44179,0.0,17,0,0.0,0.0,0.0,0,33.0,33.0,0
fixed,weak,199,1,9,48.609,0.11202,0.14257,0.74542,0.48637,0.0,9,0,0.0,0.0,0.0,0,33.0,33.0,0
rules,weak,0,0,30,124.014,0.029,0.00745,0.96354,0.4698,0.18057,29,0,0.0,0.0,0.0,0,33.0,33.0,0
rules,weak,1,1,8,41.283,0.15268,0.16227,0.68505,0.54996,0.0,8,0,0.0,0.0,0.0,0,33.0,33.0,0
rules,weak,2,0,30,126.324,0.1105,0.07184,0.81766,0.5702,0.06433,29,0,0.0,0.0,0.0,0,33.0,33.0,0
rules,weak,3,0,30,128.865,0.13188,0.02023,0.84789,0.63069,0.12519,29,0,0.0,0.0,0.0,0,33.0,33.0,0
rules,weak,4,0,30,122.463,0.15791,0.09566,0.74643,0.6258,0.06154,29,0,0.0,0.0,0.0,0,33.0,33.0,0
rules,weak,5,0,30,114.378,0.16128,0.01154,0.82718,0.66533,0.16781,29,0,0.0,0.0,0.0,0,33.0,33.0,0
rules,weak,6,0,30,121.341,0.04759,0.0,0.95241,0.65579,0.28899,29,0,0.0,0.0,0.0,0,33.0,33.0,0
rules,weak,7,0,30,136.488,0.04352,0.02394,0.93254,0.46391,0.15057,29,0,0.0,0.0,0.0,0,33.0,33.0,0
rules,weak,8,0,30,130.185,0.07731,0.00887,0.91381,0.55423,0.16198,29,0,0.0,0.0,0.0,0,33.0,33.0,0
rules,weak,9,0,30,123.915,0.10892,0.0735,0.81758,0.58889,0.06063,29,0,0.0,0.0,0.0,0,33.0,33.0,0
rules,weak,10,0,30,121.671,0.12042,0.02631,0.85327,0.65517,0.13698,29,0,0.0,0.0,0.0,0,33.0,33.0,0
rules,weak,11,1,4,26.961,0.15422,0.09425,0.75153,0.68299,0.0,4,0,0.0,0.0,0.0,0,33.0,33.0,0
rules,weak,12,1,15,65.934,0.08108,0.09059,0.82833,0.47491,0.0,15,0,0.0,0.0,0.0,0,33.0,33.0,0
rules,weak,13,0,30,121.638,0.02604,0.02876,0.9452,0.59608,0.10615,29,0,0.0,0.0,0.0,0,33.0,33.0,0
rules,weak,14,0,30,124.707,0.0815,0.04895,0.86954,0.60329,0.14697,29,0,0.0,0.0,0.0,0,33.0,33.0,0
rules,weak,15,0,30,132.561,0.0463,0.05775,0.89594,0.61262,0.08239,29,0,0.0,0.0,0.0,0,33.0,33.0,0
rules,weak,16,0,30,126.588,0.06465,0.03206,0.90328,0.57855,0.14164,29,0,0.0,0.0,0.0,0,33.0,33.0,0
rules,weak,17,0,30,119.328,0.04314,0.02406,0.9328,0.58478,0.151,29,0,0.0,0.0,0.0,0,33.0,33.0,0
rules,weak,18,0,30,137.379,0.03003,0.03507,0.9349,0.47177,0.13744,29,0,0.0,0.0,0.0,0,33.0,33.0,0
rules,weak,19,0,30,131.736,0.02705,0.03432,0.93863,0.46127,0.11566,29,0,0.0,0.0,0.0,0,33.0,33.0,0
rules,weak,20,0,30,128.304,0.16975,0.0,0.83025,0.68361,0.30748,29,0,0.0,0.0,0.0,0,33.0,33.0,0
rules,weak,21,1,5,31.614,0.13779,0.17537,0.68685,0.62128,0.0,5,0,0.0,0.0,0.0,0,33.0,33.0,0
rules,weak,22,0,30,137.049,0.07055,0.0484,0.88105,0.56247,0.06496,29,0,0.0,0.0,0.0,0,33.0,33.0,0
rules,weak,23,0,30,113.619,0.0485,0.02353,0.92797,0.5089,0.16279,29,0,0.0,0.0,0.0,0,33.0,33.0,0
rules,weak,24,1,18,84.381,0.15252,0.0395,0.80798,0.62449,0.0,18,0,0.0,0.0,0.0,0,33.0,33.0,0
rules,weak,25,0,30,119.064,0.06901,0.05626,0.87472,0.55901,0.11862,29,0,0.0,0.0,0.0,0,33.0,33.0,0
rules,weak,26,0,30,121.44,0.06549,0.0,0.93451,0.62377,0.23347,29,0,0.0,0.0,0.0,0,33.0,33.0,0
rules,weak,27,1,5,35.112,0.05733,0.15602,0.78665,0.46618,0.0,5,0,0.0,0.0,0.0,0,33.0,33.0,0
rules,weak,28,0,30,111.738,0.05759,0.03987,0.90254,0.58323,0.14095,29,0,0.0,0.0,0.0,0,33.0,33.0,0
rules,weak,29,0,30,123.453,0.17348,0.0,0.82652,0.6496,0.21881,29,0,0.0,0.0,0.0,0,33.0,33.0,0
rules,weak,30,0,30,119.229,0.11597,0.00526,0.87877,0.66059,0.18145,29,0,0.0,0.0,0.0,0,33.0,33.0,0
rules,weak,31,0,30,125.862,0.10986,0.07315,0.81699,0.54218,0.06253,29,0,0.0,0.0,0.0,0,33.0,33.0,0
rules,weak,32,0,30,123.321,0.05593,0.0,0.94407,0.60707,0.30178,29,0,0.0,0.0,0.0,0,33.0,33.0,0
rules,weak,33,0,30,122.562,0.10689,0.04416,0.84895,0.66399,0.01369,29,0,0.0,0.0,0.0,0,33.0,33.0,0
rules,weak,34,0,30,118.833,0.16218,0.01305,0.82477,0.61947,0.17397,29,0,0.0,0.0,0.0,0,33.0,33.0,0
rules,weak,35,0,30,127.314,0.07284,0.01555,0.91161,0.55927,0.13079,29,0,0.0,0.0,0.0,0,33.0,33.0,0
rules,weak,36,0,30,125.037,0.05041,0.0,0.94959,0.63697,0.21219,29,0,0.0,0.0,0.0,0,33.0,33.0,0
rules,weak,37,0,30,126.654,0.03491,0.04039,0.9247,0.59807,0.05772,29,0,0.0,0.0,0.0,0,33.0,33.0,0
rules,weak,38,0,30,124.443,0.05091,0.05304,0.89605,0.62179,0.11357,29,0,0.0,0.0,0.0,0,33.0,33.0,0
rules,weak,39,0,30,126.291,0.16462,0.01855,0.81683,0.66861,0.14091,29,0,0.0,0.0,0.0,0,33.0,33.0,0
rules,weak,40,0,30,119.229,0.19208,0.0,0.80792,0.66214,0.23547,29,0,0.0,0.0,0.0,0,33.0,33.0,0
rules,weak,41,1,13,67.848,0.03259,0.17461,0.7928,0.41041,0.0,13,0,0.0,0.0,0.0,0,33.0,33.0,0
rules,weak,42,1,8,42.834,0.13636,0.17103,0.6926,0.55444,0.0,8,0,0.0,0.0,0.0,0,33.0,33.0,0
rules,weak,43,0,30,131.505,0.06274,0.0256,0.91167,0.56289,0.07644,29,0,0.0,0.0,0.0,0,33.0,33.0,0
rules,weak,44,0,30,123.618,0.16765,0.01041,0.82194,0.68179,0.16594,29,0,0.0,0.0,0.0,0,33.0,33.0,0
rules,weak,45,0,30,119.658,0.04247,0.0,0.95753,0.55931,0.2457,29,0,0.0,0.0,0.0,0,33.0,33.0,0
rules,weak,46,0,30,122.991,0.07244,0.04213,0.88543,0.59551,0.06052,29,0,0.0,0.0,0.0,0,33.0,33.0,0
rules,weak,47,0,30,117.051,0.08937,0.03496,0.87567,0.54008,0.14223,29,0,0.0,0.0,0.0,0,33.0,33.0,0
rules,weak,48,0,30,123.519,0.10793,0.0724,0.81966,0.53769,0.06336,29,0,0.0,0.0,0.0,0,33.0,33.0,0
rules,weak,49,0,30,130.449,0.12472,0.03162,0.84366,0.53076,0.1645,29,0,0.0,0.0,0.0,0,33.0,33.0,0
rules,weak,50,0,30,115.962,0.05635,0.00768,0.93597,0.60497,0.17598,29,0,0.0,0.0,0.0,0,33.0,33.0,0
rules,weak,51,0,30,134.013,0.06772,0.08643,0.84585,0.58238,0.069,29,0,0.0,0.0,0.0,0,33.0,33.0,0
rules,weak,52,0,30,132.132,0.11039,0.01723,0.87238,0.63414,0.11781,29,0,0.0,0.0,0.0,0,33.0,33.0,0
rules,weak,53,0,30,113.223,0.03876,0.01224,0.94899,0.55618,0.17385,29,0,0.0,0.0,0.0,0,33.0,33.0,0
rules,weak,54,0,30,124.707,0.01614,0.0,0.98386,0.54598,0.24004,29,0,0.0,0.0,0.0,0,33.0,33.0,0
rules,weak,55,1,16,78.672,0.06669,0.04698,0.88633,0.57675,0.0,16,0,0.0,0.0,0.0,0,33.0,33.0,0
rules,weak,56,0,30,129.624,0.06594,0.0,0.93406,0.67043,0.39369,29,0,0.0,0.0,0.0,0,33.0,33.0,0
rules,weak,57,0,30,123.222,0.09588,0.16792,0.73621,0.49332,0.05893,29,0,0.0,0.0,0.0,0,33.0,33.0,0
rules,weak,58,0,30,125.532,0.0163,0.13433,0.84937,0.43005,0.04455,29,0,0.0,0.0,0.0,0,33.0,33.0,0
rules,weak,59,0,30,120.021,0.19137,0.04674,0.76189,0.64656,0.09019,29,0,0.0,0.0,0.0,0,33.0,33.0,0
rules,weak,60,1,6,30.129,0.15882,0.06791,0.77327,0.68122,0.0,6,0,0.0,0.0,0.0,0,33.0,33.0,0
rules,weak,61,1,16,89.628,0.03571,0.08616,0.87813,0.48695,0.0,16,0,0.0,0.0,0.0,0,33.0,33.0,0
rules,weak,62,1,14,78.738,0.02766,0.05029,0.92205,0.54619,0.0,14,0,0.0,0.0,0.0,0,33.0,33.0,0
rules,weak,63,0,30,129.228,0.11006,0.02937,0.86057,0.56372,0.11381,29,0,0.0,0.0,0.0,0,33.0,33.0,0
rules,weak,64,1,8,54.483,0.03937,0.11326,0.84737,0.52617,0.0,8,0,0.0,0.0,0.0,0,33.0,33.0,0
rules,weak,65,0,30,138.732,0.07612,0.11061,0.81327,0.55888,0.00859,29,0,0.0,0.0,0.0,0,33.0,33.0,0
rules,weak,66,0,30,143.814,0.03648,0.0,0.96352,0.55573,0.21289,29,0,0.0,0.0,0.0,0,33.0,33.0,0
rules,weak,67,0,30,122.034,0.04867,0.0603,0.89102,0.52366,0.00649,29,0,0.0,0.0,0.0,0,33.0,33.0,0
rules,weak,68,1,9,52.272,0.04104,0.09217,0.86679,0.55223,0.0,9,0,0.0,0.0,0.0,0,33.0,33.0,0
rules,weak,69,0,30,125.763,0.07295,0.10916,0.8179,0.4942,0.0767,29,0,0.0,0.0,0.0,0,33.0,33.0,0
rules,weak,70,1,4,28.578,0.12009,0.17321,0.7067,0.56296,0.0,4,0,0.0,0.0,0.0,0,33.0,33.0,0
rules,weak,71,0,30,116.523,0.11413,0.02266,0.86321,0.618,0.14235,29,0,0.0,0.0,0.0,0,33.0,33.0,0
rules,weak,72,0,30,127.644,0.11194,0.06825,0.8198,0.64462,0.01227,29,0,0.0,0.0,0.0,0,33.0,33.0,0
rules,weak,73,0,30,123.222,0.09507,0.01714,0.88779,0.6277,0.13758,29,0,0.0,0.0,0.0,0,33.0,33.0,0
rules,weak,74,0,30,127.776,0.11028,0.04313,0.84659,0.57857,0.06348,29,0,0.0,0.0,0.0,0,33.0,33.0,0
rules,weak,75,0,30,119.889,0.12717,0.10845,0.76438,0.53695,0.05027,29,0,0.0,0.0,0.0,0,33.0,33.0,0
rules,weak,76,0,30,117.612,0.03395,0.02469,0.94136,0.4997,0.13795,29,0,0.0,0.0,0.0,0,33.0,33.0,0
rules,weak,77,0,30,131.571,0.05167,0.03863,0.90971,0.58944,0.11026,29,0,0.0,0.0,0.0,0,33.0,33.0,0
rules,weak,78,0,30,122.232,0.08558,0.027,0.88742,0.6069,0.1579,29,0,0.0,0.0,0.0,0,33.0,33.0,0
rules,weak,79,1,4,24.618,0.31233,0.08311,0.60456,0.71354,0.0,4,0,0.0,0.0,0.0,0,33.0,33.0,0
rules,weak,80,0,30,126.489,0.24341,0.0,0.75659,0.76851,0.33722,29,0,0.0,0.0,0.0,0,33.0,33.0,0
rules,weak,81,1,2,14.751,0.35347,0.11633,0.5302,0.68961,0.0,2,0,0.0,0.0,0.0,0,33.0,33.0,0
rules,weak,82,0,30,121.407,0.33025,0.0,0.66975,0.80596,0.38044,29,0,0.0,0.0,0.0,0,33.0,33.0,0
rules,weak,83,0,30,130.515,0.1158,0.02857,0.85563,0.55116,0.15135,29,0,0.0,0.0,0.0,0,33.0,33.0,0
rules,weak,84,0,30,128.073,0.04226,0.01366,0.94409,0.57973,0.14941,29,0,0.0,0.0,0.0,0,33.0,33.0,0
rules,weak,85,1,9,51.777,0.0427,0.17208,0.78521,0.47271,0.0,9,0,0.0,0.0,0.0,0,33.0,33.0,0
rules,weak,86,0,30,121.605,0.0445,0.00027,0.95522,0.48811,0.19954,29,0,0.0,0.0,0.0,0,33.0,33.0,0
rules,weak,87,0,30,123.783,0.06825,0.016,0.91576,0.60618,0.14208,29,0,0.0,0.0,0.0,0,33.0,33.0,0
rules,weak,88,0,30,138.468,0.03551,0.04004,0.92445,0.5843,0.05977,29,0,0.0,0.0,0.0,0,33.0,33.0,0
rules,weak,89,0,30,132.561,0.18546,0.00672,0.80782,0.64318,0.17302,29,0,0.0,0.0,0.0,0,33.0,33.0,0
rules,weak,90,1,6,31.284,0.17932,0.09388,0.72679,0.63155,0.0,6,0,0.0,0.0,0.0,0,33.0,33.0,0
rules,weak,91,0,30,116.49,0.01728,0.0,0.98272,0.62753,0.3028,29,0,0.0,0.0,0.0,0,33.0,33.0,0
rules,weak,92,0,30,127.347,0.11143,0.01322,0.87536,0.63637,0.13992,29,0,0.0,0.0,0.0,0,33.0,33.0,0
rules,weak,93,0,30,126.39,0.08799,0.00052,0.91149,0.61243,0.19738,29,0,0.0,0.0,0.0,0,33.0,33.0,0
rules,weak,94,0,30,118.734,0.04892,0.02001,0.93107,0.56306,0.14113,29,0,0.0,0.0,0.0,0,33.0,33.0,0
rules,weak,95,0,30,123.453,0.08019,0.03823,0.88158,0.53484,0.05274,29,0,0.0,0.0,0.0,0,33.0,33.0,0
rules,weak,96,1,4,28.974,0.11162,0.08314,0.80524,0.66188,0.0,4,0,0.0,0.0,0.0,0,33.0,33.0,0
rules,weak,97,0,30,135.597,0.05573,0.0769,0.86736,0.52542,0.06181,29,0,0.0,0.0,0.0,0,33.0,33.0,0
rules,weak,98,0,30,125.433,0.03394,0.03078,0.93528,0.48103,0.12865,29,0,0.0,0.0,0.0,0,33.0,33.0,0
rules,weak,99,1,5,32.439,0.17904,0.15361,0.66734,0.59029,0.0,5,0,0.0,0.0,0.0,0,33.0,33.0,0
rules,weak,100,0,30,126.852,0.03278,0.0,0.96722,0.63409,0.37129,29,0,0.0,0.0,0.0,0,33.0,33.0,0
rules,weak,101,0,30,124.377,0.03794,0.03051,0.93155,0.6177,0.08699,29,0,0.0,0.0,0.0,0,33.0,33.0,0
rules,weak,102,0,30,133.287,0.09582,0.04877,0.85541,0.60886,0.0964,29,0,0.0,0.0,0.0,0,33.0,33.0,0
rules,weak,103,0,30,124.806,0.02909,0.05394,0.91698,0.47218,0.07648,29,0,0.0,0.0,0.0,0,33.0,33.0,0
rules,weak,104,0,30,122.727,0.06964,0.01264,0.91772,0.578,0.15277,29,0,0.0,0.0,0.0,0,33.0,33.0,0
rules,weak,105,1,3,29.865,0.0674,0.11381,0.81878,0.55944,0.0,3,0,0.0,0.0,0.0,0,33.0,33.0,0
rules,weak,106,0,30,122.958,0.0357,0.05046,0.91385,0.49297,0.06049,29,0,0.0,0.0,0.0,0,33.0,33.0,0
rules,weak,107,0,30,115.005,0.06657,0.0,0.93343,0.69789,0.46378,29,0,0.0,0.0,0.0,0,33.0,33.0,0
rules,weak,108,0,30,133.881,0.16835,0.1124,0.71925,0.55998,0.05328,29,0,0.0,0.0,0.0,0,33.0,33.0,0
rules,weak,109,1,25,116.193,0.01846,0.15763,0.82391,0.39138,0.0,25,0,0.0,0.0,0.0,0,33.0,33.0,0
rules,weak,110,0,30,119.427,0.07599,0.0,0.92401,0.68401,0.29021,29,0,0.0,0.0,0.0,0,33.0,33.0,0
rules,weak,111,0,30,120.417,0.08249,0.05317,0.86435,0.60845,0.06058,29,0,0.0,0.0,0.0,0,33.0,33.0,0
rules,weak,112,0,30,122.001,0.01677,0.03381,0.94942,0.51455,0.10345,29,0,0.0,0.0,0.0,0,33.0,33.0,0
rules,weak,113,0,30,118.074,0.05031,0.02348,0.92622,0.53378,0.12667,29,0,0.0,0.0,0.0,0,33.0,33.0,0
rules,weak,114,0,30,130.878,0.19692,0.02622,0.77685,0.64971,0.12077,29,0,0.0,0.0,0.0,0,33.0,33.0,0
rules,weak,115,1,5,36.234,0.14663,0.07468,0.77869,0.53559,0.0,5,0,0.0,0.0,0.0,0,33.0,33.0,0
rules,weak,116,0,30,122.364,0.04234,0.0,0.95766,0.63246,0.33832,29,0,0.0,0.0,0.0,0,33.0,33.0,0
rules,weak,117,0,30,120.978,0.11402,0.01637,0.86961,0.59462,0.10678,29,0,0.0,0.0,0.0,0,33.0,33.0,0
rules,weak,118,0,30,126.687,0.08257,0.09351,0.82391,0.52688,0.02869,29,0,0.0,0.0,0.0,0,33.0,33.0,0
rules,weak,119,1,17,77.187,0.02608,0.06028,0.91364,0.49582,0.0,17,0,0.0,0.0,0.0,0,33.0,33.0,0
rules,weak,120,0,30,122.595,0.10283,0.06703,0.83015,0.59551,0.04597,29,0,0.0,0.0,0.0,0,33.0,33.0,0
rules,weak,121,0,30,121.605,0.01737,0.0,0.98263,0.51936,0.20161,29,0,0.0,0.0,0.0,0,33.0,33.0,0
rules,weak,122,0,30,126.654,0.0172,0.02527,0.95753,0.48978,0.12027,29,0,0.0,0.0,0.0,0,33.0,33.0,0
rules,weak,123,0,30,124.542,0.09115,0.05697,0.85188,0.56173,0.01996,29,0,0.0,0.0,0.0,0,33.0,33.0,0
rules,weak,124,0,30,124.641,0.05798,0.10273,0.83929,0.47169,0.02314,29,0,0.0,0.0,0.0,0,33.0,33.0,0
rules,weak,125,0,30,122.067,0.09408,0.0,0.90592,0.65053,0.24282,29,0,0.0,0.0,0.0,0,33.0,33.0,0
rules,weak,126,0,30,119.46,0.13066,0.1221,0.74724,0.54167,0.03454,29,0,0.0,0.0,0.0,0,33.0,33.0,0
rules,weak,127,0,30,128.238,0.05661,0.04452,0.89887,0.54613,0.09189,29,0,0.0,0.0,0.0,0,33.0,33.0,0
rules,weak,128,0,30,121.275,0.05361,0.01224,0.93415,0.49194,0.1693,29,0,0.0,0.0,0.0,0,33.0,33.0,0
rules,weak,129,0,30,112.167,0.04678,0.0,0.95322,0.64342,0.2158,29,0,0.0,0.0,0.0,0,33.0,33.0,0
rules,weak,130,1,21,94.941,0.0212,0.09211,0.88669,0.51475,0.0,21,0,0.0,0.0,0.0,0,33.0,33.0,0
rules,weak,131,1,5,36.432,0.12138,0.16667,0.71196,0.49536,0.0,5,0,0.0,0.0,0.0,0,33.0,33.0,0
rules,weak,132,0,30,131.01,0.05013,0.12317,0.8267,0.46625,0.01366,29,0,0.0,0.0,0.0,0,33.0,33.0,0
rules,weak,133,0,30,124.146,0.15178,0.04226,0.80595,0.63561,0.0447,29,0,0.0,0.0,0.0,0,33.0,33.0,0
rules,weak,134,0,30,123.684,0.11686,0.0008,0.88234,0.60317,0.19819,29,0,0.0,0.0,0.0,0,33.0,33.0,0
rules,weak,135,0,30,121.506,0.12385,0.01602,0.86013,0.63847,0.14928,29,0,0.0,0.0,0.0,0,33.0,33.0,0
rules,weak,136,0,30,125.928,0.09329,0.03249,0.87421,0.57325,0.07527,29,0,0.0,0.0,0.0,0,33.0,33.0,0
rules,weak,137,0,30,125.07,0.06939,0.0,0.93061,0.64569,0.32734,29,0,0.0,0.0,0.0,0,33.0,33.0,0
rules,weak,138,0,30,117.513,0.13058,0.01573,0.85369,0.55622,0.15912,29,0,0.0,0.0,0.0,0,33.0,33.0,0
rules,weak,139,0,30,112.695,0.12152,0.01552,0.86296,0.61948,0.16927,29,0,0.0,0.0,0.0,0,33.0,33.0,0
rules,weak,140,1,13,64.218,0.06989,0.04625,0.88386,0.48604,0.0,13,0,0.0,0.0,0.0,0,33.0,33.0,0
rules,weak,141,0,30,116.523,0.07307,0.01756,0.90937,0.53839,0.12871,29,0,0.0,0.0,0.0,0,33.0,33.0,0
rules,weak,142,0,30,103.785,0.13323,0.00731,0.85946,0.63748,0.16215,29,0,0.0,0.0,0.0,0,33.0,33.0,0
rules,weak,143,0,30,109.791,0.09739,0.0,0.90261,0.6481,0.23595,29,0,0.0,0.0,0.0,0,33.0,33.0,0
rules,weak,144,1,15,62.205,0.11565,0.2122,0.67215,0.55758,0.0,15,0,0.0,0.0,0.0,0,33.0,33.0,0
rules,weak,145,0,30,127.38,0.08161,0.00751,0.91088,0.61391,0.15133,29,0,0.0,0.0,0.0,0,33.0,33.0,0
rules,weak,146,0,30,124.179,0.05368,0.04969,0.89663,0.54176,0.09232,29,0,0.0,0.0,0.0,0,33.0,33.0,0
rules,weak,147,0,30,115.995,0.0606,0.03129,0.90811,0.55135,0.14161,29,0,0.0,0.0,0.0,0,33.0,33.0,0
rules,weak,148,0,30,123.585,0.10334,0.0,0.89666,0.70687,0.42641,29,0,0.0,0.0,0.0,0,33.0,33.0,0
rules,weak,149,0,30,113.685,0.07141,0.15007,0.77852,0.51607,0.06093,29,0,0.0,0.0,0.0,0,33.0,33.0,0
rules,weak,150,0,30,108.207,0.1287,0.04422,0.82708,0.59739,0.1114,29,0,0.0,0.0,0.0,0,33.0,33.0,0
rules,weak,151,0,30,131.637,0.03259,0.00351,0.9639,0.56152,0.19014,29,0,0.0,0.0,0.0,0,33.0,33.0,0
rules,weak,152,0,30,135.333,0.01634,0.02902,0.95465,0.49121,0.10375,29,0,0.0,0.0,0.0,0,33.0,33.0,0
rules,weak,153,0,30,132.264,0.14371,0.0,0.85629,0.6536,0.25988,29,0,0.0,0.0,0.0,0,33.0,33.0,0
rules,weak,154,1,6,38.577,0.10265,0.14457,0.75278,0.54474,0.0,6,0,0.0,0.0,0.0,0,33.0,33.0,0
rules,weak,155,1,13,57.288,0.23099,0.04205,0.72696,0.69475,0.0,13,0,0.0,0.0,0.0,0,33.0,33.0,0
rules,weak,156,0,30,112.299,0.20247,0.0764,0.72113,0.6191,0.08508,29,0,0.0,0.0,0.0,0,33.0,33.0,0
rules,weak,157,1,8,37.224,0.1906,0.07004,0.73936,0.58762,0.0,8,0,0.0,0.0,0.0,0,33.0,33.0,0
rules,weak,158,0,30,128.964,0.04197,0.08086,0.87718,0.50315,0.00105,29,0,0.0,0.0,0.0,0,33.0,33.0,0
rules,weak,159,0,30,130.911,0.12125,0.06907,0.80968,0.54623,0.05103,29,0,0.0,0.0,0.0,0,33.0,33.0,0
rules,weak,160,0,30,117.051,0.0733,0.01861,0.90809,0.56276,0.1417,29,0,0.0,0.0,0.0,0,33.0,33.0,0
rules,weak,161,0,30,112.53,0.1393,0.10293,0.75777,0.65986,0.04969,29,0,0.0,0.0,0.0,0,33.0,33.0,0
rules,weak,162,1,9,46.002,0.04519,0.06098,0.89383,0.53139,0.0,9,0,0.0,0.0,0.0,0,33.0,33.0,0
rules,weak,163,0,30,127.611,0.07008,0.02793,0.90199,0.60339,0.12821,29,0,0.0,0.0,0.0,0,33.0,33.0,0
rules,weak,164,0,30,117.315,0.12124,0.0,0.87876,0.69635,0.34414,29,0,0.0,0.0,0.0,0,33.0,33.0,0
rules,weak,165,0,30,139.326,0.01445,0.05306,0.9325,0.50465,0.06264,29,0,0.0,0.0,0.0,0,33.0,33.0,0
rules,weak,166,1,5,35.607,0.13716,0.12697,0.73587,0.53179,0.0,5,0,0.0,0.0,0.0,0,33.0,33.0,0
rules,weak,167,0,30,118.206,0.06672,0.0,0.93328,0.61567,0.20731,29,0,0.0,0.0,0.0,0,33.0,33.0,0
rules,weak,168,0,30,112.662,0.13152,0.04979,0.81869,0.64817,0.04565,29,0,0.0,0.0,0.0,0,33.0,33.0,0
rules,weak,169,1,21,99.957,0.03301,0.08386,0.88313,0.45615,0.0,21,0,0.0,0.0,0.0,0,33.0,33.0,0
rules,weak,170,1,7,32.439,0.29196,0.06307,0.64496,0.67261,0.0,7,0,0.0,0.0,0.0,0,33.0,33.0,0
rules,weak,171,0,30,120.054,0.13909,0.0,0.86091,0.6298,0.26305,29,0,0.0,0.0,0.0,0,33.0,33.0,0
rules,weak,172,0,30,117.843,0.01708,0.01316,0.96976,0.56539,0.16672,29,0,0.0,0.0,0.0,0,33.0,33.0,0
rules,weak,173,1,7,47.883,0.04204,0.06961,0.88835,0.54465,0.0,7,0,0.0,0.0,0.0,0,33.0,33.0,0
rules,weak,174,1,5,25.905,0.25478,0.0879,0.65732,0.68712,0.0,5,0,0.0,0.0,0.0,0,33.0,33.0,0
rules,weak,175,1,12,57.519,0.22662,0.11474,0.65863,0.65732,0.0,12,0,0.0,0.0,0.0,0,33.0,33.0,0
rules,weak,176,0,30,106.062,0.08494,0.0,0.91506,0.63472,0.28333,29,0,0.0,0.0,0.0,0,33.0,33.0,0
rules,weak,177,0,30,114.411,0.03057,0.02625,0.94318,0.48464,0.15372,29,0,0.0,0.0,0.0,0,33.0,33.0,0
rules,weak,178,1,17,95.667,0.02139,0.05657,0.92204,0.44922,0.0,17,0,0.0,0.0,0.0,0,33.0,33.0,0
rules,weak,179,1,14,67.815,0.05304,0.10754,0.83942,0.48424,0.0,14,0,0.0,0.0,0.0,0,33.0,33.0,0
rules,weak,180,0,30,105.699,0.11926,0.07025,0.81049,0.6055,0.0754,29,0,0.0,0.0,0.0,0,33.0,33.0,0
rules,weak,181,1,4,22.968,0.20546,0.0819,0.71264,0.71441,0.0,4,0,0.0,0.0,0.0,0,33.0,33.0,0
rules,weak,182,0,30,112.893,0.02806,0.07951,0.89243,0.51884,0.09862,29,0,0.0,0.0,0.0,0,33.0,33.0,0
rules,weak,183,0,30,125.301,0.07032,0.04398,0.8857,0.54967,0.13222,29,0,0.0,0.0,0.0,0,33.0,33.0,0
rules,weak,184,0,30,118.602,0.07095,0.0,0.92905,0.68184,0.21091,29,0,0.0,0.0,0.0,0,33.0,33.0,0
rules,weak,185,0,30,115.269,0.07071,0.08961,0.83968,0.49508,0.04066,29,0,0.0,0.0,0.0,0,33.0,33.0,0
rules,weak,186,0,30,122.991,0.07566,0.06171,0.86262,0.54379,0.09457,29,0,0.0,0.0,0.0,0,33.0,33.0,0
rules,weak,187,0,30,116.655,0.03168,0.0,0.96832,0.53904,0.26976,29,0,0.0,0.0,0.0,0,33.0,33.0,0
rules,weak,188,0,30,117.216,0.09009,0.0,0.90991,0.6975,0.28132,29,0,0.0,0.0,0.0,0,33.0,33.0,0
rules,weak,189,1,6,34.221,0.09932,0.07907,0.8216,0.64526,0.0,6,0,0.0,0.0,0.0,0,33.0,33.0,0
rules,weak,190,0,30,131.901,0.05479,0.14686,0.79835,0.52346,0.03114,29,0,0.0,0.0,0.0,0,33.0,33.0,0
rules,weak,191,0,30,134.343,0.03709,0.01646,0.94645,0.42766,0.15156,29,0,0.0,0.0,0.0,0,33.0,33.0,0
rules,weak,192,0,30,134.442,0.01571,0.07413,0.91016,0.48551,0.07092,29,0,0.0,0.0,0.0,0,33.0,33.0,0
rules,weak,193,0,30,118.866,0.13715,0.07052,0.79234,0.61328,0.04617,29,0,0.0,0.0,0.0,0,33.0,33.0,0
rules,weak,194,0,30,138.468,0.01573,0.05481,0.92946,0.54563,0.05079,29,0,0.0,0.0,0.0,0,33.0,33.0,0
rules,weak,195,1,8,52.14,0.06709,0.07848,0.85443,0.50324,0.0,8,0,0.0,0.0,0.0,0,33.0,33.0,0
rules,weak,196,1,4,25.41,0.25584,0.24805,0.4961,0.56922,0.0,4,0,0.0,0.0,0.0,0,33.0,33.0,0
rules,weak,197,0,30,119.031,0.13751,0.08123,0.78126,0.62785,0.034,29,0,0.0,0.0,0.0,0,33.0,33.0,0
rules,weak,198,1,23,108.669,0.04494,0.05193,0.90313,0.61839,0.0,23,0,0.0,0.0,0.0,0,33.0,33.0,0
rules,weak,199,0,30,126.291,0.13065,0.08832,0.78103,0.58447,0.04804,29,0,0.0,0.0,0.0,0,33.0,33.0,0
fixed,medium,0,0,30,99.033,0.46818,0.0,0.53182,0.89093,0.68536,29,0,0.0,0.0,0.0,0,33.0,33.0,0
fixed,medium,1,0,30,104.94,0.23836,0.0,0.76164,0.76268,0.38662,29,0,0.0,0.0,0.0,0,33.0,33.0,0
fixed,medium,2,1,17,72.006,0.06462,0.12741,0.80797,0.40986,0.0,17,0,0.0,0.0,0.0,0,33.0,33.0,0
fixed,medium,3,0,30,104.049,0.05582,0.0,0.94418,0.6339,0.2101,29,0,0.0,0.0,0.0,0,33.0,33.0,0
fixed,medium,4,1,29,114.378,0.12435,0.06232,0.81333,0.5523,0.0,29,0,0.0,0.0,0.0,0,33.0,33.0,0
fixed,medium,5,0,30,116.985,0.06996,0.0,0.93004,0.67722,0.25342,29,0,0.0,0.0,0.0,0,33.0,33.0,0
fixed,medium,6,0,30,104.049,0.23565,0.0,0.76435,0.81277,0.5587,29,0,0.0,0.0,0.0,0,33.0,33.0,0
fixed,medium,7,0,30,108.075,0.41344,0.0,0.58656,0.75126,0.2089,29,0,0.0,0.0,0.0,0,33.0,33.0,0
fixed,medium,8,0,30,117.711,0.15699,0.07541,0.76759,0.64852,0.04456,29,0,0.0,0.0,0.0,0,33.0,33.0,0
fixed,medium,9,0,30,107.778,0.09339,0.0,0.90661,0.65837,0.38344,29,0,0.0,0.0,0.0,0,33.0,33.0,0
fixed,medium,10,0,30,112.101,0.23109,0.0524,0.71651,0.70545,0.05194,29,0,0.0,0.0,0.0,0,33.0,33.0,0
fixed,medium,11,1,10,45.804,0.20461,0.17003,0.62536,0.50418,0.0,10,0,0.0,0.0,0.0,0,33.0,33.0,0
fixed,medium,12,0,30,96.723,0.60389,0.0,0.39611,0.90861,0.6808,29,0,0.0,0.0,0.0,0,33.0,33.0,0
fixed,medium,13,0,30,104.115,0.31315,0.0,0.68685,0.81052,0.4759,29,0,0.0,0.0,0.0,0,33.0,33.0,0
fixed,medium,14,0,30,102.894,0.21905,0.0,0.78095,0.78576,0.42898,29,0,0.0,0.0,0.0,0,33.0,33.0,0
fixed,medium,15,0,30,110.583,0.04238,0.0,0.95762,0.72032,0.37624,29,0,0.0,0.0,0.0,0,33.0,33.0,0
fixed,medium,16,0,30,99.099,0.49417,0.0,0.50583,0.86824,0.59266,29,0,0.0,0.0,0.0,0,33.0,33.0,0
fixed,medium,17,1,25,101.871,0.03013,0.12277,0.8471,0.48902,0.0,25,0,0.0,0.0,0.0,0,33.0,33.0,0
fixed,medium,18,0,30,113.652,0.25523,0.0,0.74477,0.71274,0.23152,29,0,0.0,0.0,0.0,0,33.0,33.0,0
fixed,medium,19,0,30,96.789,0.43198,0.0,0.56802,0.83862,0.48424,29,0,0.0,0.0,0.0,0,33.0,33.0,0
fixed,medium,20,0,30,91.014,0.56599,0.0,0.43401,0.89953,0.622,29,0,0.0,0.0,0.0,0,33.0,33.0,0
fixed,medium,21,0,30,107.811,0.11234,0.00061,0.88705,0.55583,0.19888,29,0,0.0,0.0,0.0,0,33.0,33.0,0
fixed,medium,22,0,30,109.824,0.05018,0.0,0.94982,0.65707,0.41392,29,0,0.0,0.0,0.0,0,33.0,33.0,0
fixed,medium,23,0,30,103.356,0.42178,0.0,0.57822,0.84188,0.49618,29,0,0.0,0.0,0.0,0,33.0,33.0,0
fixed,medium,24,0,30,111.474,0.04263,0.0,0.95737,0.71115,0.47806,29,0,0.0,0.0,0.0,0,33.0,33.0,0
fixed,medium,25,0,30,99.858,0.51421,0.0,0.48579,0.89683,0.70276,29,0,0.0,0.0,0.0,0,33.0,33.0,0
fixed,medium,26,0,30,101.376,0.17773,0.0,0.82227,0.80258,0.58918,29,0,0.0,0.0,0.0,0,33.0,33.0,0
fixed,medium,27,0,30,110.55,0.18358,0.0,0.81642,0.73529,0.31036,29,0,0.0,0.0,0.0,0,33.0,33.0,0
fixed,medium,28,0,30,100.155,0.49588,0.0,0.50412,0.88625,0.64492,29,0,0.0,0.0,0.0,0,33.0,33.0,0
fixed,medium,29,0,30,105.303,0.23065,0.0,0.76935,0.75373,0.37114,29,0,0.0,0.0,0.0,0,33.0,33.0,0
fixed,medium,30,0,30,88.935,0.37996,0.0,0.62004,0.83179,0.57736,29,0,0.0,0.0,0.0,0,33.0,33.0,0
fixed,medium,31,0,30,108.504,0.41515,0.0,0.58485,0.84199,0.45046,29,0,0.0,0.0,0.0,0,33.0,33.0,0
fixed,medium,32,1,21,83.556,0.15719,0.16864,0.67417,0.56194,0.0,21,0,0.0,0.0,0.0,0,33.0,33.0,0
fixed,medium,33,0,30,104.874,0.30931,0.0,0.69069,0.83077,0.4333,29,0,0.0,0.0,0.0,0,33.0,33.0,0
fixed,medium,34,0,30,111.111,0.08286,0.0101,0.90704,0.55934,0.15166,29,0,0.0,0.0,0.0,0,33.0,33.0,0
fixed,medium,35,0,30,104.775,0.29858,0.0,0.70142,0.84208,0.53692,29,0,0.0,0.0,0.0,0,33.0,33.0,0
fixed,medium,36,0,30,118.569,0.05928,0.00891,0.93181,0.56208,0.13534,29,0,0.0,0.0,0.0,0,33.0,33.0,0
fixed,medium,37,0,30,109.494,0.2619,0.0,0.7381,0.83811,0.62992,29,0,0.0,0.0,0.0,0,33.0,33.0,0
fixed,medium,38,0,30,104.907,0.51148,0.0,0.48852,0.88241,0.54334,29,0,0.0,0.0,0.0,0,33.0,33.0,0
fixed,medium,39,0,30,99.957,0.26114,0.0,0.73886,0.82207,0.5323,29,0,0.0,0.0,0.0,0,33.0,33.0,0
fixed,medium,40,0,30,101.937,0.5403,0.0,0.4597,0.89977,0.61918,29,0,0.0,0.0,0.0,0,33.0,33.0,0
fixed,medium,41,0,30,108.471,0.39154,0.0,0.60846,0.86443,0.62338,29,0,0.0,0.0,0.0,0,33.0,33.0,0
fixed,medium,42,1,29,114.741,0.17831,0.07938,0.74231,0.61626,0.0,29,0,0.0,0.0,0.0,0,33.0,33.0,0
fixed,medium,43,0,30,106.623,0.10709,0.0,0.89291,0.70812,0.3628,29,0,0.0,0.0,0.0,0,33.0,33.0,0
fixed,medium,44,0,30,97.482,0.34902,0.0,0.65098,0.85806,0.62578,29,0,0.0,0.0,0.0,0,33.0,33.0,0
fixed,medium,45,0,30,106.887,0.48719,0.0,0.51281,0.8879,0.54118,29,0,0.0,0.0,0.0,0,33.0,33.0,0
fixed,medium,46,0,30,101.277,0.2724,0.0,0.7276,0.80032,0.52984,29,0,0.0,0.0,0.0,0,33.0,33.0,0
fixed,medium,47,0,30,100.188,0.25758,0.0,0.74242,0.81954,0.52912,29,0,0.0,0.0,0.0,0,33.0,33.0,0
fixed,medium,48,0,30,109.725,0.23519,0.0,0.76481,0.80292,0.56368,29,0,0.0,0.0,0.0,0,33.0,33.0,0
fixed,medium,49,0,30,95.436,0.5574,0.0,0.4426,0.89756,0.61606,29,0,0.0,0.0,0.0,0,33.0,33.0,0
fixed,medium,50,0,30,103.686,0.27562,0.0,0.72438,0.81949,0.5593,29,0,0.0,0.0,0.0,0,33.0,33.0,0
fixed,medium,51,0,30,115.962,0.03984,0.01537,0.94479,0.52797,0.15598,29,0,0.0,0.0,0.0,0,33.0,33.0,0
fixed,medium,52,1,24,98.439,0.06034,0.1237,0.81596,0.59453,0.0,24,0,0.0,0.0,0.0,0,33.0,33.0,0
fixed,medium,53,0,30,98.307,0.53541,0.0,0.46459,0.90179,0.67414,29,0,0.0,0.0,0.0,0,33.0,33.0,0
fixed,medium,54,0,30,102.927,0.35428,0.0,0.64572,0.84378,0.40198,29,0,0.0,0.0,0.0,0,33.0,33.0,0
fixed,medium,55,1,25,101.706,0.32122,0.07236,0.60642,0.63367,0.0,25,0,0.0,0.0,0.0,0,33.0,33.0,0
fixed,medium,56,0,30,99.363,0.44404,0.0,0.55596,0.88371,0.65764,29,0,0.0,0.0,0.0,0,33.0,33.0,0
fixed,medium,57,0,30,106.986,0.01882,0.0,0.98118,0.68473,0.48274,29,0,0.0,0.0,0.0,0,33.0,33.0,0
fixed,medium,58,0,30,92.004,0.566,0.0,0.434,0.89741,0.58816,29,0,0.0,0.0,0.0,0,33.0,33.0,0
fixed,medium,59,0,30,109.098,0.37629,0.0,0.62371,0.84425,0.57988,29,0,0.0,0.0,0.0,0,33.0,33.0,0
fixed,medium,60,0,30,98.835,0.46043,0.0,0.53957,0.81423,0.37192,29,0,0.0,0.0,0.0,0,33.0,33.0,0
fixed,medium,61,0,30,111.837,0.2936,0.0,0.7064,0.81989,0.49366,29,0,0.0,0.0,0.0,0,33.0,33.0,0
fixed,medium,62,0,30,103.224,0.26758,0.0,0.73242,0.76348,0.4108,29,0,0.0,0.0,0.0,0,33.0,33.0,0
fixed,medium,63,0,30,104.709,0.03561,0.00378,0.96061,0.51482,0.1855,29,0,0.0,0.0,0.0,0,33.0,33.0,0
fixed,medium,64,0,30,104.445,0.14281,0.0,0.85719,0.66902,0.33472,29,0,0.0,0.0,0.0,0,33.0,33.0,0
fixed,medium,65,0,30,115.83,0.09259,0.18006,0.72735,0.50468,0.03658,29,0,0.0,0.0,0.0,0,33.0,33.0,0
fixed,medium,66,0,30,103.521,0.36659,0.05897,0.57443,0.68376,0.10342,29,0,0.0,0.0,0.0,0,33.0,33.0,0
fixed,medium,67,0,30,107.118,0.13001,0.0,0.86999,0.68166,0.34918,29,0,0.0,0.0,0.0,0,33.0,33.0,0
fixed,medium,68,0,30,110.517,0.27083,0.0,0.72917,0.8223,0.59056,29,0,0.0,0.0,0.0,0,33.0,33.0,0
fixed,medium,69,0,30,99.297,0.4337,0.0,0.5663,0.84816,0.49528,29,0,0.0,0.0,0.0,0,33.0,33.0,0
fixed,medium,70,0,30,111.408,0.19964,0.0,0.80036,0.73672,0.34174,29,0,0.0,0.0,0.0,0,33.0,33.0,0
fixed,medium,71,0,30,106.524,0.02138,0.0,0.97862,0.63593,0.37816,29,0,0.0,0.0,0.0,0,33.0,33.0,0
fixed,medium,72,0,30,115.896,0.10251,0.00399,0.89351,0.70321,0.1846,29,0,0.0,0.0,0.0,0,33.0,33.0,0
fixed,medium,73,0,30,98.076,0.39704,0.0,0.60296,0.86971,0.65368,29,0,0.0,0.0,0.0,0,33.0,33.0,0
fixed,medium,74,0,30,109.527,0.06448,0.0,0.93552,0.68774,0.35428,29,0,0.0,0.0,0.0,0,33.0,33.0,0
fixed,medium,75,0,30,107.217,0.18036,0.0,0.81964,0.7714,0.37834,29,0,0.0,0.0,0.0,0,33.0,33.0,0
fixed,medium,76,0,30,103.455,0.47879,0.0,0.52121,0.88411,0.6022,29,0,0.0,0.0,0.0,0,33.0,33.0,0
fixed,medium,77,0,30,108.669,0.12056,0.0,0.87944,0.66454,0.38254,29,0,0.0,0.0,0.0,0,33.0,33.0,0
fixed,medium,78,0,30,112.926,0.06224,0.0,0.93776,0.6033,0.23314,29,0,0.0,0.0,0.0,0,33.0,33.0,0
fixed,medium,79,0,30,106.953,0.17309,0.02931,0.79759,0.61543,0.10894,29,0,0.0,0.0,0.0,0,33.0,33.0,0
fixed,medium,80,0,30,108.042,0.03482,0.0,0.96518,0.60625,0.26464,29,0,0.0,0.0,0.0,0,33.0,33.0,0
fixed,medium,81,0,30,108.768,0.05431,0.05856,0.88714,0.42226,0.14422,29,0,0.0,0.0,0.0,0,33.0,33.0,0
fixed,medium,82,0,30,105.798,0.1073,0.0,0.8927,0.78478,0.56056,29,0,0.0,0.0,0.0,0,33.0,33.0,0
fixed,medium,83,0,30,111.144,0.12856,0.03533,0.8361,0.60092,0.12322,29,0,0.0,0.0,0.0,0,33.0,33.0,0
fixed,medium,84,0,30,101.706,0.3209,0.0,0.6791,0.84383,0.62644,29,0,0.0,0.0,0.0,0,33.0,33.0,0
fixed,medium,85,0,30,98.34,0.49128,0.0,0.50872,0.89034,0.66508,29,0,0.0,0.0,0.0,0,33.0,33.0,0
fixed,medium,86,0,30,109.23,0.31994,0.0,0.68006,0.84762,0.54052,29,0,0.0,0.0,0.0,0,33.0,33.0,0
fixed,medium,87,0,30,110.385,0.28102,0.0,0.71898,0.80539,0.56272,29,0,0.0,0.0,0.0,0,33.0,33.0,0
fixed,medium,88,0,30,108.207,0.15066,0.0,0.84934,0.74725,0.52126,29,0,0.0,0.0,0.0,0,33.0,33.0,0
fixed,medium,89,0,30,108.537,0.01855,0.0,0.98145,0.50326,0.21826,29,0,0.0,0.0,0.0,0,33.0,33.0,0
fixed,medium,90,0,30,101.343,0.18072,0.0,0.81928,0.741,0.47026,29,0,0.0,0.0,0.0,0,33.0,33.0,0
fixed,medium,91,0,30,115.995,0.04068,0.0,0.95932,0.55977,0.23056,29,0,0.0,0.0,0.0,0,33.0,33.0,0
fixed,medium,92,0,30,109.56,0.28404,0.0,0.71596,0.83161,0.5509,29,0,0.0,0.0,0.0,0,33.0,33.0,0
fixed,medium,93,0,30,104.082,0.21877,0.0,0.78123,0.81533,0.56002,29,0,0.0,0.0,0.0,0,33.0,33.0,0
fixed,medium,94,0,30,111.045,0.28975,0.0,0.71025,0.82702,0.34186,29,0,0.0,0.0,0.0,0,33.0,33.0,0
fixed,medium,95,0,30,107.58,0.09202,0.0,0.90798,0.74565,0.50992,29,0,0.0,0.0,0.0,0,33.0,33.0,0
fixed,medium,96,0,30,107.844,0.13678,0.0,0.86322,0.76416,0.53206,29,0,0.0,0.0,0.0,0,33.0,33.0,0
fixed,medium,97,0,30,122.133,0.06809,0.10835,0.82356,0.58755,0.07588,29,0,0.0,0.0,0.0,0,33.0,33.0,0
fixed,medium,98,0,30,103.983,0.47318,0.0,0.52682,0.88976,0.67516,29,0,0.0,0.0,0.0,0,33.0,33.0,0
fixed,medium,99,0,30,107.646,0.15543,0.0,0.84457,0.65712,0.25462,29,0,0.0,0.0,0.0,0,33.0,33.0,0
fixed,medium,100,0,30,105.864,0.0558,0.0,0.9442,0.70496,0.35758,29,0,0.0,0.0,0.0,0,33.0,33.0,0
fixed,medium,101,0,30,108.075,0.17527,0.0,0.82473,0.79979,0.51544,29,0,0.0,0.0,0.0,0,33.0,33.0,0
fixed,medium,102,0,30,110.748,0.2795,0.0,0.7205,0.83252,0.56428,29,0,0.0,0.0,0.0,0,33.0,33.0,0
fixed,medium,103,0,30,106.359,0.36829,0.0,0.63171,0.86311,0.6673,29,0,0.0,0.0,0.0,0,33.0,33.0,0
fixed,medium,104,0,30,103.488,0.26786,0.0,0.73214,0.75596,0.33568,29,0,0.0,0.0,0.0,0,33.0,33.0,0
fixed,medium,105,1,21,85.338,0.06574,0.02359,0.91067,0.53076,0.0,21,0,0.0,0.0,0.0,0,33.0,33.0,0
fixed,medium,106,0,30,96.921,0.2843,0.0,0.7157,0.81438,0.4786,29,0,0.0,0.0,0.0,0,33.0,33.0,0
fixed,medium,107,0,30,115.302,0.04236,0.0,0.95764,0.53527,0.23632,29,0,0.0,0.0,0.0,0,33.0,33.0,0
fixed,medium,108,1,11,51.975,0.06794,0.05714,0.87492,0.56501,0.0,11,0,0.0,0.0,0.0,0,33.0,33.0,0
fixed,medium,109,0,30,114.84,0.10891,0.0,0.89109,0.67618,0.3352,29,0,0.0,0.0,0.0,0,33.0,33.0,0
fixed,medium,110,1,27,107.91,0.09266,0.06055,0.84679,0.57199,0.0,27,0,0.0,0.0,0.0,0,33.0,33.0,0
fixed,medium,111,0,30,107.481,0.323,0.0,0.677,0.83012,0.45682,29,0,0.0,0.0,0.0,0,33.0,33.0,0
fixed,medium,112,0,30,109.593,0.09274,0.0,0.90726,0.73445,0.50404,29,0,0.0,0.0,0.0,0,33.0,33.0,0
fixed,medium,113,0,30,109.593,0.34327,0.0,0.65673,0.83324,0.29416,29,0,0.0,0.0,0.0,0,33.0,33.0,0
fixed,medium,114,0,30,113.025,0.08993,0.0,0.91007,0.77598,0.54688,29,0,0.0,0.0,0.0,0,33.0,33.0,0
fixed,medium,115,0,30,107.679,0.12994,0.0,0.87006,0.70553,0.26758,29,0,0.0,0.0,0.0,0,33.0,33.0,0
fixed,medium,116,0,30,86.163,0.70816,0.0,0.29184,0.93364,0.74476,29,0,0.0,0.0,0.0,0,33.0,33.0,0
fixed,medium,117,0,30,106.92,0.05401,0.0,0.94599,0.65759,0.3796,29,0,0.0,0.0,0.0,0,33.0,33.0,0
fixed,medium,118,0,30,112.761,0.22008,0.03278,0.74715,0.68755,0.064,29,0,0.0,0.0,0.0,0,33.0,33.0,0
fixed,medium,119,0,30,109.593,0.32701,0.0,0.67299,0.85089,0.5857,29,0,0.0,0.0,0.0,0,33.0,33.0,0
fixed,medium,120,0,30,106.128,0.32432,0.0,0.67568,0.85275,0.63052,29,0,0.0,0.0,0.0,0,33.0,33.0,0
fixed,medium,121,0,30,100.188,0.32345,0.0,0.67655,0.84007,0.57928,29,0,0.0,0.0,0.0,0,33.0,33.0,0
fixed,medium,122,0,30,106.986,0.12585,0.0,0.87415,0.77548,0.53986,29,0,0.0,0.0,0.0,0,33.0,33.0,0
fixed,medium,123,1,28,102.729,0.292,0.08995,0.61805,0.65153,0.0,28,0,0.0,0.0,0.0,0,33.0,33.0,0
fixed,medium,124,0,30,107.514,0.41559,0.0,0.58441,0.79203,0.29602,29,0,0.0,0.0,0.0,0,33.0,33.0,0
fixed,medium,125,0,30,108.207,0.14364,0.0,0.85636,0.70826,0.3061,29,0,0.0,0.0,0.0,0,33.0,33.0,0
fixed,medium,126,0,30,104.511,0.14872,0.0,0.85128,0.75346,0.4081,29,0,0.0,0.0,0.0,0,33.0,33.0,0
fixed,medium,127,0,30,104.412,0.31258,0.0,0.68742,0.79597,0.38248,29,0,0.0,0.0,0.0,0,33.0,33.0,0
fixed,medium,128,0,30,100.023,0.31904,0.0,0.68096,0.83293,0.53758,29,0,0.0,0.0,0.0,0,33.0,33.0,0
fixed,medium,129,0,30,99.462,0.40345,0.0,0.59655,0.84966,0.54748,29,0,0.0,0.0,0.0,0,33.0,33.0,0
fixed,medium,130,0,30,98.175,0.54992,0.0,0.45008,0.89038,0.57388,29,0,0.0,0.0,0.0,0,33.0,33.0,0
fixed,medium,131,0,30,107.712,0.09651,0.0,0.90349,0.61497,0.26194,29,0,0.0,0.0,0.0,0,33.0,33.0,0
fixed,medium,132,0,30,111.705,0.12821,0.0,0.87179,0.78158,0.48844,29,0,0.0,0.0,0.0,0,33.0,33.0,0
fixed,medium,133,0,30,94.083,0.55805,0.0,0.44195,0.89528,0.63574,29,0,0.0,0.0,0.0,0,33.0,33.0,0
fixed,medium,134,0,30,103.026,0.01986,0.0,0.98014,0.64603,0.35854,29,0,0.0,0.0,0.0,0,33.0,33.0,0
fixed,medium,135,0,30,99.363,0.43075,0.0,0.56925,0.87631,0.62896,29,0,0.0,0.0,0.0,0,33.0,33.0,0
fixed,medium,136,0,30,109.263,0.11719,0.0,0.88281,0.6013,0.25042,29,0,0.0,0.0,0.0,0,33.0,33.0,0
fixed,medium,137,1,23,96.525,0.02085,0.09778,0.88137,0.53493,0.0,23,0,0.0,0.0,0.0,0,33.0,33.0,0
fixed,medium,138,0,30,111.408,0.03673,0.0,0.96327,0.52983,0.2047,29,0,0.0,0.0,0.0,0,33.0,33.0,0
fixed,medium,139,0,30,114.609,0.04031,0.0,0.95969,0.63286,0.26542,29,0,0.0,0.0,0.0,0,33.0,33.0,0
fixed,medium,140,0,30,104.478,0.259,0.0,0.741,0.72667,0.2878,29,0,0.0,0.0,0.0,0,33.0,33.0,0
fixed,medium,141,0,30,100.353,0.62085,0.0,0.37915,0.91855,0.74464,29,0,0.0,0.0,0.0,0,33.0,33.0,0
fixed,medium,142,0,30,96.591,0.54424,0.0,0.45576,0.89848,0.63832,29,0,0.0,0.0,0.0,0,33.0,33.0,0
fixed,medium,143,0,30,111.111,0.30027,0.0,0.69973,0.80569,0.2836,29,0,0.0,0.0,0.0,0,33.0,33.0,0
fixed,medium,144,0,30,101.211,0.43365,0.0,0.56635,0.88151,0.7078,29,0,0.0,0.0,0.0,0,33.0,33.0,0
fixed,medium,145,0,30,107.217,0.01878,0.0,0.98122,0.60072,0.32932,29,0,0.0,0.0,0.0,0,33.0,33.0,0
fixed,medium,146,0,30,111.771,0.03218,0.0,0.96782,0.61622,0.28822,29,0,0.0,0.0,0.0,0,33.0,33.0,0
fixed,medium,147,0,30,100.848,0.29581,0.0,0.70419,0.81324,0.46534,29,0,0.0,0.0,0.0,0,33.0,33.0,0
fixed,medium,148,1,27,106.986,0.01882,0.18168,0.79951,0.44461,0.0,27,0,0.0,0.0,0.0,0,33.0,33.0,0
fixed,medium,149,0,30,111.705,0.20945,0.0,0.79055,0.71879,0.32296,29,0,0.0,0.0,0.0,0,33.0,33.0,0
fixed,medium,150,0,30,99.033,0.35955,0.0,0.64045,0.85134,0.63412,29,0,0.0,0.0,0.0,0,33.0,33.0,0
fixed,medium,151,0,30,103.323,0.20217,0.0,0.79783,0.76301,0.4021,29,0,0.0,0.0,0.0,0,33.0,33.0,0
fixed,medium,152,0,30,117.15,0.18254,0.03042,0.78704,0.6963,0.07936,29,0,0.0,0.0,0.0,0,33.0,33.0,0
fixed,medium,153,0,30,106.623,0.34045,0.0,0.65955,0.83343,0.52498,29,0,0.0,0.0,0.0,0,33.0,33.0,0
fixed,medium,154,0,30,103.851,0.38354,0.0,0.61646,0.84942,0.60898,29,0,0.0,0.0,0.0,0,33.0,33.0,0
fixed,medium,155,0,30,109.263,0.29629,0.0,0.70371,0.82773,0.4315,29,0,0.0,0.0,0.0,0,33.0,33.0,0
fixed,medium,156,0,30,104.478,0.48294,0.0,0.51706,0.87762,0.65566,29,0,0.0,0.0,0.0,0,33.0,33.0,0
fixed,medium,157,0,30,106.689,0.19703,0.0,0.80297,0.70801,0.36304,29,0,0.0,0.0,0.0,0,33.0,33.0,0
fixed,medium,158,0,30,101.475,0.45431,0.0,0.54569,0.84772,0.47038,29,0,0.0,0.0,0.0,0,33.0,33.0,0
fixed,medium,159,0,30,113.718,0.3697,0.0,0.6303,0.84146,0.4042,29,0,0.0,0.0,0.0,0,33.0,33.0,0
fixed,medium,160,0,30,99.792,0.47619,0.0,0.52381,0.88388,0.66442,29,0,0.0,0.0,0.0,0,33.0,33.0,0
fixed,medium,161,0,30,105.864,0.17643,0.0,0.82357,0.70482,0.32278,29,0,0.0,0.0,0.0,0,33.0,33.0,0
fixed,medium,162,1,7,40.029,0.05606,0.16323,0.78071,0.45668,0.0,7,0,0.0,0.0,0.0,0,33.0,33.0,0
fixed,medium,163,0,30,110.253,0.16432,0.0,0.83568,0.75715,0.46276,29,0,0.0,0.0,0.0,0,33.0,33.0,0
fixed,medium,164,0,30,109.461,0.36087,0.0,0.63913,0.8102,0.23644,29,0,0.0,0.0,0.0,0,33.0,33.0,0
fixed,medium,165,0,30,119.757,0.12125,0.03582,0.84293,0.62505,0.07696,29,0,0.0,0.0,0.0,0,33.0,33.0,0
fixed,medium,166,1,16,66.396,0.14264,0.0994,0.75795,0.59362,0.0,16,0,0.0,0.0,0.0,0,33.0,33.0,0
fixed,medium,167,0,30,112.167,0.20212,0.0,0.79788,0.78892,0.43018,29,0,0.0,0.0,0.0,0,33.0,33.0,0
fixed,medium,168,0,30,94.743,0.41519,0.0,0.58481,0.86203,0.59818,29,0,0.0,0.0,0.0,0,33.0,33.0,0
fixed,medium,169,0,30,102.3,0.44323,0.04806,0.50871,0.73872,0.07048,29,0,0.0,0.0,0.0,0,33.0,33.0,0
fixed,medium,170,0,30,90.42,0.69818,0.0,0.30182,0.93179,0.7525,29,0,0.0,0.0,0.0,0,33.0,33.0,0
fixed,medium,171,0,30,102.399,0.40864,0.0,0.59136,0.84326,0.47614,29,0,0.0,0.0,0.0,0,33.0,33.0,0
fixed,medium,172,0,30,108.867,0.34647,0.0,0.65353,0.85787,0.60112,29,0,0.0,0.0,0.0,0,33.0,33.0,0
fixed,medium,173,0,30,103.884,0.17471,0.0,0.82529,0.75255,0.42328,29,0,0.0,0.0,0.0,0,33.0,33.0,0
fixed,medium,174,0,30,104.874,0.11611,0.0,0.88389,0.62099,0.3775,29,0,0.0,0.0,0.0,0,33.0,33.0,0
fixed,medium,175,0,30,99.561,0.31323,0.0,0.68677,0.83727,0.57514,29,0,0.0,0.0,0.0,0,33.0,33.0,0
fixed,medium,176,0,30,102.168,0.3385,0.0,0.6615,0.75419,0.30592,29,0,0.0,0.0,0.0,0,33.0,33.0,0
fixed,medium,177,0,30,99.627,0.40477,0.0,0.59523,0.86247,0.58708,29,0,0.0,0.0,0.0,0,33.0,33.0,0
fixed,medium,178,0,30,110.319,0.29106,0.0,0.70894,0.7612,0.39568,29,0,0.0,0.0,0.0,0,33.0,33.0,0
fixed,medium,179,0,30,90.618,0.64639,0.0,0.35361,0.91913,0.6997,29,0,0.0,0.0,0.0,0,33.0,33.0,0
fixed,medium,180,0,30,100.98,0.47614,0.0,0.52386,0.88835,0.69544,29,0,0.0,0.0,0.0,0,33.0,33.0,0
fixed,medium,181,0,30,110.385,0.10463,0.05142,0.84395,0.48612,0.08656,29,0,0.0,0.0,0.0,0,33.0,33.0,0
fixed,medium,182,0,30,100.419,0.40453,0.0,0.59547,0.87091,0.64534,29,0,0.0,0.0,0.0,0,33.0,33.0,0
fixed,medium,183,0,30,102.3,0.23581,0.0,0.76419,0.81938,0.55396,29,0,0.0,0.0,0.0,0,33.0,33.0,0
fixed,medium,184,0,30,102.201,0.49693,0.0,0.50307,0.89191,0.64426,29,0,0.0,0.0,0.0,0,33.0,33.0,0
fixed,medium,185,0,30,102.531,0.36273,0.0,0.63727,0.8299,0.442,29,0,0.0,0.0,0.0,0,33.0,33.0,0
fixed,medium,186,0,30,104.94,0.29686,0.0,0.70314,0.83031,0.61,29,0,0.0,0.0,0.0,0,33.0,33.0,0
fixed,medium,187,0,30,109.395,0.11825,0.0,0.88175,0.68902,0.34234,29,0,0.0,0.0,0.0,0,33.0,33.0,0
fixed,medium,188,1,16,70.488,0.15028,0.22238,0.62734,0.50446,0.0,16,0,0.0,0.0,0.0,0,33.0,33.0,0
fixed,medium,189,0,30,99.033,0.46185,0.0,0.53815,0.85561,0.5605,29,0,0.0,0.0,0.0,0,33.0,33.0,0
fixed,medium,190,0,30,114.906,0.16169,0.0,0.83831,0.75143,0.45226,29,0,0.0,0.0,0.0,0,33.0,33.0,0
fixed,medium,191,0,30,118.305,0.14365,0.09512,0.76123,0.59443,0.04882,29,0,0.0,0.0,0.0,0,33.0,33.0,0
fixed,medium,192,0,30,102.762,0.49454,0.0,0.50546,0.89165,0.64642,29,0,0.0,0.0,0.0,0,33.0,33.0,0
fixed,medium,193,0,30,114.114,0.02979,0.02082,0.94939,0.60838,0.04954,29,0,0.0,0.0,0.0,0,33.0,33.0,0
fixed,medium,194,0,30,103.158,0.29942,0.0,0.70058,0.81768,0.46576,29,0,0.0,0.0,0.0,0,33.0,33.0,0
fixed,medium,195,0,30,115.302,0.12822,0.02719,0.84459,0.58062,0.14416,29,0,0.0,0.0,0.0,0,33.0,33.0,0
fixed,medium,196,0,30,101.178,0.41422,0.0,0.58578,0.86273,0.59494,29,0,0.0,0.0,0.0,0,33.0,33.0,0
fixed,medium,197,0,30,109.89,0.13784,0.0,0.86216,0.68769,0.31894,29,0,0.0,0.0,0.0,0,33.0,33.0,0
fixed,medium,198,0,30,96.228,0.47702,0.0,0.52298,0.87776,0.56956,29,0,0.0,0.0,0.0,0,33.0,33.0,0
fixed,medium,199,0,30,98.67,0.46187,0.0,0.53813,0.88469,0.67282,29,0,0.0,0.0,0.0,0,33.0,33.0,0
rules,medium,0,0,30,99.033,0.06165,0.04432,0.89404,0.47469,0.14551,29,0,0.0,0.0,0.0,0,33.0,33.0,0
rules,medium,1,0,30,102.135,0.17997,0.13538,0.68465,0.57317,0.03087,29,0,0.0,0.0,0.0,0,33.0,33.0,0
rules,medium,2,1,19,74.646,0.1649,0.04465,0.79045,0.64456,0.0,19,0,0.0,0.0,0.0,0,33.0,33.0,0
rules,medium,3,0,30,112.53,0.11144,0.00293,0.88563,0.63853,0.19306,29,0,0.0,0.0,0.0,0,33.0,33.0,0
rules,medium,4,0,30,97.878,0.1261,0.09305,0.78085,0.53711,0.11907,29,0,0.0,0.0,0.0,0,33.0,33.0,0
rules,medium,5,0,30,105.831,0.09417,0.0,0.90583,0.68338,0.36529,29,0,0.0,0.0,0.0,0,33.0,33.0,0
rules,medium,6,0,30,104.049,0.06819,0.01808,0.91373,0.50641,0.15557,29,0,0.0,0.0,0.0,0,33.0,33.0,0
rules,medium,7,0,30,105.93,0.06262,0.05421,0.88318,0.50725,0.08855,29,0,0.0,0.0,0.0,0,33.0,33.0,0
rules,medium,8,0,30,110.121,0.07372,0.02128,0.905,0.60942,0.14576,29,0,0.0,0.0,0.0,0,33.0,33.0,0
rules,medium,9,1,8,35.112,0.19549,0.07519,0.72932,0.58886,0.0,8,0,0.0,0.0,0.0,0,33.0,33.0,0
rules,medium,10,0,30,96.591,0.07175,0.05125,0.87701,0.65729,0.01239,29,0,0.0,0.0,0.0,0,33.0,33.0,0
rules,medium,11,0,30,114.048,0.06395,0.0,0.93605,0.5655,0.248,29,0,0.0,0.0,0.0,0,33.0,33.0,0
rules,medium,12,0,30,100.386,0.13807,0.04471,0.81723,0.60698,0.13906,29,0,0.0,0.0,0.0,0,33.0,33.0,0
rules,medium,13,0,30,103.983,0.07775,0.05268,0.86957,0.46986,0.04562,29,0,0.0,0.0,0.0,0,33.0,33.0,0
rules,medium,14,0,30,94.248,0.09874,0.12815,0.77311,0.60419,0.02802,29,0,0.0,0.0,0.0,0,33.0,33.0,0
rules,medium,15,0,30,110.583,0.03074,0.0,0.96926,0.6471,0.23013,29,0,0.0,0.0,0.0,0,33.0,33.0,0
rules,medium,16,0,30,107.217,0.06925,0.01077,0.91998,0.52121,0.14493,29,0,0.0,0.0,0.0,0,33.0,33.0,0
rules,medium,17,0,30,117.645,0.02609,0.00224,0.97167,0.54176,0.19636,29,0,0.0,0.0,0.0,0,33.0,33.0,0
rules,medium,18,1,16,63.063,0.0921,0.04134,0.86656,0.59677,0.0,16,0,0.0,0.0,0.0,0,33.0,33.0,0
rules,medium,19,0,30,104.28,0.0712,0.01203,0.91677,0.56527,0.13492,29,0,0.0,0.0,0.0,0,33.0,33.0,0
rules,medium,20,0,30,97.713,0.07869,0.06586,0.85545,0.5924,0.03975,29,0,0.0,0.0,0.0,0,33.0,33.0,0
rules,medium,21,1,8,35.97,0.3,0.15505,0.54495,0.61205,0.0,8,0,0.0,0.0,0.0,0,33.0,33.0,0
rules,medium,22,0,30,109.824,0.04447,0.0,0.95553,0.48965,0.22896,29,0,0.0,0.0,0.0,0,33.0,33.0,0
rules,medium,23,0,30,103.356,0.05428,0.0,0.94572,0.52125,0.23188,29,0,0.0,0.0,0.0,0,33.0,33.0,0
rules,medium,24,0,30,100.947,0.08173,0.05884,0.85943,0.62349,0.09873,29,0,0.0,0.0,0.0,0,33.0,33.0,0
rules,medium,25,1,10,40.953,0.23288,0.18211,0.58501,0.62563,0.0,10,0,0.0,0.0,0.0,0,33.0,33.0,0
rules,medium,26,0,30,102.036,0.16106,0.0,0.83894,0.66102,0.24464,29,0,0.0,0.0,0.0,0,33.0,33.0,0
rules,medium,27,0,30,103.62,0.05764,0.06465,0.87771,0.54239,0.05521,29,0,0.0,0.0,0.0,0,33.0,33.0,0
rules,medium,28,0,30,104.973,0.10909,0.01823,0.87268,0.59183,0.0796,29,0,0.0,0.0,0.0,0,33.0,33.0,0
rules,medium,29,0,30,101.508,0.12939,0.12549,0.74512,0.59152,0.00817,29,0,0.0,0.0,0.0,0,33.0,33.0,0
rules,medium,30,1,26,94.248,0.09384,0.07038,0.83578,0.62088,0.0,26,0,0.0,0.0,0.0,0,33.0,33.0,0
rules,medium,31,0,30,109.593,0.08341,0.00512,0.91147,0.61043,0.15226,29,0,0.0,0.0,0.0,0,33.0,33.0,0
rules,medium,32,0,30,103.917,0.06034,0.00762,0.93204,0.63622,0.1768,29,0,0.0,0.0,0.0,0,33.0,33.0,0
rules,medium,33,1,13,55.803,0.1165,0.07983,0.80367,0.62446,0.0,13,0,0.0,0.0,0.0,0,33.0,33.0,0
rules,medium,34,1,11,44.913,0.07201,0.03894,0.88905,0.62381,0.0,11,0,0.0,0.0,0.0,0,33.0,33.0,0
rules,medium,35,0,30,104.775,0.0422,0.04094,0.91685,0.54379,0.08542,29,0,0.0,0.0,0.0,0,33.0,33.0,0
rules,medium,36,0,30,118.569,0.06067,0.00445,0.93487,0.66918,0.16983,29,0,0.0,0.0,0.0,0,33.0,33.0,0
rules,medium,37,0,30,109.494,0.0645,0.05244,0.88306,0.56445,0.04977,29,0,0.0,0.0,0.0,0,33.0,33.0,0
rules,medium,38,0,30,112.596,0.06594,0.04601,0.88804,0.51796,0.12569,29,0,0.0,0.0,0.0,0,33.0,33.0,0
rules,medium,39,0,30,105.303,0.1194,0.01724,0.86337,0.5818,0.13483,29,0,0.0,0.0,0.0,0,33.0,33.0,0
rules,medium,40,0,30,101.937,0.07219,0.0,0.92781,0.67211,0.26596,29,0,0.0,0.0,0.0,0,33.0,33.0,0
rules,medium,41,0,30,112.53,0.12229,0.0434,0.83431,0.58838,0.08469,29,0,0.0,0.0,0.0,0,33.0,33.0,0
rules,medium,42,1,10,37.488,0.2632,0.07218,0.66461,0.71342,0.0,10,0,0.0,0.0,0.0,0,33.0,33.0,0
rules,medium,43,0,30,109.725,0.09233,0.03549,0.87218,0.59927,0.13422,29,0,0.0,0.0,0.0,0,33.0,33.0,0
rules,medium,44,0,30,90.156,0.08602,0.01684,0.89714,0.61079,0.1542,29,0,0.0,0.0,0.0,0,33.0,33.0,0
rules,medium,45,0,30,114.873,0.08159,0.0,0.91841,0.62217,0.27092,29,0,0.0,0.0,0.0,0,33.0,33.0,0
rules,medium,46,1,10,38.247,0.32442,0.05781,0.61777,0.73647,0.0,10,0,0.0,0.0,0.0,0,33.0,33.0,0
rules,medium,47,1,14,54.087,0.07505,0.07871,0.84625,0.56946,0.0,14,0,0.0,0.0,0.0,0,33.0,33.0,0
rules,medium,48,1,10,40.953,0.20306,0.18775,0.60919,0.56555,0.0,10,0,0.0,0.0,0.0,0,33.0,33.0,0
rules,medium,49,0,30,95.436,0.10615,0.00934,0.88451,0.69597,0.16855,29,0,0.0,0.0,0.0,0,33.0,33.0,0
rules,medium,50,0,30,103.686,0.0818,0.0,0.9182,0.70688,0.35479,29,0,0.0,0.0,0.0,0,33.0,33.0,0
rules,medium,51,0,30,115.962,0.07314,0.0,0.92686,0.64346,0.28236,29,0,0.0,0.0,0.0,0,33.0,33.0,0
rules,medium,52,0,30,105.303,0.07176,0.00345,0.92479,0.60776,0.18819,29,0,0.0,0.0,0.0,0,33.0,33.0,0
rules,medium,53,0,30,98.307,0.0621,0.05505,0.88285,0.45439,0.12832,29,0,0.0,0.0,0.0,0,33.0,33.0,0
rules,medium,54,0,30,102.927,0.03238,0.02373,0.94389,0.55495,0.09953,29,0,0.0,0.0,0.0,0,33.0,33.0,0
rules,medium,55,1,14,59.433,0.1266,0.30983,0.56358,0.47312,0.0,14,0,0.0,0.0,0.0,0,33.0,33.0,0
rules,medium,56,1,18,71.016,0.14266,0.1961,0.66125,0.54926,0.0,18,0,0.0,0.0,0.0,0,33.0,33.0,0
rules,medium,57,0,30,108.768,0.07615,0.00758,0.91626,0.60888,0.14365,29,0,0.0,0.0,0.0,0,33.0,33.0,0
rules,medium,58,0,30,113.454,0.07243,0.00436,0.92321,0.59949,0.19033,29,0,0.0,0.0,0.0,0,33.0,33.0,0
rules,medium,59,0,30,115.17,0.11948,0.03295,0.84756,0.62796,0.1192,29,0,0.0,0.0,0.0,0,33.0,33.0,0
rules,medium,60,0,30,107.877,0.07892,0.03304,0.88804,0.57133,0.08956,29,0,0.0,0.0,0.0,0,33.0,33.0,0
rules,medium,61,0,30,100.815,0.09984,0.06612,0.83404,0.60771,0.01666,29,0,0.0,0.0,0.0,0,33.0,33.0,0
rules,medium,62,1,14,51.909,0.10617,0.03179,0.86205,0.63605,0.0,14,0,0.0,0.0,0.0,0,33.0,33.0,0
rules,medium,63,0,30,98.67,0.11672,0.0,0.88328,0.59028,0.20695,29,0,0.0,0.0,0.0,0,33.0,33.0,0
rules,medium,64,1,8,36.135,0.12511,0.11598,0.7589,0.61483,0.0,8,0,0.0,0.0,0.0,0,33.0,33.0,0
rules,medium,65,1,7,33.924,0.19844,0.10311,0.69844,0.61269,0.0,7,0,0.0,0.0,0.0,0,33.0,33.0,0
rules,medium,66,0,30,106.524,0.07745,0.15582,0.76673,0.49438,0.07654,29,0,0.0,0.0,0.0,0,33.0,33.0,0
rules,medium,67,0,30,101.277,0.09906,0.12577,0.77517,0.52334,0.04093,29,0,0.0,0.0,0.0,0,33.0,33.0,0
rules,medium,68,0,30,117.282,0.06359,0.11311,0.8233,0.51217,0.0745,29,0,0.0,0.0,0.0,0,33.0,33.0,0
rules,medium,69,0,30,107.613,0.09384,0.14259,0.76357,0.43062,0.04525,29,0,0.0,0.0,0.0,0,33.0,33.0,0
rules,medium,70,0,30,116.919,0.08806,0.0,0.91194,0.63076,0.32998,29,0,0.0,0.0,0.0,0,33.0,33.0,0
rules,medium,71,0,30,108.174,0.14338,0.06223,0.79439,0.55444,0.07841,29,0,0.0,0.0,0.0,0,33.0,33.0,0
rules,medium,72,0,30,115.896,0.07033,0.0,0.92967,0.63217,0.34345,29,0,0.0,0.0,0.0,0,33.0,33.0,0
rules,medium,73,0,30,98.076,0.05855,0.0,0.94145,0.60514,0.32822,29,0,0.0,0.0,0.0,0,33.0,33.0,0
rules,medium,74,0,30,98.901,0.11545,0.00901,0.87554,0.56794,0.17475,29,0,0.0,0.0,0.0,0,33.0,33.0,0
rules,medium,75,1,13,57.321,0.13529,0.23546,0.62925,0.44975,0.0,13,0,0.0,0.0,0.0,0,33.0,33.0,0
rules,medium,76,0,30,114.411,0.08509,0.05798,0.85694,0.43498,0.12914,29,0,0.0,0.0,0.0,0,33.0,33.0,0
rules,medium,77,0,30,102.63,0.06977,0.09518,0.83505,0.48791,0.08238,29,0,0.0,0.0,0.0,0,33.0,33.0,0
rules,medium,78,0,30,112.926,0.04763,0.0,0.95237,0.56959,0.22885,29,0,0.0,0.0,0.0,0,33.0,33.0,0
rules,medium,79,0,30,109.593,0.08461,0.04727,0.86811,0.59251,0.04253,29,0,0.0,0.0,0.0,0,33.0,33.0,0
rules,medium,80,0,30,108.042,0.03329,0.0,0.96671,0.60589,0.26464,29,0,0.0,0.0,0.0,0,33.0,33.0,0
rules,medium,81,1,27,93.819,0.20471,0.03975,0.75554,0.61606,0.0,27,0,0.0,0.0,0.0,0,33.0,33.0,0
rules,medium,82,0,30,105.798,0.10823,0.0,0.89177,0.69242,0.2827,29,0,0.0,0.0,0.0,0,33.0,33.0,0
rules,medium,83,0,30,102.267,0.06454,0.03679,0.89868,0.58151,0.13153,29,0,0.0,0.0,0.0,0,33.0,33.0,0
rules,medium,84,0,30,103.092,0.13412,0.05314,0.81274,0.57469,0.08143,29,0,0.0,0.0,0.0,0,33.0,33.0,0
rules,medium,85,0,30,111.078,0.14023,0.06506,0.79471,0.6669,0.06109,29,0,0.0,0.0,0.0,0,33.0,33.0,0
rules,medium,86,0,30,109.23,0.05559,0.01631,0.9281,0.46535,0.09754,29,0,0.0,0.0,0.0,0,33.0,33.0,0
rules,medium,87,0,30,105.699,0.07243,0.0,0.92757,0.52581,0.21838,29,0,0.0,0.0,0.0,0,33.0,33.0,0
rules,medium,88,0,30,99.297,0.1449,0.10768,0.74742,0.59678,0.01857,29,0,0.0,0.0,0.0,0,33.0,33.0,0
rules,medium,89,0,30,108.966,0.13022,0.0,0.86978,0.6959,0.27355,29,0,0.0,0.0,0.0,0,33.0,33.0,0
rules,medium,90,0,30,102.729,0.29746,0.07292,0.62962,0.68873,0.00183,29,0,0.0,0.0,0.0,0,33.0,33.0,0
rules,medium,91,0,30,105.6,0.04906,0.01,0.94094,0.51704,0.18452,29,0,0.0,0.0,0.0,0,33.0,33.0,0
rules,medium,92,0,30,117.579,0.08588,0.13051,0.78361,0.49277,0.03999,29,0,0.0,0.0,0.0,0,33.0,33.0,0
rules,medium,93,0,30,104.544,0.10164,0.0,0.89836,0.64489,0.25201,29,0,0.0,0.0,0.0,0,33.0,33.0,0
rules,medium,94,0,30,111.045,0.04695,0.01486,0.93819,0.50526,0.17168,29,0,0.0,0.0,0.0,0,33.0,33.0,0
rules,medium,95,0,30,107.58,0.06043,0.00399,0.93558,0.60825,0.1786,29,0,0.0,0.0,0.0,0,33.0,33.0,0
rules,medium,96,0,30,110.187,0.12668,0.03175,0.84157,0.61797,0.13045,29,0,0.0,0.0,0.0,0,33.0,33.0,0
rules,medium,97,0,30,111.276,0.04211,0.01957,0.93832,0.51994,0.11674,29,0,0.0,0.0,0.0,0,33.0,33.0,0
rules,medium,98,0,30,103.983,0.04983,0.00571,0.94446,0.57704,0.1813,29,0,0.0,0.0,0.0,0,33.0,33.0,0
rules,medium,99,0,30,108.042,0.10324,0.00489,0.89188,0.60312,0.18988,29,0,0.0,0.0,0.0,0,33.0,33.0,0
rules,medium,100,0,30,105.864,0.06328,0.0,0.93672,0.67733,0.29307,29,0,0.0,0.0,0.0,0,33.0,33.0,0
rules,medium,101,0,30,108.075,0.03176,0.00794,0.96031,0.55609,0.18318,29,0,0.0,0.0,0.0,0,33.0,33.0,0
rules,medium,102,0,30,117.381,0.06185,0.02474,0.91341,0.55349,0.07873,29,0,0.0,0.0,0.0,0,33.0,33.0,0
rules,medium,103,0,30,109.527,0.09672,0.00482,0.89846,0.6412,0.18513,29,0,0.0,0.0,0.0,0,33.0,33.0,0
rules,medium,104,0,30,104.412,0.09861,0.0,0.90139,0.66968,0.25325,29,0,0.0,0.0,0.0,0,33.0,33.0,0
rules,medium,105,0,30,105.402,0.16312,0.02661,0.81027,0.62392,0.14436,29,0,0.0,0.0,0.0,0,33.0,33.0,0
rules,medium,106,1,13,51.282,0.19627,0.07014,0.73359,0.61426,0.0,13,0,0.0,0.0,0.0,0,33.0,33.0,0
rules,medium,107,0,30,101.046,0.15251,0.01633,0.83116,0.62007,0.16989,29,0,0.0,0.0,0.0,0,33.0,33.0,0
rules,medium,108,0,30,108.768,0.16262,0.0,0.83738,0.72618,0.3595,29,0,0.0,0.0,0.0,0,33.0,33.0,0
rules,medium,109,1,10,47.421,0.15658,0.12596,0.71747,0.61129,0.0,10,0,0.0,0.0,0.0,0,33.0,33.0,0
rules,medium,110,0,30,101.574,0.05491,0.0588,0.88629,0.53705,0.02672,29,0,0.0,0.0,0.0,0,33.0,33.0,0
rules,medium,111,0,30,102.564,0.19402,0.0399,0.76609,0.58199,0.08056,29,0,0.0,0.0,0.0,0,33.0,33.0,0
rules,medium,112,0,30,109.593,0.06263,0.01024,0.92713,0.62296,0.175,29,0,0.0,0.0,0.0,0,33.0,33.0,0
rules,medium,113,0,30,109.593,0.03011,0.02319,0.9467,0.59943,0.10993,29,0,0.0,0.0,0.0,0,33.0,33.0,0
rules,medium,114,0,30,113.025,0.03591,0.0,0.96409,0.66041,0.42033,29,0,0.0,0.0,0.0,0,33.0,33.0,0
rules,medium,115,1,5,26.862,0.29115,0.09459,0.61425,0.66764,0.0,5,0,0.0,0.0,0.0,0,33.0,33.0,0
rules,medium,116,0,30,86.163,0.06511,0.0,0.93489,0.69243,0.30019,29,0,0.0,0.0,0.0,0,33.0,33.0,0
rules,medium,117,1,28,107.778,0.11819,0.0147,0.86712,0.66343,0.0,28,0,0.0,0.0,0.0,0,33.0,33.0,0
rules,medium,118,0,30,91.047,0.09714,0.00471,0.89815,0.62181,0.19207,29,0,0.0,0.0,0.0,0,33.0,33.0,0
rules,medium,119,0,30,109.593,0.07949,0.0,0.92051,0.68864,0.20431,29,0,0.0,0.0,0.0,0,33.0,33.0,0
rules,medium,120,0,30,106.128,0.03109,0.0,0.96891,0.66333,0.24388,29,0,0.0,0.0,0.0,0,33.0,33.0,0
rules,medium,121,0,30,100.188,0.0448,0.05632,0.89888,0.54679,0.12379,29,0,0.0,0.0,0.0,0,33.0,33.0,0
rules,medium,122,0,30,106.986,0.07619,0.0,0.92381,0.61531,0.2805,29,0,0.0,0.0,0.0,0,33.0,33.0,0
rules,medium,123,1,15,49.929,0.115,0.03437,0.85063,0.6276,0.0,15,0,0.0,0.0,0.0,0,33.0,33.0,0
rules,medium,124,1,22,87.615,0.09454,0.12203,0.78343,0.48007,0.0,22,0,0.0,0.0,0.0,0,33.0,33.0,0
rules,medium,125,0,30,98.538,0.11186,0.05023,0.83791,0.61744,0.07335,29,0,0.0,0.0,0.0,0,33.0,33.0,0
rules,medium,126,0,30,109.758,0.11786,0.0012,0.88094,0.57404,0.19755,29,0,0.0,0.0,0.0,0,33.0,33.0,0
rules,medium,127,1,22,84.381,0.0833,0.11029,0.80641,0.46068,0.0,22,0,0.0,0.0,0.0,0,33.0,33.0,0
rules,medium,128,0,30,105.072,0.08166,0.0,0.91834,0.62534,0.22431,29,0,0.0,0.0,0.0,0,33.0,33.0,0
rules,medium,129,0,30,106.029,0.15282,0.15282,0.69437,0.56809,0.03151,29,0,0.0,0.0,0.0,0,33.0,33.0,0
rules,medium,130,0,30,96.03,0.07766,0.0,0.92234,0.55377,0.20647,29,0,0.0,0.0,0.0,0,33.0,33.0,0
rules,medium,131,0,30,101.31,0.21368,0.16775,0.61857,0.60515,0.02686,29,0,0.0,0.0,0.0,0,33.0,33.0,0
rules,medium,132,1,10,50.391,0.1205,0.06745,0.81205,0.67966,0.0,10,0,0.0,0.0,0.0,0,33.0,33.0,0
rules,medium,133,0,30,91.74,0.20683,0.05324,0.73993,0.62213,0.13136,29,0,0.0,0.0,0.0,0,33.0,33.0,0
rules,medium,134,0,30,112.332,0.11046,0.01968,0.86986,0.67098,0.16714,29,0,0.0,0.0,0.0,0,33.0,33.0,0
rules,medium,135,1,20,77.979,0.10157,0.02793,0.8705,0.68502,0.0,20,0,0.0,0.0,0.0,0,33.0,33.0,0
rules,medium,136,0,30,110.517,0.09884,0.0433,0.85787,0.53597,0.1343,29,0,0.0,0.0,0.0,0,33.0,33.0,0
rules,medium,137,0,30,104.742,0.0627,0.14209,0.79521,0.5292,0.0345,29,0,0.0,0.0,0.0,0,33.0,33.0,0
rules,medium,138,0,30,101.508,0.07867,0.11281,0.80852,0.56795,0.02248,29,0,0.0,0.0,0.0,0,33.0,33.0,0
rules,medium,139,0,30,105.831,0.06735,0.05613,0.87652,0.57062,0.07963,29,0,0.0,0.0,0.0,0,33.0,33.0,0
rules,medium,140,0,30,96.789,0.09342,0.0,0.90658,0.63057,0.20394,29,0,0.0,0.0,0.0,0,33.0,33.0,0
rules,medium,141,1,7,29.502,0.3434,0.15213,0.50447,0.68049,0.0,7,0,0.0,0.0,0.0,0,33.0,33.0,0
rules,medium,142,0,30,94.974,0.1706,0.03266,0.79673,0.60923,0.06012,29,0,0.0,0.0,0.0,0,33.0,33.0,0
rules,medium,143,0,30,111.111,0.03742,0.0,0.96258,0.65523,0.33677,29,0,0.0,0.0,0.0,0,33.0,33.0,0
rules,medium,144,0,30,104.181,0.07887,0.17232,0.74881,0.49852,0.01187,29,0,0.0,0.0,0.0,0,33.0,33.0,0
rules,medium,145,0,30,107.217,0.01878,0.0,0.98122,0.60508,0.32932,29,0,0.0,0.0,0.0,0,33.0,33.0,0
rules,medium,146,0,30,111.771,0.07411,0.0,0.92589,0.67859,0.33691,29,0,0.0,0.0,0.0,0,33.0,33.0,0
rules,medium,147,0,30,99.462,0.07465,0.0866,0.83875,0.47826,0.08338,29,0,0.0,0.0,0.0,0,33.0,33.0,0
rules,medium,148,0,30,106.491,0.11466,0.0,0.88534,0.71426,0.27025,29,0,0.0,0.0,0.0,0,33.0,33.0,0
rules,medium,149,0,30,100.089,0.23376,0.20409,0.56215,0.61232,0.02976,29,0,0.0,0.0,0.0,0,33.0,33.0,0
rules,medium,150,0,30,97.152,0.19599,0.09681,0.7072,0.62558,0.04251,29,0,0.0,0.0,0.0,0,33.0,33.0,0
rules,medium,151,1,15,58.74,0.0573,0.07247,0.87022,0.61967,0.0,15,0,0.0,0.0,0.0,0,33.0,33.0,0
rules,medium,152,0,30,106.425,0.03566,0.0062,0.95814,0.5718,0.19147,29,0,0.0,0.0,0.0,0,33.0,33.0,0
rules,medium,153,1,21,79.068,0.09015,0.07429,0.83556,0.55967,0.0,21,0,0.0,0.0,0.0,0,33.0,33.0,0
rules,medium,154,0,30,114.543,0.1236,0.06367,0.81273,0.5981,0.11599,29,0,0.0,0.0,0.0,0,33.0,33.0,0
rules,medium,155,0,30,112.563,0.09557,0.06098,0.84345,0.56832,0.06334,29,0,0.0,0.0,0.0,0,33.0,33.0,0
rules,medium,156,0,30,109.626,0.12613,0.07917,0.7947,0.55365,0.01845,29,0,0.0,0.0,0.0,0,33.0,33.0,0
rules,medium,157,0,30,111.177,0.09528,0.0,0.90472,0.62493,0.20851,29,0,0.0,0.0,0.0,0,33.0,33.0,0
rules,medium,158,0,30,101.475,0.06472,0.0478,0.88748,0.5699,0.05527,29,0,0.0,0.0,0.0,0,33.0,33.0,0
rules,medium,159,0,30,112.959,0.12095,0.07041,0.80865,0.59367,0.06946,29,0,0.0,0.0,0.0,0,33.0,33.0,0
rules,medium,160,0,30,99.792,0.08003,0.0,0.91997,0.60827,0.21698,29,0,0.0,0.0,0.0,0,33.0,33.0,0
rules,medium,161,0,30,97.515,0.16007,0.05415,0.78579,0.57846,0.03766,29,0,0.0,0.0,0.0,0,33.0,33.0,0
rules,medium,162,0,30,107.745,0.10567,0.0,0.89433,0.64432,0.24469,29,0,0.0,0.0,0.0,0,33.0,33.0,0
rules,medium,163,1,4,25.179,0.33683,0.09961,0.56356,0.70898,0.0,4,0,0.0,0.0,0.0,0,33.0,33.0,0
rules,medium,164,0,30,108.075,0.12183,0.13802,0.74015,0.58054,0.01026,29,0,0.0,0.0,0.0,0,33.0,33.0,0
rules,medium,165,0,30,98.769,0.04544,0.12028,0.83428,0.52797,0.02617,29,0,0.0,0.0,0.0,0,33.0,33.0,0
rules,medium,166,1,13,51.909,0.17419,0.15257,0.67324,0.51785,0.0,13,0,0.0,0.0,0.0,0,33.0,33.0,0
rules,medium,167,0,30,112.167,0.02942,0.05355,0.91703,0.53156,0.103,29,0,0.0,0.0,0.0,0,33.0,33.0,0
rules,medium,168,0,30,100.749,0.14052,0.0,0.85948,0.67359,0.30178,29,0,0.0,0.0,0.0,0,33.0,33.0,0
rules,medium,169,0,30,104.28,0.08418,0.05253,0.86329,0.5056,0.10512,29,0,0.0,0.0,0.0,0,33.0,33.0,0
rules,medium,170,0,30,107.646,0.10638,0.06928,0.82434,0.44166,0.11791,29,0,0.0,0.0,0.0,0,33.0,33.0,0
rules,medium,171,0,30,101.904,0.16062,0.07578,0.7636,0.65071,0.08203,29,0,0.0,0.0,0.0,0,33.0,33.0,0
rules,medium,172,0,30,119.889,0.07432,0.05037,0.87531,0.59694,0.08718,29,0,0.0,0.0,0.0,0,33.0,33.0,0
rules,medium,173,0,30,104.544,0.16004,0.09975,0.74021,0.59523,0.08634,29,0,0.0,0.0,0.0,0,33.0,33.0,0
rules,medium,174,1,6,29.667,0.35929,0.05451,0.58621,0.67204,0.0,6,0,0.0,0.0,0.0,0,33.0,33.0,0
rules,medium,175,1,10,47.223,0.16422,0.04263,0.79315,0.67473,0.0,10,0,0.0,0.0,0.0,0,33.0,33.0,0
rules,medium,176,0,30,96.657,0.19768,0.09833,0.70399,0.66207,0.02425,29,0,0.0,0.0,0.0,0,33.0,33.0,0
rules,medium,177,0,30,99.627,0.05863,0.00497,0.9364,0.52789,0.18786,29,0,0.0,0.0,0.0,0,33.0,33.0,0
rules,medium,178,1,18,69.828,0.05955,0.04537,0.89509,0.60296,0.0,18,0,0.0,0.0,0.0,0,33.0,33.0,0
rules,medium,179,0,30,101.244,0.08931,0.00782,0.90287,0.64495,0.16416,29,0,0.0,0.0,0.0,0,33.0,33.0,0
rules,medium,180,0,30,109.659,0.09239,0.01204,0.89558,0.56945,0.17029,29,0,0.0,0.0,0.0,0,33.0,33.0,0
rules,medium,181,0,30,105.93,0.08754,0.0,0.91246,0.65605,0.29431,29,0,0.0,0.0,0.0,0,33.0,33.0,0
rules,medium,182,1,15,60.357,0.13013,0.18699,0.68289,0.52374,0.0,15,0,0.0,0.0,0.0,0,33.0,33.0,0
rules,medium,183,0,30,102.3,0.07226,0.0,0.92774,0.62507,0.25098,29,0,0.0,0.0,0.0,0,33.0,33.0,0
rules,medium,184,0,30,108.768,0.05947,0.0801,0.86044,0.54828,0.06951,29,0,0.0,0.0,0.0,0,33.0,33.0,0
rules,medium,185,1,8,37.224,0.20124,0.06383,0.73493,0.63031,0.0,8,0,0.0,0.0,0.0,0,33.0,33.0,0
rules,medium,186,0,30,104.94,0.06289,0.0,0.93711,0.55933,0.26914,29,0,0.0,0.0,0.0,0,33.0,33.0,0
rules,medium,187,0,30,99.099,0.14885,0.0,0.85115,0.66306,0.36046,29,0,0.0,0.0,0.0,0,33.0,33.0,0
rules,medium,188,0,30,113.586,0.0706,0.04532,0.88408,0.53064,0.10807,29,0,0.0,0.0,0.0,0,33.0,33.0,0
rules,medium,189,1,5,26.301,0.35759,0.09661,0.5458,0.7337,0.0,5,0,0.0,0.0,0.0,0,33.0,33.0,0
rules,medium,190,1,11,44.682,0.14106,0.11743,0.74151,0.5511,0.0,11,0,0.0,0.0,0.0,0,33.0,33.0,0
rules,medium,191,0,30,110.187,0.0563,0.10512,0.83857,0.43972,0.07147,29,0,0.0,0.0,0.0,0,33.0,33.0,0
rules,medium,192,0,30,102.762,0.03629,0.0,0.96371,0.59208,0.20216,29,0,0.0,0.0,0.0,0,33.0,33.0,0
rules,medium,193,1,26,105.468,0.09293,0.06195,0.84512,0.59029,0.0,26,0,0.0,0.0,0.0,0,33.0,33.0,0
rules,medium,194,1,12,46.431,0.14001,0.06041,0.79957,0.58113,0.0,12,0,0.0,0.0,0.0,0,33.0,33.0,0
rules,medium,195,0,30,99.033,0.13329,0.05232,0.8144,0.60856,0.01836,29,0,0.0,0.0,0.0,0,33.0,33.0,0
rules,medium,196,0,30,98.571,0.15099,0.00435,0.84466,0.59921,0.1844,29,0,0.0,0.0,0.0,0,33.0,33.0,0
rules,medium,197,0,30,103.983,0.15106,0.0092,0.83973,0.69676,0.17143,29,0,0.0,0.0,0.0,0,33.0,33.0,0
rules,medium,198,0,30,91.74,0.06079,0.08022,0.85899,0.58749,0.04729,29,0,0.0,0.0,0.0,0,33.0,33.0,0
rules,medium,199,1,5,24.783,0.3036,0.05459,0.64181,0.69708,0.0,5,0,0.0,0.0,0.0,0,33.0,33.0,0
fixed,strong,0,0,30,69.96,0.9217,0.0,0.0783,0.969,0.84556,29,0,0.0,0.0,0.0,0,33.0,33.0,0
fixed,strong,1,0,30,73.326,0.85329,0.0,0.14671,0.95953,0.80926,29,0,0.0,0.0,0.0,0,33.0,33.0,0
fixed,strong,2,0,30,82.995,0.70934,0.0,0.29066,0.93108,0.70432,29,0,0.0,0.0,0.0,0,33.0,33.0,0
fixed,strong,3,0,30,72.864,0.85643,0.0,0.14357,0.95538,0.76702,29,0,0.0,0.0,0.0,0,33.0,33.0,0
fixed,strong,4,0,30,79.134,0.82694,0.0,0.17306,0.95247,0.78682,29,0,0.0,0.0,0.0,0,33.0,33.0,0
fixed,strong,5,0,30,80.322,0.82662,0.0,0.17338,0.95088,0.76768,29,0,0.0,0.0,0.0,0,33.0,33.0,0
fixed,strong,6,0,30,72.864,0.91531,0.0,0.08469,0.96434,0.82378,29,0,0.0,0.0,0.0,0,33.0,33.0,0
fixed,strong,7,0,30,75.075,0.79253,0.0,0.20747,0.94487,0.73138,29,0,0.0,0.0,0.0,0,33.0,33.0,0
fixed,strong,8,0,30,80.718,0.82911,0.0,0.17089,0.95224,0.80728,29,0,0.0,0.0,0.0,0,33.0,33.0,0
fixed,strong,9,0,30,75.042,0.88874,0.0,0.11126,0.96096,0.76306,29,0,0.0,0.0,0.0,0,33.0,33.0,0
fixed,strong,10,0,30,77.451,0.79974,0.0,0.20026,0.94857,0.74986,29,0,0.0,0.0,0.0,0,33.0,33.0,0
fixed,strong,11,0,30,84.48,0.58242,0.0,0.41758,0.90569,0.64756,29,0,0.0,0.0,0.0,0,33.0,33.0,0
fixed,strong,12,0,30,68.739,0.93807,0.0,0.06193,0.97178,0.85018,29,0,0.0,0.0,0.0,0,33.0,33.0,0
fixed,strong,13,0,30,72.864,0.86549,0.0,0.13451,0.9598,0.77494,29,0,0.0,0.0,0.0,0,33.0,33.0,0
fixed,strong,14,0,30,72.171,0.87654,0.0,0.12346,0.96074,0.78946,29,0,0.0,0.0,0.0,0,33.0,33.0,0
fixed,strong,15,0,30,76.56,0.84655,0.0,0.15345,0.95469,0.79162,29,0,0.0,0.0,0.0,0,33.0,33.0,0
fixed,strong,16,0,30,70.059,0.91427,0.0,0.08573,0.96753,0.83566,29,0,0.0,0.0,0.0,0,33.0,33.0,0
fixed,strong,17,0,30,80.619,0.85059,0.0,0.14941,0.95375,0.78154,29,0,0.0,0.0,0.0,0,33.0,33.0,0
fixed,strong,18,0,30,78.375,0.89095,0.0,0.10905,0.95797,0.78418,29,0,0.0,0.0,0.0,0,33.0,33.0,0
fixed,strong,19,0,30,68.574,0.85948,0.0,0.14052,0.96022,0.75052,29,0,0.0,0.0,0.0,0,33.0,33.0,0
fixed,strong,20,0,30,65.34,0.92374,0.0,0.07626,0.97074,0.84028,29,0,0.0,0.0,0.0,0,33.0,33.0,0
fixed,strong,21,0,30,75.042,0.85444,0.0,0.14556,0.95449,0.77164,29,0,0.0,0.0,0.0,0,33.0,33.0,0
fixed,strong,22,0,30,76.098,0.87251,0.0,0.12749,0.9603,0.81982,29,0,0.0,0.0,0.0,0,33.0,33.0,0
fixed,strong,23,0,30,72.435,0.88519,0.0,0.11481,0.96378,0.83038,29,0,0.0,0.0,0.0,0,33.0,33.0,0
fixed,strong,24,0,30,77.121,0.85024,0.0,0.14976,0.95605,0.80002,29,0,0.0,0.0,0.0,0,33.0,33.0,0
fixed,strong,25,0,30,70.521,0.92606,0.0,0.07394,0.96773,0.83302,29,0,0.0,0.0,0.0,0,33.0,33.0,0
fixed,strong,26,0,30,71.28,0.875,0.0,0.125,0.95942,0.79672,29,0,0.0,0.0,0.0,0,33.0,33.0,0
fixed,strong,27,0,30,76.56,0.83621,0.0,0.16379,0.95298,0.80746,29,0,0.0,0.0,0.0,0,33.0,33.0,0
fixed,strong,28,0,30,70.587,0.91538,0.0,0.08462,0.96776,0.79672,29,0,0.0,0.0,0.0,0,33.0,33.0,0
fixed,strong,29,0,30,73.59,0.87309,0.0,0.12691,0.96062,0.7987,29,0,0.0,0.0,0.0,0,33.0,33.0,0
fixed,strong,30,0,30,64.218,0.95015,0.0,0.04985,0.97114,0.79078,29,0,0.0,0.0,0.0,0,33.0,33.0,0
fixed,strong,31,0,30,75.339,0.9067,0.0,0.0933,0.96248,0.80086,29,0,0.0,0.0,0.0,0,33.0,33.0,0
fixed,strong,32,0,30,78.705,0.85367,0.0,0.14633,0.95534,0.81802,29,0,0.0,0.0,0.0,0,33.0,33.0,0
fixed,strong,33,0,30,73.26,0.88829,0.0,0.11171,0.96113,0.79804,29,0,0.0,0.0,0.0,0,33.0,33.0,0
fixed,strong,34,0,30,76.89,0.82275,0.0,0.17725,0.94886,0.75136,29,0,0.0,0.0,0.0,0,33.0,33.0,0
fixed,strong,35,0,30,73.293,0.87798,0.0,0.12202,0.9613,0.80926,29,0,0.0,0.0,0.0,0,33.0,33.0,0
fixed,strong,36,0,30,81.147,0.8353,0.0,0.1647,0.95284,0.81124,29,0,0.0,0.0,0.0,0,33.0,33.0,0
fixed,strong,37,0,30,75.9,0.91565,0.0,0.08435,0.96474,0.83434,29,0,0.0,0.0,0.0,0,33.0,33.0,0
fixed,strong,38,0,30,73.326,0.91584,0.0,0.08416,0.96449,0.81784,29,0,0.0,0.0,0.0,0,33.0,33.0,0
fixed,strong,39,0,30,70.521,0.89705,0.0,0.10295,0.96642,0.83434,29,0,0.0,0.0,0.0,0,33.0,33.0,0
fixed,strong,40,0,30,71.61,0.94977,0.0,0.05023,0.96781,0.7822,29,0,0.0,0.0,0.0,0,33.0,33.0,0
fixed,strong,41,0,30,75.339,0.9124,0.0,0.0876,0.96507,0.85942,29,0,0.0,0.0,0.0,0,33.0,33.0,0
fixed,strong,42,0,30,80.256,0.78043,0.0,0.21957,0.94444,0.76834,29,0,0.0,0.0,0.0,0,33.0,33.0,0
fixed,strong,43,0,30,74.415,0.902,0.0,0.098,0.96363,0.8317,29,0,0.0,0.0,0.0,0,33.0,33.0,0
fixed,strong,44,0,30,69.069,0.89154,0.0,0.10846,0.96418,0.7855,29,0,0.0,0.0,0.0,0,33.0,33.0,0
fixed,strong,45,0,30,74.481,0.91094,0.0,0.08906,0.96455,0.8251,29,0,0.0,0.0,0.0,0,33.0,33.0,0
fixed,strong,46,0,30,71.214,0.84847,0.0,0.15153,0.95668,0.7558,29,0,0.0,0.0,0.0,0,33.0,33.0,0
fixed,strong,47,0,30,70.554,0.92142,0.0,0.07858,0.96741,0.85282,29,0,0.0,0.0,0.0,0,33.0,33.0,0
fixed,strong,48,0,30,75.966,0.92224,0.0,0.07776,0.96422,0.83896,29,0,0.0,0.0,0.0,0,33.0,33.0,0
fixed,strong,49,0,30,67.98,0.92379,0.0,0.07621,0.9683,0.80728,29,0,0.0,0.0,0.0,0,33.0,33.0,0
fixed,strong,50,0,30,72.567,0.87949,0.0,0.12051,0.96305,0.80332,29,0,0.0,0.0,0.0,0,33.0,33.0,0
fixed,strong,51,0,30,79.695,0.83851,0.0,0.16149,0.95396,0.8101,29,0,0.0,0.0,0.0,0,33.0,33.0,0
fixed,strong,52,0,30,81.213,0.78545,0.0,0.21455,0.94722,0.71224,29,0,0.0,0.0,0.0,0,33.0,33.0,0
fixed,strong,53,0,30,69.498,0.92735,0.0,0.07265,0.9683,0.81388,29,0,0.0,0.0,0.0,0,33.0,33.0,0
fixed,strong,54,0,30,72.204,0.88071,0.0,0.11929,0.9611,0.79558,29,0,0.0,0.0,0.0,0,33.0,33.0,0
fixed,strong,55,0,30,81.609,0.73918,0.0,0.26082,0.93119,0.69508,29,0,0.0,0.0,0.0,0,33.0,33.0,0
fixed,strong,56,0,30,70.026,0.93827,0.0,0.06173,0.96945,0.83764,29,0,0.0,0.0,0.0,0,33.0,33.0,0
fixed,strong,57,0,30,74.415,0.86519,0.0,0.13481,0.95559,0.73996,29,0,0.0,0.0,0.0,0,33.0,33.0,0
fixed,strong,58,0,30,65.967,0.92696,0.0,0.07304,0.96668,0.76372,29,0,0.0,0.0,0.0,0,33.0,33.0,0
fixed,strong,59,0,30,75.702,0.90671,0.0,0.09329,0.96385,0.84028,29,0,0.0,0.0,0.0,0,33.0,33.0,0
fixed,strong,60,0,30,69.861,0.8512,0.0,0.1488,0.95355,0.76324,29,0,0.0,0.0,0.0,0,33.0,33.0,0
fixed,strong,61,0,30,77.22,0.89444,0.0,0.10556,0.96084,0.80002,29,0,0.0,0.0,0.0,0,33.0,33.0,0
fixed,strong,62,0,30,72.369,0.90515,0.0,0.09485,0.96355,0.7888,29,0,0.0,0.0,0.0,0,33.0,33.0,0
fixed,strong,63,0,30,73.161,0.85476,0.0,0.14524,0.95696,0.74542,29,0,0.0,0.0,0.0,0,33.0,33.0,0
fixed,strong,64,0,30,72.996,0.84494,0.0,0.15506,0.95902,0.80218,29,0,0.0,0.0,0.0,0,33.0,33.0,0
fixed,strong,65,0,30,79.53,0.82158,0.0,0.17842,0.94773,0.7606,29,0,0.0,0.0,0.0,0,33.0,33.0,0
fixed,strong,66,0,30,72.402,0.85005,0.0,0.14995,0.95831,0.81652,29,0,0.0,0.0,0.0,0,33.0,33.0,0
fixed,strong,67,0,30,74.646,0.85853,0.0,0.14147,0.95542,0.7723,29,0,0.0,0.0,0.0,0,33.0,33.0,0
fixed,strong,68,0,30,76.527,0.92885,0.0,0.07115,0.96483,0.84292,29,0,0.0,0.0,0.0,0,33.0,33.0,0
fixed,strong,69,0,30,70.125,0.90259,0.0,0.09741,0.96455,0.76636,29,0,0.0,0.0,0.0,0,33.0,33.0,0
fixed,strong,70,0,30,77.022,0.81063,0.0,0.18937,0.94911,0.74788,29,0,0.0,0.0,0.0,0,33.0,33.0,0
fixed,strong,71,0,30,74.25,0.87644,0.0,0.12356,0.95812,0.769,29,0,0.0,0.0,0.0,0,33.0,33.0,0
fixed,strong,72,0,30,79.596,0.83624,0.0,0.16376,0.95188,0.78154,29,0,0.0,0.0,0.0,0,33.0,33.0,0
fixed,strong,73,0,30,69.465,0.90879,0.0,0.09121,0.96662,0.83302,29,0,0.0,0.0,0.0,0,33.0,33.0,0
fixed,strong,74,0,30,75.933,0.88179,0.0,0.11821,0.96091,0.80662,29,0,0.0,0.0,0.0,0,33.0,33.0,0
fixed,strong,75,0,30,74.613,0.86643,0.0,0.13357,0.96117,0.802,29,0,0.0,0.0,0.0,0,33.0,33.0,0
fixed,strong,76,0,30,72.435,0.88337,0.0,0.11663,0.96426,0.8365,29,0,0.0,0.0,0.0,0,33.0,33.0,0
fixed,strong,77,0,30,75.471,0.86226,0.0,0.13774,0.9567,0.78022,29,0,0.0,0.0,0.0,0,33.0,33.0,0
fixed,strong,78,0,30,77.781,0.83751,0.0,0.16249,0.95219,0.80728,29,0,0.0,0.0,0.0,0,33.0,33.0,0
fixed,strong,79,0,30,74.448,0.79344,0.0,0.20656,0.94726,0.71686,29,0,0.0,0.0,0.0,0,33.0,33.0,0
fixed,strong,80,0,30,75.075,0.87297,0.0,0.12703,0.96075,0.82906,29,0,0.0,0.0,0.0,0,33.0,33.0,0
fixed,strong,81,0,30,75.504,0.79196,0.0,0.20804,0.94469,0.72148,29,0,0.0,0.0,0.0,0,33.0,33.0,0
fixed,strong,82,0,30,73.788,0.88953,0.0,0.11047,0.96115,0.78616,29,0,0.0,0.0,0.0,0,33.0,33.0,0
fixed,strong,83,0,30,76.89,0.80858,0.0,0.19142,0.95029,0.78784,29,0,0.0,0.0,0.0,0,33.0,33.0,0
fixed,strong,84,0,30,71.544,0.92712,0.0,0.07288,0.9668,0.82246,29,0,0.0,0.0,0.0,0,33.0,33.0,0
fixed,strong,85,0,30,69.564,0.94639,0.0,0.05361,0.97053,0.85414,29,0,0.0,0.0,0.0,0,33.0,33.0,0
fixed,strong,86,0,30,75.801,0.90771,0.0,0.09229,0.96325,0.78022,29,0,0.0,0.0,0.0,0,33.0,33.0,0
fixed,strong,87,0,30,76.461,0.91023,0.0,0.08977,0.9637,0.83632,29,0,0.0,0.0,0.0,0,33.0,33.0,0
fixed,strong,88,0,30,75.207,0.85652,0.0,0.14348,0.96081,0.82444,29,0,0.0,0.0,0.0,0,33.0,33.0,0
fixed,strong,89,0,30,75.405,0.82057,0.0,0.17943,0.95243,0.7162,29,0,0.0,0.0,0.0,0,33.0,33.0,0
fixed,strong,90,0,30,71.214,0.86562,0.0,0.13438,0.95851,0.78568,29,0,0.0,0.0,0.0,0,33.0,33.0,0
fixed,strong,91,0,30,79.629,0.8591,0.0,0.1409,0.95589,0.79408,29,0,0.0,0.0,0.0,0,33.0,33.0,0
fixed,strong,92,0,30,75.966,0.89096,0.0,0.10904,0.96263,0.80134,29,0,0.0,0.0,0.0,0,33.0,33.0,0
fixed,strong,93,0,30,72.93,0.94525,0.0,0.05475,0.96639,0.83104,29,0,0.0,0.0,0.0,0,33.0,33.0,0
fixed,strong,94,0,30,76.824,0.89261,0.0,0.10739,0.96043,0.73402,29,0,0.0,0.0,0.0,0,33.0,33.0,0
fixed,strong,95,0,30,74.844,0.8664,0.0,0.1336,0.95768,0.79276,29,0,0.0,0.0,0.0,0,33.0,33.0,0
fixed,strong,96,0,30,75.009,0.88297,0.0,0.11703,0.95965,0.7921,29,0,0.0,0.0,0.0,0,33.0,33.0,0
fixed,strong,97,0,30,83.193,0.80087,0.0,0.19913,0.94651,0.7936,29,0,0.0,0.0,0.0,0,33.0,33.0,0
fixed,strong,98,0,30,72.798,0.93291,0.0,0.06709,0.96784,0.85414,29,0,0.0,0.0,0.0,0,33.0,33.0,0
fixed,strong,99,0,30,74.844,0.86552,0.0,0.13448,0.95906,0.81586,29,0,0.0,0.0,0.0,0,33.0,33.0,0
fixed,strong,100,0,30,73.92,0.86741,0.0,0.13259,0.95865,0.80218,29,0,0.0,0.0,0.0,0,33.0,33.0,0
fixed,strong,101,0,30,75.108,0.85501,0.0,0.14499,0.95621,0.80596,29,0,0.0,0.0,0.0,0,33.0,33.0,0
fixed,strong,102,0,30,76.692,0.86489,0.0,0.13511,0.95941,0.83104,29,0,0.0,0.0,0.0,0,33.0,33.0,0
fixed,strong,103,0,30,74.052,0.91711,0.0,0.08289,0.96548,0.82576,29,0,0.0,0.0,0.0,0,33.0,33.0,0
fixed,strong,104,0,30,72.534,0.84213,0.0,0.15787,0.95678,0.79804,29,0,0.0,0.0,0.0,0,33.0,33.0,0
fixed,strong,105,0,30,78.705,0.74507,0.0,0.25493,0.93788,0.68602,29,0,0.0,0.0,0.0,0,33.0,33.0,0
fixed,strong,106,0,30,68.772,0.88676,0.0,0.11324,0.96306,0.77758,29,0,0.0,0.0,0.0,0,33.0,33.0,0
fixed,strong,107,0,30,79.233,0.82382,0.0,0.17618,0.95236,0.79672,29,0,0.0,0.0,0.0,0,33.0,33.0,0
fixed,strong,108,0,30,80.751,0.75317,0.0,0.24683,0.93611,0.69658,29,0,0.0,0.0,0.0,0,33.0,33.0,0
fixed,strong,109,0,30,79.002,0.86926,0.0,0.13074,0.95831,0.80926,29,0,0.0,0.0,0.0,0,33.0,33.0,0
fixed,strong,110,0,30,79.167,0.82743,0.0,0.17257,0.94915,0.77296,29,0,0.0,0.0,0.0,0,33.0,33.0,0
fixed,strong,111,0,30,74.712,0.86396,0.0,0.13604,0.9584,0.7888,29,0,0.0,0.0,0.0,0,33.0,33.0,0
fixed,strong,112,0,30,75.966,0.91008,0.0,0.08992,0.96338,0.8482,29,0,0.0,0.0,0.0,0,33.0,33.0,0
fixed,strong,113,0,30,75.933,0.83442,0.0,0.16558,0.95291,0.72316,29,0,0.0,0.0,0.0,0,33.0,33.0,0
fixed,strong,114,0,30,77.913,0.89454,0.0,0.10546,0.96148,0.82576,29,0,0.0,0.0,0.0,0,33.0,33.0,0
fixed,strong,115,0,30,74.943,0.83355,0.0,0.16645,0.95092,0.76042,29,0,0.0,0.0,0.0,0,33.0,33.0,0
fixed,strong,116,0,30,62.601,0.96626,0.0,0.03374,0.97612,0.86272,29,0,0.0,0.0,0.0,0,33.0,33.0,0
fixed,strong,117,0,30,74.415,0.93969,0.0,0.06031,0.96628,0.84556,29,0,0.0,0.0,0.0,0,33.0,33.0,0
fixed,strong,118,0,30,77.814,0.78668,0.0,0.21332,0.94484,0.75994,29,0,0.0,0.0,0.0,0,33.0,33.0,0
fixed,strong,119,0,30,75.933,0.8844,0.0,0.1156,0.96121,0.8317,29,0,0.0,0.0,0.0,0,33.0,33.0,0
fixed,strong,120,0,30,73.986,0.89251,0.0,0.10749,0.96297,0.8317,29,0,0.0,0.0,0.0,0,33.0,33.0,0
fixed,strong,121,0,30,70.587,0.87424,0.0,0.12576,0.96216,0.80332,29,0,0.0,0.0,0.0,0,33.0,33.0,0
fixed,strong,122,0,30,74.646,0.86384,0.0,0.13616,0.96091,0.81784,29,0,0.0,0.0,0.0,0,33.0,33.0,0
fixed,strong,123,0,30,74.085,0.78352,0.0,0.21648,0.94332,0.74542,29,0,0.0,0.0,0.0,0,33.0,33.0,0
fixed,strong,124,0,30,74.778,0.8579,0.0,0.1421,0.95842,0.78652,29,0,0.0,0.0,0.0,0,33.0,33.0,0
fixed,strong,125,0,30,75.174,0.84109,0.0,0.15891,0.95634,0.79642,29,0,0.0,0.0,0.0,0,33.0,33.0,0
fixed,strong,126,0,30,73.029,0.89878,0.0,0.10122,0.96154,0.8086,29,0,0.0,0.0,0.0,0,33.0,33.0,0
fixed,strong,127,0,30,73.029,0.87257,0.0,0.12743,0.9587,0.80548,29,0,0.0,0.0,0.0,0,33.0,33.0,0
fixed,strong,128,0,30,70.521,0.91203,0.0,0.08797,0.96519,0.81982,29,0,0.0,0.0,0.0,0,33.0,33.0,0
fixed,strong,129,0,30,70.224,0.93233,0.0,0.06767,0.96708,0.81916,29,0,0.0,0.0,0.0,0,33.0,33.0,0
fixed,strong,130,0,30,69.399,0.90204,0.0,0.09796,0.96274,0.79474,29,0,0.0,0.0,0.0,0,33.0,33.0,0
fixed,strong,131,0,30,75.009,0.78707,0.0,0.21293,0.94335,0.72148,29,0,0.0,0.0,0.0,0,33.0,33.0,0
fixed,strong,132,0,30,77.055,0.89036,0.0,0.10964,0.9605,0.82906,29,0,0.0,0.0,0.0,0,33.0,33.0,0
fixed,strong,133,0,30,66.957,0.92016,0.0,0.07984,0.96875,0.80332,29,0,0.0,0.0,0.0,0,33.0,33.0,0
fixed,strong,134,0,30,72.237,0.88762,0.0,0.11238,0.96053,0.7822,29,0,0.0,0.0,0.0,0,33.0,33.0,0
fixed,strong,135,0,30,70.257,0.91404,0.0,0.08596,0.96679,0.82048,29,0,0.0,0.0,0.0,0,33.0,33.0,0
fixed,strong,136,0,30,75.801,0.89116,0.0,0.10884,0.96293,0.83632,29,0,0.0,0.0,0.0,0,33.0,33.0,0
fixed,strong,137,0,30,80.058,0.80503,0.0,0.19497,0.94619,0.78304,29,0,0.0,0.0,0.0,0,33.0,33.0,0
fixed,strong,138,0,30,77.088,0.80779,0.0,0.19221,0.94732,0.74194,29,0,0.0,0.0,0.0,0,33.0,33.0,0
fixed,strong,139,0,30,78.903,0.80803,0.0,0.19197,0.94987,0.75184,29,0,0.0,0.0,0.0,0,33.0,33.0,0
fixed,strong,140,0,30,72.963,0.84984,0.0,0.15016,0.95539,0.76834,29,0,0.0,0.0,0.0,0,33.0,33.0,0
fixed,strong,141,0,30,70.653,0.92387,0.0,0.07613,0.96937,0.86074,29,0,0.0,0.0,0.0,0,33.0,33.0,0
fixed,strong,142,0,30,68.607,0.91101,0.0,0.08899,0.96539,0.79408,29,0,0.0,0.0,0.0,0,33.0,33.0,0
fixed,strong,143,0,30,76.857,0.84886,0.0,0.15114,0.95429,0.78766,29,0,0.0,0.0,0.0,0,33.0,33.0,0
fixed,strong,144,0,30,71.214,0.93049,0.0,0.06951,0.96725,0.835,29,0,0.0,0.0,0.0,0,33.0,33.0,0
fixed,strong,145,0,30,74.613,0.83459,0.0,0.16541,0.95524,0.7888,29,0,0.0,0.0,0.0,0,33.0,33.0,0
fixed,strong,146,0,30,77.121,0.80787,0.0,0.19213,0.95121,0.75646,29,0,0.0,0.0,0.0,0,33.0,33.0,0
fixed,strong,147,0,30,70.983,0.87029,0.0,0.12971,0.95854,0.71422,29,0,0.0,0.0,0.0,0,33.0,33.0,0
fixed,strong,148,0,30,80.85,0.75633,0.0,0.24367,0.9414,0.754,29,0,0.0,0.0,0.0,0,33.0,33.0,0
fixed,strong,149,0,30,77.154,0.84773,0.0,0.15227,0.95812,0.769,29,0,0.0,0.0,0.0,0,33.0,33.0,0
fixed,strong,150,0,30,69.96,0.91745,0.0,0.08255,0.967,0.82312,29,0,0.0,0.0,0.0,0,33.0,33.0,0
fixed,strong,151,0,30,72.402,0.85597,0.0,0.14403,0.95323,0.73354,29,0,0.0,0.0,0.0,0,33.0,33.0,0
fixed,strong,152,0,30,80.388,0.81076,0.0,0.18924,0.94889,0.74392,29,0,0.0,0.0,0.0,0,33.0,33.0,0
fixed,strong,153,0,30,74.316,0.86368,0.0,0.13632,0.95761,0.78154,29,0,0.0,0.0,0.0,0,33.0,33.0,0
fixed,strong,154,0,30,72.666,0.91144,0.0,0.08856,0.96512,0.81718,29,0,0.0,0.0,0.0,0,33.0,33.0,0
fixed,strong,155,0,30,75.801,0.87201,0.0,0.12799,0.95757,0.736,29,0,0.0,0.0,0.0,0,33.0,33.0,0
fixed,strong,156,0,30,73.128,0.9287,0.0,0.0713,0.9661,0.82114,29,0,0.0,0.0,0.0,0,33.0,33.0,0
fixed,strong,157,0,30,74.316,0.86146,0.0,0.13854,0.96041,0.8119,29,0,0.0,0.0,0.0,0,33.0,33.0,0
fixed,strong,158,0,30,71.412,0.89279,0.0,0.10721,0.96287,0.82642,29,0,0.0,0.0,0.0,0,33.0,33.0,0
fixed,strong,159,0,30,78.441,0.84266,0.0,0.15734,0.953,0.72166,29,0,0.0,0.0,0.0,0,33.0,33.0,0
fixed,strong,160,0,30,70.422,0.8941,0.0,0.1059,0.96382,0.8086,29,0,0.0,0.0,0.0,0,33.0,33.0,0
fixed,strong,161,0,30,73.887,0.87762,0.0,0.12238,0.95825,0.77974,29,0,0.0,0.0,0.0,0,33.0,33.0,0
fixed,strong,162,0,30,84.183,0.69737,0.0,0.30263,0.92861,0.67528,29,0,0.0,0.0,0.0,0,33.0,33.0,0
fixed,strong,163,0,30,76.362,0.85825,0.0,0.14175,0.95934,0.7987,29,0,0.0,0.0,0.0,0,33.0,33.0,0
fixed,strong,164,0,30,75.801,0.81323,0.0,0.18677,0.9465,0.70168,29,0,0.0,0.0,0.0,0,33.0,33.0,0
fixed,strong,165,0,30,81.807,0.83138,0.0,0.16862,0.95194,0.7888,29,0,0.0,0.0,0.0,0,33.0,33.0,0
fixed,strong,166,0,30,78.903,0.79757,0.0,0.20243,0.94744,0.77314,29,0,0.0,0.0,0.0,0,33.0,33.0,0
fixed,strong,167,0,30,77.385,0.83838,0.0,0.16162,0.95699,0.8251,29,0,0.0,0.0,0.0,0,33.0,33.0,0
fixed,strong,168,0,30,67.419,0.93539,0.0,0.06461,0.96901,0.79804,29,0,0.0,0.0,0.0,0,33.0,33.0,0
fixed,strong,169,0,30,71.94,0.84817,0.0,0.15183,0.95578,0.78106,29,0,0.0,0.0,0.0,0,33.0,33.0,0
fixed,strong,170,0,30,65.076,0.96957,0.0,0.03043,0.97502,0.85744,29,0,0.0,0.0,0.0,0,33.0,33.0,0
fixed,strong,171,0,30,71.841,0.89481,0.0,0.10519,0.96204,0.76456,29,0,0.0,0.0,0.0,0,33.0,33.0,0
fixed,strong,172,0,30,75.537,0.88467,0.0,0.11533,0.96196,0.8185,29,0,0.0,0.0,0.0,0,33.0,33.0,0
fixed,strong,173,0,30,72.732,0.87341,0.0,0.12659,0.96171,0.79474,29,0,0.0,0.0,0.0,0,33.0,33.0,0
fixed,strong,174,0,30,73.293,0.9167,0.0,0.0833,0.96417,0.82642,29,0,0.0,0.0,0.0,0,33.0,33.0,0
fixed,strong,175,0,30,70.257,0.92391,0.0,0.07609,0.9679,0.83236,29,0,0.0,0.0,0.0,0,33.0,33.0,0
fixed,strong,176,0,30,71.841,0.82958,0.0,0.17042,0.95299,0.71752,29,0,0.0,0.0,0.0,0,33.0,33.0,0
fixed,strong,177,0,30,70.29,0.91033,0.0,0.08967,0.96836,0.84886,29,0,0.0,0.0,0.0,0,33.0,33.0,0
fixed,strong,178,0,30,76.428,0.88256,0.0,0.11744,0.95961,0.77314,29,0,0.0,0.0,0.0,0,33.0,33.0,0
fixed,strong,179,0,30,65.109,0.95033,0.0,0.04967,0.97309,0.8284,29,0,0.0,0.0,0.0,0,33.0,33.0,0
fixed,strong,180,0,30,71.016,0.9145,0.0,0.0855,0.96757,0.85084,29,0,0.0,0.0,0.0,0,33.0,33.0,0
fixed,strong,181,0,30,76.395,0.76587,0.0,0.23413,0.92071,0.47794,29,0,0.0,0.0,0.0,0,33.0,33.0,0
fixed,strong,182,0,30,70.587,0.91632,0.0,0.08368,0.96746,0.83434,29,0,0.0,0.0,0.0,0,33.0,33.0,0
fixed,strong,183,0,30,71.808,0.89154,0.0,0.10846,0.96542,0.8515,29,0,0.0,0.0,0.0,0,33.0,33.0,0
fixed,strong,184,0,30,71.808,0.90303,0.0,0.09697,0.96291,0.79606,29,0,0.0,0.0,0.0,0,33.0,33.0,0
fixed,strong,185,0,30,71.973,0.87162,0.0,0.12838,0.95484,0.75466,29,0,0.0,0.0,0.0,0,33.0,33.0,0
fixed,strong,186,0,30,73.293,0.90275,0.0,0.09725,0.96456,0.81982,29,0,0.0,0.0,0.0,0,33.0,33.0,0
fixed,strong,187,0,30,75.801,0.88071,0.0,0.11929,0.96093,0.81784,29,0,0.0,0.0,0.0,0,33.0,33.0,0
fixed,strong,188,0,30,79.827,0.79702,0.0,0.20298,0.94461,0.76078,29,0,0.0,0.0,0.0,0,33.0,33.0,0
fixed,strong,189,0,30,69.927,0.91317,0.0,0.08683,0.9653,0.79012,29,0,0.0,0.0,0.0,0,33.0,33.0,0
fixed,strong,190,0,30,79.002,0.84461,0.0,0.15539,0.95416,0.7789,29,0,0.0,0.0,0.0,0,33.0,33.0,0
fixed,strong,191,0,30,81.048,0.8241,0.0,0.1759,0.94916,0.76918,29,0,0.0,0.0,0.0,0,33.0,33.0,0
fixed,strong,192,0,30,72.039,0.92625,0.0,0.07375,0.96754,0.83896,29,0,0.0,0.0,0.0,0,33.0,33.0,0
fixed,strong,193,0,30,78.573,0.83872,0.0,0.16128,0.9528,0.76306,29,0,0.0,0.0,0.0,0,33.0,33.0,0
fixed,strong,194,0,30,72.303,0.82519,0.0,0.17481,0.95106,0.73864,29,0,0.0,0.0,0.0,0,33.0,33.0,0
fixed,strong,195,0,30,79.167,0.88162,0.0,0.11838,0.95877,0.82906,29,0,0.0,0.0,0.0,0,33.0,33.0,0
fixed,strong,196,0,30,71.247,0.87633,0.0,0.12367,0.96057,0.79738,29,0,0.0,0.0,0.0,0,33.0,33.0,0
fixed,strong,197,0,30,76.131,0.83485,0.0,0.16515,0.95322,0.76768,29,0,0.0,0.0,0.0,0,33.0,33.0,0
fixed,strong,198,0,30,68.376,0.94305,0.0,0.05695,0.97054,0.8416,29,0,0.0,0.0,0.0,0,33.0,33.0,0
fixed,strong,199,0,30,69.762,0.91769,0.0,0.08231,0.96868,0.85348,29,0,0.0,0.0,0.0,0,33.0,33.0,0
rules,strong,0,0,30,85.041,0.18199,0.04579,0.77222,0.62959,0.14654,29,0,0.0,0.0,0.0,0,33.0,33.0,0
rules,strong,1,0,30,82.467,0.22689,0.0112,0.7619,0.69851,0.17787,29,0,0.0,0.0,0.0,0,33.0,33.0,0
rules,strong,2,0,30,89.595,0.11823,0.0,0.88177,0.67883,0.26395,29,0,0.0,0.0,0.0,0,33.0,33.0,0
rules,strong,3,0,30,87.945,0.08068,0.0,0.91932,0.68448,0.2152,29,0,0.0,0.0,0.0,0,33.0,33.0,0
rules,strong,4,0,30,84.15,0.1851,0.05255,0.76235,0.59151,0.13121,29,0,0.0,0.0,0.0,0,33.0,33.0,0
rules,strong,5,0,30,88.572,0.13785,0.0,0.86215,0.67446,0.28923,29,0,0.0,0.0,0.0,0,33.0,33.0,0
rules,strong,6,0,30,86.064,0.16449,0.0,0.83551,0.70079,0.21795,29,0,0.0,0.0,0.0,0,33.0,33.0,0
rules,strong,7,0,30,95.667,0.10003,0.03691,0.86306,0.50745,0.09007,29,0,0.0,0.0,0.0,0,33.0,33.0,0
rules,strong,8,0,30,89.694,0.11442,0.15269,0.73289,0.57652,0.03607,29,0,0.0,0.0,0.0,0,33.0,33.0,0
rules,strong,9,0,30,84.612,0.23401,0.04524,0.72075,0.6351,0.11887,29,0,0.0,0.0,0.0,0,33.0,33.0,0
rules,strong,10,1,22,69.267,0.1758,0.18152,0.64269,0.51372,0.0,22,0,0.0,0.0,0.0,0,33.0,33.0,0
rules,strong,11,0,30,85.569,0.12071,0.0,0.87929,0.57882,0.26578,29,0,0.0,0.0,0.0,0,33.0,33.0,0
rules,strong,12,0,30,90.123,0.13475,0.0,0.86525,0.61065,0.27643,29,0,0.0,0.0,0.0,0,33.0,33.0,0
rules,strong,13,0,30,82.17,0.16185,0.12329,0.71486,0.54111,0.0808,29,0,0.0,0.0,0.0,0,33.0,33.0,0
rules,strong,14,0,30,82.533,0.13435,0.0,0.86565,0.57152,0.20292,29,0,0.0,0.0,0.0,0,33.0,33.0,0
rules,strong,15,0,30,105.204,0.07309,0.00847,0.91844,0.57035,0.18894,29,0,0.0,0.0,0.0,0,33.0,33.0,0
rules,strong,16,0,30,89.166,0.12953,0.06255,0.80792,0.49563,0.05638,29,0,0.0,0.0,0.0,0,33.0,33.0,0
rules,strong,17,0,30,97.482,0.09648,0.0,0.90352,0.63393,0.30928,29,0,0.0,0.0,0.0,0,33.0,33.0,0
rules,strong,18,0,30,84.942,0.10878,0.01632,0.8749,0.59615,0.12991,29,0,0.0,0.0,0.0,0,33.0,33.0,0
rules,strong,19,0,30,78.144,0.144,0.00718,0.84882,0.65141,0.18235,29,0,0.0,0.0,0.0,0,33.0,33.0,0
rules,strong,20,0,30,85.074,0.1249,0.0,0.8751,0.64777,0.27496,29,0,0.0,0.0,0.0,0,33.0,33.0,0
rules,strong,21,0,30,91.113,0.13763,0.0,0.86237,0.56002,0.24094,29,0,0.0,0.0,0.0,0,33.0,33.0,0
rules,strong,22,1,18,60.093,0.15541,0.04997,0.79462,0.57996,0.0,18,0,0.0,0.0,0.0,0,33.0,33.0,0
rules,strong,23,0,30,95.898,0.12182,0.0,0.87818,0.5954,0.25323,29,0,0.0,0.0,0.0,0,33.0,33.0,0
rules,strong,24,0,30,90.816,0.14062,0.04906,0.81032,0.61017,0.08962,29,0,0.0,0.0,0.0,0,33.0,33.0,0
rules,strong,25,0,30,85.239,0.15176,0.12118,0.72706,0.49915,0.07554,29,0,0.0,0.0,0.0,0,33.0,33.0,0
rules,strong,26,0,30,81.543,0.13314,0.04856,0.81829,0.50308,0.12216,29,0,0.0,0.0,0.0,0,33.0,33.0,0
rules,strong,27,0,30,100.947,0.07028,0.02517,0.90454,0.60807,0.13989,29,0,0.0,0.0,0.0,0,33.0,33.0,0
rules,strong,28,0,30,89.298,0.1456,0.01441,0.83999,0.53185,0.17557,29,0,0.0,0.0,0.0,0,33.0,33.0,0
rules,strong,29,0,30,84.513,0.22179,0.05076,0.72745,0.61503,0.03848,29,0,0.0,0.0,0.0,0,33.0,33.0,0
rules,strong,30,0,30,86.592,0.22713,0.11928,0.65358,0.6429,0.00373,29,0,0.0,0.0,0.0,0,33.0,33.0,0
rules,strong,31,0,30,85.206,0.14214,0.00581,0.85205,0.62939,0.18571,29,0,0.0,0.0,0.0,0,33.0,33.0,0
rules,strong,32,0,30,81.246,0.1446,0.02762,0.82778,0.54655,0.12411,29,0,0.0,0.0,0.0,0,33.0,33.0,0
rules,strong,33,1,10,32.967,0.45345,0.03504,0.51151,0.77735,0.0,10,0,0.0,0.0,0.0,0,33.0,33.0,0
rules,strong,34,1,15,53.592,0.15948,0.0468,0.79372,0.61208,0.0,15,0,0.0,0.0,0.0,0,33.0,33.0,0
rules,strong,35,1,21,66.528,0.16369,0.1746,0.66171,0.50702,0.0,21,0,0.0,0.0,0.0,0,33.0,33.0,0
rules,strong,36,0,30,89.199,0.10655,0.03478,0.85868,0.54591,0.13895,29,0,0.0,0.0,0.0,0,33.0,33.0,0
rules,strong,37,0,30,95.799,0.10954,0.0,0.89046,0.62346,0.24692,29,0,0.0,0.0,0.0,0,33.0,33.0,0
rules,strong,38,1,19,56.727,0.19255,0.12798,0.67946,0.58996,0.0,19,0,0.0,0.0,0.0,0,33.0,33.0,0
rules,strong,39,0,30,83.523,0.1051,0.01383,0.88107,0.61692,0.16651,29,0,0.0,0.0,0.0,0,33.0,33.0,0
rules,strong,40,0,30,89.661,0.11557,0.02981,0.85462,0.56327,0.16015,29,0,0.0,0.0,0.0,0,33.0,33.0,0
rules,strong,41,0,30,89.694,0.14018,0.20787,0.65195,0.49144,0.01165,29,0,0.0,0.0,0.0,0,33.0,33.0,0
rules,strong,42,0,30,90.453,0.16454,0.02955,0.80591,0.67887,0.11782,29,0,0.0,0.0,0.0,0,33.0,33.0,0
rules,strong,43,0,30,95.865,0.09983,0.0,0.90017,0.62184,0.34708,29,0,0.0,0.0,0.0,0,33.0,33.0,0
rules,strong,44,0,30,95.469,0.11856,0.0,0.88144,0.75063,0.53544,29,0,0.0,0.0,0.0,0,33.0,33.0,0
rules,strong,45,0,30,83.787,0.12722,0.0,0.87278,0.66001,0.38772,29,0,0.0,0.0,0.0,0,33.0,33.0,0
rules,strong,46,1,9,30.459,0.41062,0.10293,0.48646,0.70914,0.0,9,0,0.0,0.0,0.0,0,33.0,33.0,0
rules,strong,47,0,30,98.406,0.10496,0.0,0.89504,0.66585,0.37006,29,0,0.0,0.0,0.0,0,33.0,33.0,0
rules,strong,48,1,9,29.931,0.39912,0.05072,0.55017,0.69721,0.0,9,0,0.0,0.0,0.0,0,33.0,33.0,0
rules,strong,49,0,30,81.444,0.20989,0.00851,0.7816,0.67266,0.16333,29,0,0.0,0.0,0.0,0,33.0,33.0,0
rules,strong,50,1,15,51.348,0.20437,0.04242,0.75321,0.60201,0.0,15,0,0.0,0.0,0.0,0,33.0,33.0,0
rules,strong,51,0,30,86.13,0.13295,0.0,0.86705,0.63985,0.24607,29,0,0.0,0.0,0.0,0,33.0,33.0,0
rules,strong,52,0,30,87.978,0.14479,0.0,0.85521,0.67529,0.25113,29,0,0.0,0.0,0.0,0,33.0,33.0,0
rules,strong,53,1,25,74.844,0.15476,0.03483,0.81041,0.58521,0.0,25,0,0.0,0.0,0.0,0,33.0,33.0,0
rules,strong,54,0,30,93.324,0.10926,0.0,0.89074,0.57721,0.23965,29,0,0.0,0.0,0.0,0,33.0,33.0,0
rules,strong,55,1,12,37.389,0.30362,0.04148,0.6549,0.72393,0.0,12,0,0.0,0.0,0.0,0,33.0,33.0,0
rules,strong,56,0,30,80.223,0.17688,0.1777,0.64541,0.54953,0.0109,29,0,0.0,0.0,0.0,0,33.0,33.0,0
rules,strong,57,0,30,96.558,0.09672,0.03452,0.86876,0.53262,0.11528,29,0,0.0,0.0,0.0,0,33.0,33.0,0
rules,strong,58,0,30,96.36,0.11678,0.0,0.88322,0.55688,0.2131,29,0,0.0,0.0,0.0,0,33.0,33.0,0
rules,strong,59,0,30,89.397,0.11296,0.00332,0.88372,0.51315,0.18416,29,0,0.0,0.0,0.0,0,33.0,33.0,0
rules,strong,60,0,30,79.86,0.15496,0.0,0.84504,0.67239,0.24946,29,0,0.0,0.0,0.0,0,33.0,33.0,0
rules,strong,61,0,30,97.482,0.1046,0.06432,0.83108,0.46304,0.09847,29,0,0.0,0.0,0.0,0,33.0,33.0,0
rules,strong,62,0,30,93.159,0.11619,0.00461,0.87921,0.57207,0.17632,29,0,0.0,0.0,0.0,0,33.0,33.0,0
rules,strong,63,0,30,85.932,0.18625,0.14286,0.67089,0.57847,0.01971,29,0,0.0,0.0,0.0,0,33.0,33.0,0
rules,strong,64,1,9,30.36,0.42283,0.10543,0.47174,0.70942,0.0,9,0,0.0,0.0,0.0,0,33.0,33.0,0
rules,strong,65,0,30,87.285,0.1966,0.00567,0.79773,0.69154,0.17273,29,0,0.0,0.0,0.0,0,33.0,33.0,0
rules,strong,66,1,14,45.408,0.25145,0.08358,0.66497,0.63732,0.0,14,0,0.0,0.0,0.0,0,33.0,33.0,0
rules,strong,67,0,30,88.77,0.14572,0.0,0.85428,0.64721,0.29274,29,0,0.0,0.0,0.0,0,33.0,33.0,0
rules,strong,68,0,30,85.107,0.14463,0.03141,0.82396,0.57044,0.13848,29,0,0.0,0.0,0.0,0,33.0,33.0,0
rules,strong,69,0,30,85.173,0.20961,0.06238,0.72801,0.6416,0.05239,29,0,0.0,0.0,0.0,0,33.0,33.0,0
rules,strong,70,0,30,98.439,0.10325,0.0,0.89675,0.6299,0.27876,29,0,0.0,0.0,0.0,0,33.0,33.0,0
rules,strong,71,0,30,96.525,0.08,0.0,0.92,0.54977,0.20186,29,0,0.0,0.0,0.0,0,33.0,33.0,0
rules,strong,72,0,30,95.535,0.10777,0.06425,0.82798,0.48302,0.12786,29,0,0.0,0.0,0.0,0,33.0,33.0,0
rules,strong,73,1,21,66.396,0.14861,0.12425,0.72714,0.58299,0.0,21,0,0.0,0.0,0.0,0,33.0,33.0,0
rules,strong,74,0,30,86.559,0.09836,0.0,0.90164,0.62496,0.23026,29,0,0.0,0.0,0.0,0,33.0,33.0,0
rules,strong,75,0,30,87.714,0.1629,0.00828,0.82882,0.63648,0.18339,29,0,0.0,0.0,0.0,0,33.0,33.0,0
rules,strong,76,1,16,49.335,0.26756,0.03077,0.70167,0.6056,0.0,16,0,0.0,0.0,0.0,0,33.0,33.0,0
rules,strong,77,1,12,40.854,0.27221,0.05008,0.67771,0.72511,0.0,12,0,0.0,0.0,0.0,0,33.0,33.0,0
rules,strong,78,0,30,95.172,0.09154,0.0,0.90846,0.69318,0.28378,29,0,0.0,0.0,0.0,0,33.0,33.0,0
rules,strong,79,0,30,87.714,0.18585,0.00602,0.80813,0.63745,0.18854,29,0,0.0,0.0,0.0,0,33.0,33.0,0
rules,strong,80,0,30,84.084,0.27826,0.08281,0.63893,0.61902,0.09598,29,0,0.0,0.0,0.0,0,33.0,33.0,0
rules,strong,81,0,30,88.935,0.27458,0.00557,0.71985,0.68514,0.17708,29,0,0.0,0.0,0.0,0,33.0,33.0,0
rules,strong,82,1,12,42.768,0.2963,0.09877,0.60494,0.6138,0.0,12,0,0.0,0.0,0.0,0,33.0,33.0,0
rules,strong,83,0,30,97.746,0.12728,0.0,0.87272,0.60319,0.22762,29,0,0.0,0.0,0.0,0,33.0,33.0,0
rules,strong,84,0,30,98.538,0.1353,0.06162,0.80308,0.49651,0.10194,29,0,0.0,0.0,0.0,0,33.0,33.0,0
rules,strong,85,0,30,81.609,0.21068,0.00243,0.7869,0.64064,0.19624,29,0,0.0,0.0,0.0,0,33.0,33.0,0
rules,strong,86,0,30,90.618,0.10561,0.12127,0.77312,0.51288,0.05947,29,0,0.0,0.0,0.0,0,33.0,33.0,0
rules,strong,87,0,30,85.008,0.11141,0.0264,0.86219,0.57271,0.15743,29,0,0.0,0.0,0.0,0,33.0,33.0,0
rules,strong,88,0,30,91.971,0.08898,0.03373,0.87729,0.52358,0.0614,29,0,0.0,0.0,0.0,0,33.0,33.0,0
rules,strong,89,0,30,86.163,0.14247,0.03715,0.82038,0.527,0.10528,29,0,0.0,0.0,0.0,0,33.0,33.0,0
rules,strong,90,0,30,87.087,0.14399,0.07238,0.78363,0.47408,0.11392,29,0,0.0,0.0,0.0,0,33.0,33.0,0
rules,strong,91,0,30,96.261,0.07919,0.0,0.92081,0.55988,0.23395,29,0,0.0,0.0,0.0,0,33.0,33.0,0
rules,strong,92,0,30,88.473,0.11264,0.00821,0.87915,0.54884,0.16259,29,0,0.0,0.0,0.0,0,33.0,33.0,0
rules,strong,93,0,30,84.018,0.18303,0.0,0.81697,0.70734,0.39847,29,0,0.0,0.0,0.0,0,33.0,33.0,0
rules,strong,94,0,30,92.367,0.10718,0.02644,0.86638,0.56725,0.16807,29,0,0.0,0.0,0.0,0,33.0,33.0,0
rules,strong,95,1,21,67.518,0.13685,0.1085,0.75464,0.50367,0.0,21,0,0.0,0.0,0.0,0,33.0,33.0,0
rules,strong,96,0,30,87.813,0.13491,0.01127,0.85381,0.53857,0.18538,29,0,0.0,0.0,0.0,0,33.0,33.0,0
rules,strong,97,0,30,95.337,0.10419,0.05227,0.84354,0.59413,0.04057,29,0,0.0,0.0,0.0,0,33.0,33.0,0
rules,strong,98,0,30,95.436,0.10581,0.0,0.89419,0.5364,0.20254,29,0,0.0,0.0,0.0,0,33.0,33.0,0
rules,strong,99,0,30,85.8,0.25269,0.03654,0.71077,0.66809,0.07993,29,0,0.0,0.0,0.0,0,33.0,33.0,0
rules,strong,100,0,30,90.684,0.10735,0.00801,0.88464,0.57411,0.18086,29,0,0.0,0.0,0.0,0,33.0,33.0,0
rules,strong,101,0,30,85.833,0.12803,0.0,0.87197,0.56333,0.25185,29,0,0.0,0.0,0.0,0,33.0,33.0,0
rules,strong,102,0,30,90.519,0.24025,0.06489,0.69486,0.63845,0.03934,29,0,0.0,0.0,0.0,0,33.0,33.0,0
rules,strong,103,0,30,88.803,0.14121,0.0,0.85879,0.67849,0.32041,29,0,0.0,0.0,0.0,0,33.0,33.0,0
rules,strong,104,0,30,100.32,0.07664,0.00789,0.91546,0.57133,0.18859,29,0,0.0,0.0,0.0,0,33.0,33.0,0
rules,strong,105,0,30,96.294,0.12371,0.00411,0.87217,0.60005,0.18645,29,0,0.0,0.0,0.0,0,33.0,33.0,0
rules,strong,106,0,30,88.572,0.16915,0.0693,0.76155,0.48512,0.09775,29,0,0.0,0.0,0.0,0,33.0,33.0,0
rules,strong,107,1,7,26.4,0.44375,0.115,0.44125,0.71736,0.0,7,0,0.0,0.0,0.0,0,33.0,33.0,0
rules,strong,108,0,30,90.915,0.31579,0.0,0.68421,0.7917,0.49612,29,0,0.0,0.0,0.0,0,33.0,33.0,0
rules,strong,109,1,12,39.633,0.35803,0.17652,0.46545,0.62832,0.0,12,0,0.0,0.0,0.0,0,33.0,33.0,0
rules,strong,110,0,30,100.749,0.08221,0.0,0.91779,0.63593,0.32965,29,0,0.0,0.0,0.0,0,33.0,33.0,0
rules,strong,111,0,30,94.248,0.09559,0.0,0.90441,0.61236,0.3214,29,0,0.0,0.0,0.0,0,33.0,33.0,0
rules,strong,112,0,30,83.391,0.14958,0.14563,0.70479,0.51284,0.04681,29,0,0.0,0.0,0.0,0,33.0,33.0,0
rules,strong,113,0,30,81.015,0.13646,0.01752,0.84603,0.59805,0.14028,29,0,0.0,0.0,0.0,0,33.0,33.0,0
rules,strong,114,0,30,92.697,0.12211,0.00926,0.86864,0.61363,0.16727,29,0,0.0,0.0,0.0,0,33.0,33.0,0
rules,strong,115,0,30,102.102,0.0808,0.0,0.9192,0.58772,0.28746,29,0,0.0,0.0,0.0,0,33.0,33.0,0
rules,strong,116,0,30,82.632,0.13778,0.22444,0.63778,0.47032,0.03108,29,0,0.0,0.0,0.0,0,33.0,33.0,0
rules,strong,117,0,30,96.822,0.09032,0.0,0.90968,0.69706,0.39683,29,0,0.0,0.0,0.0,0,33.0,33.0,0
rules,strong,118,0,30,88.308,0.1633,0.09865,0.73804,0.51978,0.03991,29,0,0.0,0.0,0.0,0,33.0,33.0,0
rules,strong,119,0,30,81.84,0.13347,0.0,0.86653,0.64213,0.21207,29,0,0.0,0.0,0.0,0,33.0,33.0,0
rules,strong,120,0,30,82.137,0.13499,0.05223,0.81278,0.57802,0.06451,29,0,0.0,0.0,0.0,0,33.0,33.0,0
rules,strong,121,0,30,85.107,0.1741,0.09267,0.73323,0.58954,0.00108,29,0,0.0,0.0,0.0,0,33.0,33.0,0
rules,strong,122,0,30,103.026,0.07816,0.0,0.92184,0.64056,0.25342,29,0,0.0,0.0,0.0,0,33.0,33.0,0
rules,strong,123,0,30,91.542,0.10238,0.02451,0.87311,0.52827,0.15902,29,0,0.0,0.0,0.0,0,33.0,33.0,0
rules,strong,124,0,30,89.397,0.11923,0.11443,0.76633,0.46254,0.05036,29,0,0.0,0.0,0.0,0,33.0,33.0,0
rules,strong,125,0,30,85.503,0.11077,0.0,0.88923,0.56574,0.21785,29,0,0.0,0.0,0.0,0,33.0,33.0,0
rules,strong,126,0,30,83.589,0.19108,0.01777,0.79116,0.66826,0.17638,29,0,0.0,0.0,0.0,0,33.0,33.0,0
rules,strong,127,0,30,98.34,0.09295,0.0,0.90705,0.63741,0.32328,29,0,0.0,0.0,0.0,0,33.0,33.0,0
rules,strong,128,0,30,80.421,0.14157,0.0,0.85843,0.70709,0.26269,29,0,0.0,0.0,0.0,0,33.0,33.0,0
rules,strong,129,0,30,77.682,0.18649,0.08836,0.72515,0.51952,0.08198,29,0,0.0,0.0,0.0,0,33.0,33.0,0
rules,strong,130,0,30,79.629,0.13593,0.1177,0.74637,0.56381,0.03376,29,0,0.0,0.0,0.0,0,33.0,33.0,0
rules,strong,131,0,30,87.384,0.11367,0.0,0.88633,0.56916,0.20644,29,0,0.0,0.0,0.0,0,33.0,33.0,0
rules,strong,132,1,14,50.952,0.1794,0.16127,0.65933,0.55755,0.0,14,0,0.0,0.0,0.0,0,33.0,33.0,0
rules,strong,133,1,27,83.292,0.12005,0.01862,0.86133,0.69774,0.0,27,0,0.0,0.0,0.0,0,33.0,33.0,0
rules,strong,134,0,30,97.35,0.09695,0.10881,0.79424,0.44722,0.06399,29,0,0.0,0.0,0.0,0,33.0,33.0,0
rules,strong,135,0,30,88.242,0.13164,0.06395,0.80441,0.50371,0.13585,29,0,0.0,0.0,0.0,0,33.0,33.0,0
rules,strong,136,0,30,83.754,0.13751,0.0,0.86249,0.62555,0.22264,29,0,0.0,0.0,0.0,0,33.0,33.0,0
rules,strong,137,0,30,90.519,0.09624,0.10682,0.79694,0.51047,0.04137,29,0,0.0,0.0,0.0,0,33.0,33.0,0
rules,strong,138,0,30,88.836,0.1315,0.03306,0.83544,0.55508,0.13338,29,0,0.0,0.0,0.0,0,33.0,33.0,0
rules,strong,139,0,30,89.364,0.13589,0.03508,0.82903,0.66968,0.07355,29,0,0.0,0.0,0.0,0,33.0,33.0,0
rules,strong,140,0,30,83.061,0.1466,0.03059,0.8228,0.64448,0.10664,29,0,0.0,0.0,0.0,0,33.0,33.0,0
rules,strong,141,1,26,75.603,0.2859,0.09603,0.61807,0.62233,0.0,26,0,0.0,0.0,0.0,0,33.0,33.0,0
rules,strong,142,0,30,93.588,0.12094,0.0,0.87906,0.5433,0.20943,29,0,0.0,0.0,0.0,0,33.0,33.0,0
rules,strong,143,1,8,29.667,0.36151,0.06007,0.57842,0.72951,0.0,8,0,0.0,0.0,0.0,0,33.0,33.0,0
rules,strong,144,0,30,83.919,0.16359,0.11836,0.71805,0.48558,0.0481,29,0,0.0,0.0,0.0,0,33.0,33.0,0
rules,strong,145,0,30,91.212,0.08864,0.0246,0.88676,0.63655,0.13484,29,0,0.0,0.0,0.0,0,33.0,33.0,0
rules,strong,146,0,30,97.845,0.08836,0.0,0.91164,0.72529,0.37505,29,0,0.0,0.0,0.0,0,33.0,33.0,0
rules,strong,147,0,30,89.958,0.16031,0.27806,0.56163,0.47726,0.02407,29,0,0.0,0.0,0.0,0,33.0,33.0,0
rules,strong,148,0,30,93.357,0.08837,0.04666,0.86497,0.4721,0.10752,29,0,0.0,0.0,0.0,0,33.0,33.0,0
rules,strong,149,0,30,93.621,0.1209,0.00282,0.87628,0.61446,0.1964,29,0,0.0,0.0,0.0,0,33.0,33.0,0
rules,strong,150,0,30,92.532,0.10342,0.0,0.89658,0.66253,0.44303,29,0,0.0,0.0,0.0,0,33.0,33.0,0
rules,strong,151,0,30,82.17,0.13092,0.06305,0.80602,0.60511,0.07039,29,0,0.0,0.0,0.0,0,33.0,33.0,0
rules,strong,152,1,15,50.49,0.18954,0.03072,0.77974,0.70074,0.0,15,0,0.0,0.0,0.0,0,33.0,33.0,0
rules,strong,153,0,30,82.797,0.15624,0.06616,0.7776,0.61838,0.04633,29,0,0.0,0.0,0.0,0,33.0,33.0,0
rules,strong,154,0,30,86.295,0.17897,0.0,0.82103,0.69308,0.29266,29,0,0.0,0.0,0.0,0,33.0,33.0,0
rules,strong,155,0,30,85.371,0.11751,0.03981,0.84267,0.57265,0.08157,29,0,0.0,0.0,0.0,0,33.0,33.0,0
rules,strong,156,0,30,96.822,0.10225,0.0,0.89775,0.63747,0.3451,29,0,0.0,0.0,0.0,0,33.0,33.0,0
rules,strong,157,0,30,92.466,0.096,0.0,0.904,0.63907,0.24265,29,0,0.0,0.0,0.0,0,33.0,33.0,0
rules,strong,158,1,12,39.204,0.2702,0.07828,0.65152,0.66543,0.0,12,0,0.0,0.0,0.0,0,33.0,33.0,0
rules,strong,159,0,30,82.005,0.21167,0.04668,0.74165,0.64809,0.12246,29,0,0.0,0.0,0.0,0,33.0,33.0,0
rules,strong,160,0,30,87.087,0.17241,0.0,0.82759,0.71345,0.3384,29,0,0.0,0.0,0.0,0,33.0,33.0,0
rules,strong,161,0,30,81.873,0.15518,0.04474,0.80008,0.62206,0.10216,29,0,0.0,0.0,0.0,0,33.0,33.0,0
rules,strong,162,0,30,87.945,0.14221,0.0,0.85779,0.70844,0.48065,29,0,0.0,0.0,0.0,0,33.0,33.0,0
rules,strong,163,0,30,90.981,0.16358,0.01487,0.82155,0.60702,0.14305,29,0,0.0,0.0,0.0,0,33.0,33.0,0
rules,strong,164,0,30,82.038,0.13636,0.02212,0.84151,0.57999,0.11737,29,0,0.0,0.0,0.0,0,33.0,33.0,0
rules,strong,165,1,10,34.683,0.33682,0.17793,0.48525,0.66133,0.0,10,0,0.0,0.0,0.0,0,33.0,33.0,0
rules,strong,166,0,30,82.764,0.1252,0.05263,0.82217,0.59098,0.1156,29,0,0.0,0.0,0.0,0,33.0,33.0,0
rules,strong,167,0,30,82.632,0.13259,0.08067,0.78674,0.59978,0.00797,29,0,0.0,0.0,0.0,0,33.0,33.0,0
rules,strong,168,0,30,97.251,0.06854,0.0,0.93146,0.7313,0.46383,29,0,0.0,0.0,0.0,0,33.0,33.0,0
rules,strong,169,0,30,86.988,0.13695,0.0091,0.85395,0.54621,0.18015,29,0,0.0,0.0,0.0,0,33.0,33.0,0
rules,strong,170,0,30,78.705,0.20419,0.06583,0.72998,0.63471,0.0334,29,0,0.0,0.0,0.0,0,33.0,33.0,0
rules,strong,171,0,30,98.406,0.08048,0.0,0.91952,0.5501,0.2408,29,0,0.0,0.0,0.0,0,33.0,33.0,0
rules,strong,172,1,12,42.042,0.37127,0.16954,0.45918,0.63996,0.0,12,0,0.0,0.0,0.0,0,33.0,33.0,0
rules,strong,173,0,30,95.964,0.10076,0.0,0.89924,0.53443,0.21823,29,0,0.0,0.0,0.0,0,33.0,33.0,0
rules,strong,174,0,30,77.814,0.19338,0.00424,0.80237,0.6711,0.17508,29,0,0.0,0.0,0.0,0,33.0,33.0,0
rules,strong,175,0,30,81.807,0.16297,0.1069,0.73013,0.54587,0.01654,29,0,0.0,0.0,0.0,0,33.0,33.0,0
rules,strong,176,1,17,55.737,0.22025,0.06217,0.71758,0.55975,0.0,17,0,0.0,0.0,0.0,0,33.0,33.0,0
rules,strong,177,0,30,95.205,0.13345,0.00277,0.86378,0.52596,0.19596,29,0,0.0,0.0,0.0,0,33.0,33.0,0
rules,strong,178,0,30,96.789,0.11967,0.11831,0.76202,0.44546,0.02305,29,0,0.0,0.0,0.0,0,33.0,33.0,0
rules,strong,179,0,30,83.028,0.12202,0.06041,0.81757,0.56286,0.07336,29,0,0.0,0.0,0.0,0,33.0,33.0,0
rules,strong,180,0,30,95.733,0.11548,0.0,0.88452,0.54348,0.26842,29,0,0.0,0.0,0.0,0,33.0,33.0,0
rules,strong,181,0,30,86.757,0.10879,0.01217,0.87904,0.60791,0.1409,29,0,0.0,0.0,0.0,0,33.0,33.0,0
rules,strong,182,1,13,39.303,0.32242,0.0361,0.64148,0.66125,0.0,13,0,0.0,0.0,0.0,0,33.0,33.0,0
rules,strong,183,0,30,81.807,0.1424,0.04962,0.80799,0.60134,0.13422,29,0,0.0,0.0,0.0,0,33.0,33.0,0
rules,strong,184,0,30,81.873,0.19468,0.04111,0.76421,0.61667,0.15248,29,0,0.0,0.0,0.0,0,33.0,33.0,0
rules,strong,185,0,30,84.15,0.15412,0.0,0.84588,0.71117,0.21779,29,0,0.0,0.0,0.0,0,33.0,33.0,0
rules,strong,186,0,30,96.129,0.09749,0.0,0.90251,0.59974,0.27019,29,0,0.0,0.0,0.0,0,33.0,33.0,0
rules,strong,187,0,30,97.944,0.09535,0.0,0.90465,0.69123,0.24718,29,0,0.0,0.0,0.0,0,33.0,33.0,0
rules,strong,188,0,30,89.562,0.15328,0.0,0.84672,0.64285,0.23962,29,0,0.0,0.0,0.0,0,33.0,33.0,0
rules,strong,189,0,30,81.741,0.24425,0.01574,0.74001,0.61572,0.15128,29,0,0.0,0.0,0.0,0,33.0,33.0,0
rules,strong,190,0,30,95.106,0.10687,0.04788,0.84525,0.51506,0.07226,29,0,0.0,0.0,0.0,0,33.0,33.0,0
rules,strong,191,0,30,84.183,0.15641,0.05684,0.78675,0.56009,0.08962,29,0,0.0,0.0,0.0,0,33.0,33.0,0
rules,strong,192,0,30,80.685,0.13333,0.07812,0.78855,0.6117,0.02649,29,0,0.0,0.0,0.0,0,33.0,33.0,0
rules,strong,193,1,11,36.465,0.2362,0.03258,0.73122,0.72655,0.0,11,0,0.0,0.0,0.0,0,33.0,33.0,0
rules,strong,194,1,20,66.792,0.14377,0.0751,0.78113,0.66088,0.0,20,0,0.0,0.0,0.0,0,33.0,33.0,0
rules,strong,195,0,30,97.251,0.10757,0.0,0.89243,0.53362,0.23698,29,0,0.0,0.0,0.0,0,33.0,33.0,0
rules,strong,196,0,30,79.596,0.15713,0.0,0.84287,0.7129,0.24154,29,0,0.0,0.0,0.0,0,33.0,33.0,0
rules,strong,197,0,30,96.294,0.08944,0.01508,0.89548,0.61806,0.14664,29,0,0.0,0.0,0.0,0,33.0,33.0,0
rules,strong,198,1,18,59.73,0.22431,0.2337,0.54199,0.52181,0.0,18,0,0.0,0.0,0.0,0,33.0,33.0,0
rules,strong,199,1,23,73.194,0.13751,0.05726,0.80523,0.55664,0.0,23,0,0.0,0.0,0.0,0,33.0,33.0,0
