arch,budget_ms,skill,seed,died,waves_cleared,duration_s,bored,danger,in_band,mean_health,min_health,decisions,requests,deadline_met,fallback_rate,cache_hit_rate,input_tokens,tick_p99_ms,tick_max_ms,overruns,late,stale,failed,hits,misses,mismatches,cache_size,prefetch_requests,prefetch_used,prefetch_tokens
async,33.0,weak,0,0,30,124.014,0.029,0.00745,0.96354,0.4698,0.18057,29,29,0.0,1.0,0.0,7256,33.0,33.0,0,29,0,0,0.0,0.0,0.0,0.0,0.0,0.0,0.0
async,33.0,weak,1,1,8,41.283,0.15268,0.16227,0.68505,0.54996,0.0,8,8,0.0,1.0,0.0,2000,33.0,33.0,0,8,0,0,0.0,0.0,0.0,0.0,0.0,0.0,0.0
async,33.0,weak,2,0,30,126.324,0.1105,0.07184,0.81766,0.5702,0.06433,29,29,0.0,1.0,0.0,7258,33.0,33.0,0,29,0,0,0.0,0.0,0.0,0.0,0.0,0.0,0.0
async,33.0,weak,3,0,30,128.865,0.13188,0.02023,0.84789,0.63069,0.12519,29,29,0.0,1.0,0.0,7254,33.0,33.0,0,29,0,0,0.0,0.0,0.0,0.0,0.0,0.0,0.0
async,33.0,weak,4,0,30,122.463,0.15791,0.09566,0.74643,0.6258,0.06154,29,29,0.0,1.0,0.0,7254,33.0,33.0,0,29,0,0,0.0,0.0,0.0,0.0,0.0,0.0,0.0
async,33.0,weak,5,0,30,114.378,0.16128,0.01154,0.82718,0.66533,0.16781,29,29,0.0,1.0,0.0,7261,33.0,33.0,0,29,0,0,0.0,0.0,0.0,0.0,0.0,0.0,0.0
async,33.0,weak,6,0,30,121.341,0.04759,0.0,0.95241,0.65579,0.28899,29,29,0.0,1.0,0.0,7255,33.0,33.0,0,29,0,0,0.0,0.0,0.0,0.0,0.0,0.0,0.0
async,33.0,weak,7,0,30,136.488,0.04352,0.02394,0.93254,0.46391,0.15057,29,29,0.0,1.0,0.0,7257,33.0,33.0,0,29,0,0,0.0,0.0,0.0,0.0,0.0,0.0,0.0
async,33.0,weak,8,0,30,130.185,0.07731,0.00887,0.91381,0.55423,0.16198,29,29,0.0,1.0,0.0,7250,33.0,33.0,0,29,0,0,0.0,0.0,0.0,0.0,0.0,0.0,0.0
async,33.0,weak,9,0,30,123.915,0.10892,0.0735,0.81758,0.58889,0.06063,29,29,0.0,1.0,0.0,7257,33.0,33.0,0,29,0,0,0.0,0.0,0.0,0.0,0.0,0.0,0.0
async,33.0,weak,10,0,30,121.671,0.12042,0.02631,0.85327,0.65517,0.13698,29,29,0.0,1.0,0.0,7256,33.0,33.0,0,29,0,0,0.0,0.0,0.0,0.0,0.0,0.0,0.0
async,33.0,weak,11,1,4,26.961,0.15422,0.09425,0.75153,0.68299,0.0,4,4,0.0,1.0,0.0,1000,33.0,33.0,0,4,0,0,0.0,0.0,0.0,0.0,0.0,0.0,0.0
async,33.0,weak,12,1,15,65.934,0.08108,0.09059,0.82833,0.47491,0.0,15,15,0.0,1.0,0.0,3750,33.0,33.0,0,15,0,0,0.0,0.0,0.0,0.0,0.0,0.0,0.0
async,33.0,weak,13,0,30,121.638,0.02604,0.02876,0.9452,0.59608,0.10615,29,29,0.0,1.0,0.0,7256,33.0,33.0,0,29,0,0,0.0,0.0,0.0,0.0,0.0,0.0,0.0
async,33.0,weak,14,0,30,124.707,0.0815,0.04895,0.86954,0.60329,0.14697,29,29,0.0,1.0,0.0,7256,33.0,33.0,0,29,0,0,0.0,0.0,0.0,0.0,0.0,0.0,0.0
async,33.0,weak,15,0,30,132.561,0.0463,0.05775,0.89594,0.61262,0.08239,29,29,0.0,1.0,0.0,7262,33.0,33.0,0,29,0,0,0.0,0.0,0.0,0.0,0.0,0.0,0.0
async,33.0,weak,16,0,30,126.588,0.06465,0.03206,0.90328,0.57855,0.14164,29,29,0.0,1.0,0.0,7256,33.0,33.0,0,29,0,0,0.0,0.0,0.0,0.0,0.0,0.0,0.0
async,33.0,weak,17,0,30,119.328,0.04314,0.02406,0.9328,0.58478,0.151,29,29,0.0,1.0,0.0,7253,33.0,33.0,0,29,0,0,0.0,0.0,0.0,0.0,0.0,0.0,0.0
async,33.0,weak,18,0,30,137.379,0.03003,0.03507,0.9349,0.47177,0.13744,29,29,0.0,1.0,0.0,7262,33.0,33.0,0,29,0,0,0.0,0.0,0.0,0.0,0.0,0.0,0.0
async,33.0,weak,19,0,30,131.736,0.02705,0.03432,0.93863,0.46127,0.11566,29,29,0.0,1.0,0.0,7263,33.0,33.0,0,29,0,0,0.0,0.0,0.0,0.0,0.0,0.0,0.0
async,33.0,weak,20,0,30,128.304,0.16975,0.0,0.83025,0.68361,0.30748,29,29,0.0,1.0,0.0,7260,33.0,33.0,0,29,0,0,0.0,0.0,0.0,0.0,0.0,0.0,0.0
async,33.0,weak,21,1,5,31.614,0.13779,0.17537,0.68685,0.62128,0.0,5,5,0.0,1.0,0.0,1250,33.0,33.0,0,5,0,0,0.0,0.0,0.0,0.0,0.0,0.0,0.0
async,33.0,weak,22,0,30,137.049,0.07055,0.0484,0.88105,0.56247,0.06496,29,29,0.0,1.0,0.0,7258,33.0,33.0,0,29,0,0,0.0,0.0,0.0,0.0,0.0,0.0,0.0
async,33.0,weak,23,0,30,113.619,0.0485,0.02353,0.92797,0.5089,0.16279,29,29,0.0,1.0,0.0,7261,33.0,33.0,0,29,0,0,0.0,0.0,0.0,0.0,0.0,0.0,0.0
async,33.0,weak,24,1,18,84.381,0.15252,0.0395,0.80798,0.62449,0.0,18,18,0.0,1.0,0.0,4501,33.0,33.0,0,18,0,0,0.0,0.0,0.0,0.0,0.0,0.0,0.0
async,33.0,weak,25,0,30,119.064,0.06901,0.05626,0.87472,0.55901,0.11862,29,29,0.0,1.0,0.0,7260,33.0,33.0,0,29,0,0,0.0,0.0,0.0,0.0,0.0,0.0,0.0
async,33.0,weak,26,0,30,121.44,0.06549,0.0,0.93451,0.62377,0.23347,29,29,0.0,1.0,0.0,7263,33.0,33.0,0,29,0,0,0.0,0.0,0.0,0.0,0.0,0.0,0.0
async,33.0,weak,27,1,5,35.112,0.05733,0.15602,0.78665,0.46618,0.0,5,5,0.0,1.0,0.0,1250,33.0,33.0,0,5,0,0,0.0,0.0,0.0,0.0,0.0,0.0,0.0
async,33.0,weak,28,0,30,111.738,0.05759,0.03987,0.90254,0.58323,0.14095,29,29,0.0,1.0,0.0,7252,33.0,33.0,0,29,0,0,0.0,0.0,0.0,0.0,0.0,0.0,0.0
async,33.0,weak,29,0,30,123.453,0.17348,0.0,0.82652,0.6496,0.21881,29,29,0.0,1.0,0.0,7258,33.0,33.0,0,29,0,0,0.0,0.0,0.0,0.0,0.0,0.0,0.0
async,33.0,medium,0,0,30,99.033,0.06165,0.04432,0.89404,0.47469,0.14551,29,29,0.0,1.0,0.0,7251,33.0,33.0,0,29,0,0,0.0,0.0,0.0,0.0,0.0,0.0,0.0
async,33.0,medium,1,0,30,102.135,0.17997,0.13538,0.68465,0.57317,0.03087,29,29,0.0,1.0,0.0,7256,33.0,33.0,0,29,0,0,0.0,0.0,0.0,0.0,0.0,0.0,0.0
async,33.0,medium,2,1,19,74.646,0.1649,0.04465,0.79045,0.64456,0.0,19,19,0.0,1.0,0.0,4753,33.0,33.0,0,19,0,0,0.0,0.0,0.0,0.0,0.0,0.0,0.0
async,33.0,medium,3,0,30,112.53,0.11144,0.00293,0.88563,0.63853,0.19306,29,29,0.0,1.0,0.0,7259,33.0,33.0,0,29,0,0,0.0,0.0,0.0,0.0,0.0,0.0,0.0
async,33.0,medium,4,0,30,97.878,0.1261,0.09305,0.78085,0.53711,0.11907,29,29,0.0,1.0,0.0,7253,33.0,33.0,0,29,0,0,0.0,0.0,0.0,0.0,0.0,0.0,0.0
async,33.0,medium,5,0,30,105.831,0.09417,0.0,0.90583,0.68338,0.36529,29,29,0.0,1.0,0.0,7253,33.0,33.0,0,29,0,0,0.0,0.0,0.0,0.0,0.0,0.0,0.0
async,33.0,medium,6,0,30,104.049,0.06819,0.01808,0.91373,0.50641,0.15557,29,29,0.0,1.0,0.0,7255,33.0,33.0,0,29,0,0,0.0,0.0,0.0,0.0,0.0,0.0,0.0
async,33.0,medium,7,0,30,105.93,0.06262,0.05421,0.88318,0.50725,0.08855,29,29,0.0,1.0,0.0,7261,33.0,33.0,0,29,0,0,0.0,0.0,0.0,0.0,0.0,0.0,0.0
async,33.0,medium,8,0,30,110.121,0.07372,0.02128,0.905,0.60942,0.14576,29,29,0.0,1.0,0.0,7260,33.0,33.0,0,29,0,0,0.0,0.0,0.0,0.0,0.0,0.0,0.0
async,33.0,medium,9,1,8,35.112,0.19549,0.07519,0.72932,0.58886,0.0,8,8,0.0,1.0,0.0,2001,33.0,33.0,0,8,0,0,0.0,0.0,0.0,0.0,0.0,0.0,0.0
async,33.0,medium,10,0,30,96.591,0.07175,0.05125,0.87701,0.65729,0.01239,29,29,0.0,1.0,0.0,7253,33.0,33.0,0,29,0,0,0.0,0.0,0.0,0.0,0.0,0.0,0.0
async,33.0,medium,11,0,30,114.048,0.06395,0.0,0.93605,0.5655,0.248,29,29,0.0,1.0,0.0,7255,33.0,33.0,0,29,0,0,0.0,0.0,0.0,0.0,0.0,0.0,0.0
async,33.0,medium,12,0,30,100.386,0.13807,0.04471,0.81723,0.60698,0.13906,29,29,0.0,1.0,0.0,7255,33.0,33.0,0,29,0,0,0.0,0.0,0.0,0.0,0.0,0.0,0.0
async,33.0,medium,13,0,30,103.983,0.07775,0.05268,0.86957,0.46986,0.04562,29,29,0.0,1.0,0.0,7257,33.0,33.0,0,29,0,0,0.0,0.0,0.0,0.0,0.0,0.0,0.0
async,33.0,medium,14,0,30,94.248,0.09874,0.12815,0.77311,0.60419,0.02802,29,29,0.0,1.0,0.0,7258,33.0,33.0,0,29,0,0,0.0,0.0,0.0,0.0,0.0,0.0,0.0
async,33.0,medium,15,0,30,110.583,0.03074,0.0,0.96926,0.6471,0.23013,29,29,0.0,1.0,0.0,7256,33.0,33.0,0,29,0,0,0.0,0.0,0.0,0.0,0.0,0.0,0.0
async,33.0,medium,16,0,30,107.217,0.06925,0.01077,0.91998,0.52121,0.14493,29,29,0.0,1.0,0.0,7260,33.0,33.0,0,29,0,0,0.0,0.0,0.0,0.0,0.0,0.0,0.0
async,33.0,medium,17,0,30,117.645,0.02609,0.00224,0.97167,0.54176,0.19636,29,29,0.0,1.0,0.0,7258,33.0,33.0,0,29,0,0,0.0,0.0,0.0,0.0,0.0,0.0,0.0
async,33.0,medium,18,1,16,63.063,0.0921,0.04134,0.86656,0.59677,0.0,16,16,0.0,1.0,0.0,4007,33.0,33.0,0,16,0,0,0.0,0.0,0.0,0.0,0.0,0.0,0.0
async,33.0,medium,19,0,30,104.28,0.0712,0.01203,0.91677,0.56527,0.13492,29,29,0.0,1.0,0.0,7263,33.0,33.0,0,29,0,0,0.0,0.0,0.0,0.0,0.0,0.0,0.0
async,33.0,medium,20,0,30,97.713,0.07869,0.06586,0.85545,0.5924,0.03975,29,29,0.0,1.0,0.0,7256,33.0,33.0,0,29,0,0,0.0,0.0,0.0,0.0,0.0,0.0,0.0
async,33.0,medium,21,1,8,35.97,0.3,0.15505,0.54495,0.61205,0.0,8,8,0.0,1.0,0.0,2000,33.0,33.0,0,8,0,0,0.0,0.0,0.0,0.0,0.0,0.0,0.0
async,33.0,medium,22,0,30,109.824,0.04447,0.0,0.95553,0.48965,0.22896,29,29,0.0,1.0,0.0,7248,33.0,33.0,0,29,0,0,0.0,0.0,0.0,0.0,0.0,0.0,0.0
async,33.0,medium,23,0,30,103.356,0.05428,0.0,0.94572,0.52125,0.23188,29,29,0.0,1.0,0.0,7256,33.0,33.0,0,29,0,0,0.0,0.0,0.0,0.0,0.0,0.0,0.0
async,33.0,medium,24,0,30,100.947,0.08173,0.05884,0.85943,0.62349,0.09873,29,29,0.0,1.0,0.0,7252,33.0,33.0,0,29,0,0,0.0,0.0,0.0,0.0,0.0,0.0,0.0
async,33.0,medium,25,1,10,40.953,0.23288,0.18211,0.58501,0.62563,0.0,10,10,0.0,1.0,0.0,2501,33.0,33.0,0,10,0,0,0.0,0.0,0.0,0.0,0.0,0.0,0.0
async,33.0,medium,26,0,30,102.036,0.16106,0.0,0.83894,0.66102,0.24464,29,29,0.0,1.0,0.0,7257,33.0,33.0,0,29,0,0,0.0,0.0,0.0,0.0,0.0,0.0,0.0
async,33.0,medium,27,0,30,103.62,0.05764,0.06465,0.87771,0.54239,0.05521,29,29,0.0,1.0,0.0,7254,33.0,33.0,0,29,0,0,0.0,0.0,0.0,0.0,0.0,0.0,0.0
async,33.0,medium,28,0,30,104.973,0.10909,0.01823,0.87268,0.59183,0.0796,29,29,0.0,1.0,0.0,7257,33.0,33.0,0,29,0,0,0.0,0.0,0.0,0.0,0.0,0.0,0.0
async,33.0,medium,29,0,30,101.508,0.12939,0.12549,0.74512,0.59152,0.00817,29,29,0.0,1.0,0.0,7256,33.0,33.0,0,29,0,0,0.0,0.0,0.0,0.0,0.0,0.0,0.0
async,33.0,strong,0,0,30,85.041,0.18199,0.04579,0.77222,0.62959,0.14654,29,29,0.0,1.0,0.0,7260,33.0,33.0,0,29,0,0,0.0,0.0,0.0,0.0,0.0,0.0,0.0
async,33.0,strong,1,0,30,82.467,0.22689,0.0112,0.7619,0.69851,0.17787,29,29,0.0,1.0,0.0,7259,33.0,33.0,0,29,0,0,0.0,0.0,0.0,0.0,0.0,0.0,0.0
async,33.0,strong,2,0,30,89.595,0.11823,0.0,0.88177,0.67883,0.26395,29,29,0.0,1.0,0.0,7263,33.0,33.0,0,29,0,0,0.0,0.0,0.0,0.0,0.0,0.0,0.0
async,33.0,strong,3,0,30,87.945,0.08068,0.0,0.91932,0.68448,0.2152,29,29,0.0,1.0,0.0,7259,33.0,33.0,0,29,0,0,0.0,0.0,0.0,0.0,0.0,0.0,0.0
async,33.0,strong,4,0,30,84.15,0.1851,0.05255,0.76235,0.59151,0.13121,29,29,0.0,1.0,0.0,7258,33.0,33.0,0,29,0,0,0.0,0.0,0.0,0.0,0.0,0.0,0.0
async,33.0,strong,5,0,30,88.572,0.13785,0.0,0.86215,0.67446,0.28923,29,29,0.0,1.0,0.0,7253,33.0,33.0,0,29,0,0,0.0,0.0,0.0,0.0,0.0,0.0,0.0
async,33.0,strong,6,0,30,86.064,0.16449,0.0,0.83551,0.70079,0.21795,29,29,0.0,1.0,0.0,7252,33.0,33.0,0,29,0,0,0.0,0.0,0.0,0.0,0.0,0.0,0.0
async,33.0,strong,7,0,30,95.667,0.10003,0.03691,0.86306,0.50745,0.09007,29,29,0.0,1.0,0.0,7262,33.0,33.0,0,29,0,0,0.0,0.0,0.0,0.0,0.0,0.0,0.0
async,33.0,strong,8,0,30,89.694,0.11442,0.15269,0.73289,0.57652,0.03607,29,29,0.0,1.0,0.0,7251,33.0,33.0,0,29,0,0,0.0,0.0,0.0,0.0,0.0,0.0,0.0
async,33.0,strong,9,0,30,84.612,0.23401,0.04524,0.72075,0.6351,0.11887,29,29,0.0,1.0,0.0,7261,33.0,33.0,0,29,0,0,0.0,0.0,0.0,0.0,0.0,0.0,0.0
async,33.0,strong,10,1,22,69.267,0.1758,0.18152,0.64269,0.51372,0.0,22,22,0.0,1.0,0.0,5504,33.0,33.0,0,22,0,0,0.0,0.0,0.0,0.0,0.0,0.0,0.0
async,33.0,strong,11,0,30,85.569,0.12071,0.0,0.87929,0.57882,0.26578,29,29,0.0,1.0,0.0,7253,33.0,33.0,0,29,0,0,0.0,0.0,0.0,0.0,0.0,0.0,0.0
async,33.0,strong,12,0,30,90.123,0.13475,0.0,0.86525,0.61065,0.27643,29,29,0.0,1.0,0.0,7265,33.0,33.0,0,29,0,0,0.0,0.0,0.0,0.0,0.0,0.0,0.0
async,33.0,strong,13,0,30,82.17,0.16185,0.12329,0.71486,0.54111,0.0808,29,29,0.0,1.0,0.0,7253,33.0,33.0,0,29,0,0,0.0,0.0,0.0,0.0,0.0,0.0,0.0
async,33.0,strong,14,0,30,82.533,0.13435,0.0,0.86565,0.57152,0.20292,29,29,0.0,1.0,0.0,7259,33.0,33.0,0,29,0,0,0.0,0.0,0.0,0.0,0.0,0.0,0.0
async,33.0,strong,15,0,30,105.204,0.07309,0.00847,0.91844,0.57035,0.18894,29,29,0.0,1.0,0.0,7269,33.0,33.0,0,29,0,0,0.0,0.0,0.0,0.0,0.0,0.0,0.0
async,33.0,strong,16,0,30,89.166,0.12953,0.06255,0.80792,0.49563,0.05638,29,29,0.0,1.0,0.0,7267,33.0,33.0,0,29,0,0,0.0,0.0,0.0,0.0,0.0,0.0,0.0
async,33.0,strong,17,0,30,97.482,0.09648,0.0,0.90352,0.63393,0.30928,29,29,0.0,1.0,0.0,7262,33.0,33.0,0,29,0,0,0.0,0.0,0.0,0.0,0.0,0.0,0.0
async,33.0,strong,18,0,30,84.942,0.10878,0.01632,0.8749,0.59615,0.12991,29,29,0.0,1.0,0.0,7251,33.0,33.0,0,29,0,0,0.0,0.0,0.0,0.0,0.0,0.0,0.0
async,33.0,strong,19,0,30,78.144,0.144,0.00718,0.84882,0.65141,0.18235,29,29,0.0,1.0,0.0,7253,33.0,33.0,0,29,0,0,0.0,0.0,0.0,0.0,0.0,0.0,0.0
async,33.0,strong,20,0,30,85.074,0.1249,0.0,0.8751,0.64777,0.27496,29,29,0.0,1.0,0.0,7254,33.0,33.0,0,29,0,0,0.0,0.0,0.0,0.0,0.0,0.0,0.0
async,33.0,strong,21,0,30,91.113,0.13763,0.0,0.86237,0.56002,0.24094,29,29,0.0,1.0,0.0,7264,33.0,33.0,0,29,0,0,0.0,0.0,0.0,0.0,0.0,0.0,0.0
async,33.0,strong,22,1,18,60.093,0.15541,0.04997,0.79462,0.57996,0.0,18,18,0.0,1.0,0.0,4500,33.0,33.0,0,18,0,0,0.0,0.0,0.0,0.0,0.0,0.0,0.0
async,33.0,strong,23,0,30,95.898,0.12182,0.0,0.87818,0.5954,0.25323,29,29,0.0,1.0,0.0,7268,33.0,33.0,0,29,0,0,0.0,0.0,0.0,0.0,0.0,0.0,0.0
async,33.0,strong,24,0,30,90.816,0.14062,0.04906,0.81032,0.61017,0.08962,29,29,0.0,1.0,0.0,7254,33.0,33.0,0,29,0,0,0.0,0.0,0.0,0.0,0.0,0.0,0.0
async,33.0,strong,25,0,30,85.239,0.15176,0.12118,0.72706,0.49915,0.07554,29,29,0.0,1.0,0.0,7261,33.0,33.0,0,29,0,0,0.0,0.0,0.0,0.0,0.0,0.0,0.0
async,33.0,strong,26,0,30,81.543,0.13314,0.04856,0.81829,0.50308,0.12216,29,29,0.0,1.0,0.0,7256,33.0,33.0,0,29,0,0,0.0,0.0,0.0,0.0,0.0,0.0,0.0
async,33.0,strong,27,0,30,100.947,0.07028,0.02517,0.90454,0.60807,0.13989,29,29,0.0,1.0,0.0,7266,33.0,33.0,0,29,0,0,0.0,0.0,0.0,0.0,0.0,0.0,0.0
async,33.0,strong,28,0,30,89.298,0.1456,0.01441,0.83999,0.53185,0.17557,29,29,0.0,1.0,0.0,7260,33.0,33.0,0,29,0,0,0.0,0.0,0.0,0.0,0.0,0.0,0.0
async,33.0,strong,29,0,30,84.513,0.22179,0.05076,0.72745,0.61503,0.03848,29,29,0.0,1.0,0.0,7262,33.0,33.0,0,29,0,0,0.0,0.0,0.0,0.0,0.0,0.0,0.0
cache,33.0,weak,0,0,30,124.014,0.029,0.00239,0.9686,0.50424,0.18798,29,26,0.10344827586206896,0.896551724137931,0.10344827586206896,6504,33.0,33.0,0,26,0,0,3.0,26.0,0.0,26.0,0.0,0.0,0.0
cache,33.0,weak,1,1,8,41.844,0.15457,0.16877,0.67666,0.55526,0.0,8,7,0.125,0.875,0.125,1750,33.0,33.0,0,7,0,0,1.0,7.0,0.0,7.0,0.0,0.0,0.0
cache,33.0,weak,2,0,30,125.07,0.11161,0.07256,0.81583,0.57142,0.06433,29,28,0.034482758620689655,0.9655172413793104,0.034482758620689655,7006,33.0,33.0,0,28,0,0,1.0,28.0,0.0,28.0,0.0,0.0,0.0
cache,33.0,weak,3,0,30,133.485,0.10408,0.0136,0.88232,0.63609,0.12519,29,26,0.10344827586206896,0.896551724137931,0.10344827586206896,6504,33.0,33.0,0,26,0,0,3.0,26.0,0.0,26.0,0.0,0.0,0.0
cache,33.0,weak,4,0,30,122.463,0.15737,0.09566,0.74697,0.62456,0.06154,29,26,0.10344827586206896,0.896551724137931,0.10344827586206896,6504,33.0,33.0,0,26,0,0,3.0,26.0,0.0,26.0,0.0,0.0,0.0
cache,33.0,weak,5,0,30,115.5,0.17086,0.0,0.82914,0.67868,0.20527,29,26,0.10344827586206896,0.896551724137931,0.10344827586206896,6509,33.0,33.0,0,26,0,0,3.0,26.0,0.0,26.0,0.0,0.0,0.0
cache,33.0,weak,6,0,30,119.526,0.10381,0.0,0.89619,0.68239,0.28899,29,27,0.06896551724137931,0.9310344827586207,0.06896551724137931,6754,33.0,33.0,0,27,0,0,2.0,27.0,0.0,27.0,0.0,0.0,0.0
cache,33.0,weak,7,0,30,135.993,0.04368,0.0,0.95632,0.56392,0.30502,29,27,0.06896551724137931,0.9310344827586207,0.06896551724137931,6758,33.0,33.0,0,27,0,0,2.0,27.0,0.0,27.0,0.0,0.0,0.0
cache,33.0,weak,8,0,30,130.185,0.07731,0.00887,0.91381,0.54956,0.16198,29,27,0.06896551724137931,0.9310344827586207,0.06896551724137931,6748,33.0,33.0,0,27,0,0,2.0,27.0,0.0,27.0,0.0,0.0,0.0
cache,33.0,weak,9,0,30,123.915,0.10999,0.0735,0.81651,0.59012,0.06063,29,28,0.034482758620689655,0.9655172413793104,0.034482758620689655,7007,33.0,33.0,0,28,0,0,1.0,28.0,0.0,28.0,0.0,0.0,0.0
cache,33.0,weak,10,0,30,121.671,0.11608,0.02631,0.85761,0.64875,0.13698,29,24,0.1724137931034483,0.8275862068965517,0.1724137931034483,6004,33.0,33.0,0,24,0,0,5.0,24.0,0.0,24.0,0.0,0.0,0.0
cache,33.0,weak,11,1,4,26.961,0.15422,0.09425,0.75153,0.68299,0.0,4,4,0.0,1.0,0.0,1000,33.0,33.0,0,4,0,0,0.0,4.0,0.0,4.0,0.0,0.0,0.0
cache,33.0,weak,12,0,30,120.351,0.04442,0.07376,0.88182,0.50824,0.02721,29,25,0.13793103448275862,0.8620689655172413,0.13793103448275862,6253,33.0,33.0,0,25,0,0,4.0,25.0,0.0,25.0,0.0,0.0,0.0
cache,33.0,weak,13,0,30,121.638,0.02604,0.04368,0.93028,0.57755,0.10615,29,28,0.034482758620689655,0.9655172413793104,0.034482758620689655,7004,33.0,33.0,0,28,0,0,1.0,28.0,0.0,28.0,0.0,0.0,0.0
cache,33.0,weak,14,0,30,124.509,0.04188,0.0,0.95812,0.62185,0.27702,29,27,0.06896551724137931,0.9310344827586207,0.06896551724137931,6757,33.0,33.0,0,27,0,0,2.0,27.0,0.0,27.0,0.0,0.0,0.0
cache,33.0,weak,15,0,30,123.288,0.05782,0.0,0.94218,0.60207,0.20838,29,25,0.13793103448275862,0.8620689655172413,0.13793103448275862,6256,33.0,33.0,0,25,0,0,4.0,25.0,0.0,25.0,0.0,0.0,0.0
cache,33.0,weak,16,0,30,126.588,0.06465,0.03206,0.90328,0.57969,0.14164,29,28,0.034482758620689655,0.9655172413793104,0.034482758620689655,7006,33.0,33.0,0,28,0,0,1.0,28.0,0.0,28.0,0.0,0.0,0.0
cache,33.0,weak,17,0,30,119.691,0.05459,0.01461,0.9308,0.58896,0.13176,29,25,0.13793103448275862,0.8620689655172413,0.13793103448275862,6256,33.0,33.0,0,25,0,0,4.0,25.0,0.0,25.0,0.0,0.0,0.0
cache,33.0,weak,18,1,16,90.816,0.04542,0.03634,0.91824,0.52207,0.0,16,15,0.0625,0.9375,0.0625,3755,33.0,33.0,0,15,0,0,1.0,15.0,0.0,15.0,0.0,0.0,0.0
cache,33.0,weak,19,0,30,131.208,0.02716,0.0,0.97284,0.49261,0.20578,29,24,0.1724137931034483,0.8275862068965517,0.1724137931034483,6010,33.0,33.0,0,24,0,0,5.0,24.0,0.0,24.0,0.0,0.0,0.0
cache,33.0,weak,20,0,30,121.605,0.1498,0.0,0.8502,0.73959,0.43128,29,26,0.10344827586206896,0.896551724137931,0.10344827586206896,6504,33.0,33.0,0,26,0,0,3.0,26.0,0.0,26.0,0.0,0.0,0.0
cache,33.0,weak,21,1,6,38.247,0.17084,0.16307,0.66609,0.59367,0.0,6,5,0.16666666666666666,0.8333333333333334,0.16666666666666666,1250,33.0,33.0,0,5,0,0,1.0,5.0,0.0,5.0,0.0,0.0,0.0
cache,33.0,weak,22,0,30,137.049,0.07055,0.0484,0.88105,0.56247,0.06496,29,29,0.0,1.0,0.0,7258,33.0,33.0,0,29,0,0,0.0,29.0,0.0,29.0,0.0,0.0,0.0
cache,33.0,weak,23,0,30,129.591,0.11332,0.08658,0.8001,0.57929,0.04463,29,27,0.06896551724137931,0.9310344827586207,0.06896551724137931,6758,33.0,33.0,0,27,0,0,2.0,27.0,0.0,27.0,0.0,0.0,0.0
cache,33.0,weak,24,1,18,84.381,0.15252,0.0395,0.80798,0.62449,0.0,18,18,0.0,1.0,0.0,4501,33.0,33.0,0,18,0,0,0.0,18.0,0.0,18.0,0.0,0.0,0.0
cache,33.0,weak,25,0,30,119.064,0.06901,0.05626,0.87472,0.57577,0.11862,29,28,0.034482758620689655,0.9655172413793104,0.034482758620689655,7010,33.0,33.0,0,28,0,0,1.0,28.0,0.0,28.0,0.0,0.0,0.0
cache,33.0,weak,26,0,30,119.031,0.08872,0.0,0.91128,0.5433,0.23347,29,27,0.06896551724137931,0.9310344827586207,0.06896551724137931,6760,33.0,33.0,0,27,0,0,2.0,27.0,0.0,27.0,0.0,0.0,0.0
cache,33.0,weak,27,1,5,35.112,0.05733,0.15602,0.78665,0.46618,0.0,5,5,0.0,1.0,0.0,1250,33.0,33.0,0,5,0,0,0.0,5.0,0.0,5.0,0.0,0.0,0.0
cache,33.0,weak,28,0,30,108.834,0.07338,0.04093,0.88569,0.60071,0.14095,29,26,0.10344827586206896,0.896551724137931,0.10344827586206896,6501,33.0,33.0,0,26,0,0,3.0,26.0,0.0,26.0,0.0,0.0,0.0
cache,33.0,weak,29,0,30,123.453,0.16814,0.0,0.83186,0.64883,0.21881,29,26,0.10344827586206896,0.896551724137931,0.10344827586206896,6506,33.0,33.0,0,26,0,0,3.0,26.0,0.0,26.0,0.0,0.0,0.0
cache,33.0,medium,0,0,30,102.465,0.05958,0.04283,0.89758,0.49258,0.14551,29,26,0.10344827586206896,0.896551724137931,0.10344827586206896,6501,33.0,33.0,0,26,0,0,3.0,26.0,0.0,26.0,0.0,0.0,0.0
cache,33.0,medium,1,0,30,96.195,0.15129,0.10669,0.74202,0.63784,0.03087,29,27,0.06896551724137931,0.9310344827586207,0.06896551724137931,6754,33.0,33.0,0,27,0,0,2.0,27.0,0.0,27.0,0.0,0.0,0.0
cache,33.0,medium,2,1,19,74.646,0.1649,0.04465,0.79045,0.64456,0.0,19,19,0.0,1.0,0.0,4753,33.0,33.0,0,19,0,0,0.0,19.0,0.0,19.0,0.0,0.0,0.0
cache,33.0,medium,3,0,30,115.566,0.09309,0.0731,0.83381,0.61654,0.05619,29,28,0.034482758620689655,0.9655172413793104,0.034482758620689655,7008,33.0,33.0,0,28,0,0,1.0,28.0,0.0,28.0,0.0,0.0,0.0
cache,33.0,medium,4,0,30,101.607,0.14518,0.04709,0.80773,0.57024,0.1342,29,25,0.13793103448275862,0.8620689655172413,0.13793103448275862,6251,33.0,33.0,0,25,0,0,4.0,25.0,0.0,25.0,0.0,0.0,0.0
cache,33.0,medium,5,0,30,110.649,0.11035,0.0,0.88965,0.69035,0.36529,29,27,0.06896551724137931,0.9310344827586207,0.06896551724137931,6751,33.0,33.0,0,27,0,0,2.0,27.0,0.0,27.0,0.0,0.0,0.0
cache,33.0,medium,6,0,30,100.98,0.08529,0.01863,0.89608,0.54172,0.15557,29,27,0.06896551724137931,0.9310344827586207,0.06896551724137931,6752,33.0,33.0,0,27,0,0,2.0,27.0,0.0,27.0,0.0,0.0,0.0
cache,33.0,medium,7,0,30,94.611,0.07011,0.0,0.92989,0.63138,0.32172,29,26,0.10344827586206896,0.896551724137931,0.10344827586206896,6503,33.0,33.0,0,26,0,0,3.0,26.0,0.0,26.0,0.0,0.0,0.0
cache,33.0,medium,8,0,30,108.537,0.07601,0.00365,0.92034,0.59271,0.19431,29,26,0.10344827586206896,0.896551724137931,0.10344827586206896,6505,33.0,33.0,0,26,0,0,3.0,26.0,0.0,26.0,0.0,0.0,0.0
cache,33.0,medium,9,1,8,35.112,0.19549,0.07519,0.72932,0.58886,0.0,8,8,0.0,1.0,0.0,2001,33.0,33.0,0,8,0,0,0.0,8.0,0.0,8.0,0.0,0.0,0.0
cache,33.0,medium,10,0,30,103.323,0.10476,0.07506,0.82019,0.62313,0.06484,29,26,0.10344827586206896,0.896551724137931,0.10344827586206896,6503,33.0,33.0,0,26,0,0,3.0,26.0,0.0,26.0,0.0,0.0,0.0
cache,33.0,medium,11,0,30,108.603,0.07809,0.0,0.92191,0.59536,0.248,29,27,0.06896551724137931,0.9310344827586207,0.06896551724137931,6751,33.0,33.0,0,27,0,0,2.0,27.0,0.0,27.0,0.0,0.0,0.0
cache,33.0,medium,12,0,30,100.452,0.14849,0.04468,0.80683,0.61272,0.13906,29,26,0.10344827586206896,0.896551724137931,0.10344827586206896,6506,33.0,33.0,0,26,0,0,3.0,26.0,0.0,26.0,0.0,0.0,0.0
cache,33.0,medium,13,0,30,102.168,0.07913,0.05362,0.86725,0.50853,0.04562,29,27,0.06896551724137931,0.9310344827586207,0.06896551724137931,6757,33.0,33.0,0,27,0,0,2.0,27.0,0.0,27.0,0.0,0.0,0.0
cache,33.0,medium,14,0,30,93.126,0.13855,0.0776,0.78384,0.6301,0.07042,29,26,0.10344827586206896,0.896551724137931,0.10344827586206896,6505,33.0,33.0,0,26,0,0,3.0,26.0,0.0,26.0,0.0,0.0,0.0
cache,33.0,medium,15,0,30,109.461,0.04221,0.0401,0.9177,0.57036,0.13215,29,24,0.1724137931034483,0.8275862068965517,0.1724137931034483,6001,33.0,33.0,0,24,0,0,5.0,24.0,0.0,24.0,0.0,0.0,0.0
cache,33.0,medium,16,0,30,105.633,0.07341,0.01562,0.91097,0.59627,0.14344,29,26,0.10344827586206896,0.896551724137931,0.10344827586206896,6505,33.0,33.0,0,26,0,0,3.0,26.0,0.0,26.0,0.0,0.0,0.0
cache,33.0,medium,17,0,30,102.135,0.04523,0.10598,0.84879,0.518,0.03828,29,27,0.06896551724137931,0.9310344827586207,0.06896551724137931,6752,33.0,33.0,0,27,0,0,2.0,27.0,0.0,27.0,0.0,0.0,0.0
cache,33.0,medium,18,0,30,106.854,0.05435,0.0,0.94565,0.69158,0.47735,29,21,0.27586206896551724,0.7241379310344828,0.27586206896551724,5256,33.0,33.0,0,21,0,0,8.0,21.0,0.0,21.0,0.0,0.0,0.0
cache,33.0,medium,19,1,10,42.306,0.17551,0.07332,0.75117,0.58103,0.0,10,9,0.1,0.9,0.1,2251,33.0,33.0,0,9,0,0,1.0,9.0,0.0,9.0,0.0,0.0,0.0
cache,33.0,medium,20,0,30,98.769,0.08052,0.10658,0.8129,0.57579,0.04441,29,26,0.10344827586206896,0.896551724137931,0.10344827586206896,6504,33.0,33.0,0,26,0,0,3.0,26.0,0.0,26.0,0.0,0.0,0.0
cache,33.0,medium,21,1,8,35.97,0.3,0.15505,0.54495,0.61205,0.0,8,8,0.0,1.0,0.0,2000,33.0,33.0,0,8,0,0,0.0,8.0,0.0,8.0,0.0,0.0,0.0
cache,33.0,medium,22,0,30,104.907,0.06763,0.0,0.93237,0.68157,0.40956,29,23,0.20689655172413793,0.7931034482758621,0.20689655172413793,5749,33.0,33.0,0,23,0,0,6.0,23.0,0.0,23.0,0.0,0.0,0.0
cache,33.0,medium,23,0,30,100.914,0.05559,0.0,0.94441,0.59645,0.23188,29,25,0.13793103448275862,0.8620689655172413,0.13793103448275862,6253,33.0,33.0,0,25,0,0,4.0,25.0,0.0,25.0,0.0,0.0,0.0
cache,33.0,medium,24,0,30,100.947,0.08173,0.05884,0.85943,0.62349,0.09873,29,29,0.0,1.0,0.0,7252,33.0,33.0,0,29,0,0,0.0,29.0,0.0,29.0,0.0,0.0,0.0
cache,33.0,medium,25,1,10,40.953,0.23288,0.18211,0.58501,0.62563,0.0,10,10,0.0,1.0,0.0,2501,33.0,33.0,0,10,0,0,0.0,10.0,0.0,10.0,0.0,0.0,0.0
cache,33.0,medium,26,0,30,98.208,0.16499,0.0,0.83501,0.67872,0.2761,29,26,0.10344827586206896,0.896551724137931,0.10344827586206896,6505,33.0,33.0,0,26,0,0,3.0,26.0,0.0,26.0,0.0,0.0,0.0
cache,33.0,medium,27,0,30,103.62,0.05764,0.03217,0.91019,0.58558,0.11346,29,27,0.06896551724137931,0.9310344827586207,0.06896551724137931,6751,33.0,33.0,0,27,0,0,2.0,27.0,0.0,27.0,0.0,0.0,0.0
cache,33.0,medium,28,0,30,104.973,0.10909,0.01823,0.87268,0.59461,0.0796,29,28,0.034482758620689655,0.9655172413793104,0.034482758620689655,7007,33.0,33.0,0,28,0,0,1.0,28.0,0.0,28.0,0.0,0.0,0.0
cache,33.0,medium,29,0,30,101.343,0.08597,0.02931,0.88473,0.65984,0.11417,29,25,0.13793103448275862,0.8620689655172413,0.13793103448275862,6256,33.0,33.0,0,25,0,0,4.0,25.0,0.0,25.0,0.0,0.0,0.0
cache,33.0,strong,0,0,30,87.681,0.17501,0.03161,0.79338,0.6287,0.14654,29,28,0.034482758620689655,0.9655172413793104,0.034482758620689655,7007,33.0,33.0,0,28,0,0,1.0,28.0,0.0,28.0,0.0,0.0,0.0
cache,33.0,strong,1,0,30,81.312,0.24756,0.01136,0.74107,0.7147,0.17787,29,25,0.13793103448275862,0.8620689655172413,0.13793103448275862,6257,33.0,33.0,0,25,0,0,4.0,25.0,0.0,25.0,0.0,0.0,0.0
cache,33.0,strong,2,0,30,88.803,0.13378,0.0,0.86622,0.7006,0.26395,29,26,0.10344827586206896,0.896551724137931,0.10344827586206896,6512,33.0,33.0,0,26,0,0,3.0,26.0,0.0,26.0,0.0,0.0,0.0
cache,33.0,strong,3,0,30,88.869,0.10583,0.0,0.89417,0.71492,0.25627,29,27,0.06896551724137931,0.9310344827586207,0.06896551724137931,6759,33.0,33.0,0,27,0,0,2.0,27.0,0.0,27.0,0.0,0.0,0.0
cache,33.0,strong,4,0,30,84.612,0.13456,0.0429,0.82254,0.55657,0.13121,29,26,0.10344827586206896,0.896551724137931,0.10344827586206896,6513,33.0,33.0,0,26,0,0,3.0,26.0,0.0,26.0,0.0,0.0,0.0
cache,33.0,strong,5,0,30,87.252,0.15469,0.0,0.84531,0.68676,0.28923,29,26,0.10344827586206896,0.896551724137931,0.10344827586206896,6503,33.0,33.0,0,26,0,0,3.0,26.0,0.0,26.0,0.0,0.0,0.0
cache,33.0,strong,6,0,30,86.064,0.16449,0.0,0.83551,0.70079,0.21795,29,29,0.0,1.0,0.0,7252,33.0,33.0,0,29,0,0,0.0,29.0,0.0,29.0,0.0,0.0,0.0
cache,33.0,strong,7,0,30,93.357,0.10251,0.0,0.89749,0.57716,0.24442,29,26,0.10344827586206896,0.896551724137931,0.10344827586206896,6508,33.0,33.0,0,26,0,0,3.0,26.0,0.0,26.0,0.0,0.0,0.0
cache,33.0,strong,8,0,30,89.694,0.12914,0.05004,0.82082,0.60421,0.11594,29,28,0.034482758620689655,0.9655172413793104,0.034482758620689655,7003,33.0,33.0,0,28,0,0,1.0,28.0,0.0,28.0,0.0,0.0,0.0
cache,33.0,strong,9,0,30,89.397,0.17829,0.04282,0.77889,0.62331,0.11887,29,28,0.034482758620689655,0.9655172413793104,0.034482758620689655,7009,33.0,33.0,0,28,0,0,1.0,28.0,0.0,28.0,0.0,0.0,0.0
cache,33.0,strong,10,1,22,69.267,0.1758,0.18152,0.64269,0.51372,0.0,22,22,0.0,1.0,0.0,5504,33.0,33.0,0,22,0,0,0.0,22.0,0.0,22.0,0.0,0.0,0.0
cache,33.0,strong,11,0,30,85.899,0.15252,0.0,0.84748,0.63852,0.26578,29,28,0.034482758620689655,0.9655172413793104,0.034482758620689655,7004,33.0,33.0,0,28,0,0,1.0,28.0,0.0,28.0,0.0,0.0,0.0
cache,33.0,strong,12,0,30,90.123,0.13475,0.0,0.86525,0.61065,0.27643,29,29,0.0,1.0,0.0,7265,33.0,33.0,0,29,0,0,0.0,29.0,0.0,29.0,0.0,0.0,0.0
cache,33.0,strong,13,0,30,82.17,0.16185,0.06627,0.77189,0.568,0.12337,29,28,0.034482758620689655,0.9655172413793104,0.034482758620689655,7003,33.0,33.0,0,28,0,0,1.0,28.0,0.0,28.0,0.0,0.0,0.0
cache,33.0,strong,14,0,30,86.361,0.12839,0.0,0.87161,0.53071,0.20292,29,28,0.034482758620689655,0.9655172413793104,0.034482758620689655,7009,33.0,33.0,0,28,0,0,1.0,28.0,0.0,28.0,0.0,0.0,0.0
cache,33.0,strong,15,0,30,98.571,0.08604,0.0,0.91396,0.63445,0.40437,29,23,0.20689655172413793,0.7931034482758621,0.20689655172413793,5757,33.0,33.0,0,23,0,0,6.0,23.0,0.0,23.0,0.0,0.0,0.0
cache,33.0,strong,16,0,30,88.341,0.13074,0.0,0.86926,0.61496,0.23269,29,26,0.10344827586206896,0.896551724137931,0.10344827586206896,6512,33.0,33.0,0,26,0,0,3.0,26.0,0.0,26.0,0.0,0.0,0.0
cache,33.0,strong,17,0,30,93.786,0.12386,0.05208,0.82407,0.6187,0.1168,29,25,0.13793103448275862,0.8620689655172413,0.13793103448275862,6256,33.0,33.0,0,25,0,0,4.0,25.0,0.0,25.0,0.0,0.0,0.0
cache,33.0,strong,18,0,30,84.612,0.15445,0.04602,0.79953,0.52723,0.11869,29,25,0.13793103448275862,0.8620689655172413,0.13793103448275862,6253,33.0,33.0,0,25,0,0,4.0,25.0,0.0,25.0,0.0,0.0,0.0
cache,33.0,strong,19,0,30,82.566,0.13629,0.0,0.86371,0.64201,0.26109,29,27,0.06896551724137931,0.9310344827586207,0.06896551724137931,6756,33.0,33.0,0,27,0,0,2.0,27.0,0.0,27.0,0.0,0.0,0.0
cache,33.0,strong,20,0,30,85.074,0.1249,0.0,0.8751,0.64826,0.27496,29,26,0.10344827586206896,0.896551724137931,0.10344827586206896,6504,33.0,33.0,0,26,0,0,3.0,26.0,0.0,26.0,0.0,0.0,0.0
cache,33.0,strong,21,0,30,90.651,0.13833,0.0,0.86167,0.60254,0.28164,29,26,0.10344827586206896,0.896551724137931,0.10344827586206896,6511,33.0,33.0,0,26,0,0,3.0,26.0,0.0,26.0,0.0,0.0,0.0
cache,33.0,strong,22,0,30,92.565,0.10089,0.05062,0.84848,0.53462,0.12049,29,26,0.10344827586206896,0.896551724137931,0.10344827586206896,6505,33.0,33.0,0,26,0,0,3.0,26.0,0.0,26.0,0.0,0.0,0.0
cache,33.0,strong,23,0,30,90.519,0.15859,0.0062,0.83522,0.62852,0.17578,29,28,0.034482758620689655,0.9655172413793104,0.034482758620689655,7010,33.0,33.0,0,28,0,0,1.0,28.0,0.0,28.0,0.0,0.0,0.0
cache,33.0,strong,24,0,30,85.998,0.1485,0.0,0.8515,0.68449,0.35508,29,26,0.10344827586206896,0.896551724137931,0.10344827586206896,6503,33.0,33.0,0,26,0,0,3.0,26.0,0.0,26.0,0.0,0.0,0.0
cache,33.0,strong,25,0,30,85.074,0.15206,0.1121,0.73584,0.52106,0.07554,29,28,0.034482758620689655,0.9655172413793104,0.034482758620689655,7009,33.0,33.0,0,28,0,0,1.0,28.0,0.0,28.0,0.0,0.0,0.0
cache,33.0,strong,26,0,30,90.915,0.11942,0.01307,0.86751,0.61901,0.12273,29,26,0.10344827586206896,0.896551724137931,0.10344827586206896,6513,33.0,33.0,0,26,0,0,3.0,26.0,0.0,26.0,0.0,0.0,0.0
cache,33.0,strong,27,0,30,101.706,0.06976,0.02369,0.90655,0.61622,0.11317,29,28,0.034482758620689655,0.9655172413793104,0.034482758620689655,7015,33.0,33.0,0,28,0,0,1.0,28.0,0.0,28.0,0.0,0.0,0.0
cache,33.0,strong,28,0,30,88.539,0.14685,0.01454,0.83861,0.53921,0.17557,29,28,0.034482758620689655,0.9655172413793104,0.034482758620689655,7010,33.0,33.0,0,28,0,0,1.0,28.0,0.0,28.0,0.0,0.0,0.0
cache,33.0,strong,29,0,30,96.36,0.11404,0.0,0.88596,0.58372,0.25181,29,25,0.13793103448275862,0.8620689655172413,0.13793103448275862,6261,33.0,33.0,0,25,0,0,4.0,25.0,0.0,25.0,0.0,0.0,0.0
prefetch,33.0,weak,0,0,30,120.054,0.02996,0.00192,0.96811,0.56842,0.19626,29,20,0.3103448275862069,0.6896551724137931,0.3103448275862069,5002,33.0,33.0,0,20,0,0,9.0,20.0,0.0,64.0,44.0,7.0,11006.0
prefetch,33.0,weak,1,0,30,116.688,0.05656,0.08201,0.86143,0.50608,0.01441,29,20,0.3103448275862069,0.6896551724137931,0.3103448275862069,5003,33.0,33.0,0,20,0,0,9.0,20.0,0.0,73.0,53.0,5.0,13269.0
prefetch,33.0,weak,2,0,30,117.216,0.08108,0.04505,0.87387,0.60414,0.13693,29,20,0.3103448275862069,0.6896551724137931,0.3103448275862069,5006,33.0,33.0,0,20,0,0,9.0,20.0,0.0,79.0,59.0,7.0,14767.0
prefetch,33.0,weak,3,0,30,130.944,0.07586,0.0,0.92414,0.66955,0.39615,29,18,0.3793103448275862,0.6206896551724138,0.3793103448275862,4503,33.0,33.0,0,18,0,0,11.0,18.0,0.0,68.0,50.0,5.0,12506.0
prefetch,33.0,weak,4,0,30,122.463,0.16411,0.08192,0.75397,0.63589,0.06154,29,24,0.1724137931034483,0.8275862068965517,0.1724137931034483,6007,33.0,33.0,0,24,0,0,5.0,24.0,0.0,87.0,63.0,3.0,15767.0
prefetch,33.0,weak,5,0,30,126.192,0.10879,0.0,0.89121,0.66912,0.27553,29,20,0.3103448275862069,0.6896551724137931,0.3103448275862069,5005,33.0,33.0,0,20,0,0,9.0,20.0,0.0,84.0,64.0,6.0,16028.0
prefetch,33.0,weak,6,0,30,116.358,0.07119,0.0,0.92881,0.66004,0.31468,29,16,0.4482758620689655,0.5517241379310345,0.4482758620689655,4003,33.0,33.0,0,16,0,0,13.0,16.0,0.0,72.0,56.0,10.0,14019.0
prefetch,33.0,weak,7,0,30,116.127,0.06024,0.00938,0.93038,0.56567,0.16132,29,23,0.20689655172413793,0.7931034482758621,0.20689655172413793,5756,33.0,33.0,0,23,0,0,6.0,23.0,0.0,80.0,57.0,4.0,14272.0
prefetch,33.0,weak,8,0,30,130.185,0.07731,0.0,0.92269,0.58646,0.24568,29,23,0.20689655172413793,0.7931034482758621,0.20689655172413793,5749,33.0,33.0,0,23,0,0,6.0,23.0,0.0,65.0,42.0,4.0,10500.0
prefetch,33.0,weak,9,0,30,123.75,0.21093,0.0736,0.71547,0.61941,0.06063,29,20,0.3103448275862069,0.6896551724137931,0.3103448275862069,5006,33.0,33.0,0,20,0,0,9.0,20.0,0.0,71.0,51.0,4.0,12770.0
prefetch,33.0,weak,10,0,30,122.1,0.12432,0.0,0.87568,0.68569,0.21961,29,20,0.3103448275862069,0.6896551724137931,0.3103448275862069,5001,33.0,33.0,0,20,0,0,9.0,20.0,0.0,70.0,50.0,4.0,12507.0
prefetch,33.0,weak,11,1,4,26.961,0.15422,0.09425,0.75153,0.68299,0.0,4,4,0.0,1.0,0.0,1000,33.0,33.0,0,4,0,0,0.0,4.0,0.0,16.0,12.0,0.0,2999.0
prefetch,33.0,weak,12,0,30,112.596,0.07093,0.0,0.92907,0.60006,0.20037,29,24,0.1724137931034483,0.8275862068965517,0.1724137931034483,6001,33.0,33.0,0,24,0,0,5.0,24.0,0.0,73.0,49.0,2.0,12259.0
prefetch,33.0,weak,13,0,30,127.215,0.04643,0.03969,0.91388,0.56935,0.10615,29,25,0.13793103448275862,0.8620689655172413,0.13793103448275862,6252,33.0,33.0,0,25,0,0,4.0,25.0,0.0,89.0,64.0,4.0,16017.0
prefetch,33.0,weak,14,0,30,119.163,0.06702,0.0,0.93298,0.58361,0.22369,29,23,0.20689655172413793,0.7931034482758621,0.20689655172413793,5754,33.0,33.0,0,23,0,0,6.0,23.0,0.0,79.0,56.0,5.0,14017.0
prefetch,33.0,weak,15,0,30,131.505,0.06524,0.04843,0.88632,0.63427,0.11728,29,17,0.41379310344827586,0.5862068965517241,0.41379310344827586,4254,33.0,33.0,0,17,0,0,12.0,17.0,0.0,69.0,52.0,7.0,13013.0
prefetch,33.0,weak,16,0,30,120.615,0.09083,0.0342,0.87497,0.61641,0.09747,29,24,0.1724137931034483,0.8275862068965517,0.1724137931034483,6004,33.0,33.0,0,24,0,0,5.0,24.0,0.0,88.0,64.0,4.0,16020.0
prefetch,33.0,weak,17,0,30,130.548,0.02452,0.0,0.97548,0.61296,0.21112,29,18,0.3793103448275862,0.6206896551724138,0.3793103448275862,4507,33.0,33.0,0,18,0,0,11.0,18.0,0.0,64.0,46.0,8.0,11517.0
prefetch,33.0,weak,18,0,30,134.97,0.03056,0.02983,0.93961,0.4889,0.05415,29,20,0.3103448275862069,0.6896551724137931,0.3103448275862069,5008,33.0,33.0,0,20,0,0,9.0,20.0,0.0,68.0,48.0,6.0,12013.0
prefetch,33.0,weak,19,0,30,125.598,0.02838,0.0762,0.89543,0.50076,0.06237,29,21,0.27586206896551724,0.7241379310344828,0.27586206896551724,5254,33.0,33.0,0,21,0,0,8.0,21.0,0.0,74.0,53.0,5.0,13262.0
prefetch,33.0,weak,20,0,30,118.536,0.12528,0.0,0.87472,0.66628,0.30586,29,23,0.20689655172413793,0.7931034482758621,0.20689655172413793,5754,33.0,33.0,0,23,0,0,6.0,23.0,0.0,87.0,64.0,4.0,16019.0
prefetch,33.0,weak,21,1,6,38.247,0.16739,0.16307,0.66954,0.59347,0.0,6,5,0.16666666666666666,0.8333333333333334,0.16666666666666666,1250,33.0,33.0,0,5,0,0,1.0,5.0,0.0,23.0,18.0,0.0,4502.0
prefetch,33.0,weak,22,0,30,126.819,0.09888,0.0523,0.84882,0.5754,0.06496,29,21,0.27586206896551724,0.7241379310344828,0.27586206896551724,5255,33.0,33.0,0,21,0,0,8.0,21.0,0.0,71.0,50.0,5.0,12513.0
prefetch,33.0,weak,23,0,30,139.425,0.08142,0.02959,0.88899,0.55535,0.11852,29,21,0.27586206896551724,0.7241379310344828,0.27586206896551724,5258,33.0,33.0,0,21,0,0,8.0,21.0,0.0,76.0,55.0,6.0,13771.0
prefetch,33.0,weak,24,1,18,84.381,0.13688,0.0395,0.82362,0.61946,0.0,18,17,0.05555555555555555,0.9444444444444444,0.05555555555555555,4251,33.0,33.0,0,17,0,0,1.0,17.0,0.0,49.0,32.0,1.0,8001.0
prefetch,33.0,weak,25,0,30,118.503,0.04038,0.0,0.95962,0.65307,0.31978,29,21,0.27586206896551724,0.7241379310344828,0.27586206896551724,5254,33.0,33.0,0,21,0,0,8.0,21.0,0.0,66.0,45.0,6.0,11263.0
prefetch,33.0,weak,26,0,30,120.021,0.06626,0.03272,0.90102,0.51532,0.10272,29,22,0.2413793103448276,0.7586206896551724,0.2413793103448276,5501,33.0,33.0,0,22,0,0,7.0,22.0,0.0,73.0,51.0,5.0,12761.0
prefetch,33.0,weak,27,0,30,127.908,0.05366,0.0,0.94634,0.6299,0.37373,29,16,0.4482758620689655,0.5517241379310345,0.4482758620689655,4002,33.0,33.0,0,16,0,0,13.0,16.0,0.0,57.0,41.0,6.0,10260.0
prefetch,33.0,weak,28,0,30,108.636,0.13335,0.01488,0.85176,0.66308,0.09685,29,20,0.3103448275862069,0.6896551724137931,0.3103448275862069,5002,33.0,33.0,0,20,0,0,9.0,20.0,0.0,72.0,52.0,8.0,13008.0
prefetch,33.0,weak,29,0,30,128.04,0.12062,0.0,0.87938,0.62475,0.21881,29,26,0.10344827586206896,0.896551724137931,0.10344827586206896,6505,33.0,33.0,0,26,0,0,3.0,26.0,0.0,83.0,57.0,2.0,14270.0
prefetch,33.0,medium,0,0,30,105.765,0.08112,0.0,0.91888,0.60312,0.25294,29,20,0.3103448275862069,0.6896551724137931,0.3103448275862069,5005,33.0,33.0,0,20,0,0,9.0,20.0,0.0,69.0,49.0,6.0,12263.0
prefetch,33.0,medium,1,0,30,96.888,0.1594,0.10593,0.73467,0.59815,0.03087,29,27,0.06896551724137931,0.9310344827586207,0.06896551724137931,6756,33.0,33.0,0,27,0,0,2.0,27.0,0.0,82.0,55.0,2.0,13766.0
prefetch,33.0,medium,2,0,30,106.953,0.11447,0.0,0.88553,0.64185,0.21567,29,21,0.27586206896551724,0.7241379310344828,0.27586206896551724,5254,33.0,33.0,0,21,0,0,8.0,21.0,0.0,80.0,59.0,4.0,14770.0
prefetch,33.0,medium,3,0,30,104.544,0.10859,0.0,0.89141,0.71436,0.44155,29,16,0.4482758620689655,0.5517241379310345,0.4482758620689655,4003,33.0,33.0,0,16,0,0,13.0,16.0,0.0,61.0,45.0,7.0,11265.0
prefetch,33.0,medium,4,0,30,104.082,0.11509,0.00254,0.88237,0.62945,0.18237,29,19,0.3448275862068966,0.6551724137931034,0.3448275862068966,4753,33.0,33.0,0,19,0,0,10.0,19.0,0.0,75.0,56.0,6.0,14019.0
prefetch,33.0,medium,5,0,30,109.197,0.11303,0.0,0.88697,0.66281,0.22035,29,25,0.13793103448275862,0.8620689655172413,0.13793103448275862,6249,33.0,33.0,0,25,0,0,4.0,25.0,0.0,96.0,71.0,2.0,17764.0
prefetch,33.0,medium,6,0,30,98.703,0.07054,0.09696,0.8325,0.49152,0.019,29,27,0.06896551724137931,0.9310344827586207,0.06896551724137931,6754,33.0,33.0,0,27,0,0,2.0,27.0,0.0,80.0,53.0,2.0,13263.0
prefetch,33.0,medium,7,0,30,99.594,0.0666,0.0444,0.889,0.58053,0.10417,29,22,0.2413793103448276,0.7586206896551724,0.2413793103448276,5503,33.0,33.0,0,22,0,0,7.0,22.0,0.0,85.0,63.0,2.0,15772.0
prefetch,33.0,medium,8,0,30,109.494,0.08861,0.00362,0.90778,0.60438,0.19431,29,24,0.1724137931034483,0.8275862068965517,0.1724137931034483,6006,33.0,33.0,0,24,0,0,5.0,24.0,0.0,80.0,56.0,4.0,14013.0
prefetch,33.0,medium,9,0,30,107.019,0.07555,0.0,0.92445,0.57293,0.22245,29,21,0.27586206896551724,0.7241379310344828,0.27586206896551724,5254,33.0,33.0,0,21,0,0,8.0,21.0,0.0,74.0,53.0,3.0,13265.0
prefetch,33.0,medium,10,0,30,118.041,0.08918,0.02935,0.88146,0.61767,0.1153,29,22,0.2413793103448276,0.7586206896551724,0.2413793103448276,5505,33.0,33.0,0,22,0,0,7.0,22.0,0.0,77.0,55.0,5.0,13771.0
prefetch,33.0,medium,11,0,30,101.673,0.08471,0.0,0.91529,0.61813,0.248,29,26,0.10344827586206896,0.896551724137931,0.10344827586206896,6501,33.0,33.0,0,26,0,0,3.0,26.0,0.0,87.0,61.0,2.0,15263.0
prefetch,33.0,medium,12,0,30,100.386,0.14464,0.04471,0.81065,0.61248,0.13906,29,27,0.06896551724137931,0.9310344827586207,0.06896551724137931,6755,33.0,33.0,0,27,0,0,2.0,27.0,0.0,79.0,52.0,0.0,13017.0
prefetch,33.0,medium,13,0,30,100.815,0.0802,0.05434,0.86547,0.51691,0.04562,29,25,0.13793103448275862,0.8620689655172413,0.13793103448275862,6255,33.0,33.0,0,25,0,0,4.0,25.0,0.0,75.0,50.0,3.0,12512.0
prefetch,33.0,medium,14,0,30,101.673,0.14898,0.05907,0.79195,0.63121,0.07883,29,21,0.27586206896551724,0.7241379310344828,0.27586206896551724,5256,33.0,33.0,0,21,0,0,8.0,21.0,0.0,73.0,52.0,5.0,13018.0
prefetch,33.0,medium,15,0,30,105.567,0.03032,0.02313,0.94655,0.67022,0.12925,29,17,0.41379310344827586,0.5862068965517241,0.41379310344827586,4253,33.0,33.0,0,17,0,0,12.0,17.0,0.0,54.0,37.0,7.0,9256.0
prefetch,33.0,medium,16,0,30,101.244,0.07497,0.00391,0.92112,0.62709,0.19042,29,20,0.3103448275862069,0.6896551724137931,0.3103448275862069,5000,33.0,33.0,0,20,0,0,9.0,20.0,0.0,69.0,49.0,7.0,12264.0
prefetch,33.0,medium,17,0,30,110.088,0.07524,0.03867,0.88609,0.6542,0.11235,29,20,0.3103448275862069,0.6896551724137931,0.3103448275862069,5010,33.0,33.0,0,20,0,0,9.0,20.0,0.0,73.0,53.0,4.0,13277.0
prefetch,33.0,medium,18,0,30,111.672,0.09959,0.0,0.90041,0.6793,0.27307,29,20,0.3103448275862069,0.6896551724137931,0.3103448275862069,5006,33.0,33.0,0,20,0,0,9.0,20.0,0.0,62.0,42.0,6.0,10518.0
prefetch,33.0,medium,19,0,30,96.624,0.07684,0.03108,0.89208,0.60335,0.07288,29,23,0.20689655172413793,0.7931034482758621,0.20689655172413793,5755,33.0,33.0,0,23,0,0,6.0,23.0,0.0,84.0,61.0,4.0,15264.0
prefetch,33.0,medium,20,0,30,100.122,0.08273,0.08108,0.83619,0.54992,0.0591,29,27,0.06896551724137931,0.9310344827586207,0.06896551724137931,6755,33.0,33.0,0,27,0,0,2.0,27.0,0.0,86.0,59.0,1.0,14762.0
prefetch,33.0,medium,21,1,11,49.434,0.2223,0.22296,0.55474,0.51807,0.0,11,10,0.09090909090909091,0.9090909090909091,0.09090909090909091,2500,33.0,33.0,0,10,0,0,1.0,10.0,0.0,32.0,22.0,1.0,5508.0
prefetch,33.0,medium,22,0,30,107.415,0.0808,0.0,0.9192,0.67701,0.34869,29,16,0.4482758620689655,0.5517241379310345,0.4482758620689655,4003,33.0,33.0,0,16,0,0,13.0,16.0,0.0,68.0,52.0,11.0,13014.0
prefetch,33.0,medium,23,0,30,96.228,0.10871,0.0,0.89129,0.67029,0.23188,29,22,0.2413793103448276,0.7586206896551724,0.2413793103448276,5507,33.0,33.0,0,22,0,0,7.0,22.0,0.0,67.0,45.0,3.0,11261.0
prefetch,33.0,medium,24,0,30,109.758,0.09381,0.0,0.90619,0.7573,0.47122,29,14,0.5172413793103449,0.4827586206896552,0.5172413793103449,3502,33.0,33.0,0,14,0,0,15.0,14.0,0.0,50.0,36.0,7.0,9014.0
prefetch,33.0,medium,25,0,30,98.802,0.08751,0.0,0.91249,0.58181,0.21256,29,23,0.20689655172413793,0.7931034482758621,0.20689655172413793,5758,33.0,33.0,0,23,0,0,6.0,23.0,0.0,89.0,66.0,4.0,16524.0
prefetch,33.0,medium,26,0,30,96.921,0.15458,0.0,0.84542,0.71252,0.32412,29,24,0.1724137931034483,0.8275862068965517,0.1724137931034483,6002,33.0,33.0,0,24,0,0,5.0,24.0,0.0,94.0,70.0,2.0,17537.0
prefetch,33.0,medium,27,0,30,99.198,0.05123,0.10146,0.84731,0.56093,0.01399,29,21,0.27586206896551724,0.7241379310344828,0.27586206896551724,5253,33.0,33.0,0,21,0,0,8.0,21.0,0.0,80.0,59.0,6.0,14765.0
prefetch,33.0,medium,28,0,30,103.125,0.12608,0.00672,0.8672,0.62586,0.18634,29,22,0.2413793103448276,0.7586206896551724,0.2413793103448276,5508,33.0,33.0,0,22,0,0,7.0,22.0,0.0,85.0,63.0,7.0,15770.0
prefetch,33.0,medium,29,0,30,110.88,0.11964,0.0,0.88036,0.70344,0.38676,29,22,0.2413793103448276,0.7586206896551724,0.2413793103448276,5506,33.0,33.0,0,22,0,0,7.0,22.0,0.0,79.0,57.0,4.0,14268.0
prefetch,33.0,strong,0,0,30,87.516,0.20475,0.08296,0.71229,0.63149,0.04474,29,25,0.13793103448275862,0.8620689655172413,0.13793103448275862,6252,33.0,33.0,0,25,0,0,4.0,25.0,0.0,89.0,64.0,3.0,16019.0
prefetch,33.0,strong,1,0,30,81.411,0.21929,0.01135,0.76936,0.70774,0.17787,29,26,0.10344827586206896,0.896551724137931,0.10344827586206896,6508,33.0,33.0,0,26,0,0,3.0,26.0,0.0,82.0,56.0,0.0,14023.0
prefetch,33.0,strong,2,0,30,85.701,0.1367,0.0,0.8633,0.66139,0.32005,29,26,0.10344827586206896,0.896551724137931,0.10344827586206896,6504,33.0,33.0,0,26,0,0,3.0,26.0,0.0,77.0,51.0,1.0,12764.0
prefetch,33.0,strong,3,0,30,91.674,0.08027,0.0,0.91973,0.68799,0.3056,29,23,0.20689655172413793,0.7931034482758621,0.20689655172413793,5751,33.0,33.0,0,23,0,0,6.0,23.0,0.0,75.0,52.0,3.0,13013.0
prefetch,33.0,strong,4,0,30,85.272,0.21788,0.03947,0.74265,0.6379,0.13121,29,20,0.3103448275862069,0.6896551724137931,0.3103448275862069,5008,33.0,33.0,0,20,0,0,9.0,20.0,0.0,80.0,60.0,8.0,15027.0
prefetch,33.0,strong,5,0,30,98.835,0.12254,0.0,0.87746,0.64434,0.24304,29,24,0.1724137931034483,0.8275862068965517,0.1724137931034483,6011,33.0,33.0,0,24,0,0,5.0,24.0,0.0,74.0,50.0,3.0,12520.0
prefetch,33.0,strong,6,0,30,86.064,0.15261,0.0,0.84739,0.69578,0.20065,29,26,0.10344827586206896,0.896551724137931,0.10344827586206896,6502,33.0,33.0,0,26,0,0,3.0,26.0,0.0,86.0,60.0,3.0,15019.0
prefetch,33.0,strong,7,0,30,83.721,0.20812,0.0,0.79188,0.65807,0.24442,29,26,0.10344827586206896,0.896551724137931,0.10344827586206896,6504,33.0,33.0,0,26,0,0,3.0,26.0,0.0,96.0,70.0,2.0,17529.0
prefetch,33.0,strong,8,0,30,87.021,0.16458,0.05309,0.78233,0.60771,0.10003,29,21,0.27586206896551724,0.7241379310344828,0.27586206896551724,5259,33.0,33.0,0,21,0,0,8.0,21.0,0.0,80.0,59.0,7.0,14779.0
prefetch,33.0,strong,9,0,30,89.001,0.21505,0.01743,0.76752,0.65676,0.13642,29,24,0.1724137931034483,0.8275862068965517,0.1724137931034483,6007,33.0,33.0,0,24,0,0,5.0,24.0,0.0,72.0,48.0,4.0,12018.0
prefetch,33.0,strong,10,0,30,86.559,0.13,0.07549,0.79451,0.52816,0.06324,29,25,0.13793103448275862,0.8620689655172413,0.13793103448275862,6258,33.0,33.0,0,25,0,0,4.0,25.0,0.0,85.0,60.0,4.0,15023.0
prefetch,33.0,strong,11,0,30,86.328,0.18846,0.0,0.81154,0.66794,0.29688,29,26,0.10344827586206896,0.896551724137931,0.10344827586206896,6508,33.0,33.0,0,26,0,0,3.0,26.0,0.0,91.0,65.0,3.0,16286.0
prefetch,33.0,strong,12,0,30,89.826,0.13483,0.0,0.86517,0.61173,0.23683,29,23,0.20689655172413793,0.7931034482758621,0.20689655172413793,5761,33.0,33.0,0,23,0,0,6.0,23.0,0.0,72.0,49.0,5.0,12272.0
prefetch,33.0,strong,13,0,30,88.209,0.22222,0.11149,0.66629,0.5778,0.10471,29,24,0.1724137931034483,0.8275862068965517,0.1724137931034483,6009,33.0,33.0,0,24,0,0,5.0,24.0,0.0,79.0,55.0,3.0,13776.0
prefetch,33.0,strong,14,0,30,82.401,0.13496,0.0,0.86504,0.5837,0.20292,29,24,0.1724137931034483,0.8275862068965517,0.1724137931034483,6009,33.0,33.0,0,24,0,0,5.0,24.0,0.0,67.0,43.0,4.0,10766.0
prefetch,33.0,strong,15,0,30,96.723,0.07711,0.0,0.92289,0.70388,0.45574,29,18,0.3793103448275862,0.6206896551724138,0.3793103448275862,4505,33.0,33.0,0,18,0,0,11.0,18.0,0.0,67.0,49.0,7.0,12270.0
prefetch,33.0,strong,16,0,30,86.757,0.13313,0.0,0.86687,0.62676,0.23269,29,24,0.1724137931034483,0.8275862068965517,0.1724137931034483,6010,33.0,33.0,0,24,0,0,5.0,24.0,0.0,75.0,51.0,4.0,12769.0
prefetch,33.0,strong,17,0,30,87.846,0.10481,0.0,0.89519,0.6743,0.2551,29,23,0.20689655172413793,0.7931034482758621,0.20689655172413793,5753,33.0,33.0,0,23,0,0,6.0,23.0,0.0,74.0,51.0,6.0,12759.0
prefetch,33.0,strong,18,0,30,83.49,0.16482,0.03676,0.79842,0.60129,0.10399,29,19,0.3448275862068966,0.6551724137931034,0.3448275862068966,4756,33.0,33.0,0,19,0,0,10.0,19.0,0.0,79.0,60.0,5.0,15027.0
prefetch,33.0,strong,19,0,30,84.975,0.16194,0.0,0.83806,0.64672,0.26109,29,24,0.1724137931034483,0.8275862068965517,0.1724137931034483,6005,33.0,33.0,0,24,0,0,5.0,24.0,0.0,92.0,68.0,3.0,17034.0
prefetch,33.0,strong,20,0,30,87.186,0.13399,0.0,0.86601,0.59886,0.24865,29,25,0.13793103448275862,0.8620689655172413,0.13793103448275862,6254,33.0,33.0,0,25,0,0,4.0,25.0,0.0,89.0,64.0,3.0,16008.0
prefetch,33.0,strong,21,0,30,88.11,0.14232,0.0,0.85768,0.61446,0.28164,29,22,0.2413793103448276,0.7586206896551724,0.2413793103448276,5507,33.0,33.0,0,22,0,0,7.0,22.0,0.0,65.0,43.0,1.0,10767.0
prefetch,33.0,strong,22,0,30,92.433,0.15816,0.02785,0.814,0.57587,0.12342,29,23,0.20689655172413793,0.7931034482758621,0.20689655172413793,5761,33.0,33.0,0,23,0,0,6.0,23.0,0.0,66.0,43.0,2.0,10763.0
prefetch,33.0,strong,23,0,30,90.882,0.14234,0.0,0.85766,0.67883,0.38879,29,23,0.20689655172413793,0.7931034482758621,0.20689655172413793,5756,33.0,33.0,0,23,0,0,6.0,23.0,0.0,68.0,45.0,4.0,11272.0
prefetch,33.0,strong,24,0,30,92.103,0.10641,0.0,0.89359,0.67252,0.33843,29,22,0.2413793103448276,0.7586206896551724,0.2413793103448276,5507,33.0,33.0,0,22,0,0,7.0,22.0,0.0,85.0,63.0,5.0,15773.0
prefetch,33.0,strong,25,0,30,83.754,0.15445,0.0,0.84555,0.6308,0.23242,29,26,0.10344827586206896,0.896551724137931,0.10344827586206896,6504,33.0,33.0,0,26,0,0,3.0,26.0,0.0,78.0,52.0,3.0,13022.0
prefetch,33.0,strong,26,1,13,42.669,0.23202,0.05336,0.71462,0.6857,0.0,13,11,0.15384615384615385,0.8461538461538461,0.15384615384615385,2754,33.0,33.0,0,11,0,0,2.0,11.0,0.0,41.0,30.0,2.0,7513.0
prefetch,33.0,strong,27,0,30,97.152,0.0856,0.0,0.9144,0.74674,0.48526,29,19,0.3448275862068966,0.6551724137931034,0.3448275862068966,4756,33.0,33.0,0,19,0,0,10.0,19.0,0.0,53.0,34.0,5.0,8511.0
prefetch,33.0,strong,28,0,30,84.117,0.12515,0.0,0.87485,0.61746,0.27472,29,23,0.20689655172413793,0.7931034482758621,0.20689655172413793,5752,33.0,33.0,0,23,0,0,6.0,23.0,0.0,71.0,48.0,5.0,12011.0
prefetch,33.0,strong,29,0,30,97.086,0.09857,0.0,0.90143,0.62351,0.28053,29,24,0.1724137931034483,0.8275862068965517,0.1724137931034483,6011,33.0,33.0,0,24,0,0,5.0,24.0,0.0,77.0,53.0,2.0,13270.0
async,100.0,weak,0,0,30,124.014,0.029,0.0,0.971,0.4871,0.20172,29,29,0.034482758620689655,0.9655172413793104,0.0,7256,33.0,33.0,0,28,0,0,0.0,0.0,0.0,0.0,0.0,0.0,0.0
async,100.0,weak,1,1,8,41.283,0.15268,0.16227,0.68505,0.54996,0.0,8,8,0.0,1.0,0.0,2000,33.0,33.0,0,8,0,0,0.0,0.0,0.0,0.0,0.0,0.0,0.0
async,100.0,weak,2,0,30,126.324,0.1105,0.07184,0.81766,0.5702,0.06433,29,29,0.0,1.0,0.0,7258,33.0,33.0,0,29,0,0,0.0,0.0,0.0,0.0,0.0,0.0,0.0
async,100.0,weak,3,0,30,128.865,0.13188,0.02023,0.84789,0.63069,0.12519,29,29,0.0,1.0,0.0,7254,33.0,33.0,0,29,0,0,0.0,0.0,0.0,0.0,0.0,0.0,0.0
async,100.0,weak,4,0,30,122.463,0.15629,0.09566,0.74805,0.62553,0.06154,29,29,0.034482758620689655,0.9655172413793104,0.0,7254,33.0,33.0,0,28,0,0,0.0,0.0,0.0,0.0,0.0,0.0,0.0
async,100.0,weak,5,0,30,114.378,0.16128,0.01154,0.82718,0.66533,0.16781,29,29,0.0,1.0,0.0,7261,33.0,33.0,0,29,0,0,0.0,0.0,0.0,0.0,0.0,0.0,0.0
async,100.0,weak,6,0,30,117.48,0.06208,0.0,0.93792,0.66062,0.28899,29,29,0.034482758620689655,0.9655172413793104,0.0,7254,33.0,33.0,0,28,0,0,0.0,0.0,0.0,0.0,0.0,0.0,0.0
async,100.0,weak,7,0,30,136.488,0.04352,0.02394,0.93254,0.46391,0.15057,29,29,0.0,1.0,0.0,7257,33.0,33.0,0,29,0,0,0.0,0.0,0.0,0.0,0.0,0.0,0.0
async,100.0,weak,8,0,30,130.185,0.07731,0.00887,0.91381,0.55423,0.16198,29,29,0.0,1.0,0.0,7250,33.0,33.0,0,29,0,0,0.0,0.0,0.0,0.0,0.0,0.0,0.0
async,100.0,weak,9,0,30,123.915,0.10892,0.0735,0.81758,0.58889,0.06063,29,29,0.0,1.0,0.0,7257,33.0,33.0,0,29,0,0,0.0,0.0,0.0,0.0,0.0,0.0,0.0
async,100.0,weak,10,0,30,121.671,0.11663,0.06726,0.81611,0.63496,0.08101,29,29,0.034482758620689655,0.9655172413793104,0.0,7255,33.0,33.0,0,28,0,0,0.0,0.0,0.0,0.0,0.0,0.0,0.0
async,100.0,weak,11,1,4,26.961,0.15422,0.09425,0.75153,0.68299,0.0,4,4,0.0,1.0,0.0,1000,33.0,33.0,0,4,0,0,0.0,0.0,0.0,0.0,0.0,0.0,0.0
async,100.0,weak,12,1,15,65.934,0.08108,0.09059,0.82833,0.47491,0.0,15,15,0.0,1.0,0.0,3750,33.0,33.0,0,15,0,0,0.0,0.0,0.0,0.0,0.0,0.0,0.0
async,100.0,weak,13,0,30,121.638,0.02604,0.02876,0.9452,0.59608,0.10615,29,29,0.0,1.0,0.0,7256,33.0,33.0,0,29,0,0,0.0,0.0,0.0,0.0,0.0,0.0,0.0
async,100.0,weak,14,0,30,126.357,0.09193,0.04832,0.85975,0.60345,0.14697,29,29,0.034482758620689655,0.9655172413793104,0.0,7260,33.0,33.0,0,28,0,0,0.0,0.0,0.0,0.0,0.0,0.0,0.0
async,100.0,weak,15,0,30,132.561,0.0463,0.05775,0.89594,0.61262,0.08239,29,29,0.0,1.0,0.0,7262,33.0,33.0,0,29,0,0,0.0,0.0,0.0,0.0,0.0,0.0,0.0
async,100.0,weak,16,0,30,126.588,0.06465,0.03206,0.90328,0.57855,0.14164,29,29,0.0,1.0,0.0,7256,33.0,33.0,0,29,0,0,0.0,0.0,0.0,0.0,0.0,0.0,0.0
async,100.0,weak,17,0,30,119.328,0.04314,0.02406,0.9328,0.58478,0.151,29,29,0.0,1.0,0.0,7253,33.0,33.0,0,29,0,0,0.0,0.0,0.0,0.0,0.0,0.0,0.0
async,100.0,weak,18,0,30,137.379,0.03003,0.03507,0.9349,0.47177,0.13744,29,29,0.0,1.0,0.0,7262,33.0,33.0,0,29,0,0,0.0,0.0,0.0,0.0,0.0,0.0,0.0
async,100.0,weak,19,0,30,131.736,0.02705,0.03432,0.93863,0.46127,0.11566,29,29,0.0,1.0,0.0,7263,33.0,33.0,0,29,0,0,0.0,0.0,0.0,0.0,0.0,0.0,0.0
async,100.0,weak,20,0,30,128.304,0.16975,0.0,0.83025,0.68361,0.30748,29,29,0.0,1.0,0.0,7260,33.0,33.0,0,29,0,0,0.0,0.0,0.0,0.0,0.0,0.0,0.0
async,100.0,weak,21,1,7,43.461,0.12984,0.23083,0.63933,0.52725,0.0,7,7,0.14285714285714285,0.8571428571428571,0.0,1750,33.0,33.0,0,6,0,0,0.0,0.0,0.0,0.0,0.0,0.0,0.0
async,100.0,weak,22,0,30,138.765,0.02426,0.05256,0.92319,0.49145,0.06496,29,29,0.034482758620689655,0.9655172413793104,0.0,7255,33.0,33.0,0,28,0,0,0.0,0.0,0.0,0.0,0.0,0.0,0.0
async,100.0,weak,23,0,30,113.619,0.0485,0.02353,0.92797,0.5089,0.16279,29,29,0.0,1.0,0.0,7261,33.0,33.0,0,29,0,0,0.0,0.0,0.0,0.0,0.0,0.0,0.0
async,100.0,weak,24,1,17,80.355,0.14784,0.05051,0.80164,0.65523,0.0,17,17,0.058823529411764705,0.9411764705882353,0.0,4251,33.0,33.0,0,16,0,0,0.0,0.0,0.0,0.0,0.0,0.0,0.0
async,100.0,weak,25,0,30,113.025,0.08263,0.06161,0.85577,0.5514,0.10446,29,29,0.034482758620689655,0.9655172413793104,0.0,7262,33.0,33.0,0,28,0,0,0.0,0.0,0.0,0.0,0.0,0.0,0.0
async,100.0,weak,26,0,30,118.47,0.06713,0.0,0.93287,0.63499,0.23347,29,29,0.034482758620689655,0.9655172413793104,0.0,7263,33.0,33.0,0,28,0,0,0.0,0.0,0.0,0.0,0.0,0.0,0.0
async,100.0,weak,27,1,5,35.112,0.05733,0.15602,0.78665,0.46618,0.0,5,5,0.0,1.0,0.0,1250,33.0,33.0,0,5,0,0,0.0,0.0,0.0,0.0,0.0,0.0,0.0
async,100.0,weak,28,0,30,111.738,0.05759,0.03987,0.90254,0.58323,0.14095,29,29,0.0,1.0,0.0,7252,33.0,33.0,0,29,0,0,0.0,0.0,0.0,0.0,0.0,0.0,0.0
async,100.0,weak,29,0,30,123.453,0.17348,0.0,0.82652,0.6496,0.21881,29,29,0.0,1.0,0.0,7258,33.0,33.0,0,29,0,0,0.0,0.0,0.0,0.0,0.0,0.0,0.0
async,100.0,medium,0,0,30,99.561,0.06132,0.04408,0.8946,0.49931,0.14551,29,29,0.034482758620689655,0.9655172413793104,0.0,7251,33.0,33.0,0,28,0,0,0.0,0.0,0.0,0.0,0.0,0.0,0.0
async,100.0,medium,1,0,30,102.135,0.17997,0.13538,0.68465,0.57317,0.03087,29,29,0.0,1.0,0.0,7256,33.0,33.0,0,29,0,0,0.0,0.0,0.0,0.0,0.0,0.0,0.0
async,100.0,medium,2,1,19,74.646,0.1649,0.04465,0.79045,0.64456,0.0,19,19,0.0,1.0,0.0,4753,33.0,33.0,0,19,0,0,0.0,0.0,0.0,0.0,0.0,0.0,0.0
async,100.0,medium,3,0,30,112.53,0.11144,0.00293,0.88563,0.63853,0.19306,29,29,0.0,1.0,0.0,7259,33.0,33.0,0,29,0,0,0.0,0.0,0.0,0.0,0.0,0.0,0.0
async,100.0,medium,4,0,30,97.878,0.12643,0.09305,0.78051,0.53793,0.11907,29,29,0.034482758620689655,0.9655172413793104,0.0,7253,33.0,33.0,0,28,0,0,0.0,0.0,0.0,0.0,0.0,0.0,0.0
async,100.0,medium,5,0,30,105.831,0.09417,0.0,0.90583,0.68338,0.36529,29,29,0.0,1.0,0.0,7253,33.0,33.0,0,29,0,0,0.0,0.0,0.0,0.0,0.0,0.0,0.0
async,100.0,medium,6,0,30,107.415,0.05469,0.01751,0.9278,0.48899,0.15557,29,29,0.034482758620689655,0.9655172413793104,0.0,7255,33.0,33.0,0,28,0,0,0.0,0.0,0.0,0.0,0.0,0.0,0.0
async,100.0,medium,7,0,30,105.93,0.06262,0.05421,0.88318,0.50725,0.08855,29,29,0.0,1.0,0.0,7261,33.0,33.0,0,29,0,0,0.0,0.0,0.0,0.0,0.0,0.0,0.0
async,100.0,medium,8,0,30,110.121,0.07372,0.02128,0.905,0.60942,0.14576,29,29,0.0,1.0,0.0,7260,33.0,33.0,0,29,0,0,0.0,0.0,0.0,0.0,0.0,0.0,0.0
async,100.0,medium,9,1,8,35.112,0.19549,0.07519,0.72932,0.58886,0.0,8,8,0.0,1.0,0.0,2001,33.0,33.0,0,8,0,0,0.0,0.0,0.0,0.0,0.0,0.0,0.0
async,100.0,medium,10,0,30,96.591,0.0714,0.02392,0.90468,0.67436,0.09505,29,29,0.034482758620689655,0.9655172413793104,0.0,7250,33.0,33.0,0,28,0,0,0.0,0.0,0.0,0.0,0.0,0.0,0.0
async,100.0,medium,11,0,30,114.048,0.06395,0.0,0.93605,0.5655,0.248,29,29,0.0,1.0,0.0,7255,33.0,33.0,0,29,0,0,0.0,0.0,0.0,0.0,0.0,0.0,0.0
async,100.0,medium,12,0,30,100.386,0.13807,0.04471,0.81723,0.60698,0.13906,29,29,0.0,1.0,0.0,7255,33.0,33.0,0,29,0,0,0.0,0.0,0.0,0.0,0.0,0.0,0.0
async,100.0,medium,13,0,30,103.983,0.07775,0.05268,0.86957,0.46986,0.04562,29,29,0.0,1.0,0.0,7257,33.0,33.0,0,29,0,0,0.0,0.0,0.0,0.0,0.0,0.0,0.0
async,100.0,medium,14,0,30,96.294,0.06546,0.12543,0.80912,0.55941,0.02802,29,29,0.034482758620689655,0.9655172413793104,0.0,7256,33.0,33.0,0,28,0,0,0.0,0.0,0.0,0.0,0.0,0.0,0.0
async,100.0,medium,15,0,30,110.583,0.03074,0.0,0.96926,0.6471,0.23013,29,29,0.0,1.0,0.0,7256,33.0,33.0,0,29,0,0,0.0,0.0,0.0,0.0,0.0,0.0,0.0
async,100.0,medium,16,0,30,107.217,0.06925,0.01077,0.91998,0.52121,0.14493,29,29,0.0,1.0,0.0,7260,33.0,33.0,0,29,0,0,0.0,0.0,0.0,0.0,0.0,0.0,0.0
async,100.0,medium,17,0,30,117.645,0.02609,0.00224,0.97167,0.54176,0.19636,29,29,0.0,1.0,0.0,7258,33.0,33.0,0,29,0,0,0.0,0.0,0.0,0.0,0.0,0.0,0.0
async,100.0,medium,18,1,16,63.063,0.0921,0.04134,0.86656,0.59677,0.0,16,16,0.0,1.0,0.0,4007,33.0,33.0,0,16,0,0,0.0,0.0,0.0,0.0,0.0,0.0,0.0
async,100.0,medium,19,0,30,104.28,0.0712,0.01203,0.91677,0.56527,0.13492,29,29,0.0,1.0,0.0,7263,33.0,33.0,0,29,0,0,0.0,0.0,0.0,0.0,0.0,0.0,0.0
async,100.0,medium,20,0,30,97.713,0.07869,0.06586,0.85545,0.5924,0.03975,29,29,0.0,1.0,0.0,7256,33.0,33.0,0,29,0,0,0.0,0.0,0.0,0.0,0.0,0.0,0.0
async,100.0,medium,21,1,8,35.97,0.3,0.15505,0.54495,0.61205,0.0,8,8,0.125,0.875,0.0,2000,33.0,33.0,0,7,0,0,0.0,0.0,0.0,0.0,0.0,0.0,0.0
async,100.0,medium,22,0,30,111.276,0.04389,0.0,0.95611,0.51093,0.22896,29,29,0.034482758620689655,0.9655172413793104,0.0,7248,33.0,33.0,0,28,0,0,0.0,0.0,0.0,0.0,0.0,0.0,0.0
async,100.0,medium,23,0,30,103.356,0.05428,0.0,0.94572,0.52125,0.23188,29,29,0.0,1.0,0.0,7256,33.0,33.0,0,29,0,0,0.0,0.0,0.0,0.0,0.0,0.0,0.0
async,100.0,medium,24,1,17,73.425,0.11101,0.08,0.80899,0.63702,0.0,17,17,0.058823529411764705,0.9411764705882353,0.0,4251,33.0,33.0,0,16,0,0,0.0,0.0,0.0,0.0,0.0,0.0,0.0
async,100.0,medium,25,0,30,104.379,0.07303,0.15871,0.76826,0.44591,0.04294,29,29,0.034482758620689655,0.9655172413793104,0.0,7254,33.0,33.0,0,28,0,0,0.0,0.0,0.0,0.0,0.0,0.0,0.0
async,100.0,medium,26,0,30,97.911,0.13616,0.0,0.86384,0.65021,0.24464,29,29,0.034482758620689655,0.9655172413793104,0.0,7256,33.0,33.0,0,28,0,0,0.0,0.0,0.0,0.0,0.0,0.0,0.0
async,100.0,medium,27,0,30,108.339,0.05513,0.00183,0.94304,0.5596,0.19612,29,29,0.034482758620689655,0.9655172413793104,0.0,7258,33.0,33.0,0,28,0,0,0.0,0.0,0.0,0.0,0.0,0.0,0.0
async,100.0,medium,28,0,30,104.973,0.10909,0.01823,0.87268,0.59183,0.0796,29,29,0.0,1.0,0.0,7257,33.0,33.0,0,29,0,0,0.0,0.0,0.0,0.0,0.0,0.0,0.0
async,100.0,medium,29,0,30,101.508,0.12939,0.12549,0.74512,0.59152,0.00817,29,29,0.0,1.0,0.0,7256,33.0,33.0,0,29,0,0,0.0,0.0,0.0,0.0,0.0,0.0,0.0
async,100.0,strong,0,0,30,85.041,0.19286,0.04579,0.76135,0.64043,0.14654,29,29,0.034482758620689655,0.9655172413793104,0.0,7260,33.0,33.0,0,28,0,0,0.0,0.0,0.0,0.0,0.0,0.0,0.0
async,100.0,strong,1,0,30,82.467,0.22689,0.0112,0.7619,0.69851,0.17787,29,29,0.0,1.0,0.0,7259,33.0,33.0,0,29,0,0,0.0,0.0,0.0,0.0,0.0,0.0,0.0
async,100.0,strong,2,0,30,89.595,0.11823,0.0,0.88177,0.67883,0.26395,29,29,0.0,1.0,0.0,7263,33.0,33.0,0,29,0,0,0.0,0.0,0.0,0.0,0.0,0.0,0.0
async,100.0,strong,3,0,30,87.945,0.08068,0.0,0.91932,0.68448,0.2152,29,29,0.0,1.0,0.0,7259,33.0,33.0,0,29,0,0,0.0,0.0,0.0,0.0,0.0,0.0,0.0
async,100.0,strong,4,0,30,87.714,0.16704,0.05041,0.78254,0.58878,0.13121,29,29,0.034482758620689655,0.9655172413793104,0.0,7258,33.0,33.0,0,28,0,0,0.0,0.0,0.0,0.0,0.0,0.0,0.0
async,100.0,strong,5,0,30,88.572,0.13785,0.0,0.86215,0.67446,0.28923,29,29,0.0,1.0,0.0,7253,33.0,33.0,0,29,0,0,0.0,0.0,0.0,0.0,0.0,0.0,0.0
async,100.0,strong,6,0,30,84.117,0.1683,0.0,0.8317,0.71528,0.21795,29,29,0.034482758620689655,0.9655172413793104,0.0,7252,33.0,33.0,0,28,0,0,0.0,0.0,0.0,0.0,0.0,0.0,0.0
async,100.0,strong,7,0,30,95.667,0.10003,0.03691,0.86306,0.50745,0.09007,29,29,0.0,1.0,0.0,7262,33.0,33.0,0,29,0,0,0.0,0.0,0.0,0.0,0.0,0.0,0.0
async,100.0,strong,8,0,30,89.694,0.11442,0.15269,0.73289,0.57652,0.03607,29,29,0.0,1.0,0.0,7251,33.0,33.0,0,29,0,0,0.0,0.0,0.0,0.0,0.0,0.0,0.0
async,100.0,strong,9,0,30,84.612,0.23401,0.04524,0.72075,0.6351,0.11887,29,29,0.0,1.0,0.0,7261,33.0,33.0,0,29,0,0,0.0,0.0,0.0,0.0,0.0,0.0,0.0
async,100.0,strong,10,0,30,86.988,0.13998,0.02769,0.83232,0.54379,0.14656,29,29,0.034482758620689655,0.9655172413793104,0.0,7265,33.0,33.0,0,28,0,0,0.0,0.0,0.0,0.0,0.0,0.0,0.0
async,100.0,strong,11,0,30,85.569,0.12071,0.0,0.87929,0.57882,0.26578,29,29,0.0,1.0,0.0,7253,33.0,33.0,0,29,0,0,0.0,0.0,0.0,0.0,0.0,0.0,0.0
async,100.0,strong,12,0,30,90.123,0.13475,0.0,0.86525,0.61065,0.27643,29,29,0.0,1.0,0.0,7265,33.0,33.0,0,29,0,0,0.0,0.0,0.0,0.0,0.0,0.0,0.0
async,100.0,strong,13,0,30,82.17,0.16185,0.12329,0.71486,0.54111,0.0808,29,29,0.0,1.0,0.0,7253,33.0,33.0,0,29,0,0,0.0,0.0,0.0,0.0,0.0,0.0,0.0
async,100.0,strong,14,0,30,86.361,0.12839,0.0,0.87161,0.53312,0.20292,29,29,0.034482758620689655,0.9655172413793104,0.0,7259,33.0,33.0,0,28,0,0,0.0,0.0,0.0,0.0,0.0,0.0,0.0
async,100.0,strong,15,0,30,105.204,0.07309,0.00847,0.91844,0.57035,0.18894,29,29,0.0,1.0,0.0,7269,33.0,33.0,0,29,0,0,0.0,0.0,0.0,0.0,0.0,0.0,0.0
async,100.0,strong,16,0,30,89.166,0.12953,0.06255,0.80792,0.49563,0.05638,29,29,0.0,1.0,0.0,7267,33.0,33.0,0,29,0,0,0.0,0.0,0.0,0.0,0.0,0.0,0.0
async,100.0,strong,17,0,30,97.482,0.09648,0.0,0.90352,0.63393,0.30928,29,29,0.0,1.0,0.0,7262,33.0,33.0,0,29,0,0,0.0,0.0,0.0,0.0,0.0,0.0,0.0
async,100.0,strong,18,0,30,84.942,0.10878,0.01632,0.8749,0.59615,0.12991,29,29,0.0,1.0,0.0,7251,33.0,33.0,0,29,0,0,0.0,0.0,0.0,0.0,0.0,0.0,0.0
async,100.0,strong,19,0,30,78.144,0.144,0.00718,0.84882,0.65141,0.18235,29,29,0.0,1.0,0.0,7253,33.0,33.0,0,29,0,0,0.0,0.0,0.0,0.0,0.0,0.0,0.0
async,100.0,strong,20,0,30,85.074,0.1249,0.0,0.8751,0.64777,0.27496,29,29,0.0,1.0,0.0,7254,33.0,33.0,0,29,0,0,0.0,0.0,0.0,0.0,0.0,0.0,0.0
async,100.0,strong,21,0,30,91.113,0.1264,0.0,0.8736,0.55333,0.23007,29,29,0.034482758620689655,0.9655172413793104,0.0,7264,33.0,33.0,0,28,0,0,0.0,0.0,0.0,0.0,0.0,0.0,0.0
async,100.0,strong,22,1,18,60.093,0.15541,0.04997,0.79462,0.57996,0.0,18,18,0.0,1.0,0.0,4500,33.0,33.0,0,18,0,0,0.0,0.0,0.0,0.0,0.0,0.0,0.0
async,100.0,strong,23,0,30,95.898,0.12182,0.0,0.87818,0.5954,0.25323,29,29,0.0,1.0,0.0,7268,33.0,33.0,0,29,0,0,0.0,0.0,0.0,0.0,0.0,0.0,0.0
async,100.0,strong,24,0,30,91.245,0.14322,0.0,0.85678,0.67094,0.35508,29,29,0.034482758620689655,0.9655172413793104,0.0,7260,33.0,33.0,0,28,0,0,0.0,0.0,0.0,0.0,0.0,0.0,0.0
async,100.0,strong,25,0,30,85.239,0.14557,0.12118,0.73326,0.49896,0.07554,29,29,0.034482758620689655,0.9655172413793104,0.0,7261,33.0,33.0,0,28,0,0,0.0,0.0,0.0,0.0,0.0,0.0,0.0
async,100.0,strong,26,0,30,81.015,0.13401,0.04888,0.81711,0.52881,0.12216,29,29,0.034482758620689655,0.9655172413793104,0.0,7256,33.0,33.0,0,28,0,0,0.0,0.0,0.0,0.0,0.0,0.0,0.0
async,100.0,strong,27,0,30,105.534,0.06723,0.0,0.93277,0.63768,0.29305,29,29,0.034482758620689655,0.9655172413793104,0.0,7267,33.0,33.0,0,28,0,0,0.0,0.0,0.0,0.0,0.0,0.0,0.0
async,100.0,strong,28,0,30,89.298,0.1456,0.01441,0.83999,0.53185,0.17557,29,29,0.0,1.0,0.0,7260,33.0,33.0,0,29,0,0,0.0,0.0,0.0,0.0,0.0,0.0,0.0
async,100.0,strong,29,0,30,84.513,0.22179,0.05076,0.72745,0.61503,0.03848,29,29,0.0,1.0,0.0,7262,33.0,33.0,0,29,0,0,0.0,0.0,0.0,0.0,0.0,0.0,0.0
cache,100.0,weak,0,0,30,124.014,0.029,0.0,0.971,0.513,0.20172,29,25,0.1724137931034483,0.8275862068965517,0.13793103448275862,6252,33.0,33.0,0,24,0,0,4.0,25.0,0.0,25.0,0.0,0.0,0.0
cache,100.0,weak,1,1,8,41.844,0.15457,0.16877,0.67666,0.55526,0.0,8,7,0.125,0.875,0.125,1750,33.0,33.0,0,7,0,0,1.0,7.0,0.0,7.0,0.0,0.0,0.0
cache,100.0,weak,2,0,30,125.07,0.11161,0.07256,0.81583,0.57142,0.06433,29,28,0.034482758620689655,0.9655172413793104,0.034482758620689655,7006,33.0,33.0,0,28,0,0,1.0,28.0,0.0,28.0,0.0,0.0,0.0
cache,100.0,weak,3,0,30,133.485,0.10408,0.0136,0.88232,0.63609,0.12519,29,26,0.10344827586206896,0.896551724137931,0.10344827586206896,6504,33.0,33.0,0,26,0,0,3.0,26.0,0.0,26.0,0.0,0.0,0.0
cache,100.0,weak,4,0,30,122.463,0.15737,0.09566,0.74697,0.62456,0.06154,29,26,0.10344827586206896,0.896551724137931,0.10344827586206896,6504,33.0,33.0,0,26,0,0,3.0,26.0,0.0,26.0,0.0,0.0,0.0
cache,100.0,weak,5,0,30,115.5,0.17086,0.0,0.82914,0.67868,0.20527,29,26,0.10344827586206896,0.896551724137931,0.10344827586206896,6509,33.0,33.0,0,26,0,0,3.0,26.0,0.0,26.0,0.0,0.0,0.0
cache,100.0,weak,6,0,30,115.038,0.11733,0.0,0.88267,0.67864,0.28899,29,27,0.10344827586206896,0.896551724137931,0.06896551724137931,6753,33.0,33.0,0,26,0,0,2.0,27.0,0.0,27.0,0.0,0.0,0.0
cache,100.0,weak,7,0,30,135.993,0.04368,0.0,0.95632,0.56392,0.30502,29,27,0.06896551724137931,0.9310344827586207,0.06896551724137931,6758,33.0,33.0,0,27,0,0,2.0,27.0,0.0,27.0,0.0,0.0,0.0
cache,100.0,weak,8,0,30,130.185,0.07731,0.00887,0.91381,0.54956,0.16198,29,27,0.06896551724137931,0.9310344827586207,0.06896551724137931,6748,33.0,33.0,0,27,0,0,2.0,27.0,0.0,27.0,0.0,0.0,0.0
cache,100.0,weak,9,0,30,123.915,0.10999,0.0735,0.81651,0.59012,0.06063,29,28,0.034482758620689655,0.9655172413793104,0.034482758620689655,7007,33.0,33.0,0,28,0,0,1.0,28.0,0.0,28.0,0.0,0.0,0.0
cache,100.0,weak,10,1,19,83.094,0.16124,0.11676,0.722,0.62852,0.0,19,18,0.10526315789473684,0.8947368421052632,0.05263157894736842,4503,33.0,33.0,0,17,0,0,1.0,18.0,0.0,18.0,0.0,0.0,0.0
cache,100.0,weak,11,1,4,26.961,0.15422,0.09425,0.75153,0.68299,0.0,4,4,0.0,1.0,0.0,1000,33.0,33.0,0,4,0,0,0.0,4.0,0.0,4.0,0.0,0.0,0.0
cache,100.0,weak,12,0,30,120.351,0.04442,0.07376,0.88182,0.50824,0.02721,29,25,0.13793103448275862,0.8620689655172413,0.13793103448275862,6253,33.0,33.0,0,25,0,0,4.0,25.0,0.0,25.0,0.0,0.0,0.0
cache,100.0,weak,13,0,30,121.638,0.02604,0.04368,0.93028,0.57755,0.10615,29,28,0.034482758620689655,0.9655172413793104,0.034482758620689655,7004,33.0,33.0,0,28,0,0,1.0,28.0,0.0,28.0,0.0,0.0,0.0
cache,100.0,weak,14,0,30,124.509,0.02889,0.0,0.97111,0.61242,0.27702,29,27,0.10344827586206896,0.896551724137931,0.06896551724137931,6758,33.0,33.0,0,26,0,0,2.0,27.0,0.0,27.0,0.0,0.0,0.0
cache,100.0,weak,15,0,30,123.288,0.05782,0.0,0.94218,0.60207,0.20838,29,25,0.13793103448275862,0.8620689655172413,0.13793103448275862,6256,33.0,33.0,0,25,0,0,4.0,25.0,0.0,25.0,0.0,0.0,0.0
cache,100.0,weak,16,0,30,126.588,0.06465,0.03206,0.90328,0.57969,0.14164,29,28,0.034482758620689655,0.9655172413793104,0.034482758620689655,7006,33.0,33.0,0,28,0,0,1.0,28.0,0.0,28.0,0.0,0.0,0.0
cache,100.0,weak,17,0,30,119.691,0.05459,0.01461,0.9308,0.58896,0.13176,29,25,0.13793103448275862,0.8620689655172413,0.13793103448275862,6256,33.0,33.0,0,25,0,0,4.0,25.0,0.0,25.0,0.0,0.0,0.0
cache,100.0,weak,18,1,16,90.816,0.04542,0.03634,0.91824,0.52207,0.0,16,15,0.0625,0.9375,0.0625,3755,33.0,33.0,0,15,0,0,1.0,15.0,0.0,15.0,0.0,0.0,0.0
cache,100.0,weak,19,0,30,131.208,0.02716,0.0,0.97284,0.49261,0.20578,29,24,0.1724137931034483,0.8275862068965517,0.1724137931034483,6010,33.0,33.0,0,24,0,0,5.0,24.0,0.0,24.0,0.0,0.0,0.0
cache,100.0,weak,20,0,30,121.605,0.1498,0.0,0.8502,0.73959,0.43128,29,26,0.10344827586206896,0.896551724137931,0.10344827586206896,6504,33.0,33.0,0,26,0,0,3.0,26.0,0.0,26.0,0.0,0.0,0.0
cache,100.0,weak,21,1,6,38.247,0.17084,0.16307,0.66609,0.59367,0.0,6,5,0.3333333333333333,0.6666666666666666,0.16666666666666666,1250,33.0,33.0,0,4,0,0,1.0,5.0,0.0,5.0,0.0,0.0,0.0
cache,100.0,weak,22,0,30,138.765,0.02426,0.0478,0.92794,0.49803,0.06496,29,27,0.10344827586206896,0.896551724137931,0.06896551724137931,6755,33.0,33.0,0,26,0,0,2.0,27.0,0.0,27.0,0.0,0.0,0.0
cache,100.0,weak,23,0,30,129.591,0.11332,0.08658,0.8001,0.57929,0.04463,29,27,0.06896551724137931,0.9310344827586207,0.06896551724137931,6758,33.0,33.0,0,27,0,0,2.0,27.0,0.0,27.0,0.0,0.0,0.0
cache,100.0,weak,24,1,17,80.355,0.14784,0.05051,0.80164,0.65523,0.0,17,17,0.058823529411764705,0.9411764705882353,0.0,4251,33.0,33.0,0,16,0,0,0.0,17.0,0.0,17.0,0.0,0.0,0.0
cache,100.0,weak,25,0,30,113.025,0.08263,0.05547,0.8619,0.56705,0.10446,29,28,0.06896551724137931,0.9310344827586207,0.034482758620689655,7011,33.0,33.0,0,27,0,0,1.0,28.0,0.0,28.0,0.0,0.0,0.0
cache,100.0,weak,26,0,30,119.625,0.08828,0.0,0.91172,0.5739,0.23347,29,26,0.13793103448275862,0.8620689655172413,0.10344827586206896,6509,33.0,33.0,0,25,0,0,3.0,26.0,0.0,26.0,0.0,0.0,0.0
cache,100.0,weak,27,1,5,35.112,0.05733,0.15602,0.78665,0.46618,0.0,5,5,0.0,1.0,0.0,1250,33.0,33.0,0,5,0,0,0.0,5.0,0.0,5.0,0.0,0.0,0.0
cache,100.0,weak,28,0,30,108.834,0.07338,0.04093,0.88569,0.60071,0.14095,29,26,0.10344827586206896,0.896551724137931,0.10344827586206896,6501,33.0,33.0,0,26,0,0,3.0,26.0,0.0,26.0,0.0,0.0,0.0
cache,100.0,weak,29,0,30,123.453,0.16814,0.0,0.83186,0.64883,0.21881,29,26,0.10344827586206896,0.896551724137931,0.10344827586206896,6506,33.0,33.0,0,26,0,0,3.0,26.0,0.0,26.0,0.0,0.0,0.0
cache,100.0,medium,0,0,30,98.967,0.06169,0.04435,0.89396,0.49995,0.14551,29,28,0.06896551724137931,0.9310344827586207,0.034482758620689655,7001,33.0,33.0,0,27,0,0,1.0,28.0,0.0,28.0,0.0,0.0,0.0
cache,100.0,medium,1,0,30,96.195,0.15129,0.10669,0.74202,0.63784,0.03087,29,27,0.06896551724137931,0.9310344827586207,0.06896551724137931,6754,33.0,33.0,0,27,0,0,2.0,27.0,0.0,27.0,0.0,0.0,0.0
cache,100.0,medium,2,1,19,74.646,0.1649,0.04465,0.79045,0.64456,0.0,19,19,0.0,1.0,0.0,4753,33.0,33.0,0,19,0,0,0.0,19.0,0.0,19.0,0.0,0.0,0.0
cache,100.0,medium,3,0,30,115.566,0.09309,0.0731,0.83381,0.61654,0.05619,29,28,0.034482758620689655,0.9655172413793104,0.034482758620689655,7008,33.0,33.0,0,28,0,0,1.0,28.0,0.0,28.0,0.0,0.0,0.0
cache,100.0,medium,4,0,30,101.607,0.14518,0.04709,0.80773,0.57024,0.1342,29,25,0.13793103448275862,0.8620689655172413,0.13793103448275862,6251,33.0,33.0,0,25,0,0,4.0,25.0,0.0,25.0,0.0,0.0,0.0
cache,100.0,medium,5,0,30,110.649,0.11035,0.0,0.88965,0.69035,0.36529,29,27,0.06896551724137931,0.9310344827586207,0.06896551724137931,6751,33.0,33.0,0,27,0,0,2.0,27.0,0.0,27.0,0.0,0.0,0.0
cache,100.0,medium,6,0,30,100.023,0.09106,0.01881,0.89014,0.54098,0.15557,29,27,0.10344827586206896,0.896551724137931,0.06896551724137931,6752,33.0,33.0,0,26,0,0,2.0,27.0,0.0,27.0,0.0,0.0,0.0
cache,100.0,medium,7,0,30,94.611,0.07011,0.0,0.92989,0.63138,0.32172,29,26,0.10344827586206896,0.896551724137931,0.10344827586206896,6503,33.0,33.0,0,26,0,0,3.0,26.0,0.0,26.0,0.0,0.0,0.0
cache,100.0,medium,8,0,30,108.537,0.07601,0.00365,0.92034,0.59271,0.19431,29,26,0.10344827586206896,0.896551724137931,0.10344827586206896,6505,33.0,33.0,0,26,0,0,3.0,26.0,0.0,26.0,0.0,0.0,0.0
cache,100.0,medium,9,1,8,35.112,0.19549,0.07519,0.72932,0.58886,0.0,8,8,0.0,1.0,0.0,2001,33.0,33.0,0,8,0,0,0.0,8.0,0.0,8.0,0.0,0.0,0.0
cache,100.0,medium,10,1,16,68.178,0.17764,0.04163,0.78074,0.69071,0.0,16,15,0.125,0.875,0.0625,3752,33.0,33.0,0,14,0,0,1.0,15.0,0.0,15.0,0.0,0.0,0.0
cache,100.0,medium,11,0,30,108.603,0.07809,0.0,0.92191,0.59536,0.248,29,27,0.06896551724137931,0.9310344827586207,0.06896551724137931,6751,33.0,33.0,0,27,0,0,2.0,27.0,0.0,27.0,0.0,0.0,0.0
cache,100.0,medium,12,0,30,100.452,0.14849,0.04468,0.80683,0.61272,0.13906,29,26,0.10344827586206896,0.896551724137931,0.10344827586206896,6506,33.0,33.0,0,26,0,0,3.0,26.0,0.0,26.0,0.0,0.0,0.0
cache,100.0,medium,13,0,30,102.168,0.07913,0.05362,0.86725,0.50853,0.04562,29,27,0.06896551724137931,0.9310344827586207,0.06896551724137931,6757,33.0,33.0,0,27,0,0,2.0,27.0,0.0,27.0,0.0,0.0,0.0
cache,100.0,medium,14,0,30,93.126,0.14777,0.0776,0.77463,0.63809,0.07042,29,27,0.10344827586206896,0.896551724137931,0.06896551724137931,6754,33.0,33.0,0,26,0,0,2.0,27.0,0.0,27.0,0.0,0.0,0.0
cache,100.0,medium,15,0,30,109.461,0.04221,0.0401,0.9177,0.57036,0.13215,29,24,0.1724137931034483,0.8275862068965517,0.1724137931034483,6001,33.0,33.0,0,24,0,0,5.0,24.0,0.0,24.0,0.0,0.0,0.0
cache,100.0,medium,16,0,30,105.633,0.07341,0.01562,0.91097,0.59627,0.14344,29,26,0.10344827586206896,0.896551724137931,0.10344827586206896,6505,33.0,33.0,0,26,0,0,3.0,26.0,0.0,26.0,0.0,0.0,0.0
cache,100.0,medium,17,0,30,102.135,0.04523,0.10598,0.84879,0.518,0.03828,29,27,0.06896551724137931,0.9310344827586207,0.06896551724137931,6752,33.0,33.0,0,27,0,0,2.0,27.0,0.0,27.0,0.0,0.0,0.0
cache,100.0,medium,18,0,30,106.854,0.05435,0.0,0.94565,0.69158,0.47735,29,21,0.27586206896551724,0.7241379310344828,0.27586206896551724,5256,33.0,33.0,0,21,0,0,8.0,21.0,0.0,21.0,0.0,0.0,0.0
cache,100.0,medium,19,1,10,42.306,0.17551,0.07332,0.75117,0.58103,0.0,10,9,0.1,0.9,0.1,2251,33.0,33.0,0,9,0,0,1.0,9.0,0.0,9.0,0.0,0.0,0.0
cache,100.0,medium,20,0,30,98.769,0.08052,0.10658,0.8129,0.57579,0.04441,29,26,0.10344827586206896,0.896551724137931,0.10344827586206896,6504,33.0,33.0,0,26,0,0,3.0,26.0,0.0,26.0,0.0,0.0,0.0
cache,100.0,medium,21,1,8,35.97,0.3,0.15505,0.54495,0.61205,0.0,8,8,0.125,0.875,0.0,2000,33.0,33.0,0,7,0,0,0.0,8.0,0.0,8.0,0.0,0.0,0.0
cache,100.0,medium,22,0,30,107.943,0.06542,0.00887,0.92571,0.6684,0.15481,29,23,0.2413793103448276,0.7586206896551724,0.20689655172413793,5749,33.0,33.0,0,22,0,0,6.0,23.0,0.0,23.0,0.0,0.0,0.0
cache,100.0,medium,23,0,30,100.914,0.05559,0.0,0.94441,0.59645,0.23188,29,25,0.13793103448275862,0.8620689655172413,0.13793103448275862,6253,33.0,33.0,0,25,0,0,4.0,25.0,0.0,25.0,0.0,0.0,0.0
cache,100.0,medium,24,1,17,73.425,0.11101,0.08,0.80899,0.63702,0.0,17,17,0.058823529411764705,0.9411764705882353,0.0,4251,33.0,33.0,0,16,0,0,0.0,17.0,0.0,17.0,0.0,0.0,0.0
cache,100.0,medium,25,1,18,66.264,0.11504,0.21464,0.67032,0.49917,0.0,18,17,0.1111111111111111,0.8888888888888888,0.05555555555555555,4253,33.0,33.0,0,16,0,0,1.0,17.0,0.0,17.0,0.0,0.0,0.0
cache,100.0,medium,26,0,30,98.208,0.14617,0.0,0.85383,0.67437,0.2761,29,26,0.13793103448275862,0.8620689655172413,0.10344827586206896,6506,33.0,33.0,0,25,0,0,3.0,26.0,0.0,26.0,0.0,0.0,0.0
cache,100.0,medium,27,0,30,100.815,0.05957,0.01538,0.92504,0.61866,0.16756,29,28,0.06896551724137931,0.9310344827586207,0.034482758620689655,7001,33.0,33.0,0,27,0,0,1.0,28.0,0.0,28.0,0.0,0.0,0.0
cache,100.0,medium,28,0,30,104.973,0.10909,0.01823,0.87268,0.59461,0.0796,29,28,0.034482758620689655,0.9655172413793104,0.034482758620689655,7007,33.0,33.0,0,28,0,0,1.0,28.0,0.0,28.0,0.0,0.0,0.0
cache,100.0,medium,29,0,30,101.343,0.08597,0.02931,0.88473,0.65984,0.11417,29,25,0.13793103448275862,0.8620689655172413,0.13793103448275862,6256,33.0,33.0,0,25,0,0,4.0,25.0,0.0,25.0,0.0,0.0,0.0
cache,100.0,strong,0,0,30,86.361,0.18991,0.0321,0.77799,0.65595,0.14654,29,28,0.06896551724137931,0.9310344827586207,0.034482758620689655,7010,33.0,33.0,0,27,0,0,1.0,28.0,0.0,28.0,0.0,0.0,0.0
cache,100.0,strong,1,0,30,81.312,0.24756,0.01136,0.74107,0.7147,0.17787,29,25,0.13793103448275862,0.8620689655172413,0.13793103448275862,6257,33.0,33.0,0,25,0,0,4.0,25.0,0.0,25.0,0.0,0.0,0.0
cache,100.0,strong,2,0,30,88.803,0.13378,0.0,0.86622,0.7006,0.26395,29,26,0.10344827586206896,0.896551724137931,0.10344827586206896,6512,33.0,33.0,0,26,0,0,3.0,26.0,0.0,26.0,0.0,0.0,0.0
cache,100.0,strong,3,0,30,88.869,0.10583,0.0,0.89417,0.71492,0.25627,29,27,0.06896551724137931,0.9310344827586207,0.06896551724137931,6759,33.0,33.0,0,27,0,0,2.0,27.0,0.0,27.0,0.0,0.0,0.0
cache,100.0,strong,4,0,30,84.612,0.13456,0.0429,0.82254,0.55657,0.13121,29,26,0.10344827586206896,0.896551724137931,0.10344827586206896,6513,33.0,33.0,0,26,0,0,3.0,26.0,0.0,26.0,0.0,0.0,0.0
cache,100.0,strong,5,0,30,87.252,0.15469,0.0,0.84531,0.68676,0.28923,29,26,0.10344827586206896,0.896551724137931,0.10344827586206896,6503,33.0,33.0,0,26,0,0,3.0,26.0,0.0,26.0,0.0,0.0,0.0
cache,100.0,strong,6,0,30,84.117,0.1683,0.0,0.8317,0.71528,0.21795,29,29,0.034482758620689655,0.9655172413793104,0.0,7252,33.0,33.0,0,28,0,0,0.0,29.0,0.0,29.0,0.0,0.0,0.0
cache,100.0,strong,7,0,30,93.357,0.10251,0.0,0.89749,0.57716,0.24442,29,26,0.10344827586206896,0.896551724137931,0.10344827586206896,6508,33.0,33.0,0,26,0,0,3.0,26.0,0.0,26.0,0.0,0.0,0.0
cache,100.0,strong,8,0,30,89.694,0.12914,0.05004,0.82082,0.60421,0.11594,29,28,0.034482758620689655,0.9655172413793104,0.034482758620689655,7003,33.0,33.0,0,28,0,0,1.0,28.0,0.0,28.0,0.0,0.0,0.0
cache,100.0,strong,9,0,30,89.397,0.17829,0.04282,0.77889,0.62331,0.11887,29,28,0.034482758620689655,0.9655172413793104,0.034482758620689655,7009,33.0,33.0,0,28,0,0,1.0,28.0,0.0,28.0,0.0,0.0,0.0
cache,100.0,strong,10,0,30,88.605,0.13743,0.00596,0.85661,0.54608,0.18867,29,28,0.06896551724137931,0.9310344827586207,0.034482758620689655,7008,33.0,33.0,0,27,0,0,1.0,28.0,0.0,28.0,0.0,0.0,0.0
cache,100.0,strong,11,0,30,85.899,0.15252,0.0,0.84748,0.63852,0.26578,29,28,0.034482758620689655,0.9655172413793104,0.034482758620689655,7004,33.0,33.0,0,28,0,0,1.0,28.0,0.0,28.0,0.0,0.0,0.0
cache,100.0,strong,12,0,30,90.123,0.13475,0.0,0.86525,0.61065,0.27643,29,29,0.0,1.0,0.0,7265,33.0,33.0,0,29,0,0,0.0,29.0,0.0,29.0,0.0,0.0,0.0
cache,100.0,strong,13,0,30,82.17,0.16185,0.06627,0.77189,0.568,0.12337,29,28,0.034482758620689655,0.9655172413793104,0.034482758620689655,7003,33.0,33.0,0,28,0,0,1.0,28.0,0.0,28.0,0.0,0.0,0.0
cache,100.0,strong,14,0,30,86.361,0.12839,0.0,0.87161,0.54332,0.20292,29,28,0.06896551724137931,0.9310344827586207,0.034482758620689655,7009,33.0,33.0,0,27,0,0,1.0,28.0,0.0,28.0,0.0,0.0,0.0
cache,100.0,strong,15,0,30,98.571,0.08604,0.0,0.91396,0.63445,0.40437,29,23,0.20689655172413793,0.7931034482758621,0.20689655172413793,5757,33.0,33.0,0,23,0,0,6.0,23.0,0.0,23.0,0.0,0.0,0.0
cache,100.0,strong,16,0,30,88.341,0.13074,0.0,0.86926,0.61496,0.23269,29,26,0.10344827586206896,0.896551724137931,0.10344827586206896,6512,33.0,33.0,0,26,0,0,3.0,26.0,0.0,26.0,0.0,0.0,0.0
cache,100.0,strong,17,0,30,93.786,0.12386,0.05208,0.82407,0.6187,0.1168,29,25,0.13793103448275862,0.8620689655172413,0.13793103448275862,6256,33.0,33.0,0,25,0,0,4.0,25.0,0.0,25.0,0.0,0.0,0.0
cache,100.0,strong,18,0,30,84.612,0.15445,0.04602,0.79953,0.52723,0.11869,29,25,0.13793103448275862,0.8620689655172413,0.13793103448275862,6253,33.0,33.0,0,25,0,0,4.0,25.0,0.0,25.0,0.0,0.0,0.0
cache,100.0,strong,19,0,30,82.566,0.13629,0.0,0.86371,0.64201,0.26109,29,27,0.06896551724137931,0.9310344827586207,0.06896551724137931,6756,33.0,33.0,0,27,0,0,2.0,27.0,0.0,27.0,0.0,0.0,0.0
cache,100.0,strong,20,0,30,85.074,0.1249,0.0,0.8751,0.64826,0.27496,29,26,0.10344827586206896,0.896551724137931,0.10344827586206896,6504,33.0,33.0,0,26,0,0,3.0,26.0,0.0,26.0,0.0,0.0,0.0
cache,100.0,strong,21,0,30,91.047,0.1265,0.0,0.8735,0.59385,0.27076,29,24,0.20689655172413793,0.7931034482758621,0.1724137931034483,6011,33.0,33.0,0,23,0,0,5.0,24.0,0.0,24.0,0.0,0.0,0.0
cache,100.0,strong,22,0,30,93.588,0.09979,0.05007,0.85014,0.53325,0.12049,29,26,0.13793103448275862,0.8620689655172413,0.10344827586206896,6505,33.0,33.0,0,25,0,0,3.0,26.0,0.0,26.0,0.0,0.0,0.0
cache,100.0,strong,23,0,30,90.519,0.15859,0.0062,0.83522,0.62852,0.17578,29,28,0.034482758620689655,0.9655172413793104,0.034482758620689655,7010,33.0,33.0,0,28,0,0,1.0,28.0,0.0,28.0,0.0,0.0,0.0
cache,100.0,strong,24,0,30,89.496,0.14749,0.0,0.85251,0.72729,0.35508,29,23,0.2413793103448276,0.7586206896551724,0.20689655172413793,5752,33.0,33.0,0,22,0,0,6.0,23.0,0.0,23.0,0.0,0.0,0.0
cache,100.0,strong,25,0,30,85.074,0.14585,0.1121,0.74205,0.52087,0.07554,29,28,0.06896551724137931,0.9310344827586207,0.034482758620689655,7009,33.0,33.0,0,27,0,0,1.0,28.0,0.0,28.0,0.0,0.0,0.0
cache,100.0,strong,26,0,30,90.057,0.13412,0.01319,0.85269,0.63158,0.12273,29,27,0.10344827586206896,0.896551724137931,0.06896551724137931,6761,33.0,33.0,0,26,0,0,2.0,27.0,0.0,27.0,0.0,0.0,0.0
cache,100.0,strong,27,0,30,100.386,0.07068,0.0,0.92932,0.6803,0.38479,29,26,0.13793103448275862,0.8620689655172413,0.10344827586206896,6513,33.0,33.0,0,25,0,0,3.0,26.0,0.0,26.0,0.0,0.0,0.0
cache,100.0,strong,28,0,30,88.539,0.14685,0.01454,0.83861,0.53921,0.17557,29,28,0.034482758620689655,0.9655172413793104,0.034482758620689655,7010,33.0,33.0,0,28,0,0,1.0,28.0,0.0,28.0,0.0,0.0,0.0
cache,100.0,strong,29,0,30,96.36,0.11404,0.0,0.88596,0.58372,0.25181,29,25,0.13793103448275862,0.8620689655172413,0.13793103448275862,6261,33.0,33.0,0,25,0,0,4.0,25.0,0.0,25.0,0.0,0.0,0.0
prefetch,100.0,weak,0,0,30,120.054,0.02996,0.00192,0.96811,0.56842,0.19626,29,20,0.3103448275862069,0.6896551724137931,0.3103448275862069,5002,33.0,33.0,0,20,0,0,9.0,20.0,0.0,64.0,44.0,7.0,11006.0
prefetch,100.0,weak,1,0,30,116.688,0.05656,0.08201,0.86143,0.50608,0.01441,29,20,0.3103448275862069,0.6896551724137931,0.3103448275862069,5003,33.0,33.0,0,20,0,0,9.0,20.0,0.0,73.0,53.0,5.0,13269.0
prefetch,100.0,weak,2,0,30,117.216,0.08108,0.04505,0.87387,0.60414,0.13693,29,20,0.3103448275862069,0.6896551724137931,0.3103448275862069,5006,33.0,33.0,0,20,0,0,9.0,20.0,0.0,79.0,59.0,7.0,14767.0
prefetch,100.0,weak,3,0,30,130.944,0.07586,0.0,0.92414,0.66955,0.39615,29,18,0.3793103448275862,0.6206896551724138,0.3793103448275862,4503,33.0,33.0,0,18,0,0,11.0,18.0,0.0,68.0,50.0,5.0,12506.0
prefetch,100.0,weak,4,0,30,126.456,0.08977,0.07777,0.83246,0.61526,0.06154,29,23,0.27586206896551724,0.7241379310344828,0.20689655172413793,5757,33.0,33.0,0,21,0,0,6.0,23.0,0.0,92.0,69.0,2.0,17268.0
prefetch,100.0,weak,5,0,30,126.192,0.10879,0.0,0.89121,0.66912,0.27553,29,20,0.3103448275862069,0.6896551724137931,0.3103448275862069,5005,33.0,33.0,0,20,0,0,9.0,20.0,0.0,84.0,64.0,6.0,16028.0
prefetch,100.0,weak,6,0,30,135.531,0.04675,0.0,0.95325,0.64103,0.22362,29,21,0.3103448275862069,0.6896551724137931,0.27586206896551724,5259,33.0,33.0,0,20,0,0,8.0,21.0,0.0,64.0,43.0,6.0,10764.0
prefetch,100.0,weak,7,0,30,116.127,0.06024,0.00938,0.93038,0.56567,0.16132,29,23,0.20689655172413793,0.7931034482758621,0.20689655172413793,5756,33.0,33.0,0,23,0,0,6.0,23.0,0.0,80.0,57.0,4.0,14272.0
prefetch,100.0,weak,8,0,30,130.185,0.07731,0.0,0.92269,0.58646,0.24568,29,23,0.20689655172413793,0.7931034482758621,0.20689655172413793,5749,33.0,33.0,0,23,0,0,6.0,23.0,0.0,65.0,42.0,4.0,10500.0
prefetch,100.0,weak,9,0,30,130.053,0.18878,0.07003,0.74118,0.6126,0.06063,29,21,0.3103448275862069,0.6896551724137931,0.27586206896551724,5257,33.0,33.0,0,20,0,0,8.0,21.0,0.0,75.0,54.0,4.0,13524.0
prefetch,100.0,weak,10,0,30,120.615,0.1803,0.0,0.8197,0.68633,0.21961,29,22,0.27586206896551724,0.7241379310344828,0.2413793103448276,5504,33.0,33.0,0,21,0,0,7.0,22.0,0.0,72.0,50.0,4.0,12511.0
prefetch,100.0,weak,11,1,4,26.961,0.15422,0.09425,0.75153,0.68299,0.0,4,4,0.0,1.0,0.0,1000,33.0,33.0,0,4,0,0,0.0,4.0,0.0,16.0,12.0,0.0,2999.0
prefetch,100.0,weak,12,0,30,121.407,0.05436,0.0,0.94564,0.58386,0.20037,29,24,0.20689655172413793,0.7931034482758621,0.1724137931034483,6007,33.0,33.0,0,23,0,0,5.0,24.0,0.0,78.0,54.0,2.0,13520.0
prefetch,100.0,weak,13,0,30,117.117,0.01719,0.12342,0.8594,0.48156,0.06249,29,24,0.20689655172413793,0.7931034482758621,0.1724137931034483,6002,33.0,33.0,0,23,0,0,5.0,24.0,0.0,82.0,58.0,5.0,14514.0
prefetch,100.0,weak,14,0,30,119.163,0.06702,0.0,0.93298,0.58361,0.22369,29,23,0.20689655172413793,0.7931034482758621,0.20689655172413793,5754,33.0,33.0,0,23,0,0,6.0,23.0,0.0,79.0,56.0,5.0,14017.0
prefetch,100.0,weak,15,0,30,131.505,0.06524,0.04843,0.88632,0.63427,0.11728,29,17,0.41379310344827586,0.5862068965517241,0.41379310344827586,4254,33.0,33.0,0,17,0,0,12.0,17.0,0.0,69.0,52.0,7.0,13013.0
prefetch,100.0,weak,16,0,30,120.615,0.09083,0.0342,0.87497,0.61641,0.09747,29,24,0.1724137931034483,0.8275862068965517,0.1724137931034483,6004,33.0,33.0,0,24,0,0,5.0,24.0,0.0,88.0,64.0,4.0,16020.0
prefetch,100.0,weak,17,0,30,129.558,0.03413,0.0,0.96587,0.67565,0.39066,29,18,0.41379310344827586,0.5862068965517241,0.3793103448275862,4506,33.0,33.0,0,17,0,0,11.0,18.0,0.0,56.0,38.0,8.0,9514.0
prefetch,100.0,weak,18,0,30,134.97,0.03056,0.02983,0.93961,0.4889,0.05415,29,20,0.3103448275862069,0.6896551724137931,0.3103448275862069,5008,33.0,33.0,0,20,0,0,9.0,20.0,0.0,68.0,48.0,6.0,12013.0
prefetch,100.0,weak,19,0,30,125.598,0.02838,0.0762,0.89543,0.50076,0.06237,29,21,0.27586206896551724,0.7241379310344828,0.27586206896551724,5254,33.0,33.0,0,21,0,0,8.0,21.0,0.0,74.0,53.0,5.0,13262.0
prefetch,100.0,weak,20,0,30,118.536,0.1186,0.0,0.8814,0.6417,0.26082,29,23,0.2413793103448276,0.7586206896551724,0.20689655172413793,5754,33.0,33.0,0,22,0,0,6.0,23.0,0.0,90.0,67.0,3.0,16775.0
prefetch,100.0,weak,21,1,6,38.247,0.16739,0.16307,0.66954,0.59347,0.0,6,5,0.16666666666666666,0.8333333333333334,0.16666666666666666,1250,33.0,33.0,0,5,0,0,1.0,5.0,0.0,23.0,18.0,0.0,4502.0
prefetch,100.0,weak,22,0,30,135.234,0.07955,0.00244,0.91801,0.60558,0.19047,29,20,0.3448275862068966,0.6551724137931034,0.3103448275862069,5004,33.0,33.0,0,19,0,0,9.0,20.0,0.0,71.0,51.0,7.0,12766.0
prefetch,100.0,weak,23,0,30,139.425,0.08142,0.02959,0.88899,0.55535,0.11852,29,21,0.27586206896551724,0.7241379310344828,0.27586206896551724,5258,33.0,33.0,0,21,0,0,8.0,21.0,0.0,76.0,55.0,6.0,13771.0
prefetch,100.0,weak,24,1,18,84.381,0.13688,0.0395,0.82362,0.61946,0.0,18,17,0.1111111111111111,0.8888888888888888,0.05555555555555555,4251,33.0,33.0,0,16,0,0,1.0,17.0,0.0,49.0,32.0,1.0,8001.0
prefetch,100.0,weak,25,0,30,118.503,0.04038,0.0,0.95962,0.65307,0.31978,29,21,0.27586206896551724,0.7241379310344828,0.27586206896551724,5254,33.0,33.0,0,21,0,0,8.0,21.0,0.0,66.0,45.0,6.0,11263.0
prefetch,100.0,weak,26,0,30,120.021,0.06626,0.02557,0.90817,0.5226,0.10272,29,22,0.27586206896551724,0.7241379310344828,0.2413793103448276,5501,33.0,33.0,0,21,0,0,7.0,22.0,0.0,71.0,49.0,4.0,12259.0
prefetch,100.0,weak,27,0,30,127.908,0.05366,0.0,0.94634,0.6299,0.37373,29,16,0.4482758620689655,0.5517241379310345,0.4482758620689655,4002,33.0,33.0,0,16,0,0,13.0,16.0,0.0,57.0,41.0,6.0,10260.0
prefetch,100.0,weak,28,0,30,108.636,0.13335,0.01488,0.85176,0.66308,0.09685,29,20,0.3103448275862069,0.6896551724137931,0.3103448275862069,5002,33.0,33.0,0,20,0,0,9.0,20.0,0.0,72.0,52.0,8.0,13008.0
prefetch,100.0,weak,29,0,30,128.04,0.12062,0.0,0.87938,0.62475,0.21881,29,26,0.10344827586206896,0.896551724137931,0.10344827586206896,6505,33.0,33.0,0,26,0,0,3.0,26.0,0.0,83.0,57.0,2.0,14270.0
prefetch,100.0,medium,0,0,30,105.765,0.08112,0.0,0.91888,0.60312,0.25294,29,20,0.3103448275862069,0.6896551724137931,0.3103448275862069,5005,33.0,33.0,0,20,0,0,9.0,20.0,0.0,69.0,49.0,6.0,12263.0
prefetch,100.0,medium,1,0,30,96.888,0.1594,0.10593,0.73467,0.61537,0.03087,29,27,0.10344827586206896,0.896551724137931,0.06896551724137931,6756,33.0,33.0,0,26,0,0,2.0,27.0,0.0,80.0,53.0,2.0,13264.0
prefetch,100.0,medium,2,0,30,106.953,0.11447,0.0,0.88553,0.64185,0.21567,29,21,0.27586206896551724,0.7241379310344828,0.27586206896551724,5254,33.0,33.0,0,21,0,0,8.0,21.0,0.0,80.0,59.0,4.0,14770.0
prefetch,100.0,medium,3,0,30,104.544,0.10859,0.0,0.89141,0.71436,0.44155,29,16,0.4482758620689655,0.5517241379310345,0.4482758620689655,4003,33.0,33.0,0,16,0,0,13.0,16.0,0.0,61.0,45.0,7.0,11265.0
prefetch,100.0,medium,4,0,30,104.082,0.11509,0.00254,0.88237,0.62945,0.18237,29,19,0.3448275862068966,0.6551724137931034,0.3448275862068966,4753,33.0,33.0,0,19,0,0,10.0,19.0,0.0,75.0,56.0,6.0,14019.0
prefetch,100.0,medium,5,0,30,109.197,0.11303,0.0,0.88697,0.66281,0.22035,29,25,0.13793103448275862,0.8620689655172413,0.13793103448275862,6249,33.0,33.0,0,25,0,0,4.0,25.0,0.0,96.0,71.0,2.0,17764.0
prefetch,100.0,medium,6,0,30,98.703,0.07054,0.09696,0.8325,0.49152,0.019,29,27,0.06896551724137931,0.9310344827586207,0.06896551724137931,6754,33.0,33.0,0,27,0,0,2.0,27.0,0.0,80.0,53.0,2.0,13263.0
prefetch,100.0,medium,7,0,30,99.594,0.0666,0.0444,0.889,0.58053,0.10417,29,22,0.27586206896551724,0.7241379310344828,0.2413793103448276,5503,33.0,33.0,0,21,0,0,7.0,22.0,0.0,85.0,63.0,2.0,15772.0
prefetch,100.0,medium,8,0,30,109.494,0.08861,0.00362,0.90778,0.60438,0.19431,29,24,0.1724137931034483,0.8275862068965517,0.1724137931034483,6006,33.0,33.0,0,24,0,0,5.0,24.0,0.0,80.0,56.0,4.0,14013.0
prefetch,100.0,medium,9,0,30,107.019,0.07555,0.0,0.92445,0.57293,0.22245,29,21,0.27586206896551724,0.7241379310344828,0.27586206896551724,5254,33.0,33.0,0,21,0,0,8.0,21.0,0.0,74.0,53.0,3.0,13265.0
prefetch,100.0,medium,10,0,30,118.041,0.08918,0.02935,0.88146,0.61767,0.1153,29,22,0.2413793103448276,0.7586206896551724,0.2413793103448276,5505,33.0,33.0,0,22,0,0,7.0,22.0,0.0,77.0,55.0,5.0,13771.0
prefetch,100.0,medium,11,0,30,101.673,0.08471,0.0,0.91529,0.61813,0.248,29,26,0.10344827586206896,0.896551724137931,0.10344827586206896,6501,33.0,33.0,0,26,0,0,3.0,26.0,0.0,87.0,61.0,2.0,15263.0
prefetch,100.0,medium,12,0,30,100.386,0.14464,0.04471,0.81065,0.61248,0.13906,29,27,0.06896551724137931,0.9310344827586207,0.06896551724137931,6755,33.0,33.0,0,27,0,0,2.0,27.0,0.0,79.0,52.0,0.0,13017.0
prefetch,100.0,medium,13,0,30,100.815,0.0802,0.05434,0.86547,0.51691,0.04562,29,25,0.13793103448275862,0.8620689655172413,0.13793103448275862,6255,33.0,33.0,0,25,0,0,4.0,25.0,0.0,75.0,50.0,3.0,12512.0
prefetch,100.0,medium,14,0,30,101.673,0.14898,0.05907,0.79195,0.63121,0.07883,29,21,0.27586206896551724,0.7241379310344828,0.27586206896551724,5256,33.0,33.0,0,21,0,0,8.0,21.0,0.0,73.0,52.0,5.0,13018.0
prefetch,100.0,medium,15,0,30,105.567,0.03032,0.02313,0.94655,0.67022,0.12925,29,17,0.41379310344827586,0.5862068965517241,0.41379310344827586,4253,33.0,33.0,0,17,0,0,12.0,17.0,0.0,54.0,37.0,7.0,9256.0
prefetch,100.0,medium,16,0,30,101.244,0.07497,0.00391,0.92112,0.62709,0.19042,29,20,0.3103448275862069,0.6896551724137931,0.3103448275862069,5000,33.0,33.0,0,20,0,0,9.0,20.0,0.0,69.0,49.0,7.0,12264.0
prefetch,100.0,medium,17,0,30,110.088,0.07524,0.03867,0.88609,0.6542,0.11235,29,20,0.3103448275862069,0.6896551724137931,0.3103448275862069,5010,33.0,33.0,0,20,0,0,9.0,20.0,0.0,73.0,53.0,4.0,13277.0
prefetch,100.0,medium,18,0,30,111.672,0.09959,0.0,0.90041,0.6793,0.27307,29,20,0.3103448275862069,0.6896551724137931,0.3103448275862069,5006,33.0,33.0,0,20,0,0,9.0,20.0,0.0,62.0,42.0,6.0,10518.0
prefetch,100.0,medium,19,0,30,96.624,0.07684,0.03108,0.89208,0.60335,0.07288,29,23,0.20689655172413793,0.7931034482758621,0.20689655172413793,5755,33.0,33.0,0,23,0,0,6.0,23.0,0.0,84.0,61.0,4.0,15264.0
prefetch,100.0,medium,20,0,30,96.426,0.0859,0.03696,0.87714,0.61561,0.06912,29,23,0.2413793103448276,0.7586206896551724,0.20689655172413793,5751,33.0,33.0,0,22,0,0,6.0,23.0,0.0,80.0,57.0,4.0,14255.0
prefetch,100.0,medium,21,1,11,49.434,0.2223,0.22296,0.55474,0.51807,0.0,11,10,0.09090909090909091,0.9090909090909091,0.09090909090909091,2500,33.0,33.0,0,10,0,0,1.0,10.0,0.0,32.0,22.0,1.0,5508.0
prefetch,100.0,medium,22,0,30,107.415,0.0808,0.0,0.9192,0.67701,0.34869,29,16,0.4482758620689655,0.5517241379310345,0.4482758620689655,4003,33.0,33.0,0,16,0,0,13.0,16.0,0.0,68.0,52.0,11.0,13014.0
prefetch,100.0,medium,23,0,30,92.928,0.07457,0.0,0.92543,0.63966,0.23188,29,21,0.3103448275862069,0.6896551724137931,0.27586206896551724,5253,33.0,33.0,0,20,0,0,8.0,21.0,0.0,64.0,43.0,4.0,10753.0
prefetch,100.0,medium,24,0,30,109.758,0.09381,0.0,0.90619,0.7573,0.47122,29,14,0.5517241379310345,0.4482758620689655,0.5172413793103449,3502,33.0,33.0,0,13,0,0,15.0,14.0,0.0,50.0,36.0,7.0,9014.0
prefetch,100.0,medium,25,0,30,98.802,0.08751,0.0,0.91249,0.58181,0.21256,29,23,0.20689655172413793,0.7931034482758621,0.20689655172413793,5758,33.0,33.0,0,23,0,0,6.0,23.0,0.0,89.0,66.0,4.0,16524.0
prefetch,100.0,medium,26,0,30,96.921,0.15458,0.0,0.84542,0.71252,0.32412,29,24,0.1724137931034483,0.8275862068965517,0.1724137931034483,6002,33.0,33.0,0,24,0,0,5.0,24.0,0.0,94.0,70.0,2.0,17537.0
prefetch,100.0,medium,27,0,30,103.257,0.10802,0.17322,0.71876,0.59526,0.01786,29,24,0.20689655172413793,0.7931034482758621,0.1724137931034483,6004,33.0,33.0,0,23,0,0,5.0,24.0,0.0,87.0,63.0,4.0,15774.0
prefetch,100.0,medium,28,0,30,103.125,0.12608,0.00672,0.8672,0.62586,0.18634,29,22,0.2413793103448276,0.7586206896551724,0.2413793103448276,5508,33.0,33.0,0,22,0,0,7.0,22.0,0.0,85.0,63.0,7.0,15770.0
prefetch,100.0,medium,29,0,30,106.623,0.07676,0.0,0.92324,0.67541,0.38676,29,22,0.27586206896551724,0.7241379310344828,0.2413793103448276,5503,33.0,33.0,0,21,0,0,7.0,22.0,0.0,77.0,55.0,5.0,13762.0
prefetch,100.0,strong,0,0,30,87.516,0.20475,0.08296,0.71229,0.63149,0.04474,29,25,0.13793103448275862,0.8620689655172413,0.13793103448275862,6252,33.0,33.0,0,25,0,0,4.0,25.0,0.0,89.0,64.0,3.0,16019.0
prefetch,100.0,strong,1,0,30,78.078,0.16991,0.01183,0.81826,0.64032,0.17787,29,27,0.10344827586206896,0.896551724137931,0.06896551724137931,6762,33.0,33.0,0,26,0,0,2.0,27.0,0.0,85.0,58.0,1.0,14525.0
prefetch,100.0,strong,2,0,30,85.701,0.1367,0.0,0.8633,0.66139,0.32005,29,26,0.10344827586206896,0.896551724137931,0.10344827586206896,6504,33.0,33.0,0,26,0,0,3.0,26.0,0.0,77.0,51.0,1.0,12764.0
prefetch,100.0,strong,3,0,30,88.407,0.08324,0.0,0.91676,0.70731,0.40153,29,23,0.2413793103448276,0.7586206896551724,0.20689655172413793,5751,33.0,33.0,0,22,0,0,6.0,23.0,0.0,75.0,52.0,3.0,13012.0
prefetch,100.0,strong,4,0,30,89.43,0.13985,0.0,0.86015,0.68377,0.29303,29,22,0.27586206896551724,0.7241379310344828,0.2413793103448276,5507,33.0,33.0,0,21,0,0,7.0,22.0,0.0,67.0,45.0,5.0,11268.0
prefetch,100.0,strong,5,0,30,98.835,0.12254,0.0,0.87746,0.64434,0.24304,29,24,0.1724137931034483,0.8275862068965517,0.1724137931034483,6011,33.0,33.0,0,24,0,0,5.0,24.0,0.0,74.0,50.0,3.0,12520.0
prefetch,100.0,strong,6,0,30,86.064,0.15261,0.0,0.84739,0.69578,0.20065,29,26,0.10344827586206896,0.896551724137931,0.10344827586206896,6502,33.0,33.0,0,26,0,0,3.0,26.0,0.0,86.0,60.0,3.0,15019.0
prefetch,100.0,strong,7,0,30,83.721,0.20812,0.0,0.79188,0.65807,0.24442,29,26,0.10344827586206896,0.896551724137931,0.10344827586206896,6504,33.0,33.0,0,26,0,0,3.0,26.0,0.0,96.0,70.0,2.0,17529.0
prefetch,100.0,strong,8,0,30,87.021,0.16458,0.05309,0.78233,0.60771,0.10003,29,21,0.27586206896551724,0.7241379310344828,0.27586206896551724,5259,33.0,33.0,0,21,0,0,8.0,21.0,0.0,80.0,59.0,7.0,14779.0
prefetch,100.0,strong,9,0,30,89.001,0.21505,0.01743,0.76752,0.65676,0.13642,29,24,0.1724137931034483,0.8275862068965517,0.1724137931034483,6007,33.0,33.0,0,24,0,0,5.0,24.0,0.0,72.0,48.0,4.0,12018.0
prefetch,100.0,strong,10,0,30,86.559,0.13,0.07549,0.79451,0.52816,0.06324,29,25,0.13793103448275862,0.8620689655172413,0.13793103448275862,6258,33.0,33.0,0,25,0,0,4.0,25.0,0.0,85.0,60.0,4.0,15023.0
prefetch,100.0,strong,11,0,30,80.421,0.2302,0.01888,0.75092,0.67847,0.09009,29,27,0.10344827586206896,0.896551724137931,0.06896551724137931,6752,33.0,33.0,0,26,0,0,2.0,27.0,0.0,95.0,68.0,2.0,17030.0
prefetch,100.0,strong,12,0,30,89.826,0.13483,0.0,0.86517,0.61173,0.23683,29,23,0.20689655172413793,0.7931034482758621,0.20689655172413793,5761,33.0,33.0,0,23,0,0,6.0,23.0,0.0,72.0,49.0,5.0,12272.0
prefetch,100.0,strong,13,0,30,88.209,0.22222,0.11149,0.66629,0.5778,0.10471,29,24,0.1724137931034483,0.8275862068965517,0.1724137931034483,6009,33.0,33.0,0,24,0,0,5.0,24.0,0.0,79.0,55.0,3.0,13776.0
prefetch,100.0,strong,14,0,30,82.401,0.13496,0.0,0.86504,0.5837,0.20292,29,24,0.1724137931034483,0.8275862068965517,0.1724137931034483,6009,33.0,33.0,0,24,0,0,5.0,24.0,0.0,67.0,43.0,4.0,10766.0
prefetch,100.0,strong,15,0,30,96.723,0.07711,0.0,0.92289,0.70388,0.45574,29,18,0.3793103448275862,0.6206896551724138,0.3793103448275862,4505,33.0,33.0,0,18,0,0,11.0,18.0,0.0,67.0,49.0,7.0,12270.0
prefetch,100.0,strong,16,0,30,86.757,0.13313,0.0,0.86687,0.62676,0.23269,29,24,0.1724137931034483,0.8275862068965517,0.1724137931034483,6010,33.0,33.0,0,24,0,0,5.0,24.0,0.0,75.0,51.0,4.0,12769.0
prefetch,100.0,strong,17,0,30,87.846,0.10481,0.0,0.89519,0.6743,0.2551,29,23,0.20689655172413793,0.7931034482758621,0.20689655172413793,5753,33.0,33.0,0,23,0,0,6.0,23.0,0.0,74.0,51.0,6.0,12759.0
prefetch,100.0,strong,18,0,30,83.49,0.16482,0.03676,0.79842,0.60129,0.10399,29,19,0.3448275862068966,0.6551724137931034,0.3448275862068966,4756,33.0,33.0,0,19,0,0,10.0,19.0,0.0,79.0,60.0,5.0,15027.0
prefetch,100.0,strong,19,0,30,84.975,0.16194,0.0,0.83806,0.64672,0.26109,29,24,0.1724137931034483,0.8275862068965517,0.1724137931034483,6005,33.0,33.0,0,24,0,0,5.0,24.0,0.0,92.0,68.0,3.0,17034.0
prefetch,100.0,strong,20,0,30,87.186,0.13399,0.0,0.86601,0.59886,0.24865,29,25,0.13793103448275862,0.8620689655172413,0.13793103448275862,6254,33.0,33.0,0,25,0,0,4.0,25.0,0.0,89.0,64.0,3.0,16008.0
prefetch,100.0,strong,21,0,30,88.11,0.14232,0.0,0.85768,0.61446,0.28164,29,22,0.2413793103448276,0.7586206896551724,0.2413793103448276,5507,33.0,33.0,0,22,0,0,7.0,22.0,0.0,65.0,43.0,1.0,10767.0
prefetch,100.0,strong,22,0,30,92.433,0.15816,0.02785,0.814,0.57587,0.12342,29,23,0.20689655172413793,0.7931034482758621,0.20689655172413793,5761,33.0,33.0,0,23,0,0,6.0,23.0,0.0,66.0,43.0,2.0,10763.0
prefetch,100.0,strong,23,0,30,84.975,0.16311,0.0,0.83689,0.65194,0.25528,29,26,0.1724137931034483,0.8275862068965517,0.10344827586206896,6504,33.0,33.0,0,24,0,0,3.0,26.0,0.0,85.0,59.0,1.0,14777.0
prefetch,100.0,strong,24,0,30,92.103,0.10641,0.0,0.89359,0.67252,0.33843,29,22,0.2413793103448276,0.7586206896551724,0.2413793103448276,5507,33.0,33.0,0,22,0,0,7.0,22.0,0.0,85.0,63.0,5.0,15773.0
prefetch,100.0,strong,25,0,30,83.754,0.15445,0.0,0.84555,0.6308,0.23242,29,26,0.10344827586206896,0.896551724137931,0.10344827586206896,6504,33.0,33.0,0,26,0,0,3.0,26.0,0.0,78.0,52.0,3.0,13022.0
prefetch,100.0,strong,26,1,13,42.669,0.23202,0.05336,0.71462,0.6857,0.0,13,11,0.15384615384615385,0.8461538461538461,0.15384615384615385,2754,33.0,33.0,0,11,0,0,2.0,11.0,0.0,41.0,30.0,2.0,7513.0
prefetch,100.0,strong,27,0,30,97.152,0.0856,0.0,0.9144,0.74674,0.48526,29,19,0.3448275862068966,0.6551724137931034,0.3448275862068966,4756,33.0,33.0,0,19,0,0,10.0,19.0,0.0,53.0,34.0,5.0,8511.0
prefetch,100.0,strong,28,0,30,84.117,0.12515,0.0,0.87485,0.61746,0.27472,29,23,0.20689655172413793,0.7931034482758621,0.20689655172413793,5752,33.0,33.0,0,23,0,0,6.0,23.0,0.0,71.0,48.0,5.0,12011.0
prefetch,100.0,strong,29,0,30,95.304,0.11357,0.0,0.88643,0.63036,0.28053,29,24,0.20689655172413793,0.7931034482758621,0.1724137931034483,6009,33.0,33.0,0,23,0,0,5.0,24.0,0.0,77.0,53.0,2.0,13269.0
async,250.0,weak,0,0,30,130.713,0.07574,0.0,0.92426,0.6801,0.23847,29,29,0.6896551724137931,0.3103448275862069,0.0,7255,33.0,33.0,0,9,0,0,0.0,0.0,0.0,0.0,0.0,0.0,0.0
async,250.0,weak,1,0,30,120.186,0.05409,0.04421,0.9017,0.5175,0.15907,29,29,0.6206896551724138,0.3793103448275862,0.0,7257,33.0,33.0,0,11,0,0,0.0,0.0,0.0,0.0,0.0,0.0,0.0
async,250.0,weak,2,0,30,121.968,0.08387,0.0744,0.84172,0.57633,0.06433,29,29,0.5172413793103449,0.4827586206896552,0.0,7253,33.0,33.0,0,14,0,0,0.0,0.0,0.0,0.0,0.0,0.0,0.0
async,250.0,weak,3,1,1,11.88,0.30833,0.19167,0.5,0.6213,0.0,1,1,1.0,0.0,0.0,250,33.0,33.0,0,0,0,0,0.0,0.0,0.0,0.0,0.0,0.0,0.0
async,250.0,weak,4,1,17,75.042,0.10158,0.02243,0.87599,0.56771,0.0,17,17,0.7058823529411765,0.29411764705882354,0.0,4251,33.0,33.0,0,5,0,0,0.0,0.0,0.0,0.0,0.0,0.0,0.0
async,250.0,weak,5,1,9,38.709,0.0861,0.01535,0.89855,0.70817,0.0,9,9,0.6666666666666666,0.3333333333333333,0.0,2250,33.0,33.0,0,3,0,0,0.0,0.0,0.0,0.0,0.0,0.0,0.0
async,250.0,weak,6,0,30,132.693,0.03084,0.00771,0.96145,0.53224,0.17257,29,29,0.6551724137931034,0.3448275862068966,0.0,7257,33.0,33.0,0,10,0,0,0.0,0.0,0.0,0.0,0.0,0.0,0.0
async,250.0,weak,7,0,30,127.743,0.04314,0.0682,0.88866,0.50569,0.02818,29,29,0.7241379310344828,0.27586206896551724,0.0,7260,33.0,33.0,0,8,0,0,0.0,0.0,0.0,0.0,0.0,0.0,0.0
async,250.0,weak,8,0,30,131.703,0.03633,0.0,0.96367,0.69965,0.43966,29,29,0.7241379310344828,0.27586206896551724,0.0,7254,33.0,33.0,0,8,0,0,0.0,0.0,0.0,0.0,0.0,0.0,0.0
async,250.0,weak,9,0,30,127.677,0.06798,0.02636,0.90566,0.59495,0.12988,29,29,0.7586206896551724,0.2413793103448276,0.0,7257,33.0,33.0,0,7,0,0,0.0,0.0,0.0,0.0,0.0,0.0,0.0
async,250.0,weak,10,0,30,128.172,0.03656,0.03347,0.92997,0.53065,0.0997,29,29,0.6206896551724138,0.3793103448275862,0.0,7252,33.0,33.0,0,11,0,0,0.0,0.0,0.0,0.0,0.0,0.0,0.0
async,250.0,weak,11,0,30,121.737,0.03741,0.0,0.96259,0.56803,0.20299,29,29,0.6551724137931034,0.3448275862068966,0.0,7257,33.0,33.0,0,10,0,0,0.0,0.0,0.0,0.0,0.0,0.0,0.0
async,250.0,weak,12,0,30,115.731,0.04648,0.0,0.95352,0.68087,0.26116,29,29,0.896551724137931,0.10344827586206896,0.0,7257,33.0,33.0,0,3,0,0,0.0,0.0,0.0,0.0,0.0,0.0,0.0
async,250.0,weak,13,1,20,76.131,0.06242,0.07629,0.86129,0.58463,0.0,20,20,0.75,0.25,0.0,5002,33.0,33.0,0,5,0,0,0.0,0.0,0.0,0.0,0.0,0.0,0.0
async,250.0,weak,14,0,30,115.995,0.10669,0.02333,0.86999,0.66845,0.10278,29,29,0.6896551724137931,0.3103448275862069,0.0,7254,33.0,33.0,0,9,0,0,0.0,0.0,0.0,0.0,0.0,0.0,0.0
async,250.0,weak,15,0,30,128.997,0.03812,0.0,0.96188,0.67427,0.39501,29,29,0.5517241379310345,0.4482758620689655,0.0,7256,33.0,33.0,0,13,0,0,0.0,0.0,0.0,0.0,0.0,0.0,0.0
async,250.0,weak,16,1,8,38.181,0.09939,0.0605,0.8401,0.62357,0.0,8,8,0.75,0.25,0.0,2000,33.0,33.0,0,2,0,0,0.0,0.0,0.0,0.0,0.0,0.0,0.0
async,250.0,weak,17,0,30,121.077,0.01663,0.0,0.98337,0.55314,0.20232,29,29,0.6551724137931034,0.3448275862068966,0.0,7253,33.0,33.0,0,10,0,0,0.0,0.0,0.0,0.0,0.0,0.0,0.0
async,250.0,weak,18,0,30,132.825,0.04174,0.0,0.95826,0.68158,0.37371,29,29,0.6206896551724138,0.3793103448275862,0.0,7257,33.0,33.0,0,11,0,0,0.0,0.0,0.0,0.0,0.0,0.0,0.0
async,250.0,weak,19,0,30,129.294,0.02705,0.03318,0.93977,0.49279,0.1237,29,29,0.7241379310344828,0.27586206896551724,0.0,7258,33.0,33.0,0,8,0,0,0.0,0.0,0.0,0.0,0.0,0.0,0.0
async,250.0,weak,20,0,30,122.364,0.05879,0.0,0.94121,0.5778,0.22503,29,29,0.6551724137931034,0.3448275862068966,0.0,7257,33.0,33.0,0,10,0,0,0.0,0.0,0.0,0.0,0.0,0.0,0.0
async,250.0,weak,21,0,30,132.396,0.02891,0.01271,0.95837,0.59229,0.12239,29,29,0.6206896551724138,0.3793103448275862,0.0,7257,33.0,33.0,0,11,0,0,0.0,0.0,0.0,0.0,0.0,0.0,0.0
async,250.0,weak,22,1,7,45.837,0.07055,0.07631,0.85313,0.65364,0.0,7,7,0.14285714285714285,0.8571428571428571,0.0,1750,33.0,33.0,0,6,0,0,0.0,0.0,0.0,0.0,0.0,0.0,0.0
async,250.0,weak,23,0,30,125.895,0.10118,0.0,0.89882,0.64666,0.22026,29,29,0.5862068965517241,0.41379310344827586,0.0,7259,33.0,33.0,0,12,0,0,0.0,0.0,0.0,0.0,0.0,0.0,0.0
async,250.0,weak,24,0,30,128.238,0.10319,0.0,0.89681,0.72235,0.41905,29,29,0.5862068965517241,0.41379310344827586,0.0,7254,33.0,33.0,0,12,0,0,0.0,0.0,0.0,0.0,0.0,0.0,0.0
async,250.0,weak,25,0,30,119.262,0.03791,0.0,0.96209,0.68802,0.45434,29,29,0.6896551724137931,0.3103448275862069,0.0,7262,33.0,33.0,0,9,0,0,0.0,0.0,0.0,0.0,0.0,0.0,0.0
async,250.0,weak,26,0,30,126.258,0.03424,0.0,0.96576,0.54806,0.24391,29,29,0.5517241379310345,0.4482758620689655,0.0,7260,33.0,33.0,0,13,0,0,0.0,0.0,0.0,0.0,0.0,0.0,0.0
async,250.0,weak,27,0,30,131.34,0.01533,0.01307,0.97161,0.67309,0.16042,29,29,0.6551724137931034,0.3448275862068966,0.0,7263,33.0,33.0,0,10,0,0,0.0,0.0,0.0,0.0,0.0,0.0,0.0
async,250.0,weak,28,1,18,81.114,0.07038,0.01465,0.91497,0.593,0.0,18,18,0.7777777777777778,0.2222222222222222,0.0,4504,33.0,33.0,0,4,0,0,0.0,0.0,0.0,0.0,0.0,0.0,0.0
async,250.0,weak,29,0,30,116.853,0.05535,0.08811,0.85654,0.63967,0.00208,29,29,0.6206896551724138,0.3793103448275862,0.0,7260,33.0,33.0,0,11,0,0,0.0,0.0,0.0,0.0,0.0,0.0,0.0
async,250.0,medium,0,0,30,103.884,0.06861,0.0,0.93139,0.71618,0.39747,29,29,0.6896551724137931,0.3103448275862069,0.0,7257,33.0,33.0,0,9,0,0,0.0,0.0,0.0,0.0,0.0,0.0,0.0
async,250.0,medium,1,1,27,97.911,0.09808,0.01213,0.88979,0.65836,0.0,27,27,0.6296296296296297,0.37037037037037035,0.0,6757,33.0,33.0,0,10,0,0,0.0,0.0,0.0,0.0,0.0,0.0,0.0
async,250.0,medium,2,0,30,105.501,0.06537,0.0,0.93463,0.61969,0.22576,29,29,0.5172413793103449,0.4827586206896552,0.0,7259,33.0,33.0,0,14,0,0,0.0,0.0,0.0,0.0,0.0,0.0,0.0
async,250.0,medium,3,0,30,98.307,0.03927,0.0715,0.88922,0.54669,0.0397,29,29,0.6551724137931034,0.3448275862068966,0.0,7253,33.0,33.0,0,10,0,0,0.0,0.0,0.0,0.0,0.0,0.0,0.0
async,250.0,medium,4,1,27,92.499,0.11773,0.01748,0.86479,0.70408,0.0,27,27,0.7777777777777778,0.2222222222222222,0.0,6753,33.0,33.0,0,6,0,0,0.0,0.0,0.0,0.0,0.0,0.0,0.0
async,250.0,medium,5,0,30,99.264,0.09009,0.0,0.90991,0.72593,0.33424,29,29,0.6896551724137931,0.3103448275862069,0.0,7254,33.0,33.0,0,9,0,0,0.0,0.0,0.0,0.0,0.0,0.0,0.0
async,250.0,medium,6,0,30,100.32,0.07138,0.0,0.92862,0.63339,0.31606,29,29,0.6551724137931034,0.3448275862068966,0.0,7261,33.0,33.0,0,10,0,0,0.0,0.0,0.0,0.0,0.0,0.0,0.0
async,250.0,medium,7,0,30,107.217,0.08526,0.00893,0.90582,0.64201,0.1713,29,29,0.7241379310344828,0.27586206896551724,0.0,7256,33.0,33.0,0,8,0,0,0.0,0.0,0.0,0.0,0.0,0.0,0.0
async,250.0,medium,8,0,30,109.527,0.05453,0.00844,0.93703,0.61906,0.16861,29,29,0.7241379310344828,0.27586206896551724,0.0,7252,33.0,33.0,0,8,0,0,0.0,0.0,0.0,0.0,0.0,0.0,0.0
async,250.0,medium,9,1,8,34.353,0.19981,0.05956,0.74063,0.65991,0.0,8,8,0.625,0.375,0.0,2001,33.0,33.0,0,3,0,0,0.0,0.0,0.0,0.0,0.0,0.0,0.0
async,250.0,medium,10,0,30,105.567,0.13629,0.0,0.86371,0.66313,0.32676,29,29,0.6206896551724138,0.3793103448275862,0.0,7254,33.0,33.0,0,11,0,0,0.0,0.0,0.0,0.0,0.0,0.0,0.0
async,250.0,medium,11,1,3,13.233,0.52618,0.10474,0.36908,0.76341,0.0,3,3,0.6666666666666666,0.3333333333333333,0.0,750,33.0,33.0,0,1,0,0,0.0,0.0,0.0,0.0,0.0,0.0,0.0
async,250.0,medium,12,0,30,99.0,0.11933,0.0,0.88067,0.73955,0.44992,29,29,0.896551724137931,0.10344827586206896,0.0,7255,33.0,33.0,0,3,0,0,0.0,0.0,0.0,0.0,0.0,0.0,0.0
async,250.0,medium,13,0,30,105.732,0.1186,0.0,0.8814,0.71752,0.3673,29,29,0.7586206896551724,0.2413793103448276,0.0,7254,33.0,33.0,0,7,0,0,0.0,0.0,0.0,0.0,0.0,0.0,0.0
async,250.0,medium,14,0,30,96.459,0.04926,0.02532,0.92542,0.60114,0.07219,29,29,0.6896551724137931,0.3103448275862069,0.0,7255,33.0,33.0,0,9,0,0,0.0,0.0,0.0,0.0,0.0,0.0,0.0
async,250.0,medium,15,0,30,110.022,0.06419,0.05039,0.88542,0.65062,0.03008,29,29,0.5517241379310345,0.4482758620689655,0.0,7253,33.0,33.0,0,13,0,0,0.0,0.0,0.0,0.0,0.0,0.0,0.0
async,250.0,medium,16,0,30,97.878,0.14329,0.0,0.85671,0.69049,0.21257,29,29,0.6206896551724138,0.3793103448275862,0.0,7253,33.0,33.0,0,11,0,0,0.0,0.0,0.0,0.0,0.0,0.0,0.0
async,250.0,medium,17,0,30,100.353,0.0467,0.02203,0.93127,0.62015,0.1114,29,29,0.6551724137931034,0.3448275862068966,0.0,7260,33.0,33.0,0,10,0,0,0.0,0.0,0.0,0.0,0.0,0.0,0.0
async,250.0,medium,18,0,30,106.227,0.06151,0.0,0.93849,0.62034,0.20983,29,29,0.6206896551724138,0.3793103448275862,0.0,7255,33.0,33.0,0,11,0,0,0.0,0.0,0.0,0.0,0.0,0.0,0.0
async,250.0,medium,19,0,30,100.551,0.10863,0.0,0.89137,0.66801,0.32437,29,29,0.7241379310344828,0.27586206896551724,0.0,7259,33.0,33.0,0,8,0,0,0.0,0.0,0.0,0.0,0.0,0.0,0.0
async,250.0,medium,20,0,30,103.719,0.13968,0.01432,0.84601,0.66017,0.16548,29,29,0.6551724137931034,0.3448275862068966,0.0,7255,33.0,33.0,0,10,0,0,0.0,0.0,0.0,0.0,0.0,0.0,0.0
async,250.0,medium,21,0,30,107.514,0.10282,0.0752,0.82198,0.58282,0.01425,29,29,0.6206896551724138,0.3793103448275862,0.0,7258,33.0,33.0,0,11,0,0,0.0,0.0,0.0,0.0,0.0,0.0,0.0
async,250.0,medium,22,1,26,96.591,0.1206,0.08097,0.79843,0.63878,0.0,26,26,0.5,0.5,0.0,6505,33.0,33.0,0,13,0,0,0.0,0.0,0.0,0.0,0.0,0.0,0.0
async,250.0,medium,23,0,30,99.132,0.04527,0.0,0.95473,0.68946,0.40512,29,29,0.5862068965517241,0.41379310344827586,0.0,7257,33.0,33.0,0,12,0,0,0.0,0.0,0.0,0.0,0.0,0.0,0.0
async,250.0,medium,24,0,30,109.395,0.04314,0.0,0.95686,0.72108,0.52177,29,29,0.5862068965517241,0.41379310344827586,0.0,7256,33.0,33.0,0,12,0,0,0.0,0.0,0.0,0.0,0.0,0.0,0.0
async,250.0,medium,25,0,30,101.706,0.07171,0.0,0.92829,0.72186,0.29232,29,29,0.6896551724137931,0.3103448275862069,0.0,7254,33.0,33.0,0,9,0,0,0.0,0.0,0.0,0.0,0.0,0.0,0.0
async,250.0,medium,26,0,30,100.353,0.13121,0.02302,0.84577,0.67265,0.14323,29,29,0.5517241379310345,0.4482758620689655,0.0,7254,33.0,33.0,0,13,0,0,0.0,0.0,0.0,0.0,0.0,0.0,0.0
async,250.0,medium,27,0,30,106.821,0.04634,0.0,0.95366,0.6601,0.33583,29,29,0.6551724137931034,0.3448275862068966,0.0,7254,33.0,33.0,0,10,0,0,0.0,0.0,0.0,0.0,0.0,0.0,0.0
async,250.0,medium,28,0,30,98.571,0.04017,0.0,0.95983,0.65632,0.31296,29,29,0.7586206896551724,0.2413793103448276,0.0,7254,33.0,33.0,0,7,0,0,0.0,0.0,0.0,0.0,0.0,0.0,0.0
async,250.0,medium,29,1,6,27.06,0.14634,0.09024,0.76341,0.67284,0.0,6,6,0.8333333333333334,0.16666666666666666,0.0,1498,33.0,33.0,0,1,0,0,0.0,0.0,0.0,0.0,0.0,0.0,0.0
async,250.0,strong,0,0,30,88.506,0.08464,0.0,0.91536,0.66566,0.24751,29,29,0.6896551724137931,0.3103448275862069,0.0,7254,33.0,33.0,0,9,0,0,0.0,0.0,0.0,0.0,0.0,0.0,0.0
async,250.0,strong,1,0,30,89.133,0.10107,0.00852,0.89041,0.70411,0.14469,29,29,0.6206896551724138,0.3793103448275862,0.0,7261,33.0,33.0,0,11,0,0,0.0,0.0,0.0,0.0,0.0,0.0,0.0
async,250.0,strong,2,0,30,88.572,0.12705,0.0,0.87295,0.74262,0.32291,29,29,0.5172413793103449,0.4827586206896552,0.0,7258,33.0,33.0,0,14,0,0,0.0,0.0,0.0,0.0,0.0,0.0,0.0
async,250.0,strong,3,0,30,89.034,0.07969,0.0,0.92031,0.69457,0.33402,29,29,0.6551724137931034,0.3448275862068966,0.0,7255,33.0,33.0,0,10,0,0,0.0,0.0,0.0,0.0,0.0,0.0,0.0
async,250.0,strong,4,0,30,83.49,0.13518,0.0,0.86482,0.75861,0.46546,29,29,0.7931034482758621,0.20689655172413793,0.0,7256,33.0,33.0,0,6,0,0,0.0,0.0,0.0,0.0,0.0,0.0,0.0
async,250.0,strong,5,0,30,84.48,0.14375,0.0,0.85625,0.71211,0.26999,29,29,0.6896551724137931,0.3103448275862069,0.0,7252,33.0,33.0,0,9,0,0,0.0,0.0,0.0,0.0,0.0,0.0,0.0
async,250.0,strong,6,0,30,86.79,0.0403,0.0,0.9597,0.706,0.40402,29,29,0.6551724137931034,0.3448275862068966,0.0,7258,33.0,33.0,0,10,0,0,0.0,0.0,0.0,0.0,0.0,0.0,0.0
async,250.0,strong,7,0,30,79.893,0.1045,0.0,0.8955,0.64686,0.21256,29,29,0.7241379310344828,0.27586206896551724,0.0,7255,33.0,33.0,0,8,0,0,0.0,0.0,0.0,0.0,0.0,0.0,0.0
async,250.0,strong,8,0,30,93.423,0.07806,0.0,0.92194,0.68987,0.38674,29,29,0.7241379310344828,0.27586206896551724,0.0,7260,33.0,33.0,0,8,0,0,0.0,0.0,0.0,0.0,0.0,0.0,0.0
async,250.0,strong,9,0,30,84.909,0.13253,0.01399,0.85348,0.75427,0.10891,29,29,0.7586206896551724,0.2413793103448276,0.0,7256,33.0,33.0,0,7,0,0,0.0,0.0,0.0,0.0,0.0,0.0,0.0
async,250.0,strong,10,0,30,87.681,0.11253,0.0,0.88747,0.69181,0.36389,29,29,0.6206896551724138,0.3793103448275862,0.0,7258,33.0,33.0,0,11,0,0,0.0,0.0,0.0,0.0,0.0,0.0,0.0
async,250.0,strong,11,0,30,88.176,0.18413,0.0,0.81587,0.70765,0.27384,29,29,0.6551724137931034,0.3448275862068966,0.0,7258,33.0,33.0,0,10,0,0,0.0,0.0,0.0,0.0,0.0,0.0,0.0
async,250.0,strong,12,0,30,79.827,0.03886,0.0,0.96114,0.65229,0.33325,29,29,0.896551724137931,0.10344827586206896,0.0,7258,33.0,33.0,0,3,0,0,0.0,0.0,0.0,0.0,0.0,0.0,0.0
async,250.0,strong,13,0,30,81.246,0.19009,0.0,0.80991,0.72977,0.33175,29,29,0.7586206896551724,0.2413793103448276,0.0,7258,33.0,33.0,0,7,0,0,0.0,0.0,0.0,0.0,0.0,0.0,0.0
async,250.0,strong,14,0,30,86.031,0.13847,0.01764,0.84388,0.65393,0.13957,29,29,0.6896551724137931,0.3103448275862069,0.0,7257,33.0,33.0,0,9,0,0,0.0,0.0,0.0,0.0,0.0,0.0,0.0
async,250.0,strong,15,0,30,87.318,0.15042,0.0,0.84958,0.68299,0.33669,29,29,0.5517241379310345,0.4482758620689655,0.0,7255,33.0,33.0,0,13,0,0,0.0,0.0,0.0,0.0,0.0,0.0,0.0
async,250.0,strong,16,0,30,80.916,0.14519,0.0,0.85481,0.7169,0.22368,29,29,0.6206896551724138,0.3793103448275862,0.0,7260,33.0,33.0,0,11,0,0,0.0,0.0,0.0,0.0,0.0,0.0,0.0
async,250.0,strong,17,0,30,90.42,0.11606,0.0,0.88394,0.70303,0.22132,29,29,0.6551724137931034,0.3448275862068966,0.0,7256,33.0,33.0,0,10,0,0,0.0,0.0,0.0,0.0,0.0,0.0,0.0
async,250.0,strong,18,0,30,91.608,0.07853,0.0,0.92147,0.7206,0.45944,29,29,0.6206896551724138,0.3793103448275862,0.0,7261,33.0,33.0,0,11,0,0,0.0,0.0,0.0,0.0,0.0,0.0,0.0
async,250.0,strong,19,0,30,82.995,0.1165,0.0,0.8835,0.70115,0.23968,29,29,0.7241379310344828,0.27586206896551724,0.0,7254,33.0,33.0,0,8,0,0,0.0,0.0,0.0,0.0,0.0,0.0,0.0
async,250.0,strong,20,0,30,85.107,0.17294,0.0,0.82706,0.77183,0.47336,29,29,0.6551724137931034,0.3448275862068966,0.0,7255,33.0,33.0,0,10,0,0,0.0,0.0,0.0,0.0,0.0,0.0,0.0
async,250.0,strong,21,0,30,87.978,0.12491,0.0,0.87509,0.71942,0.35078,29,29,0.6206896551724138,0.3793103448275862,0.0,7253,33.0,33.0,0,11,0,0,0.0,0.0,0.0,0.0,0.0,0.0,0.0
async,250.0,strong,22,0,30,85.404,0.17117,0.01507,0.81376,0.69188,0.15972,29,29,0.5517241379310345,0.4482758620689655,0.0,7258,33.0,33.0,0,13,0,0,0.0,0.0,0.0,0.0,0.0,0.0,0.0
async,250.0,strong,23,0,30,85.767,0.08042,0.0,0.91958,0.73687,0.40754,29,29,0.5862068965517241,0.41379310344827586,0.0,7256,33.0,33.0,0,12,0,0,0.0,0.0,0.0,0.0,0.0,0.0,0.0
async,250.0,strong,24,0,30,92.334,0.11723,0.0,0.88277,0.72707,0.36001,29,29,0.5862068965517241,0.41379310344827586,0.0,7256,33.0,33.0,0,12,0,0,0.0,0.0,0.0,0.0,0.0,0.0,0.0
async,250.0,strong,25,0,30,84.117,0.15653,0.0,0.84347,0.76353,0.38029,29,29,0.6896551724137931,0.3103448275862069,0.0,7257,33.0,33.0,0,9,0,0,0.0,0.0,0.0,0.0,0.0,0.0,0.0
async,250.0,strong,26,0,30,83.952,0.17964,0.02319,0.79717,0.69914,0.07546,29,29,0.5517241379310345,0.4482758620689655,0.0,7256,33.0,33.0,0,13,0,0,0.0,0.0,0.0,0.0,0.0,0.0,0.0
async,250.0,strong,27,0,30,94.974,0.14767,0.0,0.85233,0.72151,0.22864,29,29,0.6551724137931034,0.3448275862068966,0.0,7260,33.0,33.0,0,10,0,0,0.0,0.0,0.0,0.0,0.0,0.0,0.0
async,250.0,strong,28,0,30,82.995,0.16541,0.03857,0.79602,0.73889,0.05059,29,29,0.7586206896551724,0.2413793103448276,0.0,7258,33.0,33.0,0,7,0,0,0.0,0.0,0.0,0.0,0.0,0.0,0.0
async,250.0,strong,29,0,30,89.232,0.09024,0.0159,0.89386,0.63984,0.11143,29,29,0.6206896551724138,0.3793103448275862,0.0,7255,33.0,33.0,0,11,0,0,0.0,0.0,0.0,0.0,0.0,0.0,0.0
cache,250.0,weak,0,0,30,135.3,0.05512,0.02171,0.92317,0.62893,0.12475,29,25,0.7241379310344828,0.27586206896551724,0.13793103448275862,6254,33.0,33.0,0,8,0,0,4.0,25.0,0.0,25.0,0.0,0.0,0.0
cache,250.0,weak,1,0,30,119.757,0.07909,0.0,0.92091,0.64999,0.23349,29,24,0.6551724137931034,0.3448275862068966,0.1724137931034483,6008,33.0,33.0,0,10,0,0,5.0,24.0,0.0,24.0,0.0,0.0,0.0
cache,250.0,weak,2,0,30,123.552,0.0828,0.07345,0.84375,0.57486,0.06433,29,28,0.5172413793103449,0.4827586206896552,0.034482758620689655,7003,33.0,33.0,0,14,0,0,1.0,28.0,0.0,28.0,0.0,0.0,0.0
cache,250.0,weak,3,1,1,11.88,0.30833,0.19167,0.5,0.6213,0.0,1,1,1.0,0.0,0.0,250,33.0,33.0,0,0,0,0,0.0,1.0,0.0,1.0,0.0,0.0,0.0
cache,250.0,weak,4,0,30,126.786,0.05154,0.0,0.94846,0.56539,0.25585,29,28,0.7931034482758621,0.20689655172413793,0.034482758620689655,7007,33.0,33.0,0,6,0,0,1.0,28.0,0.0,28.0,0.0,0.0,0.0
cache,250.0,weak,5,1,9,38.709,0.0861,0.01535,0.89855,0.70817,0.0,9,9,0.6666666666666666,0.3333333333333333,0.0,2250,33.0,33.0,0,3,0,0,0.0,9.0,0.0,9.0,0.0,0.0,0.0
cache,250.0,weak,6,0,30,128.304,0.03189,0.00849,0.95962,0.56022,0.1642,29,27,0.6896551724137931,0.3103448275862069,0.06896551724137931,6756,33.0,33.0,0,9,0,0,2.0,27.0,0.0,27.0,0.0,0.0,0.0
cache,250.0,weak,7,0,30,127.743,0.04314,0.00542,0.95143,0.52617,0.18996,29,27,0.7241379310344828,0.27586206896551724,0.06896551724137931,6757,33.0,33.0,0,8,0,0,2.0,27.0,0.0,27.0,0.0,0.0,0.0
cache,250.0,weak,8,0,30,121.374,0.05329,0.0,0.94671,0.68246,0.37585,29,26,0.7586206896551724,0.2413793103448276,0.10344827586206896,6503,33.0,33.0,0,7,0,0,3.0,26.0,0.0,26.0,0.0,0.0,0.0
cache,250.0,weak,9,0,30,120.549,0.08924,0.0,0.91076,0.61854,0.24511,29,23,0.8275862068965517,0.1724137931034483,0.20689655172413793,5754,33.0,33.0,0,5,0,0,6.0,23.0,0.0,23.0,0.0,0.0,0.0
cache,250.0,weak,10,1,14,67.881,0.12397,0.01993,0.8561,0.71451,0.0,14,12,0.7142857142857143,0.2857142857142857,0.14285714285714285,3001,33.0,33.0,0,4,0,0,2.0,12.0,0.0,12.0,0.0,0.0,0.0
cache,250.0,weak,11,1,14,62.568,0.05591,0.02426,0.91983,0.60517,0.0,14,12,0.7857142857142857,0.21428571428571427,0.14285714285714285,3001,33.0,33.0,0,3,0,0,2.0,12.0,0.0,12.0,0.0,0.0,0.0
cache,250.0,weak,12,0,30,113.916,0.04722,0.0,0.95278,0.67894,0.26116,29,26,0.896551724137931,0.10344827586206896,0.10344827586206896,6504,33.0,33.0,0,3,0,0,3.0,26.0,0.0,26.0,0.0,0.0,0.0
cache,250.0,weak,13,1,28,109.791,0.04328,0.0508,0.90592,0.55702,0.0,28,26,0.7857142857142857,0.21428571428571427,0.07142857142857142,6504,33.0,33.0,0,6,0,0,2.0,26.0,0.0,26.0,0.0,0.0,0.0
cache,250.0,weak,14,0,30,114.213,0.03063,0.02369,0.94568,0.63589,0.10278,29,24,0.6896551724137931,0.3103448275862069,0.1724137931034483,6004,33.0,33.0,0,9,0,0,5.0,24.0,0.0,24.0,0.0,0.0,0.0
cache,250.0,weak,15,0,30,129.195,0.07203,0.0,0.92797,0.67188,0.28594,29,26,0.5862068965517241,0.41379310344827586,0.10344827586206896,6506,33.0,33.0,0,12,0,0,3.0,26.0,0.0,26.0,0.0,0.0,0.0
cache,250.0,weak,16,1,8,38.181,0.09939,0.0605,0.8401,0.62357,0.0,8,8,0.75,0.25,0.0,2000,33.0,33.0,0,2,0,0,0.0,8.0,0.0,8.0,0.0,0.0,0.0
cache,250.0,weak,17,0,30,119.361,0.02792,0.07714,0.89494,0.5706,0.03507,29,25,0.6551724137931034,0.3448275862068966,0.13793103448275862,6256,33.0,33.0,0,10,0,0,4.0,25.0,0.0,25.0,0.0,0.0,0.0
cache,250.0,weak,18,0,30,130.977,0.05291,0.02116,0.92593,0.63611,0.11749,29,25,0.7241379310344828,0.27586206896551724,0.13793103448275862,6255,33.0,33.0,0,8,0,0,4.0,25.0,0.0,25.0,0.0,0.0,0.0
cache,250.0,weak,19,0,30,123.453,0.03903,0.03261,0.92836,0.56248,0.1237,29,27,0.7241379310344828,0.27586206896551724,0.06896551724137931,6753,33.0,33.0,0,8,0,0,2.0,27.0,0.0,27.0,0.0,0.0,0.0
cache,250.0,weak,20,0,30,124.641,0.03627,0.04501,0.91872,0.54693,0.07185,29,24,0.7241379310344828,0.27586206896551724,0.1724137931034483,6004,33.0,33.0,0,8,0,0,5.0,24.0,0.0,24.0,0.0,0.0,0.0
cache,250.0,weak,21,0,30,140.712,0.0462,0.0,0.9538,0.66686,0.37588,29,23,0.6206896551724138,0.3793103448275862,0.20689655172413793,5756,33.0,33.0,0,11,0,0,6.0,23.0,0.0,23.0,0.0,0.0,0.0
cache,250.0,weak,22,1,7,45.837,0.07055,0.07631,0.85313,0.65364,0.0,7,7,0.14285714285714285,0.8571428571428571,0.0,1750,33.0,33.0,0,6,0,0,0.0,7.0,0.0,7.0,0.0,0.0,0.0
cache,250.0,weak,23,0,30,128.502,0.05907,0.0,0.94093,0.66556,0.29737,29,23,0.7241379310344828,0.27586206896551724,0.20689655172413793,5753,33.0,33.0,0,8,0,0,6.0,23.0,0.0,23.0,0.0,0.0,0.0
cache,250.0,weak,24,0,30,118.536,0.03396,0.0,0.96604,0.67977,0.37639,29,23,0.6206896551724138,0.3793103448275862,0.20689655172413793,5753,33.0,33.0,0,11,0,0,6.0,23.0,0.0,23.0,0.0,0.0,0.0
cache,250.0,weak,25,0,30,121.836,0.03115,0.00704,0.96181,0.62899,0.18146,29,23,0.7586206896551724,0.2413793103448276,0.20689655172413793,5758,33.0,33.0,0,7,0,0,6.0,23.0,0.0,23.0,0.0,0.0,0.0
cache,250.0,weak,26,0,30,122.694,0.07719,0.0,0.92281,0.62769,0.27802,29,26,0.5862068965517241,0.41379310344827586,0.10344827586206896,6507,33.0,33.0,0,12,0,0,3.0,26.0,0.0,26.0,0.0,0.0,0.0
cache,250.0,weak,27,0,30,131.835,0.02403,0.0,0.97597,0.61254,0.26286,29,24,0.7241379310344828,0.27586206896551724,0.1724137931034483,6008,33.0,33.0,0,8,0,0,5.0,24.0,0.0,24.0,0.0,0.0,0.0
cache,250.0,weak,28,0,30,120.648,0.04732,0.0,0.95268,0.54433,0.20224,29,26,0.7931034482758621,0.20689655172413793,0.10344827586206896,6504,33.0,33.0,0,6,0,0,3.0,26.0,0.0,26.0,0.0,0.0,0.0
cache,250.0,weak,29,0,30,113.817,0.08582,0.09046,0.82372,0.64527,0.00208,29,28,0.6206896551724138,0.3793103448275862,0.034482758620689655,7007,33.0,33.0,0,11,0,0,1.0,28.0,0.0,28.0,0.0,0.0,0.0
cache,250.0,medium,0,0,30,105.303,0.07772,0.0,0.92228,0.69715,0.27276,29,26,0.7241379310344828,0.27586206896551724,0.10344827586206896,6506,33.0,33.0,0,8,0,0,3.0,26.0,0.0,26.0,0.0,0.0,0.0
cache,250.0,medium,1,0,30,106.656,0.07983,0.0,0.92017,0.66757,0.31606,29,27,0.6551724137931034,0.3448275862068966,0.06896551724137931,6752,33.0,33.0,0,10,0,0,2.0,27.0,0.0,27.0,0.0,0.0,0.0
cache,250.0,medium,2,0,30,106.227,0.06493,0.0,0.93507,0.6127,0.201,29,28,0.5172413793103449,0.4827586206896552,0.034482758620689655,7009,33.0,33.0,0,14,0,0,1.0,28.0,0.0,28.0,0.0,0.0,0.0
cache,250.0,medium,3,0,30,102.465,0.06957,0.04541,0.88502,0.59894,0.0397,29,28,0.6896551724137931,0.3103448275862069,0.034482758620689655,7003,33.0,33.0,0,9,0,0,1.0,28.0,0.0,28.0,0.0,0.0,0.0
cache,250.0,medium,4,0,30,98.835,0.11018,0.0,0.88982,0.70796,0.29906,29,27,0.7931034482758621,0.20689655172413793,0.06896551724137931,6753,33.0,33.0,0,6,0,0,2.0,27.0,0.0,27.0,0.0,0.0,0.0
cache,250.0,medium,5,0,30,102.795,0.08764,0.02472,0.88764,0.64847,0.10431,29,28,0.7241379310344828,0.27586206896551724,0.034482758620689655,7004,33.0,33.0,0,8,0,0,1.0,28.0,0.0,28.0,0.0,0.0,0.0
cache,250.0,medium,6,0,30,100.32,0.06908,0.0,0.93092,0.63163,0.31606,29,28,0.6896551724137931,0.3103448275862069,0.034482758620689655,7009,33.0,33.0,0,9,0,0,1.0,28.0,0.0,28.0,0.0,0.0,0.0
cache,250.0,medium,7,0,30,106.953,0.08547,0.0,0.91453,0.65757,0.25297,29,27,0.7241379310344828,0.27586206896551724,0.06896551724137931,6757,33.0,33.0,0,8,0,0,2.0,27.0,0.0,27.0,0.0,0.0,0.0
cache,250.0,medium,8,0,30,107.943,0.05533,0.00856,0.93611,0.6163,0.16861,29,28,0.7241379310344828,0.27586206896551724,0.034482758620689655,7001,33.0,33.0,0,8,0,0,1.0,28.0,0.0,28.0,0.0,0.0,0.0
cache,250.0,medium,9,1,8,34.353,0.19981,0.05956,0.74063,0.65991,0.0,8,8,0.625,0.375,0.0,2001,33.0,33.0,0,3,0,0,0.0,8.0,0.0,8.0,0.0,0.0,0.0
cache,250.0,medium,10,0,30,107.151,0.16477,0.00092,0.83431,0.68936,0.19716,29,27,0.6896551724137931,0.3103448275862069,0.06896551724137931,6753,33.0,33.0,0,9,0,0,2.0,27.0,0.0,27.0,0.0,0.0,0.0
cache,250.0,medium,11,1,3,13.233,0.52618,0.10474,0.36908,0.76341,0.0,3,3,0.6666666666666666,0.3333333333333333,0.0,750,33.0,33.0,0,1,0,0,0.0,3.0,0.0,3.0,0.0,0.0,0.0
cache,250.0,medium,12,0,30,104.049,0.11386,0.0,0.88614,0.7152,0.22633,29,26,0.896551724137931,0.10344827586206896,0.10344827586206896,6505,33.0,33.0,0,3,0,0,3.0,26.0,0.0,26.0,0.0,0.0,0.0
cache,250.0,medium,13,1,17,60.192,0.18586,0.0318,0.78235,0.73288,0.0,17,16,0.7058823529411765,0.29411764705882354,0.058823529411764705,4001,33.0,33.0,0,5,0,0,1.0,16.0,0.0,16.0,0.0,0.0,0.0
cache,250.0,medium,14,0,30,96.789,0.0491,0.02523,0.92567,0.58949,0.07219,29,28,0.6896551724137931,0.3103448275862069,0.034482758620689655,7005,33.0,33.0,0,9,0,0,1.0,28.0,0.0,28.0,0.0,0.0,0.0
cache,250.0,medium,15,0,30,117.546,0.05952,0.01909,0.92139,0.65156,0.08789,29,28,0.5862068965517241,0.41379310344827586,0.034482758620689655,7005,33.0,33.0,0,12,0,0,1.0,28.0,0.0,28.0,0.0,0.0,0.0
cache,250.0,medium,16,1,26,84.447,0.13247,0.04455,0.82298,0.62331,0.0,26,25,0.6538461538461539,0.34615384615384615,0.038461538461538464,6254,33.0,33.0,0,9,0,0,1.0,25.0,0.0,25.0,0.0,0.0,0.0
cache,250.0,medium,17,0,30,100.353,0.0467,0.02203,0.93127,0.62015,0.1114,29,29,0.6551724137931034,0.3448275862068966,0.0,7260,33.0,33.0,0,10,0,0,0.0,29.0,0.0,29.0,0.0,0.0,0.0
cache,250.0,medium,18,0,30,100.056,0.04321,0.0,0.95679,0.63448,0.36133,29,26,0.6896551724137931,0.3103448275862069,0.10344827586206896,6504,33.0,33.0,0,9,0,0,3.0,26.0,0.0,26.0,0.0,0.0,0.0
cache,250.0,medium,19,0,30,100.65,0.07377,0.0,0.92623,0.61858,0.32437,29,28,0.7241379310344828,0.27586206896551724,0.034482758620689655,7007,33.0,33.0,0,8,0,0,1.0,28.0,0.0,28.0,0.0,0.0,0.0
cache,250.0,medium,20,1,28,98.571,0.13257,0.01507,0.85236,0.68129,0.0,28,25,0.7142857142857143,0.2857142857142857,0.10714285714285714,6254,33.0,33.0,0,8,0,0,3.0,25.0,0.0,25.0,0.0,0.0,0.0
cache,250.0,medium,21,0,30,107.514,0.10282,0.0752,0.82198,0.58282,0.01425,29,29,0.6206896551724138,0.3793103448275862,0.0,7258,33.0,33.0,0,11,0,0,0.0,29.0,0.0,29.0,0.0,0.0,0.0
cache,250.0,medium,22,0,30,101.013,0.10389,0.02777,0.86834,0.67892,0.09326,29,27,0.5517241379310345,0.4482758620689655,0.06896551724137931,6756,33.0,33.0,0,13,0,0,2.0,27.0,0.0,27.0,0.0,0.0,0.0
cache,250.0,medium,23,0,30,96.888,0.06233,0.0,0.93767,0.69783,0.40512,29,24,0.7241379310344828,0.27586206896551724,0.1724137931034483,6003,33.0,33.0,0,8,0,0,5.0,24.0,0.0,24.0,0.0,0.0,0.0
cache,250.0,medium,24,0,30,106.458,0.05425,0.0,0.94575,0.73207,0.46906,29,27,0.5862068965517241,0.41379310344827586,0.06896551724137931,6755,33.0,33.0,0,12,0,0,2.0,27.0,0.0,27.0,0.0,0.0,0.0
cache,250.0,medium,25,0,30,100.419,0.10122,0.0,0.89878,0.71776,0.34186,29,28,0.6896551724137931,0.3103448275862069,0.034482758620689655,7008,33.0,33.0,0,9,0,0,1.0,28.0,0.0,28.0,0.0,0.0,0.0
cache,250.0,medium,26,0,30,99.891,0.1153,0.02313,0.86158,0.67168,0.14323,29,28,0.5517241379310345,0.4482758620689655,0.034482758620689655,7005,33.0,33.0,0,13,0,0,1.0,28.0,0.0,28.0,0.0,0.0,0.0
cache,250.0,medium,27,0,30,102.366,0.07221,0.0,0.92779,0.67052,0.2427,29,26,0.6896551724137931,0.3103448275862069,0.10344827586206896,6504,33.0,33.0,0,9,0,0,3.0,26.0,0.0,26.0,0.0,0.0,0.0
cache,250.0,medium,28,1,24,81.774,0.04843,0.01897,0.93261,0.6733,0.0,24,23,0.75,0.25,0.041666666666666664,5752,33.0,33.0,0,6,0,0,1.0,23.0,0.0,23.0,0.0,0.0,0.0
cache,250.0,medium,29,0,30,98.736,0.08021,0.09124,0.82854,0.61204,0.067,29,28,0.6206896551724138,0.3793103448275862,0.034482758620689655,7003,33.0,33.0,0,11,0,0,1.0,28.0,0.0,28.0,0.0,0.0,0.0
cache,250.0,strong,0,0,30,88.506,0.08464,0.0,0.91536,0.66566,0.24751,29,29,0.6896551724137931,0.3103448275862069,0.0,7254,33.0,33.0,0,9,0,0,0.0,29.0,0.0,29.0,0.0,0.0,0.0
cache,250.0,strong,1,0,30,88.737,0.17479,0.0,0.82521,0.76687,0.46348,29,25,0.6551724137931034,0.3448275862068966,0.13793103448275862,6254,33.0,33.0,0,10,0,0,4.0,25.0,0.0,25.0,0.0,0.0,0.0
cache,250.0,strong,2,0,30,86.79,0.08631,0.00342,0.91027,0.72008,0.19437,29,28,0.5172413793103449,0.4827586206896552,0.034482758620689655,7006,33.0,33.0,0,14,0,0,1.0,28.0,0.0,28.0,0.0,0.0,0.0
cache,250.0,strong,3,0,30,87.648,0.08095,0.0,0.91905,0.70184,0.33402,29,27,0.6896551724137931,0.3103448275862069,0.06896551724137931,6755,33.0,33.0,0,9,0,0,2.0,27.0,0.0,27.0,0.0,0.0,0.0
cache,250.0,strong,4,0,30,82.038,0.13194,0.0,0.86806,0.76348,0.46546,29,26,0.7931034482758621,0.20689655172413793,0.10344827586206896,6506,33.0,33.0,0,6,0,0,3.0,26.0,0.0,26.0,0.0,0.0,0.0
cache,250.0,strong,5,0,30,87.549,0.10403,0.0,0.89597,0.67141,0.28889,29,28,0.7241379310344828,0.27586206896551724,0.034482758620689655,7005,33.0,33.0,0,8,0,0,1.0,28.0,0.0,28.0,0.0,0.0,0.0
cache,250.0,strong,6,0,30,86.163,0.08617,0.0,0.91383,0.67417,0.35751,29,26,0.6896551724137931,0.3103448275862069,0.10344827586206896,6503,33.0,33.0,0,9,0,0,3.0,26.0,0.0,26.0,0.0,0.0,0.0
cache,250.0,strong,7,0,30,80.784,0.04085,0.0,0.95915,0.61738,0.21256,29,28,0.7241379310344828,0.27586206896551724,0.034482758620689655,7005,33.0,33.0,0,8,0,0,1.0,28.0,0.0,28.0,0.0,0.0,0.0
cache,250.0,strong,8,0,30,91.08,0.08007,0.0,0.91993,0.70451,0.38674,29,28,0.7241379310344828,0.27586206896551724,0.034482758620689655,7009,33.0,33.0,0,8,0,0,1.0,28.0,0.0,28.0,0.0,0.0,0.0
cache,250.0,strong,9,0,30,82.533,0.17113,0.0,0.82887,0.79968,0.45366,29,28,0.7931034482758621,0.20689655172413793,0.034482758620689655,7007,33.0,33.0,0,6,0,0,1.0,28.0,0.0,28.0,0.0,0.0,0.0
cache,250.0,strong,10,0,30,87.681,0.11253,0.0,0.88747,0.69181,0.36389,29,29,0.6206896551724138,0.3793103448275862,0.0,7258,33.0,33.0,0,11,0,0,0.0,29.0,0.0,29.0,0.0,0.0,0.0
cache,250.0,strong,11,0,30,83.853,0.1767,0.0,0.8233,0.67761,0.20089,29,27,0.6551724137931034,0.3448275862068966,0.06896551724137931,6756,33.0,33.0,0,10,0,0,2.0,27.0,0.0,27.0,0.0,0.0,0.0
cache,250.0,strong,12,0,30,80.982,0.06194,0.0,0.93806,0.69747,0.33325,29,25,0.896551724137931,0.10344827586206896,0.13793103448275862,6256,33.0,33.0,0,3,0,0,4.0,25.0,0.0,25.0,0.0,0.0,0.0
cache,250.0,strong,13,0,30,81.246,0.19009,0.0,0.80991,0.72977,0.33175,29,29,0.7586206896551724,0.2413793103448276,0.0,7258,33.0,33.0,0,7,0,0,0.0,29.0,0.0,29.0,0.0,0.0,0.0
cache,250.0,strong,14,0,30,86.823,0.15545,0.01748,0.82706,0.64868,0.13957,29,26,0.6896551724137931,0.3103448275862069,0.10344827586206896,6505,33.0,33.0,0,9,0,0,3.0,26.0,0.0,26.0,0.0,0.0,0.0
cache,250.0,strong,15,0,30,90.552,0.09257,0.0,0.90743,0.71004,0.50247,29,25,0.6206896551724138,0.3793103448275862,0.13793103448275862,6254,33.0,33.0,0,11,0,0,4.0,25.0,0.0,25.0,0.0,0.0,0.0
cache,250.0,strong,16,0,30,82.203,0.15777,0.0,0.84223,0.71214,0.22368,29,28,0.6551724137931034,0.3448275862068966,0.034482758620689655,7009,33.0,33.0,0,10,0,0,1.0,28.0,0.0,28.0,0.0,0.0,0.0
cache,250.0,strong,17,0,30,89.067,0.11782,0.0,0.88218,0.70167,0.22132,29,28,0.6551724137931034,0.3448275862068966,0.034482758620689655,7008,33.0,33.0,0,10,0,0,1.0,28.0,0.0,28.0,0.0,0.0,0.0
cache,250.0,strong,18,0,30,89.76,0.08015,0.0,0.91985,0.73888,0.45944,29,27,0.6551724137931034,0.3448275862068966,0.06896551724137931,6759,33.0,33.0,0,10,0,0,2.0,27.0,0.0,27.0,0.0,0.0,0.0
cache,250.0,strong,19,0,30,82.995,0.1165,0.0,0.8835,0.7018,0.23968,29,28,0.7241379310344828,0.27586206896551724,0.034482758620689655,7003,33.0,33.0,0,8,0,0,1.0,28.0,0.0,28.0,0.0,0.0,0.0
cache,250.0,strong,20,0,30,82.071,0.08846,0.0,0.91154,0.74415,0.40626,29,27,0.6896551724137931,0.3103448275862069,0.06896551724137931,6753,33.0,33.0,0,9,0,0,2.0,27.0,0.0,27.0,0.0,0.0,0.0
cache,250.0,strong,21,0,30,85.767,0.12928,0.0,0.87072,0.6877,0.21685,29,27,0.6206896551724138,0.3793103448275862,0.06896551724137931,6757,33.0,33.0,0,11,0,0,2.0,27.0,0.0,27.0,0.0,0.0,0.0
cache,250.0,strong,22,0,30,84.018,0.18814,0.01532,0.79654,0.71224,0.15972,29,27,0.5517241379310345,0.4482758620689655,0.06896551724137931,6756,33.0,33.0,0,13,0,0,2.0,27.0,0.0,27.0,0.0,0.0,0.0
cache,250.0,strong,23,0,30,86.196,0.08002,0.0,0.91998,0.73545,0.40754,29,28,0.5862068965517241,0.41379310344827586,0.034482758620689655,7006,33.0,33.0,0,12,0,0,1.0,28.0,0.0,28.0,0.0,0.0,0.0
cache,250.0,strong,24,0,30,88.143,0.1082,0.0,0.8918,0.70628,0.27747,29,26,0.5862068965517241,0.41379310344827586,0.10344827586206896,6499,33.0,33.0,0,12,0,0,3.0,26.0,0.0,26.0,0.0,0.0,0.0
cache,250.0,strong,25,1,23,69.564,0.22818,0.0204,0.75142,0.78912,0.0,23,22,0.6956521739130435,0.30434782608695654,0.043478260869565216,5507,33.0,33.0,0,7,0,0,1.0,22.0,0.0,22.0,0.0,0.0,0.0
cache,250.0,strong,26,0,30,82.269,0.18532,0.02367,0.79101,0.69005,0.07546,29,27,0.5517241379310345,0.4482758620689655,0.06896551724137931,6756,33.0,33.0,0,13,0,0,2.0,27.0,0.0,27.0,0.0,0.0,0.0
cache,250.0,strong,27,0,30,89.694,0.15379,0.0,0.84621,0.77142,0.46457,29,27,0.6896551724137931,0.3103448275862069,0.06896551724137931,6759,33.0,33.0,0,9,0,0,2.0,27.0,0.0,27.0,0.0,0.0,0.0
cache,250.0,strong,28,0,30,79.068,0.18865,0.04048,0.77087,0.73816,0.05059,29,27,0.7931034482758621,0.20689655172413793,0.06896551724137931,6758,33.0,33.0,0,6,0,0,2.0,27.0,0.0,27.0,0.0,0.0,0.0
cache,250.0,strong,29,0,30,90.255,0.10896,0.01572,0.87532,0.64361,0.11143,29,28,0.6206896551724138,0.3793103448275862,0.034482758620689655,7005,33.0,33.0,0,11,0,0,1.0,28.0,0.0,28.0,0.0,0.0,0.0
prefetch,250.0,weak,0,0,30,117.909,0.05346,0.00476,0.94179,0.65877,0.18913,29,15,0.7931034482758621,0.20689655172413793,0.4827586206896552,3750,33.0,33.0,0,6,0,0,14.0,15.0,0.0,58.0,43.0,9.0,10757.0
prefetch,250.0,weak,1,0,30,134.013,0.04679,0.0,0.95321,0.64181,0.21352,29,17,0.896551724137931,0.10344827586206896,0.41379310344827586,4252,33.0,33.0,0,3,0,0,12.0,17.0,0.0,59.0,42.0,5.0,10514.0
prefetch,250.0,weak,2,1,3,26.334,0.14536,0.5213,0.33333,0.37053,0.0,3,2,0.6666666666666666,0.3333333333333333,0.3333333333333333,501,33.0,33.0,0,1,0,0,1.0,2.0,0.0,10.0,8.0,1.0,2000.0
prefetch,250.0,weak,3,0,30,126.522,0.04356,0.0,0.95644,0.65175,0.3328,29,19,0.8275862068965517,0.1724137931034483,0.3448275862068966,4754,33.0,33.0,0,5,0,0,10.0,19.0,0.0,62.0,43.0,3.0,10759.0
prefetch,250.0,weak,4,1,3,19.932,0.32781,0.12252,0.54967,0.61107,0.0,3,3,0.3333333333333333,0.6666666666666666,0.0,751,33.0,33.0,0,2,0,0,0.0,3.0,0.0,12.0,9.0,0.0,2252.0
prefetch,250.0,weak,5,1,3,23.298,0.0864,0.16856,0.74504,0.59417,0.0,3,3,1.0,0.0,0.0,750,33.0,33.0,0,0,0,0,0.0,3.0,0.0,14.0,11.0,0.0,2750.0
prefetch,250.0,weak,6,0,30,126.852,0.03356,0.0,0.96644,0.65179,0.38791,29,17,0.8620689655172413,0.13793103448275862,0.41379310344827586,4252,33.0,33.0,0,4,0,0,12.0,17.0,0.0,61.0,44.0,10.0,11010.0
prefetch,250.0,weak,7,1,18,83.16,0.12302,0.01746,0.85952,0.70156,0.0,18,15,0.7777777777777778,0.2222222222222222,0.16666666666666666,3753,33.0,33.0,0,4,0,0,3.0,15.0,0.0,51.0,36.0,2.0,9007.0
prefetch,250.0,weak,8,1,11,52.602,0.04705,0.03074,0.92221,0.61615,0.0,11,9,0.8181818181818182,0.18181818181818182,0.18181818181818182,2250,33.0,33.0,0,2,0,0,2.0,9.0,0.0,31.0,22.0,1.0,5501.0
prefetch,250.0,weak,9,0,30,129.327,0.04721,0.0,0.95279,0.66832,0.37798,29,13,0.7931034482758621,0.20689655172413793,0.5517241379310345,3252,33.0,33.0,0,6,0,0,16.0,13.0,0.0,59.0,46.0,12.0,11512.0
prefetch,250.0,weak,10,0,30,121.605,0.0673,0.00651,0.92619,0.60129,0.19015,29,19,0.7241379310344828,0.27586206896551724,0.3448275862068966,4755,33.0,33.0,0,8,0,0,10.0,19.0,0.0,81.0,62.0,4.0,15510.0
prefetch,250.0,weak,11,1,2,14.19,0.23721,0.1093,0.65349,0.67002,0.0,2,2,1.0,0.0,0.0,500,33.0,33.0,0,0,0,0,0.0,2.0,0.0,8.0,6.0,0.0,1500.0
prefetch,250.0,weak,12,0,30,116.226,0.03379,0.03237,0.93384,0.61379,0.09435,29,24,0.8275862068965517,0.1724137931034483,0.1724137931034483,6007,33.0,33.0,0,5,0,0,5.0,24.0,0.0,72.0,48.0,2.0,12014.0
prefetch,250.0,weak,13,1,19,77.055,0.04454,0.03169,0.92377,0.65386,0.0,19,15,0.8947368421052632,0.10526315789473684,0.21052631578947367,3750,33.0,33.0,0,2,0,0,4.0,15.0,0.0,55.0,40.0,3.0,10009.0
prefetch,250.0,weak,14,1,3,23.958,0.08402,0.12534,0.79063,0.62809,0.0,3,3,1.0,0.0,0.0,749,33.0,33.0,0,0,0,0,0.0,3.0,0.0,14.0,11.0,0.0,2750.0
prefetch,250.0,weak,15,0,30,130.185,0.12421,0.0,0.87579,0.71907,0.43593,29,17,0.7586206896551724,0.2413793103448276,0.41379310344827586,4255,33.0,33.0,0,7,0,0,12.0,17.0,0.0,53.0,36.0,5.0,9013.0
prefetch,250.0,weak,16,0,30,134.64,0.03039,0.0,0.96961,0.54789,0.2031,29,23,0.6206896551724138,0.3793103448275862,0.20689655172413793,5757,33.0,33.0,0,11,0,0,6.0,23.0,0.0,78.0,55.0,5.0,13766.0
prefetch,250.0,weak,17,0,30,135.036,0.01491,0.02273,0.96237,0.53231,0.1543,29,19,0.8620689655172413,0.13793103448275862,0.3448275862068966,4755,33.0,33.0,0,4,0,0,10.0,19.0,0.0,61.0,42.0,5.0,10512.0
prefetch,250.0,weak,18,0,30,129.03,0.07187,0.0,0.92813,0.70076,0.42919,29,14,0.7931034482758621,0.20689655172413793,0.5172413793103449,3503,33.0,33.0,0,6,0,0,15.0,14.0,0.0,46.0,32.0,9.0,8007.0
prefetch,250.0,weak,19,1,18,83.49,0.04427,0.03241,0.92332,0.61747,0.0,18,15,0.7222222222222222,0.2777777777777778,0.16666666666666666,3751,33.0,33.0,0,5,0,0,3.0,15.0,0.0,47.0,32.0,1.0,8007.0
prefetch,250.0,weak,20,0,30,116.952,0.06179,0.0,0.93821,0.64238,0.28016,29,18,0.6896551724137931,0.3103448275862069,0.3793103448275862,4502,33.0,33.0,0,9,0,0,11.0,18.0,0.0,67.0,49.0,6.0,12269.0
prefetch,250.0,weak,21,0,30,126.39,0.05196,0.1624,0.78564,0.52702,0.00217,29,22,0.7241379310344828,0.27586206896551724,0.2413793103448276,5502,33.0,33.0,0,8,0,0,7.0,22.0,0.0,84.0,62.0,2.0,15512.0
prefetch,250.0,weak,22,0,30,125.136,0.03481,0.0,0.96519,0.6249,0.2442,29,22,0.6896551724137931,0.3103448275862069,0.2413793103448276,5503,33.0,33.0,0,9,0,0,7.0,22.0,0.0,78.0,56.0,7.0,14009.0
prefetch,250.0,weak,23,1,8,42.9,0.09462,0.24308,0.66231,0.44949,0.0,8,8,0.5,0.5,0.0,2000,33.0,33.0,0,4,0,0,0.0,8.0,0.0,29.0,21.0,0.0,5252.0
prefetch,250.0,weak,24,0,30,127.215,0.04877,0.02568,0.92555,0.55921,0.04888,29,26,0.6551724137931034,0.3448275862068966,0.10344827586206896,6502,33.0,33.0,0,10,0,0,3.0,26.0,0.0,83.0,57.0,3.0,14261.0
prefetch,250.0,weak,25,1,9,39.897,0.08271,0.02399,0.8933,0.70587,0.0,9,8,0.7777777777777778,0.2222222222222222,0.1111111111111111,1999,33.0,33.0,0,2,0,0,1.0,8.0,0.0,28.0,20.0,1.0,5001.0
prefetch,250.0,weak,26,0,30,125.961,0.04428,0.0,0.95572,0.62743,0.22938,29,18,0.896551724137931,0.10344827586206896,0.3793103448275862,4502,33.0,33.0,0,3,0,0,11.0,18.0,0.0,67.0,49.0,6.0,12265.0
prefetch,250.0,weak,27,0,30,130.02,0.05635,0.01827,0.92538,0.6035,0.15313,29,17,0.8275862068965517,0.1724137931034483,0.41379310344827586,4253,33.0,33.0,0,5,0,0,12.0,17.0,0.0,67.0,50.0,7.0,12511.0
prefetch,250.0,weak,28,0,30,130.317,0.0785,0.0,0.9215,0.69963,0.35643,29,20,0.8620689655172413,0.13793103448275862,0.3103448275862069,5004,33.0,33.0,0,4,0,0,9.0,20.0,0.0,67.0,47.0,5.0,11767.0
prefetch,250.0,weak,29,0,30,110.649,0.14017,0.0,0.85983,0.66445,0.29814,29,23,0.6896551724137931,0.3103448275862069,0.20689655172413793,5758,33.0,33.0,0,9,0,0,6.0,23.0,0.0,86.0,63.0,2.0,15770.0
prefetch,250.0,medium,0,0,30,101.97,0.07087,0.0,0.92913,0.64731,0.35545,29,18,0.6551724137931034,0.3448275862068966,0.3793103448275862,4502,33.0,33.0,0,10,0,0,11.0,18.0,0.0,68.0,50.0,7.0,12511.0
prefetch,250.0,medium,1,0,30,99.462,0.10385,0.03583,0.86032,0.62357,0.08492,29,23,0.7241379310344828,0.27586206896551724,0.20689655172413793,5755,33.0,33.0,0,8,0,0,6.0,23.0,0.0,86.0,63.0,5.0,15771.0
prefetch,250.0,medium,2,0,30,106.458,0.07719,0.0,0.92281,0.68531,0.22015,29,23,0.8620689655172413,0.13793103448275862,0.20689655172413793,5755,33.0,33.0,0,4,0,0,6.0,23.0,0.0,87.0,64.0,5.0,16022.0
prefetch,250.0,medium,3,1,8,36.597,0.10821,0.07394,0.81785,0.48673,0.0,8,8,0.625,0.375,0.0,1999,33.0,33.0,0,3,0,0,0.0,8.0,0.0,31.0,23.0,0.0,5753.0
prefetch,250.0,medium,4,1,9,34.254,0.2842,0.04335,0.67245,0.69106,0.0,9,7,0.7777777777777778,0.2222222222222222,0.2222222222222222,1749,33.0,33.0,0,2,0,0,2.0,7.0,0.0,28.0,21.0,2.0,5249.0
prefetch,250.0,medium,5,0,30,97.416,0.09316,0.0,0.90684,0.72648,0.3557,29,25,0.8620689655172413,0.13793103448275862,0.13793103448275862,6255,33.0,33.0,0,4,0,0,4.0,25.0,0.0,88.0,63.0,2.0,15766.0
prefetch,250.0,medium,6,0,30,102.201,0.07071,0.0,0.92929,0.7149,0.44902,29,21,0.6551724137931034,0.3448275862068966,0.27586206896551724,5254,33.0,33.0,0,10,0,0,8.0,21.0,0.0,77.0,56.0,3.0,14021.0
prefetch,250.0,medium,7,1,15,54.912,0.11779,0.03606,0.84615,0.68497,0.0,15,14,0.7333333333333333,0.26666666666666666,0.06666666666666667,3500,33.0,33.0,0,4,0,0,1.0,14.0,0.0,47.0,33.0,1.0,8257.0
prefetch,250.0,medium,8,0,30,111.342,0.03379,0.0,0.96621,0.63268,0.2172,29,21,0.7586206896551724,0.2413793103448276,0.27586206896551724,5253,33.0,33.0,0,7,0,0,8.0,21.0,0.0,78.0,57.0,6.0,14262.0
prefetch,250.0,medium,9,1,8,29.469,0.37066,0.09295,0.53639,0.73539,0.0,8,6,0.75,0.25,0.25,1502,33.0,33.0,0,2,0,0,2.0,6.0,0.0,21.0,15.0,2.0,3753.0
prefetch,250.0,medium,10,1,13,46.926,0.19831,0.03305,0.76864,0.79194,0.0,13,8,0.9230769230769231,0.07692307692307693,0.38461538461538464,2001,33.0,33.0,0,1,0,0,5.0,8.0,0.0,34.0,26.0,3.0,6502.0
prefetch,250.0,medium,11,1,3,15.972,0.45248,0.11157,0.43595,0.72124,0.0,3,3,1.0,0.0,0.0,750,33.0,33.0,0,0,0,0,0.0,3.0,0.0,13.0,10.0,0.0,2501.0
prefetch,250.0,medium,12,0,30,107.91,0.07982,0.0,0.92018,0.7058,0.2742,29,22,0.7586206896551724,0.2413793103448276,0.2413793103448276,5507,33.0,33.0,0,7,0,0,7.0,22.0,0.0,77.0,55.0,6.0,13771.0
prefetch,250.0,medium,13,0,30,95.568,0.08943,0.06077,0.84979,0.59284,0.02789,29,22,0.7586206896551724,0.2413793103448276,0.2413793103448276,5506,33.0,33.0,0,7,0,0,7.0,22.0,0.0,85.0,63.0,2.0,15768.0
prefetch,250.0,medium,14,0,30,103.818,0.06771,0.01017,0.92212,0.5413,0.16243,29,26,0.6551724137931034,0.3448275862068966,0.10344827586206896,6506,33.0,33.0,0,10,0,0,3.0,26.0,0.0,93.0,67.0,3.0,16773.0
prefetch,250.0,medium,15,0,30,104.907,0.0648,0.01384,0.92136,0.62347,0.1581,29,23,0.6206896551724138,0.3793103448275862,0.20689655172413793,5755,33.0,33.0,0,11,0,0,6.0,23.0,0.0,85.0,62.0,4.0,15529.0
prefetch,250.0,medium,16,0,30,97.449,0.10295,0.0,0.89705,0.65762,0.29495,29,23,0.8275862068965517,0.1724137931034483,0.20689655172413793,5756,33.0,33.0,0,5,0,0,6.0,23.0,0.0,92.0,69.0,5.0,17274.0
prefetch,250.0,medium,17,0,30,102.531,0.05826,0.07853,0.86321,0.59665,0.04842,29,20,0.6551724137931034,0.3448275862068966,0.3103448275862069,5001,33.0,33.0,0,10,0,0,9.0,20.0,0.0,71.0,51.0,7.0,12767.0
prefetch,250.0,medium,18,0,30,101.574,0.0822,0.0,0.9178,0.64319,0.35443,29,24,0.7241379310344828,0.27586206896551724,0.1724137931034483,6006,33.0,33.0,0,8,0,0,5.0,24.0,0.0,80.0,56.0,4.0,14019.0
prefetch,250.0,medium,19,1,23,78.573,0.07854,0.01428,0.90718,0.60052,0.0,23,21,0.7391304347826086,0.2608695652173913,0.08695652173913043,5253,33.0,33.0,0,6,0,0,2.0,21.0,0.0,69.0,48.0,2.0,12013.0
prefetch,250.0,medium,20,0,30,97.779,0.13939,0.02025,0.84036,0.62218,0.14739,29,25,0.6206896551724138,0.3793103448275862,0.13793103448275862,6252,33.0,33.0,0,11,0,0,4.0,25.0,0.0,96.0,71.0,3.0,17780.0
prefetch,250.0,medium,21,0,30,109.956,0.08613,0.0,0.91387,0.71092,0.43183,29,23,0.7241379310344828,0.27586206896551724,0.20689655172413793,5755,33.0,33.0,0,8,0,0,6.0,23.0,0.0,78.0,55.0,3.0,13762.0
prefetch,250.0,medium,22,0,30,106.59,0.1192,0.0,0.8808,0.68536,0.32143,29,24,0.5862068965517241,0.41379310344827586,0.1724137931034483,6006,33.0,33.0,0,12,0,0,5.0,24.0,0.0,90.0,66.0,3.0,16522.0
prefetch,250.0,medium,23,0,30,103.62,0.03439,0.0,0.96561,0.71136,0.45544,29,15,0.8275862068965517,0.1724137931034483,0.4827586206896552,3753,33.0,33.0,0,5,0,0,14.0,15.0,0.0,50.0,35.0,6.0,8763.0
prefetch,250.0,medium,24,0,30,108.207,0.05459,0.0,0.94541,0.72121,0.49771,29,19,0.6896551724137931,0.3103448275862069,0.3448275862068966,4751,33.0,33.0,0,9,0,0,10.0,19.0,0.0,69.0,50.0,7.0,12510.0
prefetch,250.0,medium,25,1,29,102.597,0.13284,0.0164,0.85076,0.66223,0.0,29,20,0.8275862068965517,0.1724137931034483,0.3103448275862069,5006,33.0,33.0,0,5,0,0,9.0,20.0,0.0,78.0,58.0,7.0,14522.0
prefetch,250.0,medium,26,1,18,64.284,0.0924,0.06982,0.83778,0.53489,0.0,18,17,0.5555555555555556,0.4444444444444444,0.05555555555555555,4250,33.0,33.0,0,8,0,0,1.0,17.0,0.0,60.0,43.0,1.0,10757.0
prefetch,250.0,medium,27,0,30,100.518,0.0476,0.06927,0.88313,0.56584,0.06399,29,26,0.7586206896551724,0.2413793103448276,0.10344827586206896,6508,33.0,33.0,0,7,0,0,3.0,26.0,0.0,89.0,63.0,2.0,15770.0
prefetch,250.0,medium,28,0,30,95.832,0.06543,0.0,0.93457,0.66385,0.20653,29,25,0.6896551724137931,0.3103448275862069,0.13793103448275862,6257,33.0,33.0,0,9,0,0,4.0,25.0,0.0,87.0,62.0,2.0,15523.0
prefetch,250.0,medium,29,1,7,36.399,0.11151,0.13418,0.75431,0.55169,0.0,7,7,0.42857142857142855,0.5714285714285714,0.0,1749,33.0,33.0,0,4,0,0,0.0,7.0,0.0,26.0,19.0,0.0,4750.0
prefetch,250.0,strong,0,0,30,85.47,0.12471,0.0,0.87529,0.66416,0.26113,29,27,0.6896551724137931,0.3103448275862069,0.06896551724137931,6759,33.0,33.0,0,9,0,0,2.0,27.0,0.0,86.0,59.0,0.0,14776.0
prefetch,250.0,strong,1,0,30,84.645,0.10331,0.0,0.89669,0.67921,0.29297,29,26,0.7241379310344828,0.27586206896551724,0.10344827586206896,6508,33.0,33.0,0,8,0,0,3.0,26.0,0.0,86.0,60.0,2.0,15028.0
prefetch,250.0,strong,2,0,30,84.051,0.09658,0.0,0.90342,0.70015,0.2917,29,22,0.8275862068965517,0.1724137931034483,0.2413793103448276,5502,33.0,33.0,0,5,0,0,7.0,22.0,0.0,90.0,68.0,3.0,17018.0
prefetch,250.0,strong,3,0,30,78.276,0.05902,0.00927,0.9317,0.64756,0.13984,29,26,0.6551724137931034,0.3448275862068966,0.10344827586206896,6503,33.0,33.0,0,10,0,0,3.0,26.0,0.0,86.0,60.0,2.0,15021.0
prefetch,250.0,strong,4,0,30,87.186,0.15746,0.0,0.84254,0.79055,0.50868,29,21,0.7586206896551724,0.2413793103448276,0.27586206896551724,5260,33.0,33.0,0,7,0,0,8.0,21.0,0.0,70.0,50.0,3.0,12278.0
prefetch,250.0,strong,5,0,30,88.044,0.23726,0.0,0.76274,0.79228,0.44778,29,25,0.7586206896551724,0.2413793103448276,0.13793103448275862,6255,33.0,33.0,0,7,0,0,4.0,25.0,0.0,94.0,69.0,4.0,17275.0
prefetch,250.0,strong,6,0,30,84.381,0.13805,0.0,0.86195,0.77083,0.40204,29,23,0.6896551724137931,0.3103448275862069,0.20689655172413793,5754,33.0,33.0,0,9,0,0,6.0,23.0,0.0,68.0,45.0,4.0,11270.0
prefetch,250.0,strong,7,1,13,38.808,0.26786,0.03741,0.69473,0.77071,0.0,13,12,0.6923076923076923,0.3076923076923077,0.07692307692307693,3002,33.0,33.0,0,4,0,0,1.0,12.0,0.0,41.0,29.0,1.0,7263.0
prefetch,250.0,strong,8,0,30,90.189,0.15075,0.01829,0.83095,0.70275,0.07047,29,26,0.5517241379310345,0.4482758620689655,0.10344827586206896,6505,33.0,33.0,0,13,0,0,3.0,26.0,0.0,86.0,60.0,3.0,15015.0
prefetch,250.0,strong,9,0,30,88.341,0.16474,0.0,0.83526,0.73117,0.42808,29,25,0.6206896551724138,0.3793103448275862,0.13793103448275862,6251,33.0,33.0,0,11,0,0,4.0,25.0,0.0,80.0,55.0,2.0,13755.0
prefetch,250.0,strong,10,0,30,86.559,0.06329,0.0,0.93671,0.70138,0.39926,29,24,0.6551724137931034,0.3448275862068966,0.1724137931034483,6001,33.0,33.0,0,10,0,0,5.0,24.0,0.0,86.0,62.0,3.0,15519.0
prefetch,250.0,strong,11,0,30,83.622,0.08248,0.02486,0.89266,0.62534,0.06742,29,26,0.7586206896551724,0.2413793103448276,0.10344827586206896,6504,33.0,33.0,0,7,0,0,3.0,26.0,0.0,86.0,60.0,1.0,15019.0
prefetch,250.0,strong,12,0,30,90.684,0.11208,0.0,0.88792,0.72288,0.39325,29,26,0.7241379310344828,0.27586206896551724,0.10344827586206896,6506,33.0,33.0,0,8,0,0,3.0,26.0,0.0,80.0,54.0,2.0,13526.0
prefetch,250.0,strong,13,0,30,82.665,0.1014,0.0507,0.8479,0.66159,0.02887,29,26,0.7586206896551724,0.2413793103448276,0.10344827586206896,6503,33.0,33.0,0,7,0,0,3.0,26.0,0.0,101.0,75.0,2.0,18779.0
prefetch,250.0,strong,14,1,17,54.318,0.17254,0.03524,0.79222,0.7027,0.0,17,14,0.6470588235294118,0.35294117647058826,0.17647058823529413,3501,33.0,33.0,0,6,0,0,3.0,14.0,0.0,51.0,37.0,2.0,9255.0
prefetch,250.0,strong,15,0,30,89.265,0.10203,0.0,0.89797,0.74397,0.47628,29,21,0.7241379310344828,0.27586206896551724,0.27586206896551724,5254,33.0,33.0,0,8,0,0,8.0,21.0,0.0,79.0,58.0,6.0,14520.0
prefetch,250.0,strong,16,0,30,81.741,0.17723,0.0,0.82277,0.75389,0.46073,29,24,0.6551724137931034,0.3448275862068966,0.1724137931034483,6006,33.0,33.0,0,10,0,0,5.0,24.0,0.0,92.0,68.0,1.0,17026.0
prefetch,250.0,strong,17,0,30,86.196,0.09839,0.0,0.90161,0.71204,0.3756,29,24,0.7241379310344828,0.27586206896551724,0.1724137931034483,6008,33.0,33.0,0,8,0,0,5.0,24.0,0.0,94.0,70.0,5.0,17523.0
prefetch,250.0,strong,18,0,30,83.985,0.08802,0.0,0.91198,0.72795,0.36284,29,18,0.7586206896551724,0.2413793103448276,0.3793103448275862,4506,33.0,33.0,0,7,0,0,11.0,18.0,0.0,59.0,41.0,6.0,10270.0
prefetch,250.0,strong,19,0,30,78.111,0.11238,0.01098,0.87664,0.59942,0.142,29,28,0.6206896551724138,0.3793103448275862,0.034482758620689655,7006,33.0,33.0,0,11,0,0,1.0,28.0,0.0,101.0,73.0,0.0,18282.0
prefetch,250.0,strong,20,0,30,84.678,0.12822,0.0,0.87178,0.7241,0.31234,29,22,0.8275862068965517,0.1724137931034483,0.2413793103448276,5504,33.0,33.0,0,5,0,0,7.0,22.0,0.0,80.0,58.0,7.0,14516.0
prefetch,250.0,strong,21,0,30,82.995,0.1829,0.0,0.8171,0.74747,0.43798,29,23,0.7931034482758621,0.20689655172413793,0.20689655172413793,5755,33.0,33.0,0,6,0,0,6.0,23.0,0.0,81.0,58.0,2.0,14520.0
prefetch,250.0,strong,22,0,30,83.688,0.15497,0.0,0.84503,0.7587,0.3493,29,18,0.8275862068965517,0.1724137931034483,0.3793103448275862,4505,33.0,33.0,0,5,0,0,11.0,18.0,0.0,65.0,47.0,11.0,11762.0
prefetch,250.0,strong,23,0,30,89.199,0.12135,0.0,0.87865,0.75197,0.53824,29,23,0.7931034482758621,0.20689655172413793,0.20689655172413793,5753,33.0,33.0,0,6,0,0,6.0,23.0,0.0,74.0,51.0,4.0,12762.0
prefetch,250.0,strong,24,0,30,86.526,0.15599,0.00381,0.8402,0.68511,0.19038,29,29,0.5862068965517241,0.41379310344827586,0.0,7256,33.0,33.0,0,12,0,0,0.0,29.0,0.0,93.0,64.0,0.0,16022.0
prefetch,250.0,strong,25,0,30,89.562,0.12749,0.0,0.87251,0.72483,0.43066,29,26,0.6551724137931034,0.3448275862068966,0.10344827586206896,6507,33.0,33.0,0,10,0,0,3.0,26.0,0.0,87.0,61.0,2.0,15282.0
prefetch,250.0,strong,26,0,30,85.602,0.13454,0.0,0.86546,0.70026,0.33069,29,25,0.6896551724137931,0.3103448275862069,0.13793103448275862,6254,33.0,33.0,0,9,0,0,4.0,25.0,0.0,91.0,66.0,3.0,16521.0
prefetch,250.0,strong,27,0,30,88.11,0.12846,0.0,0.87154,0.67942,0.2407,29,24,0.7241379310344828,0.27586206896551724,0.1724137931034483,6009,33.0,33.0,0,8,0,0,5.0,24.0,0.0,88.0,64.0,5.0,16028.0
prefetch,250.0,strong,28,0,30,83.16,0.13452,0.0,0.86548,0.73617,0.20882,29,22,0.7586206896551724,0.2413793103448276,0.2413793103448276,5507,33.0,33.0,0,7,0,0,7.0,22.0,0.0,80.0,58.0,5.0,14515.0
prefetch,250.0,strong,29,0,30,84.117,0.09965,0.0,0.90035,0.72903,0.3942,29,24,0.6896551724137931,0.3103448275862069,0.1724137931034483,6005,33.0,33.0,0,9,0,0,5.0,24.0,0.0,93.0,69.0,4.0,17286.0
async,500.0,weak,0,0,30,131.109,0.04656,0.0,0.95344,0.65862,0.26271,29,29,1.0,0.0,0.0,7256,33.0,33.0,0,0,0,0,0.0,0.0,0.0,0.0,0.0,0.0,0.0
async,500.0,weak,1,0,30,132.693,0.05695,0.0,0.94305,0.70466,0.39453,29,29,1.0,0.0,0.0,7261,33.0,33.0,0,0,0,0,0.0,0.0,0.0,0.0,0.0,0.0,0.0
async,500.0,weak,2,0,30,137.412,0.02882,0.13208,0.8391,0.46653,0.02482,29,29,1.0,0.0,0.0,7258,33.0,33.0,0,0,0,0,0.0,0.0,0.0,0.0,0.0,0.0,0.0
async,500.0,weak,3,1,1,11.88,0.30833,0.19167,0.5,0.6213,0.0,1,1,1.0,0.0,0.0,250,33.0,33.0,0,0,0,0,0.0,0.0,0.0,0.0,0.0,0.0,0.0
async,500.0,weak,4,0,30,124.245,0.0656,0.0,0.9344,0.61776,0.25585,29,29,0.9655172413793104,0.034482758620689655,0.0,7260,33.0,33.0,0,1,0,0,0.0,0.0,0.0,0.0,0.0,0.0,0.0
async,500.0,weak,5,1,14,66.891,0.03009,0.15195,0.81796,0.5634,0.0,14,14,1.0,0.0,0.0,3499,33.0,33.0,0,0,0,0,0.0,0.0,0.0,0.0,0.0,0.0,0.0
async,500.0,weak,6,1,15,73.128,0.05596,0.02347,0.92058,0.66573,0.0,15,15,1.0,0.0,0.0,3753,33.0,33.0,0,0,0,0,0.0,0.0,0.0,0.0,0.0,0.0,0.0
async,500.0,weak,7,0,30,114.345,0.0482,0.0,0.9518,0.57533,0.23007,29,29,1.0,0.0,0.0,7254,33.0,33.0,0,0,0,0,0.0,0.0,0.0,0.0,0.0,0.0,0.0
async,500.0,weak,8,0,30,126.654,0.01954,0.03283,0.94763,0.58655,0.1024,29,29,1.0,0.0,0.0,7257,33.0,33.0,0,0,0,0,0.0,0.0,0.0,0.0,0.0,0.0,0.0
async,500.0,weak,9,0,30,127.941,0.0895,0.01986,0.89064,0.63932,0.10036,29,29,1.0,0.0,0.0,7253,33.0,33.0,0,0,0,0,0.0,0.0,0.0,0.0,0.0,0.0,0.0
async,500.0,weak,10,0,30,123.948,0.04659,0.0,0.95341,0.61964,0.25104,29,29,1.0,0.0,0.0,7258,33.0,33.0,0,0,0,0,0.0,0.0,0.0,0.0,0.0,0.0,0.0
async,500.0,weak,11,1,2,11.781,0.27451,0.08123,0.64426,0.71609,0.0,2,2,1.0,0.0,0.0,500,33.0,33.0,0,0,0,0,0.0,0.0,0.0,0.0,0.0,0.0,0.0
async,500.0,weak,12,0,30,119.955,0.04292,0.02063,0.93645,0.63447,0.10324,29,29,1.0,0.0,0.0,7256,33.0,33.0,0,0,0,0,0.0,0.0,0.0,0.0,0.0,0.0,0.0
async,500.0,weak,13,0,30,117.084,0.02847,0.03861,0.93292,0.59456,0.11631,29,29,1.0,0.0,0.0,7259,33.0,33.0,0,0,0,0,0.0,0.0,0.0,0.0,0.0,0.0,0.0
async,500.0,weak,14,0,30,123.222,0.01634,0.01768,0.96599,0.59219,0.10585,29,29,1.0,0.0,0.0,7257,33.0,33.0,0,0,0,0,0.0,0.0,0.0,0.0,0.0,0.0,0.0
async,500.0,weak,15,0,30,129.03,0.0156,0.0,0.9844,0.64397,0.24355,29,29,1.0,0.0,0.0,7256,33.0,33.0,0,0,0,0,0.0,0.0,0.0,0.0,0.0,0.0,0.0
async,500.0,weak,16,1,25,102.894,0.04747,0.0449,0.90763,0.60444,0.0,25,25,1.0,0.0,0.0,6255,33.0,33.0,0,0,0,0,0.0,0.0,0.0,0.0,0.0,0.0,0.0
async,500.0,weak,17,1,21,94.743,0.04772,0.02717,0.92511,0.66896,0.0,21,21,1.0,0.0,0.0,5253,33.0,33.0,0,0,0,0,0.0,0.0,0.0,0.0,0.0,0.0,0.0
async,500.0,weak,18,0,30,121.209,0.09121,0.0,0.90879,0.76101,0.47175,29,29,0.9655172413793104,0.034482758620689655,0.0,7252,33.0,33.0,0,1,0,0,0.0,0.0,0.0,0.0,0.0,0.0,0.0
async,500.0,weak,19,0,30,116.952,0.07195,0.0,0.92805,0.75399,0.40048,29,29,1.0,0.0,0.0,7255,33.0,33.0,0,0,0,0,0.0,0.0,0.0,0.0,0.0,0.0,0.0
async,500.0,weak,20,0,30,122.397,0.02507,0.02534,0.94958,0.55777,0.09801,29,29,1.0,0.0,0.0,7257,33.0,33.0,0,0,0,0,0.0,0.0,0.0,0.0,0.0,0.0,0.0
async,500.0,weak,21,0,30,126.324,0.08621,0.0,0.91379,0.65103,0.21555,29,29,1.0,0.0,0.0,7256,33.0,33.0,0,0,0,0,0.0,0.0,0.0,0.0,0.0,0.0,0.0
async,500.0,weak,22,0,30,126.555,0.03807,0.0,0.96193,0.65098,0.24718,29,29,0.9655172413793104,0.034482758620689655,0.0,7255,33.0,33.0,0,1,0,0,0.0,0.0,0.0,0.0,0.0,0.0,0.0
async,500.0,weak,23,0,30,123.189,0.04206,0.0,0.95794,0.66118,0.27243,29,29,0.9655172413793104,0.034482758620689655,0.0,7253,33.0,33.0,0,1,0,0,0.0,0.0,0.0,0.0,0.0,0.0,0.0
async,500.0,weak,24,1,20,87.186,0.02536,0.02536,0.94928,0.62754,0.0,20,20,0.95,0.05,0.0,5001,33.0,33.0,0,1,0,0,0.0,0.0,0.0,0.0,0.0,0.0,0.0
async,500.0,weak,25,0,30,120.384,0.04934,0.0,0.95066,0.64436,0.30195,29,29,1.0,0.0,0.0,7258,33.0,33.0,0,0,0,0,0.0,0.0,0.0,0.0,0.0,0.0,0.0
async,500.0,weak,26,0,30,130.713,0.03307,0.0,0.96693,0.59805,0.22871,29,29,1.0,0.0,0.0,7262,33.0,33.0,0,0,0,0,0.0,0.0,0.0,0.0,0.0,0.0,0.0
async,500.0,weak,27,0,30,132.231,0.01522,0.0,0.98478,0.71155,0.50671,29,29,1.0,0.0,0.0,7257,33.0,33.0,0,0,0,0,0.0,0.0,0.0,0.0,0.0,0.0,0.0
async,500.0,weak,28,1,29,131.901,0.04428,0.01101,0.94471,0.54913,0.0,29,29,1.0,0.0,0.0,7259,33.0,33.0,0,0,0,0,0.0,0.0,0.0,0.0,0.0,0.0,0.0
async,500.0,weak,29,0,30,121.407,0.02637,0.03099,0.94265,0.56777,0.13045,29,29,1.0,0.0,0.0,7254,33.0,33.0,0,0,0,0,0.0,0.0,0.0,0.0,0.0,0.0,0.0
async,500.0,medium,0,0,30,100.98,0.0683,0.0,0.9317,0.69641,0.28917,29,29,1.0,0.0,0.0,7253,33.0,33.0,0,0,0,0,0.0,0.0,0.0,0.0,0.0,0.0,0.0
async,500.0,medium,1,1,16,55.242,0.16726,0.01314,0.81959,0.6981,0.0,16,16,1.0,0.0,0.0,4000,33.0,33.0,0,0,0,0,0.0,0.0,0.0,0.0,0.0,0.0,0.0
async,500.0,medium,2,0,30,103.818,0.05149,0.0,0.94851,0.6108,0.25222,29,29,1.0,0.0,0.0,7252,33.0,33.0,0,0,0,0,0.0,0.0,0.0,0.0,0.0,0.0,0.0
async,500.0,medium,3,1,9,37.356,0.10336,0.18463,0.71201,0.45466,0.0,9,9,1.0,0.0,0.0,2251,33.0,33.0,0,0,0,0,0.0,0.0,0.0,0.0,0.0,0.0,0.0
async,500.0,medium,4,0,30,103.686,0.18682,0.01528,0.7979,0.7353,0.06253,29,29,0.9655172413793104,0.034482758620689655,0.0,7255,33.0,33.0,0,1,0,0,0.0,0.0,0.0,0.0,0.0,0.0,0.0
async,500.0,medium,5,0,30,98.241,0.05005,0.01982,0.93013,0.59972,0.13135,29,29,1.0,0.0,0.0,7252,33.0,33.0,0,0,0,0,0.0,0.0,0.0,0.0,0.0,0.0,0.0
async,500.0,medium,6,0,30,105.039,0.09299,0.0,0.90701,0.69754,0.32986,29,29,1.0,0.0,0.0,7258,33.0,33.0,0,0,0,0,0.0,0.0,0.0,0.0,0.0,0.0,0.0
async,500.0,medium,7,0,30,106.128,0.09639,0.06126,0.84235,0.67364,0.04062,29,29,1.0,0.0,0.0,7253,33.0,33.0,0,0,0,0,0.0,0.0,0.0,0.0,0.0,0.0,0.0
async,500.0,medium,8,0,30,109.494,0.07595,0.0,0.92405,0.71835,0.47436,29,29,1.0,0.0,0.0,7255,33.0,33.0,0,0,0,0,0.0,0.0,0.0,0.0,0.0,0.0,0.0
async,500.0,medium,9,0,30,105.864,0.07544,0.0,0.92456,0.65018,0.2242,29,29,1.0,0.0,0.0,7255,33.0,33.0,0,0,0,0,0.0,0.0,0.0,0.0,0.0,0.0,0.0
async,500.0,medium,10,1,16,61.347,0.15815,0.04034,0.80151,0.6628,0.0,16,16,1.0,0.0,0.0,3999,33.0,33.0,0,0,0,0,0.0,0.0,0.0,0.0,0.0,0.0,0.0
async,500.0,medium,11,1,3,14.223,0.51972,0.09281,0.38747,0.75891,0.0,3,3,1.0,0.0,0.0,750,33.0,33.0,0,0,0,0,0.0,0.0,0.0,0.0,0.0,0.0,0.0
async,500.0,medium,12,0,30,98.472,0.06367,0.0,0.93633,0.63413,0.20809,29,29,1.0,0.0,0.0,7254,33.0,33.0,0,0,0,0,0.0,0.0,0.0,0.0,0.0,0.0,0.0
async,500.0,medium,13,0,30,99.231,0.07815,0.0,0.92185,0.69206,0.2905,29,29,1.0,0.0,0.0,7251,33.0,33.0,0,0,0,0,0.0,0.0,0.0,0.0,0.0,0.0,0.0
async,500.0,medium,14,0,30,93.192,0.06657,0.01169,0.92174,0.58627,0.12785,29,29,1.0,0.0,0.0,7253,33.0,33.0,0,0,0,0,0.0,0.0,0.0,0.0,0.0,0.0,0.0
async,500.0,medium,15,0,30,108.471,0.07484,0.04503,0.88013,0.64476,0.04015,29,29,1.0,0.0,0.0,7253,33.0,33.0,0,0,0,0,0.0,0.0,0.0,0.0,0.0,0.0,0.0
async,500.0,medium,16,1,24,80.355,0.05339,0.01602,0.9306,0.63381,0.0,24,24,1.0,0.0,0.0,6003,33.0,33.0,0,0,0,0,0.0,0.0,0.0,0.0,0.0,0.0,0.0
async,500.0,medium,17,0,30,99.495,0.16484,0.0,0.83516,0.71534,0.28362,29,29,1.0,0.0,0.0,7256,33.0,33.0,0,0,0,0,0.0,0.0,0.0,0.0,0.0,0.0,0.0
async,500.0,medium,18,1,17,66.594,0.08722,0.02478,0.88801,0.66555,0.0,17,17,1.0,0.0,0.0,4251,33.0,33.0,0,0,0,0,0.0,0.0,0.0,0.0,0.0,0.0,0.0
async,500.0,medium,19,0,30,101.343,0.17323,0.0,0.82677,0.74524,0.3367,29,29,1.0,0.0,0.0,7258,33.0,33.0,0,0,0,0,0.0,0.0,0.0,0.0,0.0,0.0,0.0
async,500.0,medium,20,1,28,92.796,0.12802,0.06401,0.80797,0.62013,0.0,28,28,1.0,0.0,0.0,7004,33.0,33.0,0,0,0,0,0.0,0.0,0.0,0.0,0.0,0.0,0.0
async,500.0,medium,21,0,30,100.419,0.11765,0.0,0.88235,0.73184,0.36887,29,29,1.0,0.0,0.0,7255,33.0,33.0,0,0,0,0,0.0,0.0,0.0,0.0,0.0,0.0,0.0
async,500.0,medium,22,0,30,102.993,0.12688,0.0,0.87312,0.71066,0.31428,29,29,0.9655172413793104,0.034482758620689655,0.0,7259,33.0,33.0,0,1,0,0,0.0,0.0,0.0,0.0,0.0,0.0,0.0
async,500.0,medium,23,0,30,98.67,0.10167,0.0,0.89833,0.73558,0.46065,29,29,0.9655172413793104,0.034482758620689655,0.0,7255,33.0,33.0,0,1,0,0,0.0,0.0,0.0,0.0,0.0,0.0,0.0
async,500.0,medium,24,0,30,103.752,0.12436,0.01081,0.86482,0.68791,0.17352,29,29,0.9655172413793104,0.034482758620689655,0.0,7256,33.0,33.0,0,1,0,0,0.0,0.0,0.0,0.0,0.0,0.0,0.0
async,500.0,medium,25,0,30,102.003,0.09059,0.0,0.90941,0.75897,0.48055,29,29,1.0,0.0,0.0,7257,33.0,33.0,0,0,0,0,0.0,0.0,0.0,0.0,0.0,0.0,0.0
async,500.0,medium,26,0,30,98.109,0.04945,0.02018,0.93037,0.59465,0.10509,29,29,1.0,0.0,0.0,7250,33.0,33.0,0,0,0,0,0.0,0.0,0.0,0.0,0.0,0.0,0.0
async,500.0,medium,27,0,30,103.653,0.07068,0.0,0.92932,0.65467,0.23414,29,29,1.0,0.0,0.0,7257,33.0,33.0,0,0,0,0,0.0,0.0,0.0,0.0,0.0,0.0,0.0
async,500.0,medium,28,0,30,102.333,0.11706,0.0,0.88294,0.71839,0.2175,29,29,1.0,0.0,0.0,7253,33.0,33.0,0,0,0,0,0.0,0.0,0.0,0.0,0.0,0.0,0.0
async,500.0,medium,29,0,30,93.324,0.04243,0.05622,0.90134,0.56267,0.08829,29,29,1.0,0.0,0.0,7253,33.0,33.0,0,0,0,0,0.0,0.0,0.0,0.0,0.0,0.0,0.0
async,500.0,strong,0,0,30,86.394,0.11803,0.0,0.88197,0.7225,0.34108,29,29,1.0,0.0,0.0,7256,33.0,33.0,0,0,0,0,0.0,0.0,0.0,0.0,0.0,0.0,0.0
async,500.0,strong,1,0,30,80.982,0.09821,0.0,0.90179,0.73449,0.30783,29,29,1.0,0.0,0.0,7256,33.0,33.0,0,0,0,0,0.0,0.0,0.0,0.0,0.0,0.0,0.0
async,500.0,strong,2,0,30,84.744,0.08061,0.0,0.91939,0.7012,0.38298,29,29,1.0,0.0,0.0,7255,33.0,33.0,0,0,0,0,0.0,0.0,0.0,0.0,0.0,0.0,0.0
async,500.0,strong,3,0,30,86.988,0.09332,0.0,0.90668,0.73017,0.38035,29,29,1.0,0.0,0.0,7254,33.0,33.0,0,0,0,0,0.0,0.0,0.0,0.0,0.0,0.0,0.0
async,500.0,strong,4,0,30,87.582,0.13451,0.0,0.86549,0.7723,0.48783,29,29,0.9655172413793104,0.034482758620689655,0.0,7256,33.0,33.0,0,1,0,0,0.0,0.0,0.0,0.0,0.0,0.0,0.0
async,500.0,strong,5,0,30,88.935,0.10835,0.00631,0.88534,0.71035,0.17802,29,29,1.0,0.0,0.0,7257,33.0,33.0,0,0,0,0,0.0,0.0,0.0,0.0,0.0,0.0,0.0
async,500.0,strong,6,0,30,87.054,0.05345,0.02274,0.92381,0.65312,0.14077,29,29,1.0,0.0,0.0,7256,33.0,33.0,0,0,0,0,0.0,0.0,0.0,0.0,0.0,0.0,0.0
async,500.0,strong,7,0,30,85.371,0.05102,0.0,0.94898,0.66338,0.33649,29,29,1.0,0.0,0.0,7255,33.0,33.0,0,0,0,0,0.0,0.0,0.0,0.0,0.0,0.0,0.0
async,500.0,strong,8,0,30,89.166,0.12102,0.0,0.87898,0.74269,0.44164,29,29,1.0,0.0,0.0,7254,33.0,33.0,0,0,0,0,0.0,0.0,0.0,0.0,0.0,0.0,0.0
async,500.0,strong,9,0,30,81.939,0.18687,0.01369,0.79944,0.73466,0.09415,29,29,1.0,0.0,0.0,7255,33.0,33.0,0,0,0,0,0.0,0.0,0.0,0.0,0.0,0.0,0.0
async,500.0,strong,10,0,30,88.935,0.10241,0.0,0.89759,0.72325,0.40319,29,29,1.0,0.0,0.0,7257,33.0,33.0,0,0,0,0,0.0,0.0,0.0,0.0,0.0,0.0,0.0
async,500.0,strong,11,0,30,85.536,0.14506,0.05748,0.79745,0.65333,0.03723,29,29,1.0,0.0,0.0,7259,33.0,33.0,0,0,0,0,0.0,0.0,0.0,0.0,0.0,0.0,0.0
async,500.0,strong,12,0,30,79.068,0.08556,0.0,0.91444,0.68289,0.25074,29,29,1.0,0.0,0.0,7259,33.0,33.0,0,0,0,0,0.0,0.0,0.0,0.0,0.0,0.0,0.0
async,500.0,strong,13,0,30,82.038,0.11344,0.0,0.88656,0.72159,0.35626,29,29,1.0,0.0,0.0,7256,33.0,33.0,0,0,0,0,0.0,0.0,0.0,0.0,0.0,0.0,0.0
async,500.0,strong,14,0,30,87.021,0.13197,0.0,0.86803,0.75991,0.3871,29,29,1.0,0.0,0.0,7259,33.0,33.0,0,0,0,0,0.0,0.0,0.0,0.0,0.0,0.0,0.0
async,500.0,strong,15,0,30,85.074,0.14313,0.00349,0.85337,0.70153,0.18645,29,29,1.0,0.0,0.0,7255,33.0,33.0,0,0,0,0,0.0,0.0,0.0,0.0,0.0,0.0,0.0
async,500.0,strong,16,0,30,80.718,0.0879,0.0,0.9121,0.75446,0.48886,29,29,1.0,0.0,0.0,7255,33.0,33.0,0,0,0,0,0.0,0.0,0.0,0.0,0.0,0.0,0.0
async,500.0,strong,17,0,30,82.302,0.18083,0.0,0.81917,0.77698,0.52047,29,29,1.0,0.0,0.0,7257,33.0,33.0,0,0,0,0,0.0,0.0,0.0,0.0,0.0,0.0,0.0
async,500.0,strong,18,0,30,82.83,0.13546,0.0,0.86454,0.72555,0.23478,29,29,0.9655172413793104,0.034482758620689655,0.0,7257,33.0,33.0,0,1,0,0,0.0,0.0,0.0,0.0,0.0,0.0,0.0
async,500.0,strong,19,0,30,82.236,0.10273,0.0,0.89727,0.66039,0.23968,29,29,1.0,0.0,0.0,7256,33.0,33.0,0,0,0,0,0.0,0.0,0.0,0.0,0.0,0.0,0.0
async,500.0,strong,20,0,30,78.969,0.15671,0.0,0.84329,0.74335,0.23341,29,29,1.0,0.0,0.0,7258,33.0,33.0,0,0,0,0,0.0,0.0,0.0,0.0,0.0,0.0,0.0
async,500.0,strong,21,0,30,87.087,0.14892,0.0,0.85108,0.74453,0.29394,29,29,1.0,0.0,0.0,7254,33.0,33.0,0,0,0,0,0.0,0.0,0.0,0.0,0.0,0.0,0.0
async,500.0,strong,22,0,30,85.899,0.10142,0.0,0.89858,0.76026,0.56017,29,29,0.9655172413793104,0.034482758620689655,0.0,7261,33.0,33.0,0,1,0,0,0.0,0.0,0.0,0.0,0.0,0.0,0.0
async,500.0,strong,23,0,30,84.777,0.0615,0.0,0.9385,0.72014,0.46021,29,29,0.9655172413793104,0.034482758620689655,0.0,7253,33.0,33.0,0,1,0,0,0.0,0.0,0.0,0.0,0.0,0.0,0.0
async,500.0,strong,24,0,30,81.774,0.13358,0.01251,0.85391,0.65284,0.10006,29,29,0.9655172413793104,0.034482758620689655,0.0,7255,33.0,33.0,0,1,0,0,0.0,0.0,0.0,0.0,0.0,0.0,0.0
async,500.0,strong,25,0,30,86.922,0.15756,0.0,0.84244,0.77997,0.39417,29,29,1.0,0.0,0.0,7258,33.0,33.0,0,0,0,0,0.0,0.0,0.0,0.0,0.0,0.0,0.0
async,500.0,strong,26,0,30,84.579,0.08545,0.0,0.91455,0.68058,0.28129,29,29,1.0,0.0,0.0,7255,33.0,33.0,0,0,0,0,0.0,0.0,0.0,0.0,0.0,0.0,0.0
async,500.0,strong,27,0,30,82.434,0.14492,0.01121,0.84388,0.71735,0.12189,29,29,1.0,0.0,0.0,7254,33.0,33.0,0,0,0,0,0.0,0.0,0.0,0.0,0.0,0.0,0.0
async,500.0,strong,28,0,30,78.012,0.11929,0.04103,0.83968,0.69743,0.05059,29,29,1.0,0.0,0.0,7252,33.0,33.0,0,0,0,0,0.0,0.0,0.0,0.0,0.0,0.0,0.0
async,500.0,strong,29,0,30,80.058,0.12902,0.0,0.87098,0.73175,0.29659,29,29,1.0,0.0,0.0,7255,33.0,33.0,0,0,0,0,0.0,0.0,0.0,0.0,0.0,0.0,0.0
cache,500.0,weak,0,0,30,129.492,0.06397,0.0,0.93603,0.65675,0.26271,29,22,1.0,0.0,0.2413793103448276,5504,33.0,33.0,0,0,0,0,7.0,22.0,0.0,22.0,0.0,0.0,0.0
cache,500.0,weak,1,0,30,125.4,0.06421,0.0,0.93579,0.67998,0.27291,29,25,1.0,0.0,0.13793103448275862,6258,33.0,33.0,0,0,0,0,4.0,25.0,0.0,25.0,0.0,0.0,0.0
cache,500.0,weak,2,1,20,101.772,0.03891,0.11187,0.84922,0.49605,0.0,20,18,1.0,0.0,0.1,4501,33.0,33.0,0,0,0,0,2.0,18.0,0.0,18.0,0.0,0.0,0.0
cache,500.0,weak,3,1,1,11.88,0.30833,0.19167,0.5,0.6213,0.0,1,1,1.0,0.0,0.0,250,33.0,33.0,0,0,0,0,0.0,1.0,0.0,1.0,0.0,0.0,0.0
cache,500.0,weak,4,0,30,120.384,0.06387,0.0,0.93613,0.6249,0.25585,29,27,0.9655172413793104,0.034482758620689655,0.06896551724137931,6760,33.0,33.0,0,1,0,0,2.0,27.0,0.0,27.0,0.0,0.0,0.0
cache,500.0,weak,5,1,14,66.891,0.03009,0.15195,0.81796,0.5634,0.0,14,14,1.0,0.0,0.0,3499,33.0,33.0,0,0,0,0,0.0,14.0,0.0,14.0,0.0,0.0,0.0
cache,500.0,weak,6,0,30,131.538,0.05043,0.00075,0.94882,0.6322,0.19816,29,25,1.0,0.0,0.13793103448275862,6257,33.0,33.0,0,0,0,0,4.0,25.0,0.0,25.0,0.0,0.0,0.0
cache,500.0,weak,7,0,30,128.04,0.04304,0.00696,0.95,0.50925,0.17803,29,26,1.0,0.0,0.10344827586206896,6507,33.0,33.0,0,0,0,0,3.0,26.0,0.0,26.0,0.0,0.0,0.0
cache,500.0,weak,8,0,30,126.654,0.01954,0.03283,0.94763,0.58261,0.1024,29,26,1.0,0.0,0.10344827586206896,6506,33.0,33.0,0,0,0,0,3.0,26.0,0.0,26.0,0.0,0.0,0.0
cache,500.0,weak,9,0,30,128.238,0.11477,0.0543,0.83093,0.63831,0.0658,29,25,1.0,0.0,0.13793103448275862,6253,33.0,33.0,0,0,0,0,4.0,25.0,0.0,25.0,0.0,0.0,0.0
cache,500.0,weak,10,0,30,128.898,0.03712,0.0,0.96288,0.66369,0.37429,29,23,1.0,0.0,0.20689655172413793,5752,33.0,33.0,0,0,0,0,6.0,23.0,0.0,23.0,0.0,0.0,0.0
cache,500.0,weak,11,1,2,11.781,0.27451,0.08123,0.64426,0.71609,0.0,2,2,1.0,0.0,0.0,500,33.0,33.0,0,0,0,0,0.0,2.0,0.0,2.0,0.0,0.0,0.0
cache,500.0,weak,12,0,30,119.955,0.04292,0.02063,0.93645,0.63447,0.10324,29,29,1.0,0.0,0.0,7256,33.0,33.0,0,0,0,0,0.0,29.0,0.0,29.0,0.0,0.0,0.0
cache,500.0,weak,13,1,28,111.375,0.02993,0.00563,0.96444,0.63619,0.0,28,23,1.0,0.0,0.17857142857142858,5752,33.0,33.0,0,0,0,0,5.0,23.0,0.0,23.0,0.0,0.0,0.0
cache,500.0,weak,14,0,30,123.189,0.02545,0.0,0.97455,0.66584,0.3312,29,21,1.0,0.0,0.27586206896551724,5254,33.0,33.0,0,0,0,0,8.0,21.0,0.0,21.0,0.0,0.0,0.0
cache,500.0,weak,15,0,30,139.953,0.01438,0.0,0.98562,0.62218,0.24355,29,24,1.0,0.0,0.1724137931034483,6010,33.0,33.0,0,0,0,0,5.0,24.0,0.0,24.0,0.0,0.0,0.0
cache,500.0,weak,16,1,27,110.946,0.03421,0.05473,0.91106,0.58646,0.0,27,23,1.0,0.0,0.14814814814814814,5756,33.0,33.0,0,0,0,0,4.0,23.0,0.0,23.0,0.0,0.0,0.0
cache,500.0,weak,17,0,30,126.357,0.03447,0.0,0.96553,0.6819,0.41559,29,21,1.0,0.0,0.27586206896551724,5254,33.0,33.0,0,0,0,0,8.0,21.0,0.0,21.0,0.0,0.0,0.0
cache,500.0,weak,18,0,30,121.44,0.07826,0.0,0.92174,0.6756,0.25732,29,25,1.0,0.0,0.13793103448275862,6255,33.0,33.0,0,0,0,0,4.0,25.0,0.0,25.0,0.0,0.0,0.0
cache,500.0,weak,19,0,30,123.981,0.04738,0.06149,0.89114,0.6391,0.09206,29,26,1.0,0.0,0.10344827586206896,6505,33.0,33.0,0,0,0,0,3.0,26.0,0.0,26.0,0.0,0.0,0.0
cache,500.0,weak,20,0,30,122.892,0.02497,0.03733,0.9377,0.54626,0.09801,29,26,1.0,0.0,0.10344827586206896,6504,33.0,33.0,0,0,0,0,3.0,26.0,0.0,26.0,0.0,0.0,0.0
cache,500.0,weak,21,0,30,125.763,0.07819,0.00446,0.91734,0.59097,0.17181,29,27,1.0,0.0,0.06896551724137931,6754,33.0,33.0,0,0,0,0,2.0,27.0,0.0,27.0,0.0,0.0,0.0
cache,500.0,weak,22,0,30,131.67,0.03659,0.03509,0.92832,0.64351,0.11553,29,23,0.9655172413793104,0.034482758620689655,0.20689655172413793,5756,33.0,33.0,0,1,0,0,6.0,23.0,0.0,23.0,0.0,0.0,0.0
cache,500.0,weak,23,0,30,122.595,0.04361,0.0,0.95639,0.66262,0.34017,29,23,1.0,0.0,0.20689655172413793,5754,33.0,33.0,0,0,0,0,6.0,23.0,0.0,23.0,0.0,0.0,0.0
cache,500.0,weak,24,0,30,123.75,0.0544,0.00667,0.93893,0.63909,0.1813,29,25,0.9655172413793104,0.034482758620689655,0.13793103448275862,6253,33.0,33.0,0,1,0,0,4.0,25.0,0.0,25.0,0.0,0.0,0.0
cache,500.0,weak,25,0,30,117.909,0.0361,0.0,0.9639,0.65119,0.26191,29,27,1.0,0.0,0.06896551724137931,6754,33.0,33.0,0,0,0,0,2.0,27.0,0.0,27.0,0.0,0.0,0.0
cache,500.0,weak,26,0,30,127.644,0.03387,0.0,0.96613,0.58278,0.22871,29,24,1.0,0.0,0.1724137931034483,6008,33.0,33.0,0,0,0,0,5.0,24.0,0.0,24.0,0.0,0.0,0.0
cache,500.0,weak,27,0,30,131.076,0.02518,0.0,0.97482,0.64842,0.3524,29,22,1.0,0.0,0.2413793103448276,5503,33.0,33.0,0,0,0,0,7.0,22.0,0.0,22.0,0.0,0.0,0.0
cache,500.0,weak,28,0,30,127.017,0.07197,0.0239,0.90413,0.56194,0.13135,29,26,1.0,0.0,0.10344827586206896,6506,33.0,33.0,0,0,0,0,3.0,26.0,0.0,26.0,0.0,0.0,0.0
cache,500.0,weak,29,0,30,124.509,0.03446,0.0,0.96554,0.68564,0.33483,29,23,1.0,0.0,0.20689655172413793,5757,33.0,33.0,0,0,0,0,6.0,23.0,0.0,23.0,0.0,0.0,0.0
cache,500.0,medium,0,0,30,92.763,0.08751,0.0,0.91249,0.71469,0.36851,29,28,1.0,0.0,0.034482758620689655,7002,33.0,33.0,0,0,0,0,1.0,28.0,0.0,28.0,0.0,0.0,0.0
cache,500.0,medium,1,1,16,55.242,0.16726,0.01314,0.81959,0.6981,0.0,16,16,1.0,0.0,0.0,4000,33.0,33.0,0,0,0,0,0.0,16.0,0.0,16.0,0.0,0.0,0.0
cache,500.0,medium,2,0,30,103.818,0.05149,0.0,0.94851,0.6108,0.25222,29,29,1.0,0.0,0.0,7252,33.0,33.0,0,0,0,0,0.0,29.0,0.0,29.0,0.0,0.0,0.0
cache,500.0,medium,3,1,9,37.356,0.10336,0.18463,0.71201,0.45466,0.0,9,9,1.0,0.0,0.0,2251,33.0,33.0,0,0,0,0,0.0,9.0,0.0,9.0,0.0,0.0,0.0
cache,500.0,medium,4,0,30,102.399,0.15018,0.01547,0.83435,0.72221,0.06253,29,27,0.9655172413793104,0.034482758620689655,0.06896551724137931,6755,33.0,33.0,0,1,0,0,2.0,27.0,0.0,27.0,0.0,0.0,0.0
cache,500.0,medium,5,0,30,98.241,0.05005,0.01982,0.93013,0.59814,0.13135,29,27,1.0,0.0,0.06896551724137931,6751,33.0,33.0,0,0,0,0,2.0,27.0,0.0,27.0,0.0,0.0,0.0
cache,500.0,medium,6,0,30,103.851,0.05466,0.0,0.94534,0.66867,0.32986,29,27,1.0,0.0,0.06896551724137931,6753,33.0,33.0,0,0,0,0,2.0,27.0,0.0,27.0,0.0,0.0,0.0
cache,500.0,medium,7,0,30,107.283,0.09536,0.07259,0.83205,0.62781,0.02544,29,28,1.0,0.0,0.034482758620689655,7006,33.0,33.0,0,0,0,0,1.0,28.0,0.0,28.0,0.0,0.0,0.0
cache,500.0,medium,8,0,30,109.23,0.0861,0.0,0.9139,0.72558,0.4744,29,28,1.0,0.0,0.034482758620689655,7004,33.0,33.0,0,0,0,0,1.0,28.0,0.0,28.0,0.0,0.0,0.0
cache,500.0,medium,9,1,27,97.251,0.10078,0.02104,0.87818,0.64132,0.0,27,25,1.0,0.0,0.07407407407407407,6253,33.0,33.0,0,0,0,0,2.0,25.0,0.0,25.0,0.0,0.0,0.0
cache,500.0,medium,10,0,30,102.762,0.12203,0.0,0.87797,0.659,0.26874,29,27,1.0,0.0,0.06896551724137931,6752,33.0,33.0,0,0,0,0,2.0,27.0,0.0,27.0,0.0,0.0,0.0
cache,500.0,medium,11,1,3,14.223,0.51972,0.09281,0.38747,0.75891,0.0,3,3,1.0,0.0,0.0,750,33.0,33.0,0,0,0,0,0.0,3.0,0.0,3.0,0.0,0.0,0.0
cache,500.0,medium,12,0,30,95.073,0.07706,0.0,0.92294,0.65295,0.20809,29,28,1.0,0.0,0.034482758620689655,7005,33.0,33.0,0,0,0,0,1.0,28.0,0.0,28.0,0.0,0.0,0.0
cache,500.0,medium,13,0,30,99.231,0.07815,0.0,0.92185,0.69186,0.2905,29,28,1.0,0.0,0.034482758620689655,7001,33.0,33.0,0,0,0,0,1.0,28.0,0.0,28.0,0.0,0.0,0.0
cache,500.0,medium,14,0,30,93.126,0.06591,0.01169,0.9224,0.5838,0.12785,29,27,1.0,0.0,0.06896551724137931,6755,33.0,33.0,0,0,0,0,2.0,27.0,0.0,27.0,0.0,0.0,0.0
cache,500.0,medium,15,0,30,102.894,0.07312,0.0,0.92688,0.63201,0.22982,29,26,1.0,0.0,0.10344827586206896,6506,33.0,33.0,0,0,0,0,3.0,26.0,0.0,26.0,0.0,0.0,0.0
cache,500.0,medium,16,0,30,102.3,0.04194,0.03194,0.92613,0.582,0.1308,29,28,1.0,0.0,0.034482758620689655,7005,33.0,33.0,0,0,0,0,1.0,28.0,0.0,28.0,0.0,0.0,0.0
cache,500.0,medium,17,0,30,99.495,0.16484,0.0,0.83516,0.71534,0.28362,29,29,1.0,0.0,0.0,7256,33.0,33.0,0,0,0,0,0.0,29.0,0.0,29.0,0.0,0.0,0.0
cache,500.0,medium,18,1,17,66.594,0.08722,0.02478,0.88801,0.66555,0.0,17,17,1.0,0.0,0.0,4251,33.0,33.0,0,0,0,0,0.0,17.0,0.0,17.0,0.0,0.0,0.0
cache,500.0,medium,19,0,30,100.749,0.14576,0.0,0.85424,0.72213,0.3367,29,26,1.0,0.0,0.10344827586206896,6507,33.0,33.0,0,0,0,0,3.0,26.0,0.0,26.0,0.0,0.0,0.0
cache,500.0,medium,20,1,28,95.964,0.12448,0.01513,0.86039,0.68125,0.0,28,27,1.0,0.0,0.03571428571428571,6756,33.0,33.0,0,0,0,0,1.0,27.0,0.0,27.0,0.0,0.0,0.0
cache,500.0,medium,21,0,30,101.739,0.1158,0.0,0.8842,0.71138,0.40058,29,25,1.0,0.0,0.13793103448275862,6253,33.0,33.0,0,0,0,0,4.0,25.0,0.0,25.0,0.0,0.0,0.0
cache,500.0,medium,22,0,30,104.709,0.1144,0.0,0.8856,0.70319,0.27337,29,27,0.9655172413793104,0.034482758620689655,0.06896551724137931,6759,33.0,33.0,0,1,0,0,2.0,27.0,0.0,27.0,0.0,0.0,0.0
cache,500.0,medium,23,0,30,101.046,0.21261,0.0,0.78739,0.77735,0.42929,29,26,1.0,0.0,0.10344827586206896,6504,33.0,33.0,0,0,0,0,3.0,26.0,0.0,26.0,0.0,0.0,0.0
cache,500.0,medium,24,0,30,105.831,0.15092,0.0,0.84908,0.74238,0.42787,29,28,0.9655172413793104,0.034482758620689655,0.034482758620689655,7006,33.0,33.0,0,1,0,0,1.0,28.0,0.0,28.0,0.0,0.0,0.0
cache,500.0,medium,25,0,30,95.37,0.1218,0.0,0.8782,0.73202,0.21008,29,28,1.0,0.0,0.034482758620689655,7010,33.0,33.0,0,0,0,0,1.0,28.0,0.0,28.0,0.0,0.0,0.0
cache,500.0,medium,26,0,30,101.475,0.0478,0.01951,0.93268,0.61403,0.10509,29,26,1.0,0.0,0.10344827586206896,6499,33.0,33.0,0,0,0,0,3.0,26.0,0.0,26.0,0.0,0.0,0.0
cache,500.0,medium,27,0,30,103.653,0.07068,0.0,0.92932,0.65467,0.23414,29,29,1.0,0.0,0.0,7257,33.0,33.0,0,0,0,0,0.0,29.0,0.0,29.0,0.0,0.0,0.0
cache,500.0,medium,28,0,30,97.086,0.09347,0.0,0.90653,0.69033,0.26938,29,28,1.0,0.0,0.034482758620689655,6999,33.0,33.0,0,0,0,0,1.0,28.0,0.0,28.0,0.0,0.0,0.0
cache,500.0,medium,29,0,30,98.967,0.09737,0.03134,0.87129,0.66721,0.12241,29,27,1.0,0.0,0.06896551724137931,6754,33.0,33.0,0,0,0,0,2.0,27.0,0.0,27.0,0.0,0.0,0.0
cache,500.0,strong,0,0,30,84.249,0.18762,0.0,0.81238,0.76854,0.34108,29,27,1.0,0.0,0.06896551724137931,6755,33.0,33.0,0,0,0,0,2.0,27.0,0.0,27.0,0.0,0.0,0.0
cache,500.0,strong,1,0,30,83.622,0.1026,0.0,0.8974,0.69547,0.30783,29,26,1.0,0.0,0.10344827586206896,6510,33.0,33.0,0,0,0,0,3.0,26.0,0.0,26.0,0.0,0.0,0.0
cache,500.0,strong,2,0,30,84.744,0.08061,0.0,0.91939,0.7012,0.38298,29,29,1.0,0.0,0.0,7255,33.0,33.0,0,0,0,0,0.0,29.0,0.0,29.0,0.0,0.0,0.0
cache,500.0,strong,3,0,30,80.85,0.08653,0.0,0.91347,0.73406,0.45055,29,26,1.0,0.0,0.10344827586206896,6503,33.0,33.0,0,0,0,0,3.0,26.0,0.0,26.0,0.0,0.0,0.0
cache,500.0,strong,4,0,30,85.272,0.15093,0.0,0.84907,0.75898,0.45635,29,23,0.9655172413793104,0.034482758620689655,0.20689655172413793,5753,33.0,33.0,0,1,0,0,6.0,23.0,0.0,23.0,0.0,0.0,0.0
cache,500.0,strong,5,0,30,90.948,0.11067,0.00617,0.88316,0.69142,0.17802,29,28,1.0,0.0,0.034482758620689655,7007,33.0,33.0,0,0,0,0,1.0,28.0,0.0,28.0,0.0,0.0,0.0
cache,500.0,strong,6,0,30,87.054,0.05345,0.02274,0.92381,0.65312,0.14077,29,29,1.0,0.0,0.0,7256,33.0,33.0,0,0,0,0,0.0,29.0,0.0,29.0,0.0,0.0,0.0
cache,500.0,strong,7,0,30,85.371,0.05102,0.0,0.94898,0.66338,0.33649,29,29,1.0,0.0,0.0,7255,33.0,33.0,0,0,0,0,0.0,29.0,0.0,29.0,0.0,0.0,0.0
cache,500.0,strong,8,0,30,88.143,0.11232,0.0,0.88768,0.73682,0.44164,29,26,1.0,0.0,0.10344827586206896,6505,33.0,33.0,0,0,0,0,3.0,26.0,0.0,26.0,0.0,0.0,0.0
cache,500.0,strong,9,0,30,84.48,0.24258,0.0,0.75742,0.79463,0.43561,29,27,1.0,0.0,0.06896551724137931,6754,33.0,33.0,0,0,0,0,2.0,27.0,0.0,27.0,0.0,0.0,0.0
cache,500.0,strong,10,0,30,89.001,0.10234,0.0,0.89766,0.72046,0.40319,29,28,1.0,0.0,0.034482758620689655,7008,33.0,33.0,0,0,0,0,1.0,28.0,0.0,28.0,0.0,0.0,0.0
cache,500.0,strong,11,0,30,85.536,0.14506,0.05748,0.79745,0.65333,0.03723,29,29,1.0,0.0,0.0,7259,33.0,33.0,0,0,0,0,0.0,29.0,0.0,29.0,0.0,0.0,0.0
cache,500.0,strong,12,0,30,80.718,0.1251,0.0,0.8749,0.71102,0.25318,29,28,1.0,0.0,0.034482758620689655,7006,33.0,33.0,0,0,0,0,1.0,28.0,0.0,28.0,0.0,0.0,0.0
cache,500.0,strong,13,0,30,82.038,0.11344,0.0,0.88656,0.72159,0.35626,29,28,1.0,0.0,0.034482758620689655,7006,33.0,33.0,0,0,0,0,1.0,28.0,0.0,28.0,0.0,0.0,0.0
cache,500.0,strong,14,0,30,87.021,0.13197,0.0,0.86803,0.75991,0.3871,29,29,1.0,0.0,0.0,7259,33.0,33.0,0,0,0,0,0.0,29.0,0.0,29.0,0.0,0.0,0.0
cache,500.0,strong,15,0,30,83.589,0.17331,0.00355,0.82313,0.71804,0.18645,29,27,1.0,0.0,0.06896551724137931,6754,33.0,33.0,0,0,0,0,2.0,27.0,0.0,27.0,0.0,0.0,0.0
cache,500.0,strong,16,0,30,81.444,0.08712,0.0,0.91288,0.75472,0.48886,29,28,1.0,0.0,0.034482758620689655,7004,33.0,33.0,0,0,0,0,1.0,28.0,0.0,28.0,0.0,0.0,0.0
cache,500.0,strong,17,0,30,81.312,0.19643,0.0,0.80357,0.77853,0.52047,29,28,1.0,0.0,0.034482758620689655,7005,33.0,33.0,0,0,0,0,1.0,28.0,0.0,28.0,0.0,0.0,0.0
cache,500.0,strong,18,0,30,82.764,0.17703,0.0,0.82297,0.73629,0.23478,29,27,0.9655172413793104,0.034482758620689655,0.06896551724137931,6756,33.0,33.0,0,1,0,0,2.0,27.0,0.0,27.0,0.0,0.0,0.0
cache,500.0,strong,19,0,30,85.767,0.12813,0.0,0.87187,0.70791,0.23968,29,28,1.0,0.0,0.034482758620689655,7008,33.0,33.0,0,0,0,0,1.0,28.0,0.0,28.0,0.0,0.0,0.0
cache,500.0,strong,20,0,30,82.038,0.18423,0.0,0.81577,0.7892,0.39591,29,28,1.0,0.0,0.034482758620689655,7004,33.0,33.0,0,0,0,0,1.0,28.0,0.0,28.0,0.0,0.0,0.0
cache,500.0,strong,21,0,30,86.394,0.1398,0.0,0.8602,0.73656,0.29394,29,28,1.0,0.0,0.034482758620689655,7003,33.0,33.0,0,0,0,0,1.0,28.0,0.0,28.0,0.0,0.0,0.0
cache,500.0,strong,22,0,30,83.457,0.121,0.0,0.879,0.69729,0.33225,29,27,0.9655172413793104,0.034482758620689655,0.06896551724137931,6754,33.0,33.0,0,1,0,0,2.0,27.0,0.0,27.0,0.0,0.0,0.0
cache,500.0,strong,23,0,30,84.711,0.06155,0.0,0.93845,0.71108,0.46021,29,27,1.0,0.0,0.06896551724137931,6752,33.0,33.0,0,0,0,0,2.0,27.0,0.0,27.0,0.0,0.0,0.0
cache,500.0,strong,24,0,30,81.774,0.13358,0.01251,0.85391,0.6528,0.10006,29,28,0.9655172413793104,0.034482758620689655,0.034482758620689655,7004,33.0,33.0,0,1,0,0,1.0,28.0,0.0,28.0,0.0,0.0,0.0
cache,500.0,strong,25,0,30,86.922,0.15756,0.0,0.84244,0.77997,0.39417,29,29,1.0,0.0,0.0,7258,33.0,33.0,0,0,0,0,0.0,29.0,0.0,29.0,0.0,0.0,0.0
cache,500.0,strong,26,0,30,87.351,0.08274,0.0,0.91726,0.6919,0.3709,29,25,1.0,0.0,0.13793103448275862,6255,33.0,33.0,0,0,0,0,4.0,25.0,0.0,25.0,0.0,0.0,0.0
cache,500.0,strong,27,0,30,83.82,0.14252,0.0185,0.83898,0.68178,0.12189,29,28,1.0,0.0,0.034482758620689655,7005,33.0,33.0,0,0,0,0,1.0,28.0,0.0,28.0,0.0,0.0,0.0
cache,500.0,strong,28,0,30,79.86,0.2438,0.04008,0.71612,0.75961,0.05059,29,27,1.0,0.0,0.06896551724137931,6754,33.0,33.0,0,0,0,0,2.0,27.0,0.0,27.0,0.0,0.0,0.0
cache,500.0,strong,29,0,30,79.629,0.17364,0.0,0.82636,0.73282,0.29659,29,27,1.0,0.0,0.06896551724137931,6755,33.0,33.0,0,0,0,0,2.0,27.0,0.0,27.0,0.0,0.0,0.0
prefetch,500.0,weak,0,0,30,129.261,0.04876,0.0,0.95124,0.61863,0.22785,29,20,0.9655172413793104,0.034482758620689655,0.3103448275862069,5005,33.0,33.0,0,1,0,0,9.0,20.0,0.0,61.0,41.0,6.0,10263.0
prefetch,500.0,weak,1,0,30,132.495,0.07049,0.0,0.92951,0.67914,0.4275,29,17,1.0,0.0,0.41379310344827586,4256,33.0,33.0,0,0,0,0,12.0,17.0,0.0,65.0,48.0,6.0,12025.0
prefetch,500.0,weak,2,1,3,26.334,0.14536,0.5213,0.33333,0.37053,0.0,3,2,1.0,0.0,0.3333333333333333,501,33.0,33.0,0,0,0,0,1.0,2.0,0.0,10.0,8.0,1.0,2000.0
prefetch,500.0,weak,3,0,30,122.265,0.04345,0.0,0.95655,0.69699,0.43516,29,16,1.0,0.0,0.4482758620689655,4002,33.0,33.0,0,0,0,0,13.0,16.0,0.0,61.0,45.0,8.0,11260.0
prefetch,500.0,weak,4,1,3,19.932,0.32781,0.12252,0.54967,0.61107,0.0,3,3,0.6666666666666666,0.3333333333333333,0.0,751,33.0,33.0,0,1,0,0,0.0,3.0,0.0,12.0,9.0,0.0,2252.0
prefetch,500.0,weak,5,1,3,23.298,0.0864,0.16856,0.74504,0.59417,0.0,3,3,1.0,0.0,0.0,750,33.0,33.0,0,0,0,0,0.0,3.0,0.0,14.0,11.0,0.0,2750.0
prefetch,500.0,weak,6,0,30,130.548,0.05915,0.0,0.94085,0.69823,0.40659,29,16,1.0,0.0,0.4482758620689655,4001,33.0,33.0,0,0,0,0,13.0,16.0,0.0,60.0,44.0,6.0,11008.0
prefetch,500.0,weak,7,0,30,129.096,0.06518,0.0092,0.92561,0.59513,0.1768,29,20,1.0,0.0,0.3103448275862069,5002,33.0,33.0,0,0,0,0,9.0,20.0,0.0,78.0,58.0,4.0,14511.0
prefetch,500.0,weak,8,0,30,128.436,0.03006,0.0,0.96994,0.64205,0.36855,29,22,0.9655172413793104,0.034482758620689655,0.2413793103448276,5506,33.0,33.0,0,1,0,0,7.0,22.0,0.0,66.0,44.0,5.0,11009.0
prefetch,500.0,weak,9,1,7,29.073,0.48695,0.04086,0.47219,0.83926,0.0,7,4,1.0,0.0,0.42857142857142855,1000,33.0,33.0,0,0,0,0,3.0,4.0,0.0,16.0,12.0,1.0,3005.0
prefetch,500.0,weak,10,0,30,125.895,0.03932,0.00524,0.95544,0.55784,0.18855,29,24,0.9655172413793104,0.034482758620689655,0.1724137931034483,6004,33.0,33.0,0,1,0,0,5.0,24.0,0.0,83.0,59.0,4.0,14764.0
prefetch,500.0,weak,11,1,2,14.19,0.23721,0.1093,0.65349,0.67002,0.0,2,2,1.0,0.0,0.0,500,33.0,33.0,0,0,0,0,0.0,2.0,0.0,8.0,6.0,0.0,1500.0
prefetch,500.0,weak,12,0,30,116.061,0.06085,0.0,0.93915,0.66693,0.26065,29,21,1.0,0.0,0.27586206896551724,5257,33.0,33.0,0,0,0,0,8.0,21.0,0.0,72.0,51.0,7.0,12767.0
prefetch,500.0,weak,13,1,28,119.13,0.02798,0.01274,0.95928,0.66076,0.0,28,17,1.0,0.0,0.39285714285714285,4254,33.0,33.0,0,0,0,0,11.0,17.0,0.0,70.0,53.0,7.0,13265.0
prefetch,500.0,weak,14,1,3,23.958,0.08402,0.12534,0.79063,0.62809,0.0,3,3,1.0,0.0,0.0,749,33.0,33.0,0,0,0,0,0.0,3.0,0.0,14.0,11.0,0.0,2750.0
prefetch,500.0,weak,15,0,30,132.0,0.01525,0.0,0.98475,0.61509,0.26655,29,18,1.0,0.0,0.3793103448275862,4505,33.0,33.0,0,0,0,0,11.0,18.0,0.0,63.0,45.0,6.0,11266.0
prefetch,500.0,weak,16,1,25,106.029,0.061,0.01463,0.92437,0.66434,0.0,25,19,1.0,0.0,0.24,4753,33.0,33.0,0,0,0,0,6.0,19.0,0.0,62.0,43.0,3.0,10755.0
prefetch,500.0,weak,17,0,30,135.036,0.01491,0.02273,0.96237,0.53445,0.1543,29,18,1.0,0.0,0.3793103448275862,4503,33.0,33.0,0,0,0,0,11.0,18.0,0.0,60.0,42.0,6.0,10509.0
prefetch,500.0,weak,18,0,30,123.42,0.03342,0.0,0.96658,0.69238,0.26337,29,16,1.0,0.0,0.4482758620689655,4001,33.0,33.0,0,0,0,0,13.0,16.0,0.0,48.0,32.0,6.0,8007.0
prefetch,500.0,weak,19,0,30,126.522,0.02921,0.00391,0.96688,0.64115,0.1926,29,19,1.0,0.0,0.3448275862068966,4753,33.0,33.0,0,0,0,0,10.0,19.0,0.0,72.0,53.0,5.0,13263.0
prefetch,500.0,weak,20,0,30,124.806,0.03411,0.0238,0.94209,0.58531,0.10114,29,17,1.0,0.0,0.41379310344827586,4253,33.0,33.0,0,0,0,0,12.0,17.0,0.0,72.0,55.0,8.0,13766.0
prefetch,500.0,weak,21,0,30,130.548,0.05536,0.0,0.94464,0.68652,0.31838,29,17,1.0,0.0,0.41379310344827586,4252,33.0,33.0,0,0,0,0,12.0,17.0,0.0,54.0,37.0,10.0,9262.0
prefetch,500.0,weak,22,0,30,126.984,0.03716,0.0,0.96284,0.6731,0.24687,29,20,1.0,0.0,0.3103448275862069,5003,33.0,33.0,0,0,0,0,9.0,20.0,0.0,58.0,38.0,6.0,9506.0
prefetch,500.0,weak,23,0,30,126.72,0.0888,0.0,0.9112,0.72301,0.39503,29,18,1.0,0.0,0.3793103448275862,4504,33.0,33.0,0,0,0,0,11.0,18.0,0.0,50.0,32.0,4.0,8006.0
prefetch,500.0,weak,24,0,30,126.324,0.03892,0.0,0.96108,0.68872,0.3297,29,17,1.0,0.0,0.41379310344827586,4253,33.0,33.0,0,0,0,0,12.0,17.0,0.0,54.0,37.0,8.0,9260.0
prefetch,500.0,weak,25,0,30,118.602,0.032,0.0,0.968,0.684,0.39574,29,15,1.0,0.0,0.4827586206896552,3753,33.0,33.0,0,0,0,0,14.0,15.0,0.0,49.0,34.0,9.0,8506.0
prefetch,500.0,weak,26,0,30,125.631,0.04282,0.0,0.95718,0.58959,0.2034,29,18,1.0,0.0,0.3793103448275862,4500,33.0,33.0,0,0,0,0,11.0,18.0,0.0,54.0,36.0,5.0,9008.0
prefetch,500.0,weak,27,0,30,129.525,0.01554,0.0,0.98446,0.65703,0.40719,29,14,1.0,0.0,0.5172413793103449,3501,33.0,33.0,0,0,0,0,15.0,14.0,0.0,53.0,39.0,7.0,9757.0
prefetch,500.0,weak,28,1,18,73.788,0.11941,0.04875,0.83184,0.59397,0.0,18,15,1.0,0.0,0.16666666666666666,3754,33.0,33.0,0,0,0,0,3.0,15.0,0.0,45.0,30.0,1.0,7504.0
prefetch,500.0,weak,29,1,7,34.716,0.09221,0.05608,0.85171,0.64678,0.0,7,6,1.0,0.0,0.14285714285714285,1500,33.0,33.0,0,0,0,0,1.0,6.0,0.0,22.0,16.0,1.0,4002.0
prefetch,500.0,medium,0,0,30,106.359,0.06795,0.0,0.93205,0.70356,0.3843,29,20,0.9655172413793104,0.034482758620689655,0.3103448275862069,5004,33.0,33.0,0,1,0,0,9.0,20.0,0.0,64.0,44.0,7.0,11013.0
prefetch,500.0,medium,1,0,30,99.462,0.0919,0.05873,0.84937,0.61857,0.01462,29,20,1.0,0.0,0.3103448275862069,5005,33.0,33.0,0,0,0,0,9.0,20.0,0.0,92.0,72.0,7.0,18020.0
prefetch,500.0,medium,2,1,16,64.218,0.06886,0.03546,0.89568,0.65771,0.0,16,15,1.0,0.0,0.0625,3752,33.0,33.0,0,0,0,0,1.0,15.0,0.0,56.0,41.0,1.0,10261.0
prefetch,500.0,medium,3,0,30,100.782,0.11035,0.05141,0.83824,0.61673,0.03206,29,25,1.0,0.0,0.13793103448275862,6254,33.0,33.0,0,0,0,0,4.0,25.0,0.0,83.0,58.0,3.0,14507.0
prefetch,500.0,medium,4,0,30,99.198,0.12808,0.0,0.87192,0.73404,0.30613,29,21,1.0,0.0,0.27586206896551724,5251,33.0,33.0,0,0,0,0,8.0,21.0,0.0,76.0,55.0,5.0,13763.0
prefetch,500.0,medium,5,0,30,103.521,0.1103,0.0,0.8897,0.63599,0.20157,29,25,1.0,0.0,0.13793103448275862,6256,33.0,33.0,0,0,0,0,4.0,25.0,0.0,100.0,75.0,2.0,18775.0
prefetch,500.0,medium,6,0,30,105.006,0.09365,0.00251,0.90383,0.69664,0.19489,29,24,1.0,0.0,0.1724137931034483,6000,33.0,33.0,0,0,0,0,5.0,24.0,0.0,80.0,56.0,5.0,14011.0
prefetch,500.0,medium,7,0,30,96.492,0.07832,0.0065,0.91518,0.60558,0.16608,29,25,1.0,0.0,0.13793103448275862,6256,33.0,33.0,0,0,0,0,4.0,25.0,0.0,90.0,65.0,3.0,16272.0
prefetch,500.0,medium,8,0,30,105.435,0.05915,0.0,0.94085,0.65841,0.22846,29,23,1.0,0.0,0.20689655172413793,5748,33.0,33.0,0,0,0,0,6.0,23.0,0.0,81.0,58.0,2.0,14511.0
prefetch,500.0,medium,9,0,30,97.35,0.17966,0.02475,0.79559,0.71233,0.12088,29,26,1.0,0.0,0.10344827586206896,6510,33.0,33.0,0,0,0,0,3.0,26.0,0.0,74.0,48.0,3.0,12020.0
prefetch,500.0,medium,10,0,30,107.547,0.10678,0.0405,0.85272,0.64427,0.05463,29,23,0.9655172413793104,0.034482758620689655,0.20689655172413793,5756,33.0,33.0,0,1,0,0,6.0,23.0,0.0,86.0,63.0,4.0,15765.0
prefetch,500.0,medium,11,1,3,15.972,0.45248,0.11157,0.43595,0.72124,0.0,3,3,1.0,0.0,0.0,750,33.0,33.0,0,0,0,0,0.0,3.0,0.0,13.0,10.0,0.0,2501.0
prefetch,500.0,medium,12,0,30,99.495,0.09751,0.0,0.90249,0.73183,0.29254,29,21,1.0,0.0,0.27586206896551724,5255,33.0,33.0,0,0,0,0,8.0,21.0,0.0,73.0,52.0,6.0,13017.0
prefetch,500.0,medium,13,0,30,89.826,0.15136,0.02094,0.8277,0.6438,0.12759,29,26,1.0,0.0,0.10344827586206896,6505,33.0,33.0,0,0,0,0,3.0,26.0,0.0,89.0,63.0,2.0,15767.0
prefetch,500.0,medium,14,0,30,101.805,0.094,0.0,0.906,0.63292,0.27754,29,22,1.0,0.0,0.2413793103448276,5505,33.0,33.0,0,0,0,0,7.0,22.0,0.0,75.0,53.0,4.0,13262.0
prefetch,500.0,medium,15,0,30,101.277,0.06777,0.0,0.93223,0.66312,0.24411,29,21,1.0,0.0,0.27586206896551724,5253,33.0,33.0,0,0,0,0,8.0,21.0,0.0,73.0,52.0,4.0,13015.0
prefetch,500.0,medium,16,1,7,29.667,0.14461,0.05673,0.79867,0.59729,0.0,7,7,1.0,0.0,0.0,1749,33.0,33.0,0,0,0,0,0.0,7.0,0.0,27.0,20.0,0.0,4998.0
prefetch,500.0,medium,17,0,30,104.478,0.05591,0.06159,0.8825,0.60473,0.09229,29,23,1.0,0.0,0.20689655172413793,5751,33.0,33.0,0,0,0,0,6.0,23.0,0.0,71.0,48.0,4.0,12012.0
prefetch,500.0,medium,18,0,30,98.571,0.10311,0.0067,0.89019,0.63377,0.17278,29,25,0.9655172413793104,0.034482758620689655,0.13793103448275862,6252,33.0,33.0,0,1,0,0,4.0,25.0,0.0,75.0,50.0,2.0,12515.0
prefetch,500.0,medium,19,0,30,99.825,0.06182,0.0,0.93818,0.63082,0.30055,29,21,1.0,0.0,0.27586206896551724,5254,33.0,33.0,0,0,0,0,8.0,21.0,0.0,78.0,57.0,6.0,14269.0
prefetch,500.0,medium,20,0,30,103.356,0.03321,0.00862,0.95817,0.69148,0.16071,29,22,1.0,0.0,0.2413793103448276,5504,33.0,33.0,0,0,0,0,7.0,22.0,0.0,81.0,59.0,6.0,14766.0
prefetch,500.0,medium,21,1,11,42.636,0.2856,0.02322,0.69118,0.8033,0.0,11,9,1.0,0.0,0.18181818181818182,2249,33.0,33.0,0,0,0,0,2.0,9.0,0.0,33.0,24.0,1.0,6003.0
prefetch,500.0,medium,22,0,30,100.254,0.08427,0.04246,0.87327,0.64636,0.04627,29,28,1.0,0.0,0.034482758620689655,7006,33.0,33.0,0,0,0,0,1.0,28.0,0.0,81.0,53.0,1.0,13266.0
prefetch,500.0,medium,23,0,30,104.445,0.0575,0.0,0.9425,0.65867,0.27057,29,22,1.0,0.0,0.2413793103448276,5505,33.0,33.0,0,0,0,0,7.0,22.0,0.0,79.0,57.0,4.0,14273.0
prefetch,500.0,medium,24,0,30,108.537,0.04378,0.02858,0.92764,0.5794,0.10644,29,24,1.0,0.0,0.1724137931034483,6004,33.0,33.0,0,0,0,0,5.0,24.0,0.0,87.0,63.0,4.0,15767.0
prefetch,500.0,medium,25,1,18,61.974,0.10064,0.01491,0.88445,0.72908,0.0,18,11,1.0,0.0,0.3888888888888889,2751,33.0,33.0,0,0,0,0,7.0,11.0,0.0,44.0,33.0,3.0,8259.0
prefetch,500.0,medium,26,0,30,101.244,0.04791,0.03096,0.92112,0.61811,0.06502,29,23,0.9655172413793104,0.034482758620689655,0.20689655172413793,5753,33.0,33.0,0,1,0,0,6.0,23.0,0.0,93.0,70.0,4.0,17524.0
prefetch,500.0,medium,27,0,30,99.33,0.0608,0.01927,0.91993,0.59869,0.06505,29,25,1.0,0.0,0.13793103448275862,6257,33.0,33.0,0,0,0,0,4.0,25.0,0.0,85.0,60.0,2.0,15019.0
prefetch,500.0,medium,28,0,30,93.159,0.05207,0.0,0.94793,0.66925,0.30697,29,27,1.0,0.0,0.06896551724137931,6753,33.0,33.0,0,0,0,0,2.0,27.0,0.0,89.0,62.0,1.0,15511.0
prefetch,500.0,medium,29,1,6,25.575,0.21032,0.04258,0.7471,0.71789,0.0,6,4,1.0,0.0,0.3333333333333333,999,33.0,33.0,0,0,0,0,2.0,4.0,0.0,20.0,16.0,2.0,4003.0
prefetch,500.0,strong,0,0,30,86.163,0.10571,0.0,0.89429,0.67293,0.35809,29,28,0.9655172413793104,0.034482758620689655,0.034482758620689655,7006,33.0,33.0,0,1,0,0,1.0,28.0,0.0,83.0,55.0,0.0,13770.0
prefetch,500.0,strong,1,0,30,79.134,0.09466,0.00917,0.89616,0.68352,0.16939,29,26,1.0,0.0,0.10344827586206896,6504,33.0,33.0,0,0,0,0,3.0,26.0,0.0,92.0,66.0,2.0,16525.0
prefetch,500.0,strong,2,0,30,77.88,0.14153,0.00339,0.85508,0.68419,0.1915,29,23,1.0,0.0,0.20689655172413793,5755,33.0,33.0,0,0,0,0,6.0,23.0,0.0,86.0,63.0,5.0,15763.0
prefetch,500.0,strong,3,0,30,81.642,0.04244,0.01657,0.94099,0.58868,0.07247,29,27,1.0,0.0,0.06896551724137931,6756,33.0,33.0,0,0,0,0,2.0,27.0,0.0,93.0,66.0,1.0,16518.0
prefetch,500.0,strong,4,1,8,23.265,0.21986,0.03262,0.74752,0.73218,0.0,8,7,0.875,0.125,0.125,1750,33.0,33.0,0,1,0,0,1.0,7.0,0.0,28.0,21.0,1.0,5256.0
prefetch,500.0,strong,5,1,7,22.671,0.28239,0.03348,0.68413,0.7122,0.0,7,6,1.0,0.0,0.14285714285714285,1500,33.0,33.0,0,0,0,0,1.0,6.0,0.0,23.0,17.0,1.0,4255.0
prefetch,500.0,strong,6,0,30,82.302,0.10305,0.0,0.89695,0.75948,0.48397,29,22,1.0,0.0,0.2413793103448276,5504,33.0,33.0,0,0,0,0,7.0,22.0,0.0,74.0,54.0,7.0,13024.0
prefetch,500.0,strong,7,0,30,80.652,0.11293,0.0,0.88707,0.72512,0.40834,29,27,1.0,0.0,0.06896551724137931,6756,33.0,33.0,0,0,0,0,2.0,27.0,0.0,94.0,67.0,1.0,16773.0
prefetch,500.0,strong,8,0,30,92.598,0.13115,0.0,0.86885,0.7452,0.47079,29,19,0.9655172413793104,0.034482758620689655,0.3448275862068966,4755,33.0,33.0,0,1,0,0,10.0,19.0,0.0,72.0,53.0,8.0,13266.0
prefetch,500.0,strong,9,0,30,82.896,0.17755,0.0,0.82245,0.71516,0.31731,29,24,1.0,0.0,0.1724137931034483,6006,33.0,33.0,0,0,0,0,5.0,24.0,0.0,85.0,61.0,5.0,15268.0
prefetch,500.0,strong,10,0,30,82.17,0.11325,0.0,0.88675,0.69706,0.41181,29,21,1.0,0.0,0.27586206896551724,5252,33.0,33.0,0,0,0,0,8.0,21.0,0.0,79.0,58.0,5.0,14516.0
prefetch,500.0,strong,11,0,30,77.583,0.0889,0.04339,0.86772,0.59723,0.06742,29,25,1.0,0.0,0.13793103448275862,6252,33.0,33.0,0,0,0,0,4.0,25.0,0.0,81.0,56.0,2.0,14014.0
prefetch,500.0,strong,12,0,30,83.16,0.15476,0.0,0.84524,0.76642,0.449,29,26,1.0,0.0,0.10344827586206896,6502,33.0,33.0,0,0,0,0,3.0,26.0,0.0,86.0,60.0,3.0,15018.0
prefetch,500.0,strong,13,0,30,79.068,0.0985,0.0,0.9015,0.6783,0.28182,29,25,1.0,0.0,0.13793103448275862,6255,33.0,33.0,0,0,0,0,4.0,25.0,0.0,87.0,62.0,3.0,15528.0
prefetch,500.0,strong,14,0,30,82.797,0.09167,0.0,0.90833,0.72579,0.35927,29,26,1.0,0.0,0.10344827586206896,6503,33.0,33.0,0,0,0,0,3.0,26.0,0.0,86.0,60.0,3.0,15016.0
prefetch,500.0,strong,15,0,30,81.543,0.10239,0.0,0.89761,0.72032,0.21775,29,23,1.0,0.0,0.20689655172413793,5752,33.0,33.0,0,0,0,0,6.0,23.0,0.0,70.0,47.0,3.0,11758.0
prefetch,500.0,strong,16,0,30,87.615,0.06817,0.0,0.93183,0.71268,0.27223,29,25,1.0,0.0,0.13793103448275862,6253,33.0,33.0,0,0,0,0,4.0,25.0,0.0,75.0,50.0,3.0,12512.0
prefetch,500.0,strong,17,0,30,86.526,0.09344,0.0,0.90656,0.70008,0.3756,29,23,1.0,0.0,0.20689655172413793,5758,33.0,33.0,0,0,0,0,6.0,23.0,0.0,89.0,66.0,5.0,16525.0
prefetch,500.0,strong,18,0,30,85.041,0.104,0.0,0.896,0.71701,0.29301,29,24,1.0,0.0,0.1724137931034483,6006,33.0,33.0,0,0,0,0,5.0,24.0,0.0,75.0,51.0,1.0,12767.0
prefetch,500.0,strong,19,0,30,80.619,0.09251,0.01064,0.89685,0.62989,0.142,29,25,1.0,0.0,0.13793103448275862,6253,33.0,33.0,0,0,0,0,4.0,25.0,0.0,95.0,70.0,3.0,17524.0
prefetch,500.0,strong,20,0,30,84.645,0.14425,0.0,0.85575,0.76204,0.49051,29,19,1.0,0.0,0.3448275862068966,4754,33.0,33.0,0,0,0,0,10.0,19.0,0.0,69.0,50.0,10.0,12514.0
prefetch,500.0,strong,21,0,30,85.8,0.13192,0.0,0.86808,0.75482,0.42929,29,21,0.9655172413793104,0.034482758620689655,0.27586206896551724,5256,33.0,33.0,0,1,0,0,8.0,21.0,0.0,83.0,62.0,7.0,15515.0
prefetch,500.0,strong,22,0,30,80.157,0.13051,0.0,0.86949,0.6925,0.28021,29,24,1.0,0.0,0.1724137931034483,6003,33.0,33.0,0,0,0,0,5.0,24.0,0.0,88.0,64.0,3.0,16020.0
prefetch,500.0,strong,23,0,30,81.576,0.06311,0.0,0.93689,0.67904,0.27142,29,24,0.9655172413793104,0.034482758620689655,0.1724137931034483,6005,33.0,33.0,0,1,0,0,5.0,24.0,0.0,87.0,63.0,2.0,15770.0
prefetch,500.0,strong,24,0,30,89.826,0.16826,0.0,0.83174,0.74979,0.34913,29,25,1.0,0.0,0.13793103448275862,6254,33.0,33.0,0,0,0,0,4.0,25.0,0.0,81.0,56.0,4.0,14016.0
prefetch,500.0,strong,25,0,30,87.912,0.18056,0.0,0.81944,0.78965,0.46966,29,21,1.0,0.0,0.27586206896551724,5256,33.0,33.0,0,0,0,0,8.0,21.0,0.0,65.0,44.0,5.0,11015.0
prefetch,500.0,strong,26,0,30,83.853,0.05824,0.0,0.94176,0.61681,0.23131,29,25,1.0,0.0,0.13793103448275862,6253,33.0,33.0,0,0,0,0,4.0,25.0,0.0,92.0,67.0,2.0,16756.0
prefetch,500.0,strong,27,0,30,88.176,0.20696,0.00861,0.78443,0.75593,0.15039,29,23,1.0,0.0,0.20689655172413793,5755,33.0,33.0,0,0,0,0,6.0,23.0,0.0,68.0,45.0,5.0,11267.0
prefetch,500.0,strong,28,0,30,83.985,0.08566,0.0,0.91434,0.70478,0.20882,29,21,1.0,0.0,0.27586206896551724,5258,33.0,33.0,0,0,0,0,8.0,21.0,0.0,79.0,58.0,4.0,14522.0
prefetch,500.0,strong,29,0,30,76.395,0.14514,0.04233,0.81253,0.69951,0.02683,29,27,1.0,0.0,0.06896551724137931,6758,33.0,33.0,0,0,0,0,2.0,27.0,0.0,91.0,64.0,2.0,16023.0
