arch,budget_ms,skill,seed,died,waves_cleared,duration_s,bored,danger,in_band,mean_health,min_health,decisions,requests,deadline_met,fallback_rate,cache_hit_rate,input_tokens,tick_p99_ms,tick_max_ms,overruns,tokens_total,requests_total,cost_usd,cost_per_hour_usd,requests_per_hour,late,stale,failed,hits,misses,mismatches,cache_size,prefetch_requests,prefetch_used,prefetch_tokens
rules,,weak,0,0,30,124.014,0.029,0.00745,0.96354,0.4698,0.18057,29,0,0.0,0.0,0.0,0,33.0,33.0,0,0,0,0.0,0.0,0.0,,,,,,,,0.0,0.0,0.0
rules,,weak,1,1,8,41.283,0.15268,0.16227,0.68505,0.54996,0.0,8,0,0.0,0.0,0.0,0,33.0,33.0,0,0,0,0.0,0.0,0.0,,,,,,,,0.0,0.0,0.0
rules,,weak,2,0,30,126.324,0.1105,0.07184,0.81766,0.5702,0.06433,29,0,0.0,0.0,0.0,0,33.0,33.0,0,0,0,0.0,0.0,0.0,,,,,,,,0.0,0.0,0.0
rules,,weak,3,0,30,128.865,0.13188,0.02023,0.84789,0.63069,0.12519,29,0,0.0,0.0,0.0,0,33.0,33.0,0,0,0,0.0,0.0,0.0,,,,,,,,0.0,0.0,0.0
rules,,weak,4,0,30,122.463,0.15791,0.09566,0.74643,0.6258,0.06154,29,0,0.0,0.0,0.0,0,33.0,33.0,0,0,0,0.0,0.0,0.0,,,,,,,,0.0,0.0,0.0
rules,,weak,5,0,30,114.378,0.16128,0.01154,0.82718,0.66533,0.16781,29,0,0.0,0.0,0.0,0,33.0,33.0,0,0,0,0.0,0.0,0.0,,,,,,,,0.0,0.0,0.0
rules,,weak,6,0,30,121.341,0.04759,0.0,0.95241,0.65579,0.28899,29,0,0.0,0.0,0.0,0,33.0,33.0,0,0,0,0.0,0.0,0.0,,,,,,,,0.0,0.0,0.0
rules,,weak,7,0,30,136.488,0.04352,0.02394,0.93254,0.46391,0.15057,29,0,0.0,0.0,0.0,0,33.0,33.0,0,0,0,0.0,0.0,0.0,,,,,,,,0.0,0.0,0.0
rules,,weak,8,0,30,130.185,0.07731,0.00887,0.91381,0.55423,0.16198,29,0,0.0,0.0,0.0,0,33.0,33.0,0,0,0,0.0,0.0,0.0,,,,,,,,0.0,0.0,0.0
rules,,weak,9,0,30,123.915,0.10892,0.0735,0.81758,0.58889,0.06063,29,0,0.0,0.0,0.0,0,33.0,33.0,0,0,0,0.0,0.0,0.0,,,,,,,,0.0,0.0,0.0
rules,,weak,10,0,30,121.671,0.12042,0.02631,0.85327,0.65517,0.13698,29,0,0.0,0.0,0.0,0,33.0,33.0,0,0,0,0.0,0.0,0.0,,,,,,,,0.0,0.0,0.0
rules,,weak,11,1,4,26.961,0.15422,0.09425,0.75153,0.68299,0.0,4,0,0.0,0.0,0.0,0,33.0,33.0,0,0,0,0.0,0.0,0.0,,,,,,,,0.0,0.0,0.0
rules,,weak,12,1,15,65.934,0.08108,0.09059,0.82833,0.47491,0.0,15,0,0.0,0.0,0.0,0,33.0,33.0,0,0,0,0.0,0.0,0.0,,,,,,,,0.0,0.0,0.0
rules,,weak,13,0,30,121.638,0.02604,0.02876,0.9452,0.59608,0.10615,29,0,0.0,0.0,0.0,0,33.0,33.0,0,0,0,0.0,0.0,0.0,,,,,,,,0.0,0.0,0.0
rules,,weak,14,0,30,124.707,0.0815,0.04895,0.86954,0.60329,0.14697,29,0,0.0,0.0,0.0,0,33.0,33.0,0,0,0,0.0,0.0,0.0,,,,,,,,0.0,0.0,0.0
rules,,weak,15,0,30,132.561,0.0463,0.05775,0.89594,0.61262,0.08239,29,0,0.0,0.0,0.0,0,33.0,33.0,0,0,0,0.0,0.0,0.0,,,,,,,,0.0,0.0,0.0
rules,,weak,16,0,30,126.588,0.06465,0.03206,0.90328,0.57855,0.14164,29,0,0.0,0.0,0.0,0,33.0,33.0,0,0,0,0.0,0.0,0.0,,,,,,,,0.0,0.0,0.0
rules,,weak,17,0,30,119.328,0.04314,0.02406,0.9328,0.58478,0.151,29,0,0.0,0.0,0.0,0,33.0,33.0,0,0,0,0.0,0.0,0.0,,,,,,,,0.0,0.0,0.0
rules,,weak,18,0,30,137.379,0.03003,0.03507,0.9349,0.47177,0.13744,29,0,0.0,0.0,0.0,0,33.0,33.0,0,0,0,0.0,0.0,0.0,,,,,,,,0.0,0.0,0.0
rules,,weak,19,0,30,131.736,0.02705,0.03432,0.93863,0.46127,0.11566,29,0,0.0,0.0,0.0,0,33.0,33.0,0,0,0,0.0,0.0,0.0,,,,,,,,0.0,0.0,0.0
rules,,weak,20,0,30,128.304,0.16975,0.0,0.83025,0.68361,0.30748,29,0,0.0,0.0,0.0,0,33.0,33.0,0,0,0,0.0,0.0,0.0,,,,,,,,0.0,0.0,0.0
rules,,weak,21,1,5,31.614,0.13779,0.17537,0.68685,0.62128,0.0,5,0,0.0,0.0,0.0,0,33.0,33.0,0,0,0,0.0,0.0,0.0,,,,,,,,0.0,0.0,0.0
rules,,weak,22,0,30,137.049,0.07055,0.0484,0.88105,0.56247,0.06496,29,0,0.0,0.0,0.0,0,33.0,33.0,0,0,0,0.0,0.0,0.0,,,,,,,,0.0,0.0,0.0
rules,,weak,23,0,30,113.619,0.0485,0.02353,0.92797,0.5089,0.16279,29,0,0.0,0.0,0.0,0,33.0,33.0,0,0,0,0.0,0.0,0.0,,,,,,,,0.0,0.0,0.0
rules,,weak,24,1,18,84.381,0.15252,0.0395,0.80798,0.62449,0.0,18,0,0.0,0.0,0.0,0,33.0,33.0,0,0,0,0.0,0.0,0.0,,,,,,,,0.0,0.0,0.0
rules,,weak,25,0,30,119.064,0.06901,0.05626,0.87472,0.55901,0.11862,29,0,0.0,0.0,0.0,0,33.0,33.0,0,0,0,0.0,0.0,0.0,,,,,,,,0.0,0.0,0.0
rules,,weak,26,0,30,121.44,0.06549,0.0,0.93451,0.62377,0.23347,29,0,0.0,0.0,0.0,0,33.0,33.0,0,0,0,0.0,0.0,0.0,,,,,,,,0.0,0.0,0.0
rules,,weak,27,1,5,35.112,0.05733,0.15602,0.78665,0.46618,0.0,5,0,0.0,0.0,0.0,0,33.0,33.0,0,0,0,0.0,0.0,0.0,,,,,,,,0.0,0.0,0.0
rules,,weak,28,0,30,111.738,0.05759,0.03987,0.90254,0.58323,0.14095,29,0,0.0,0.0,0.0,0,33.0,33.0,0,0,0,0.0,0.0,0.0,,,,,,,,0.0,0.0,0.0
rules,,weak,29,0,30,123.453,0.17348,0.0,0.82652,0.6496,0.21881,29,0,0.0,0.0,0.0,0,33.0,33.0,0,0,0,0.0,0.0,0.0,,,,,,,,0.0,0.0,0.0
rules,,medium,0,0,30,99.033,0.06165,0.04432,0.89404,0.47469,0.14551,29,0,0.0,0.0,0.0,0,33.0,33.0,0,0,0,0.0,0.0,0.0,,,,,,,,0.0,0.0,0.0
rules,,medium,1,0,30,102.135,0.17997,0.13538,0.68465,0.57317,0.03087,29,0,0.0,0.0,0.0,0,33.0,33.0,0,0,0,0.0,0.0,0.0,,,,,,,,0.0,0.0,0.0
rules,,medium,2,1,19,74.646,0.1649,0.04465,0.79045,0.64456,0.0,19,0,0.0,0.0,0.0,0,33.0,33.0,0,0,0,0.0,0.0,0.0,,,,,,,,0.0,0.0,0.0
rules,,medium,3,0,30,112.53,0.11144,0.00293,0.88563,0.63853,0.19306,29,0,0.0,0.0,0.0,0,33.0,33.0,0,0,0,0.0,0.0,0.0,,,,,,,,0.0,0.0,0.0
rules,,medium,4,0,30,97.878,0.1261,0.09305,0.78085,0.53711,0.11907,29,0,0.0,0.0,0.0,0,33.0,33.0,0,0,0,0.0,0.0,0.0,,,,,,,,0.0,0.0,0.0
rules,,medium,5,0,30,105.831,0.09417,0.0,0.90583,0.68338,0.36529,29,0,0.0,0.0,0.0,0,33.0,33.0,0,0,0,0.0,0.0,0.0,,,,,,,,0.0,0.0,0.0
rules,,medium,6,0,30,104.049,0.06819,0.01808,0.91373,0.50641,0.15557,29,0,0.0,0.0,0.0,0,33.0,33.0,0,0,0,0.0,0.0,0.0,,,,,,,,0.0,0.0,0.0
rules,,medium,7,0,30,105.93,0.06262,0.05421,0.88318,0.50725,0.08855,29,0,0.0,0.0,0.0,0,33.0,33.0,0,0,0,0.0,0.0,0.0,,,,,,,,0.0,0.0,0.0
rules,,medium,8,0,30,110.121,0.07372,0.02128,0.905,0.60942,0.14576,29,0,0.0,0.0,0.0,0,33.0,33.0,0,0,0,0.0,0.0,0.0,,,,,,,,0.0,0.0,0.0
rules,,medium,9,1,8,35.112,0.19549,0.07519,0.72932,0.58886,0.0,8,0,0.0,0.0,0.0,0,33.0,33.0,0,0,0,0.0,0.0,0.0,,,,,,,,0.0,0.0,0.0
rules,,medium,10,0,30,96.591,0.07175,0.05125,0.87701,0.65729,0.01239,29,0,0.0,0.0,0.0,0,33.0,33.0,0,0,0,0.0,0.0,0.0,,,,,,,,0.0,0.0,0.0
rules,,medium,11,0,30,114.048,0.06395,0.0,0.93605,0.5655,0.248,29,0,0.0,0.0,0.0,0,33.0,33.0,0,0,0,0.0,0.0,0.0,,,,,,,,0.0,0.0,0.0
rules,,medium,12,0,30,100.386,0.13807,0.04471,0.81723,0.60698,0.13906,29,0,0.0,0.0,0.0,0,33.0,33.0,0,0,0,0.0,0.0,0.0,,,,,,,,0.0,0.0,0.0
rules,,medium,13,0,30,103.983,0.07775,0.05268,0.86957,0.46986,0.04562,29,0,0.0,0.0,0.0,0,33.0,33.0,0,0,0,0.0,0.0,0.0,,,,,,,,0.0,0.0,0.0
rules,,medium,14,0,30,94.248,0.09874,0.12815,0.77311,0.60419,0.02802,29,0,0.0,0.0,0.0,0,33.0,33.0,0,0,0,0.0,0.0,0.0,,,,,,,,0.0,0.0,0.0
rules,,medium,15,0,30,110.583,0.03074,0.0,0.96926,0.6471,0.23013,29,0,0.0,0.0,0.0,0,33.0,33.0,0,0,0,0.0,0.0,0.0,,,,,,,,0.0,0.0,0.0
rules,,medium,16,0,30,107.217,0.06925,0.01077,0.91998,0.52121,0.14493,29,0,0.0,0.0,0.0,0,33.0,33.0,0,0,0,0.0,0.0,0.0,,,,,,,,0.0,0.0,0.0
rules,,medium,17,0,30,117.645,0.02609,0.00224,0.97167,0.54176,0.19636,29,0,0.0,0.0,0.0,0,33.0,33.0,0,0,0,0.0,0.0,0.0,,,,,,,,0.0,0.0,0.0
rules,,medium,18,1,16,63.063,0.0921,0.04134,0.86656,0.59677,0.0,16,0,0.0,0.0,0.0,0,33.0,33.0,0,0,0,0.0,0.0,0.0,,,,,,,,0.0,0.0,0.0
rules,,medium,19,0,30,104.28,0.0712,0.01203,0.91677,0.56527,0.13492,29,0,0.0,0.0,0.0,0,33.0,33.0,0,0,0,0.0,0.0,0.0,,,,,,,,0.0,0.0,0.0
rules,,medium,20,0,30,97.713,0.07869,0.06586,0.85545,0.5924,0.03975,29,0,0.0,0.0,0.0,0,33.0,33.0,0,0,0,0.0,0.0,0.0,,,,,,,,0.0,0.0,0.0
rules,,medium,21,1,8,35.97,0.3,0.15505,0.54495,0.61205,0.0,8,0,0.0,0.0,0.0,0,33.0,33.0,0,0,0,0.0,0.0,0.0,,,,,,,,0.0,0.0,0.0
rules,,medium,22,0,30,109.824,0.04447,0.0,0.95553,0.48965,0.22896,29,0,0.0,0.0,0.0,0,33.0,33.0,0,0,0,0.0,0.0,0.0,,,,,,,,0.0,0.0,0.0
rules,,medium,23,0,30,103.356,0.05428,0.0,0.94572,0.52125,0.23188,29,0,0.0,0.0,0.0,0,33.0,33.0,0,0,0,0.0,0.0,0.0,,,,,,,,0.0,0.0,0.0
rules,,medium,24,0,30,100.947,0.08173,0.05884,0.85943,0.62349,0.09873,29,0,0.0,0.0,0.0,0,33.0,33.0,0,0,0,0.0,0.0,0.0,,,,,,,,0.0,0.0,0.0
rules,,medium,25,1,10,40.953,0.23288,0.18211,0.58501,0.62563,0.0,10,0,0.0,0.0,0.0,0,33.0,33.0,0,0,0,0.0,0.0,0.0,,,,,,,,0.0,0.0,0.0
rules,,medium,26,0,30,102.036,0.16106,0.0,0.83894,0.66102,0.24464,29,0,0.0,0.0,0.0,0,33.0,33.0,0,0,0,0.0,0.0,0.0,,,,,,,,0.0,0.0,0.0
rules,,medium,27,0,30,103.62,0.05764,0.06465,0.87771,0.54239,0.05521,29,0,0.0,0.0,0.0,0,33.0,33.0,0,0,0,0.0,0.0,0.0,,,,,,,,0.0,0.0,0.0
rules,,medium,28,0,30,104.973,0.10909,0.01823,0.87268,0.59183,0.0796,29,0,0.0,0.0,0.0,0,33.0,33.0,0,0,0,0.0,0.0,0.0,,,,,,,,0.0,0.0,0.0
rules,,medium,29,0,30,101.508,0.12939,0.12549,0.74512,0.59152,0.00817,29,0,0.0,0.0,0.0,0,33.0,33.0,0,0,0,0.0,0.0,0.0,,,,,,,,0.0,0.0,0.0
rules,,strong,0,0,30,85.041,0.18199,0.04579,0.77222,0.62959,0.14654,29,0,0.0,0.0,0.0,0,33.0,33.0,0,0,0,0.0,0.0,0.0,,,,,,,,0.0,0.0,0.0
rules,,strong,1,0,30,82.467,0.22689,0.0112,0.7619,0.69851,0.17787,29,0,0.0,0.0,0.0,0,33.0,33.0,0,0,0,0.0,0.0,0.0,,,,,,,,0.0,0.0,0.0
rules,,strong,2,0,30,89.595,0.11823,0.0,0.88177,0.67883,0.26395,29,0,0.0,0.0,0.0,0,33.0,33.0,0,0,0,0.0,0.0,0.0,,,,,,,,0.0,0.0,0.0
rules,,strong,3,0,30,87.945,0.08068,0.0,0.91932,0.68448,0.2152,29,0,0.0,0.0,0.0,0,33.0,33.0,0,0,0,0.0,0.0,0.0,,,,,,,,0.0,0.0,0.0
rules,,strong,4,0,30,84.15,0.1851,0.05255,0.76235,0.59151,0.13121,29,0,0.0,0.0,0.0,0,33.0,33.0,0,0,0,0.0,0.0,0.0,,,,,,,,0.0,0.0,0.0
rules,,strong,5,0,30,88.572,0.13785,0.0,0.86215,0.67446,0.28923,29,0,0.0,0.0,0.0,0,33.0,33.0,0,0,0,0.0,0.0,0.0,,,,,,,,0.0,0.0,0.0
rules,,strong,6,0,30,86.064,0.16449,0.0,0.83551,0.70079,0.21795,29,0,0.0,0.0,0.0,0,33.0,33.0,0,0,0,0.0,0.0,0.0,,,,,,,,0.0,0.0,0.0
rules,,strong,7,0,30,95.667,0.10003,0.03691,0.86306,0.50745,0.09007,29,0,0.0,0.0,0.0,0,33.0,33.0,0,0,0,0.0,0.0,0.0,,,,,,,,0.0,0.0,0.0
rules,,strong,8,0,30,89.694,0.11442,0.15269,0.73289,0.57652,0.03607,29,0,0.0,0.0,0.0,0,33.0,33.0,0,0,0,0.0,0.0,0.0,,,,,,,,0.0,0.0,0.0
rules,,strong,9,0,30,84.612,0.23401,0.04524,0.72075,0.6351,0.11887,29,0,0.0,0.0,0.0,0,33.0,33.0,0,0,0,0.0,0.0,0.0,,,,,,,,0.0,0.0,0.0
rules,,strong,10,1,22,69.267,0.1758,0.18152,0.64269,0.51372,0.0,22,0,0.0,0.0,0.0,0,33.0,33.0,0,0,0,0.0,0.0,0.0,,,,,,,,0.0,0.0,0.0
rules,,strong,11,0,30,85.569,0.12071,0.0,0.87929,0.57882,0.26578,29,0,0.0,0.0,0.0,0,33.0,33.0,0,0,0,0.0,0.0,0.0,,,,,,,,0.0,0.0,0.0
rules,,strong,12,0,30,90.123,0.13475,0.0,0.86525,0.61065,0.27643,29,0,0.0,0.0,0.0,0,33.0,33.0,0,0,0,0.0,0.0,0.0,,,,,,,,0.0,0.0,0.0
rules,,strong,13,0,30,82.17,0.16185,0.12329,0.71486,0.54111,0.0808,29,0,0.0,0.0,0.0,0,33.0,33.0,0,0,0,0.0,0.0,0.0,,,,,,,,0.0,0.0,0.0
rules,,strong,14,0,30,82.533,0.13435,0.0,0.86565,0.57152,0.20292,29,0,0.0,0.0,0.0,0,33.0,33.0,0,0,0,0.0,0.0,0.0,,,,,,,,0.0,0.0,0.0
rules,,strong,15,0,30,105.204,0.07309,0.00847,0.91844,0.57035,0.18894,29,0,0.0,0.0,0.0,0,33.0,33.0,0,0,0,0.0,0.0,0.0,,,,,,,,0.0,0.0,0.0
rules,,strong,16,0,30,89.166,0.12953,0.06255,0.80792,0.49563,0.05638,29,0,0.0,0.0,0.0,0,33.0,33.0,0,0,0,0.0,0.0,0.0,,,,,,,,0.0,0.0,0.0
rules,,strong,17,0,30,97.482,0.09648,0.0,0.90352,0.63393,0.30928,29,0,0.0,0.0,0.0,0,33.0,33.0,0,0,0,0.0,0.0,0.0,,,,,,,,0.0,0.0,0.0
rules,,strong,18,0,30,84.942,0.10878,0.01632,0.8749,0.59615,0.12991,29,0,0.0,0.0,0.0,0,33.0,33.0,0,0,0,0.0,0.0,0.0,,,,,,,,0.0,0.0,0.0
rules,,strong,19,0,30,78.144,0.144,0.00718,0.84882,0.65141,0.18235,29,0,0.0,0.0,0.0,0,33.0,33.0,0,0,0,0.0,0.0,0.0,,,,,,,,0.0,0.0,0.0
rules,,strong,20,0,30,85.074,0.1249,0.0,0.8751,0.64777,0.27496,29,0,0.0,0.0,0.0,0,33.0,33.0,0,0,0,0.0,0.0,0.0,,,,,,,,0.0,0.0,0.0
rules,,strong,21,0,30,91.113,0.13763,0.0,0.86237,0.56002,0.24094,29,0,0.0,0.0,0.0,0,33.0,33.0,0,0,0,0.0,0.0,0.0,,,,,,,,0.0,0.0,0.0
rules,,strong,22,1,18,60.093,0.15541,0.04997,0.79462,0.57996,0.0,18,0,0.0,0.0,0.0,0,33.0,33.0,0,0,0,0.0,0.0,0.0,,,,,,,,0.0,0.0,0.0
rules,,strong,23,0,30,95.898,0.12182,0.0,0.87818,0.5954,0.25323,29,0,0.0,0.0,0.0,0,33.0,33.0,0,0,0,0.0,0.0,0.0,,,,,,,,0.0,0.0,0.0
rules,,strong,24,0,30,90.816,0.14062,0.04906,0.81032,0.61017,0.08962,29,0,0.0,0.0,0.0,0,33.0,33.0,0,0,0,0.0,0.0,0.0,,,,,,,,0.0,0.0,0.0
rules,,strong,25,0,30,85.239,0.15176,0.12118,0.72706,0.49915,0.07554,29,0,0.0,0.0,0.0,0,33.0,33.0,0,0,0,0.0,0.0,0.0,,,,,,,,0.0,0.0,0.0
rules,,strong,26,0,30,81.543,0.13314,0.04856,0.81829,0.50308,0.12216,29,0,0.0,0.0,0.0,0,33.0,33.0,0,0,0,0.0,0.0,0.0,,,,,,,,0.0,0.0,0.0
rules,,strong,27,0,30,100.947,0.07028,0.02517,0.90454,0.60807,0.13989,29,0,0.0,0.0,0.0,0,33.0,33.0,0,0,0,0.0,0.0,0.0,,,,,,,,0.0,0.0,0.0
rules,,strong,28,0,30,89.298,0.1456,0.01441,0.83999,0.53185,0.17557,29,0,0.0,0.0,0.0,0,33.0,33.0,0,0,0,0.0,0.0,0.0,,,,,,,,0.0,0.0,0.0
rules,,strong,29,0,30,84.513,0.22179,0.05076,0.72745,0.61503,0.03848,29,0,0.0,0.0,0.0,0,33.0,33.0,0,0,0,0.0,0.0,0.0,,,,,,,,0.0,0.0,0.0
blocking,,weak,0,0,30,130.02,0.06015,0.0,0.93985,0.70291,0.26766,29,29,1.0,0.0,0.0,7258,33.0,445.8409,29,7258,29,0.000304836,0.008440313797877248,802.953391785879,,,,,,,,0.0,0.0,0.0
blocking,,weak,1,0,30,114.312,0.0944,0.0,0.9056,0.65249,0.33516,29,29,1.0,0.0,0.0,7255,33.0,396.2241,29,7255,29,0.00030471000000000003,0.009596157883686753,913.2899433130381,,,,,,,,0.0,0.0,0.0
blocking,,weak,2,1,3,26.334,0.14536,0.5213,0.33333,0.37053,0.0,3,3,1.0,0.0,0.0,751,33.0,227.2032,3,751,3,3.1542000000000004e-05,0.004311961722488039,410.1161995898838,,,,,,,,0.0,0.0,0.0
blocking,,weak,3,1,1,11.88,0.30833,0.19167,0.5,0.6213,0.0,1,1,1.0,0.0,0.0,250,33.0,358.3129,1,250,1,1.05e-05,0.0031818181818181815,303.030303030303,,,,,,,,0.0,0.0,0.0
blocking,,weak,4,0,30,113.949,0.06082,0.0029,0.93629,0.54215,0.19041,29,29,1.0,0.0,0.0,7253,33.0,600.5977,29,7253,29,0.000304626,0.00962407392780981,916.1993523418371,,,,,,,,0.0,0.0,0.0
blocking,,weak,5,1,3,22.176,0.09077,0.14732,0.7619,0.60168,0.0,3,3,1.0,0.0,0.0,750,33.0,195.5891,3,750,3,3.150000000000001e-05,0.0051136363636363645,487.012987012987,,,,,,,,0.0,0.0,0.0
blocking,,weak,6,1,9,45.144,0.11404,0.08553,0.80044,0.64891,0.0,9,9,1.0,0.0,0.0,2249,33.0,313.9614,9,2249,9,9.445800000000001e-05,0.007532535885167466,717.7033492822967,,,,,,,,0.0,0.0,0.0
blocking,,weak,7,1,23,109.89,0.06186,0.09279,0.84535,0.55381,0.0,23,23,1.0,0.0,0.0,5753,33.0,551.4973,23,5753,23,0.000241626,0.007915675675675676,753.4807534807535,,,,,,,,0.0,0.0,0.0
blocking,,weak,8,1,8,40.557,0.06103,0.06591,0.87307,0.60097,0.0,8,8,1.0,0.0,0.0,2000,33.0,432.71,8,2000,8,8.4e-05,0.007456172793845697,710.1116946519712,,,,,,,,0.0,0.0,0.0
blocking,,weak,9,1,7,32.142,0.423,0.05031,0.52669,0.81734,0.0,7,7,1.0,0.0,0.0,1750,33.0,426.2315,7,1750,7,7.35e-05,0.00823221952585402,784.0209072241926,,,,,,,,0.0,0.0,0.0
blocking,,weak,10,0,30,129.36,0.05995,0.0,0.94005,0.65674,0.37941,29,29,1.0,0.0,0.0,7258,33.0,391.9061,29,7258,29,0.000304836,0.008483376623376622,807.0500927643784,,,,,,,,0.0,0.0,0.0
blocking,,weak,11,1,2,12.672,0.25781,0.09115,0.65104,0.69518,0.0,2,2,1.0,0.0,0.0,500,33.0,285.636,2,500,2,2.1e-05,0.00596590909090909,568.1818181818181,,,,,,,,0.0,0.0,0.0
blocking,,weak,12,1,12,53.889,0.12554,0.03246,0.84201,0.67801,0.0,12,12,1.0,0.0,0.0,3001,33.0,365.994,12,3001,12,0.000126042,0.00842010799977732,801.6478316539553,,,,,,,,0.0,0.0,0.0
blocking,,weak,13,0,30,113.916,0.05301,0.0,0.94699,0.62768,0.26847,29,29,1.0,0.0,0.0,7254,33.0,436.5645,29,7254,29,0.000304668,0.009628189192036238,916.4647635099548,,,,,,,,0.0,0.0,0.0
blocking,,weak,14,0,30,127.149,0.03685,0.08539,0.87776,0.58061,0.04756,29,29,1.0,0.0,0.0,7255,33.0,352.8614,29,7255,29,0.00030471000000000003,0.00862732699431376,821.0839251586721,,,,,,,,0.0,0.0,0.0
blocking,,weak,15,0,30,137.214,0.01467,0.0,0.98533,0.61509,0.30558,29,29,1.0,0.0,0.0,7261,33.0,497.4369,29,7261,29,0.00030496200000000004,0.008001101928374657,760.8553063098518,,,,,,,,0.0,0.0,0.0
blocking,,weak,16,1,13,54.582,0.09613,0.02479,0.87908,0.69631,0.0,13,13,1.0,0.0,0.0,3252,33.0,379.3433,13,3252,13,0.000136584,0.009008508299439376,857.425524898318,,,,,,,,0.0,0.0,0.0
blocking,,weak,17,1,22,102.663,0.03214,0.02218,0.94568,0.6125,0.0,22,22,1.0,0.0,0.0,5502,33.0,432.1387,22,5502,22,0.000231084,0.008103234855790304,771.4561234329798,,,,,,,,0.0,0.0,0.0
blocking,,weak,18,0,30,127.347,0.11894,0.0,0.88106,0.70052,0.21135,29,29,1.0,0.0,0.0,7253,33.0,511.3172,29,7253,29,0.000304626,0.008611538552144927,819.8072981695683,,,,,,,,0.0,0.0,0.0
blocking,,weak,19,1,11,43.923,0.08264,0.03456,0.88279,0.64519,0.0,11,11,1.0,0.0,0.0,2750,33.0,513.8164,11,2750,11,0.00011550000000000002,0.00946656649135988,901.5777610818933,,,,,,,,0.0,0.0,0.0
blocking,,weak,20,0,30,124.575,0.03629,0.0,0.96371,0.67879,0.30841,29,29,1.0,0.0,0.0,7256,33.0,373.8513,29,7256,29,0.000304752,0.008806800722456352,838.0493678506923,,,,,,,,0.0,0.0,0.0
blocking,,weak,21,0,30,133.089,0.02827,0.08282,0.88892,0.47791,0.04538,29,29,1.0,0.0,0.0,7256,33.0,372.5692,29,7256,29,0.000304752,0.008243410048914636,784.4374816851881,,,,,,,,0.0,0.0,0.0
blocking,,weak,22,0,30,126.489,0.02739,0.0,0.97261,0.62166,0.20113,29,29,1.0,0.0,0.0,7256,33.0,366.9788,29,7256,29,0.000304752,0.008673538410454663,825.3682138367762,,,,,,,,0.0,0.0,0.0
blocking,,weak,23,0,30,119.625,0.03393,0.0,0.96607,0.67539,0.23844,29,29,1.0,0.0,0.0,7258,33.0,441.6842,29,7258,29,0.000304836,0.009173747962382446,872.7272727272727,,,,,,,,0.0,0.0,0.0
blocking,,weak,24,0,30,135.894,0.04517,0.07771,0.87712,0.56131,0.04969,29,29,1.0,0.0,0.0,7256,33.0,371.1452,29,7256,29,0.000304752,0.008073257097443595,768.2458386683738,,,,,,,,0.0,0.0,0.0
blocking,,weak,25,1,9,38.742,0.05196,0.01874,0.9293,0.68307,0.0,9,9,1.0,0.0,0.0,2250,33.0,386.7994,9,2250,9,9.45e-05,0.008781167724949667,836.3016880904446,,,,,,,,0.0,0.0,0.0
blocking,,weak,26,0,30,120.945,0.03765,0.0,0.96235,0.64858,0.26473,29,29,1.0,0.0,0.0,7255,33.0,473.1031,29,7255,29,0.00030471000000000003,0.009069874736450455,863.2022820290215,,,,,,,,0.0,0.0,0.0
blocking,,weak,27,0,30,128.898,0.01562,0.01152,0.97286,0.66327,0.16981,29,29,1.0,0.0,0.0,7257,33.0,482.1516,29,7257,29,0.00030479400000000005,0.008512609970674488,809.9427454266164,,,,,,,,0.0,0.0,0.0
blocking,,weak,28,1,18,75.438,0.18198,0.05118,0.76684,0.62456,0.0,18,18,1.0,0.0,0.0,4505,33.0,374.6228,18,4505,18,0.00018921,0.009029348604151754,858.9835361488905,,,,,,,,0.0,0.0,0.0
blocking,,weak,29,0,30,123.981,0.02582,0.0,0.97418,0.54996,0.30106,29,29,1.0,0.0,0.0,7257,33.0,426.549,29,7257,29,0.00030479400000000005,0.008850214145715879,842.0645098845791,,,,,,,,0.0,0.0,0.0
blocking,,medium,0,0,30,99.726,0.10523,0.0,0.89477,0.73879,0.46338,29,29,1.0,0.0,0.0,7254,33.0,553.4974,29,7254,29,0.000304668,0.010998183021478853,1046.868419469346,,,,,,,,0.0,0.0,0.0
blocking,,medium,1,0,30,102.036,0.11417,0.0,0.88583,0.71486,0.4055,29,29,1.0,0.0,0.0,7258,33.0,393.8296,29,7258,29,0.000304836,0.010755121721745265,1023.1682935434553,,,,,,,,0.0,0.0,0.0
blocking,,medium,2,0,30,105.732,0.08708,0.0,0.91292,0.68576,0.25222,29,29,1.0,0.0,0.0,7257,33.0,552.3626,29,7257,29,0.00030479400000000005,0.010377732379979573,987.4021109976165,,,,,,,,0.0,0.0,0.0
blocking,,medium,3,0,30,103.884,0.04828,0.05909,0.89263,0.58688,0.0397,29,29,1.0,0.0,0.0,7255,33.0,440.735,29,7255,29,0.00030471000000000003,0.010559431673789997,1004.9670786646644,,,,,,,,0.0,0.0,0.0
blocking,,medium,4,1,15,61.743,0.26884,0.02833,0.70283,0.74159,0.0,15,15,1.0,0.0,0.0,3752,33.0,394.6377,15,3752,15,0.000157584,0.009188124969632184,874.5930712793353,,,,,,,,0.0,0.0,0.0
blocking,,medium,5,1,7,27.324,0.18599,0.02174,0.79227,0.69994,0.0,7,7,1.0,0.0,0.0,1749,33.0,291.1391,7,1749,7,7.3458e-05,0.009678260869565218,922.266139657444,,,,,,,,0.0,0.0,0.0
blocking,,medium,6,1,7,33.066,0.21657,0.08184,0.7016,0.68156,0.0,7,7,1.0,0.0,0.0,1748,33.0,348.8177,7,1748,7,7.341600000000002e-05,0.007993032117583019,762.1121393576483,,,,,,,,0.0,0.0,0.0
blocking,,medium,7,0,30,102.366,0.15345,0.06931,0.77724,0.67062,0.00664,29,29,1.0,0.0,0.0,7251,33.0,447.2958,29,7251,29,0.00030454200000000004,0.010710110778969582,1019.8698786706524,,,,,,,,0.0,0.0,0.0
blocking,,medium,8,0,30,102.861,0.06994,0.0,0.93006,0.67557,0.35932,29,29,1.0,0.0,0.0,7252,33.0,354.1398,29,7252,29,0.000304584,0.010660040248490682,1014.9619389272902,,,,,,,,0.0,0.0,0.0
blocking,,medium,9,0,30,106.623,0.08945,0.0,0.91055,0.61874,0.21595,29,29,1.0,0.0,0.0,7257,33.0,451.199,29,7257,29,0.00030479400000000005,0.010291010382375286,979.1508398750739,,,,,,,,0.0,0.0,0.0
blocking,,medium,10,0,30,109.725,0.07158,0.0,0.92842,0.7209,0.39094,29,29,1.0,0.0,0.0,7255,33.0,623.1926,29,7255,29,0.00030471000000000003,0.00999732057416268,951.4695830485305,,,,,,,,0.0,0.0,0.0
blocking,,medium,11,1,3,13.233,0.49626,0.10474,0.399,0.76141,0.0,3,3,1.0,0.0,0.0,750,33.0,306.096,3,750,3,3.150000000000001e-05,0.008569485377465429,816.1414645205168,,,,,,,,0.0,0.0,0.0
blocking,,medium,12,0,30,99.561,0.10872,0.0,0.89128,0.7349,0.2577,29,29,1.0,0.0,0.0,7254,33.0,450.0468,29,7254,29,0.000304668,0.011016410040075933,1048.6033687889837,,,,,,,,0.0,0.0,0.0
blocking,,medium,13,0,30,98.703,0.10799,0.08325,0.80876,0.62664,0.0102,29,29,1.0,0.0,0.0,7253,33.0,584.1486,29,7253,29,0.000304626,0.011110641013950944,1057.7186103765844,,,,,,,,0.0,0.0,0.0
blocking,,medium,14,0,30,96.261,0.09256,0.024,0.88344,0.61328,0.07071,29,29,1.0,0.0,0.0,7252,33.0,355.4406,29,7252,29,0.000304584,0.011390930906597688,1084.551375946645,,,,,,,,0.0,0.0,0.0
blocking,,medium,15,0,30,107.151,0.07022,0.0,0.92978,0.70891,0.25936,29,29,1.0,0.0,0.0,7257,33.0,374.6582,29,7257,29,0.00030479400000000005,0.010240300137189576,974.3259512277067,,,,,,,,0.0,0.0,0.0
blocking,,medium,16,0,30,97.119,0.04655,0.0,0.95345,0.60321,0.23752,29,29,1.0,0.0,0.0,7254,33.0,438.2178,29,7254,29,0.000304668,0.011293411175979984,1074.9698823093318,,,,,,,,0.0,0.0,0.0
blocking,,medium,17,1,14,58.113,0.22885,0.06474,0.70642,0.74017,0.0,14,14,1.0,0.0,0.0,3502,33.0,285.644,14,3502,14,0.000147084,0.00911159981415518,867.275824686387,,,,,,,,0.0,0.0,0.0
blocking,,medium,18,0,30,102.333,0.109,0.02064,0.87036,0.68555,0.10864,29,29,1.0,0.0,0.0,7254,33.0,418.5178,29,7254,29,0.000304668,0.010717997127026473,1020.1987628624197,,,,,,,,0.0,0.0,0.0
blocking,,medium,19,0,30,99.726,0.06188,0.0,0.93812,0.61725,0.21013,29,29,1.0,0.0,0.0,7251,33.0,390.1038,29,7251,29,0.00030454200000000004,0.010993634558690814,1046.868419469346,,,,,,,,0.0,0.0,0.0
blocking,,medium,20,0,30,97.449,0.07145,0.0,0.92855,0.67994,0.31512,29,29,1.0,0.0,0.0,7254,33.0,396.6571,29,7254,29,0.000304668,0.011255167318289568,1071.3296185697134,,,,,,,,0.0,0.0,0.0
blocking,,medium,21,0,30,106.92,0.12716,0.0,0.87284,0.73235,0.40364,29,29,1.0,0.0,0.0,7259,33.0,387.1114,29,7259,29,0.000304878,0.010265252525252526,976.4309764309763,,,,,,,,0.0,0.0,0.0
blocking,,medium,22,0,30,103.521,0.07236,0.0,0.92764,0.69916,0.2407,29,29,1.0,0.0,0.0,7255,33.0,499.299,29,7255,29,0.00030471000000000003,0.010596458689541254,1008.4910308053438,,,,,,,,0.0,0.0,0.0
blocking,,medium,23,0,30,99.132,0.03595,0.0,0.96405,0.68729,0.46,29,29,1.0,0.0,0.0,7258,33.0,729.749,29,7258,29,0.000304836,0.011070185207601986,1053.1412661905338,,,,,,,,0.0,0.0,0.0
blocking,,medium,24,0,30,104.115,0.05642,0.0,0.94358,0.70178,0.33804,29,29,1.0,0.0,0.0,7258,33.0,501.9852,29,7258,29,0.000304836,0.010540360178648612,1002.7373577294338,,,,,,,,0.0,0.0,0.0
blocking,,medium,25,1,28,98.934,0.07472,0.01268,0.91261,0.74351,0.0,28,28,1.0,0.0,0.0,7005,33.0,435.2618,28,7005,28,0.00029421000000000004,0.010705682576262966,1018.8610588877434,,,,,,,,0.0,0.0,0.0
blocking,,medium,26,0,30,104.61,0.04637,0.0183,0.93533,0.60477,0.11103,29,29,1.0,0.0,0.0,7255,33.0,413.297,29,7255,29,0.00030471000000000003,0.010486148551763694,997.9925437338686,,,,,,,,0.0,0.0,0.0
blocking,,medium,27,0,30,105.369,0.04635,0.0,0.95365,0.69568,0.42576,29,29,1.0,0.0,0.0,7255,33.0,631.7288,29,7255,29,0.00030471000000000003,0.010410614127494805,990.8037468325599,,,,,,,,0.0,0.0,0.0
blocking,,medium,28,0,30,97.482,0.03724,0.02133,0.94144,0.56329,0.17515,29,29,1.0,0.0,0.0,7254,33.0,411.4392,29,7254,29,0.000304668,0.011251357173632057,1070.966947744199,,,,,,,,0.0,0.0,0.0
blocking,,medium,29,0,30,104.61,0.04826,0.03344,0.9183,0.58813,0.13276,29,29,1.0,0.0,0.0,7253,33.0,465.83,29,7253,29,0.000304626,0.010483257814740465,997.9925437338686,,,,,,,,0.0,0.0,0.0
blocking,,strong,0,0,30,91.476,0.13456,0.0,0.86544,0.761,0.42201,29,29,1.0,0.0,0.0,7257,122.2698,596.8667,29,7257,29,0.00030479400000000005,0.011995041322314052,1141.2829594647776,,,,,,,,0.0,0.0,0.0
blocking,,strong,1,0,30,85.206,0.07049,0.0,0.92951,0.69088,0.37674,29,29,1.0,0.0,0.0,7258,150.4085,480.8809,29,7258,29,0.000304836,0.012879487360045067,1225.265826350257,,,,,,,,0.0,0.0,0.0
blocking,,strong,2,0,30,87.978,0.05514,0.0,0.94486,0.69155,0.32369,29,29,1.0,0.0,0.0,7258,122.0053,352.3837,29,7258,29,0.000304836,0.012473682056877856,1186.6603014389962,,,,,,,,0.0,0.0,0.0
blocking,,strong,3,0,30,84.81,0.11518,0.0,0.88482,0.71527,0.28149,29,29,1.0,0.0,0.0,7258,147.9443,407.724,29,7258,29,0.000304836,0.012939625044216484,1230.986911920764,,,,,,,,0.0,0.0,0.0
blocking,,strong,4,0,30,92.664,0.08796,0.0,0.91204,0.76998,0.45608,29,29,1.0,0.0,0.0,7256,90.9104,386.6883,29,7256,29,0.000304752,0.01183962703962704,1126.6511266511266,,,,,,,,0.0,0.0,0.0
blocking,,strong,5,0,30,93.192,0.12925,0.0,0.87075,0.77008,0.51088,29,29,1.0,0.0,0.0,7256,116.5266,462.3847,29,7256,29,0.000304752,0.011772546999742468,1120.2678341488543,,,,,,,,0.0,0.0,0.0
blocking,,strong,6,0,30,84.216,0.07014,0.0,0.92986,0.69635,0.24073,29,29,1.0,0.0,0.0,7256,155.0014,326.3968,29,7256,29,0.000304752,0.013027301225420349,1239.6694214876034,,,,,,,,0.0,0.0,0.0
blocking,,strong,7,0,30,82.137,0.08196,0.00201,0.91603,0.66664,0.19185,29,29,1.0,0.0,0.0,7255,147.058,378.4745,29,7255,29,0.00030471000000000003,0.013355199240293658,1271.0471529274262,,,,,,,,0.0,0.0,0.0
blocking,,strong,8,0,30,86.427,0.10157,0.0,0.89843,0.71576,0.38707,29,29,1.0,0.0,0.0,7256,130.5621,737.835,29,7256,29,0.000304752,0.01269403311465167,1207.9558471311047,,,,,,,,0.0,0.0,0.0
blocking,,strong,9,0,30,82.632,0.16134,0.0,0.83866,0.73797,0.21419,29,29,1.0,0.0,0.0,7256,147.2175,362.4744,29,7256,29,0.000304752,0.013277025849549809,1263.4330525704327,,,,,,,,0.0,0.0,0.0
blocking,,strong,10,0,30,85.47,0.11081,0.0,0.88919,0.74352,0.4372,29,29,1.0,0.0,0.0,7256,173.4185,486.6023,29,7256,29,0.000304752,0.012836167076167077,1221.4812214812216,,,,,,,,0.0,0.0,0.0
blocking,,strong,11,0,30,82.698,0.26337,0.0,0.73663,0.81031,0.36805,29,29,1.0,0.0,0.0,7260,146.3299,507.5411,29,7260,29,0.00030492000000000003,0.013273743016759779,1262.4247261118771,,,,,,,,0.0,0.0,0.0
blocking,,strong,12,0,30,76.329,0.07134,0.0,0.92866,0.69858,0.38921,29,29,1.0,0.0,0.0,7254,155.8316,444.2394,29,7254,29,0.000304668,0.014369437566324727,1367.7632354675156,,,,,,,,0.0,0.0,0.0
blocking,,strong,13,0,30,84.975,0.17942,0.0,0.82058,0.75121,0.33787,29,29,1.0,0.0,0.0,7253,154.1399,385.6995,29,7253,29,0.000304626,0.012905602824360107,1228.5966460723741,,,,,,,,0.0,0.0,0.0
blocking,,strong,14,0,30,87.318,0.18821,0.0,0.81179,0.74705,0.26562,29,29,1.0,0.0,0.0,7255,130.1035,459.4188,29,7255,29,0.00030471000000000003,0.012562770562770564,1195.6297670583385,,,,,,,,0.0,0.0,0.0
blocking,,strong,15,0,30,83.754,0.08944,0.0,0.91056,0.68937,0.29695,29,29,1.0,0.0,0.0,7255,121.1443,394.1929,29,7255,29,0.00030471000000000003,0.013097356544165056,1246.507629486353,,,,,,,,0.0,0.0,0.0
blocking,,strong,16,0,30,87.549,0.13758,0.0,0.86242,0.76364,0.45852,29,29,1.0,0.0,0.0,7258,133.721,414.1204,29,7258,29,0.000304836,0.012534804509474693,1192.4750711030392,,,,,,,,0.0,0.0,0.0
blocking,,strong,17,0,30,90.024,0.17265,0.0,0.82735,0.74002,0.30998,29,29,1.0,0.0,0.0,7254,137.2198,631.2101,29,7254,29,0.000304668,0.012183471074380166,1159.6907491335644,,,,,,,,0.0,0.0,0.0
blocking,,strong,18,0,30,89.628,0.04013,0.0,0.95987,0.71792,0.45703,29,29,1.0,0.0,0.0,7257,156.8478,404.9418,29,7257,29,0.00030479400000000005,0.012242361761949393,1164.8145668764225,,,,,,,,0.0,0.0,0.0
blocking,,strong,19,0,30,84.018,0.18146,0.0,0.81854,0.76268,0.27237,29,29,1.0,0.0,0.0,7255,151.7472,525.6719,29,7255,29,0.00030471000000000003,0.013056202242376634,1242.5908733842748,,,,,,,,0.0,0.0,0.0
blocking,,strong,20,0,30,83.259,0.09156,0.0,0.90844,0.72711,0.37264,29,29,1.0,0.0,0.0,7257,138.929,496.4971,29,7257,29,0.00030479400000000005,0.013178856339855154,1253.9184952978055,,,,,,,,0.0,0.0,0.0
blocking,,strong,21,0,30,88.473,0.11153,0.0,0.88847,0.7729,0.52191,29,29,1.0,0.0,0.0,7256,104.9042,360.4999,29,7256,29,0.000304752,0.012400474721101352,1180.02102336306,,,,,,,,0.0,0.0,0.0
blocking,,strong,22,1,18,56.1,0.17294,0.01529,0.81176,0.75829,0.0,18,18,1.0,0.0,0.0,4504,158.1518,412.1599,18,4504,18,0.000189168,0.012139122994652406,1155.0802139037432,,,,,,,,0.0,0.0,0.0
blocking,,strong,23,0,30,84.711,0.06895,0.0,0.93105,0.69277,0.34554,29,29,1.0,0.0,0.0,7256,126.1318,430.0701,29,7256,29,0.000304752,0.012951177533024046,1232.4255409569007,,,,,,,,0.0,0.0,0.0
blocking,,strong,24,0,30,89.199,0.07399,0.0,0.92601,0.69745,0.38957,29,29,1.0,0.0,0.0,7253,129.2638,454.8483,29,7253,29,0.000304626,0.012294460700232067,1170.4167087074966,,,,,,,,0.0,0.0,0.0
blocking,,strong,25,0,30,86.658,0.15308,0.0,0.84692,0.77027,0.3832,29,29,1.0,0.0,0.0,7258,133.5158,505.7761,29,7258,29,0.000304836,0.012663684830021464,1204.7358582012048,,,,,,,,0.0,0.0,0.0
blocking,,strong,26,0,30,81.642,0.07195,0.00566,0.92239,0.6817,0.16894,29,29,1.0,0.0,0.0,7256,153.2709,513.834,29,7256,29,0.000304752,0.013438024546189462,1278.7535827147792,,,,,,,,0.0,0.0,0.0
blocking,,strong,27,0,30,84.348,0.09977,0.0,0.90023,0.69642,0.29859,29,29,1.0,0.0,0.0,7256,122.4077,352.4198,29,7256,29,0.000304752,0.013006914212548014,1237.7294067434912,,,,,,,,0.0,0.0,0.0
blocking,,strong,28,0,30,78.309,0.06574,0.0,0.93426,0.65382,0.20882,29,29,1.0,0.0,0.0,7256,142.6365,534.0952,29,7256,29,0.000304752,0.014009975864843122,1333.1800942420412,,,,,,,,0.0,0.0,0.0
blocking,,strong,29,0,30,87.516,0.05392,0.0,0.94608,0.70483,0.37741,29,29,1.0,0.0,0.0,7258,140.7121,337.0947,29,7258,29,0.000304836,0.012539531057178116,1192.9247223364869,,,,,,,,0.0,0.0,0.0
async,33.0,weak,0,0,30,124.014,0.029,0.00745,0.96354,0.4698,0.18057,29,29,0.0,1.0,0.0,7256,33.0,33.0,0,7256,29,0.000304752,0.008846639895495669,841.8404373699744,29.0,0.0,0.0,,,,,0.0,0.0,0.0
async,33.0,weak,1,1,8,41.283,0.15268,0.16227,0.68505,0.54996,0.0,8,8,0.0,1.0,0.0,2000,33.0,33.0,0,2000,8,8.4e-05,0.007325049051667757,697.6237192064531,8.0,0.0,0.0,,,,,0.0,0.0,0.0
async,33.0,weak,2,0,30,126.324,0.1105,0.07184,0.81766,0.5702,0.06433,29,29,0.0,1.0,0.0,7258,33.0,33.0,0,7258,29,0.000304836,0.008687261328013679,826.4462809917355,29.0,0.0,0.0,,,,,0.0,0.0,0.0
async,33.0,weak,3,0,30,128.865,0.13188,0.02023,0.84789,0.63069,0.12519,29,29,0.0,1.0,0.0,7254,33.0,33.0,0,7254,29,0.000304668,0.008511269933651495,810.1501571411943,29.0,0.0,0.0,,,,,0.0,0.0,0.0
async,33.0,weak,4,0,30,122.463,0.15791,0.09566,0.74643,0.6258,0.06154,29,29,0.0,1.0,0.0,7254,33.0,33.0,0,7254,29,0.000304668,0.0089562137135298,852.5023884765194,29.0,0.0,0.0,,,,,0.0,0.0,0.0
async,33.0,weak,5,0,30,114.378,0.16128,0.01154,0.82718,0.66533,0.16781,29,29,0.0,1.0,0.0,7261,33.0,33.0,0,7261,29,0.00030496200000000004,0.009598552169123434,912.7629439227824,29.0,0.0,0.0,,,,,0.0,0.0,0.0
async,33.0,weak,6,0,30,121.341,0.04759,0.0,0.95241,0.65579,0.28899,29,29,0.0,1.0,0.0,7255,33.0,33.0,0,7255,29,0.00030471000000000003,0.009040274927683143,860.3851954409475,29.0,0.0,0.0,,,,,0.0,0.0,0.0
async,33.0,weak,7,0,30,136.488,0.04352,0.02394,0.93254,0.46391,0.15057,29,29,0.0,1.0,0.0,7257,33.0,33.0,0,7257,29,0.00030479400000000005,0.00803922982240197,764.9024090029893,29.0,0.0,0.0,,,,,0.0,0.0,0.0
async,33.0,weak,8,0,30,130.185,0.07731,0.00887,0.91381,0.55423,0.16198,29,29,0.0,1.0,0.0,7250,33.0,33.0,0,7250,29,0.0003045,0.008420324922226061,801.9357068786726,29.0,0.0,0.0,,,,,0.0,0.0,0.0
async,33.0,weak,9,0,30,123.915,0.10892,0.0735,0.81758,0.58889,0.06063,29,29,0.0,1.0,0.0,7257,33.0,33.0,0,7257,29,0.00030479400000000005,0.008854927974821451,842.5130129524271,29.0,0.0,0.0,,,,,0.0,0.0,0.0
async,33.0,weak,10,0,30,121.671,0.12042,0.02631,0.85327,0.65517,0.13698,29,29,0.0,1.0,0.0,7256,33.0,33.0,0,7256,29,0.000304752,0.00901699829869073,858.0516310377985,29.0,0.0,0.0,,,,,0.0,0.0,0.0
async,33.0,weak,11,1,4,26.961,0.15422,0.09425,0.75153,0.68299,0.0,4,4,0.0,1.0,0.0,1000,33.0,33.0,0,1000,4,4.2e-05,0.005608100589740737,534.1048180705463,4.0,0.0,0.0,,,,,0.0,0.0,0.0
async,33.0,weak,12,1,15,65.934,0.08108,0.09059,0.82833,0.47491,0.0,15,15,0.0,1.0,0.0,3750,33.0,33.0,0,3750,15,0.0001575,0.0085995085995086,819.000819000819,15.0,0.0,0.0,,,,,0.0,0.0,0.0
async,33.0,weak,13,0,30,121.638,0.02604,0.02876,0.9452,0.59608,0.10615,29,29,0.0,1.0,0.0,7256,33.0,33.0,0,7256,29,0.000304752,0.00901944458146303,858.2844176984165,29.0,0.0,0.0,,,,,0.0,0.0,0.0
async,33.0,weak,14,0,30,124.707,0.0815,0.04895,0.86954,0.60329,0.14697,29,29,0.0,1.0,0.0,7256,33.0,33.0,0,7256,29,0.000304752,0.008797478890519378,837.1623084510093,29.0,0.0,0.0,,,,,0.0,0.0,0.0
async,33.0,weak,15,0,30,132.561,0.0463,0.05775,0.89594,0.61262,0.08239,29,29,0.0,1.0,0.0,7262,33.0,33.0,0,7262,29,0.000305004,0.008283087786000407,787.5619526104963,29.0,0.0,0.0,,,,,0.0,0.0,0.0
async,33.0,weak,16,0,30,126.588,0.06465,0.03206,0.90328,0.57855,0.14164,29,29,0.0,1.0,0.0,7256,33.0,33.0,0,7256,29,0.000304752,0.008666755142667551,824.7227225329415,29.0,0.0,0.0,,,,,0.0,0.0,0.0
async,33.0,weak,17,0,30,119.328,0.04314,0.02406,0.9328,0.58478,0.151,29,29,0.0,1.0,0.0,7253,33.0,33.0,0,7253,29,0.000304626,0.00919024537409493,874.8994368463395,29.0,0.0,0.0,,,,,0.0,0.0,0.0
async,33.0,weak,18,0,30,137.379,0.03003,0.03507,0.9349,0.47177,0.13744,29,29,0.0,1.0,0.0,7262,33.0,33.0,0,7262,29,0.000305004,0.007992592754351102,759.9414757714062,29.0,0.0,0.0,,,,,0.0,0.0,0.0
async,33.0,weak,19,0,30,131.736,0.02705,0.03432,0.93863,0.46127,0.11566,29,29,0.0,1.0,0.0,7263,33.0,33.0,0,7263,29,0.000305046,0.00833610858079796,792.4940790672254,29.0,0.0,0.0,,,,,0.0,0.0,0.0
async,33.0,weak,20,0,30,128.304,0.16975,0.0,0.83025,0.68361,0.30748,29,29,0.0,1.0,0.0,7260,33.0,33.0,0,7260,29,0.00030492000000000003,0.008555555555555558,813.692480359147,29.0,0.0,0.0,,,,,0.0,0.0,0.0
async,33.0,weak,21,1,5,31.614,0.13779,0.17537,0.68685,0.62128,0.0,5,5,0.0,1.0,0.0,1250,33.0,33.0,0,1250,5,5.25e-05,0.005978364015942304,569.3680015183147,5.0,0.0,0.0,,,,,0.0,0.0,0.0
async,33.0,weak,22,0,30,137.049,0.07055,0.0484,0.88105,0.56247,0.06496,29,29,0.0,1.0,0.0,7258,33.0,33.0,0,7258,29,0.000304836,0.008007425081540178,761.7713372589366,29.0,0.0,0.0,,,,,0.0,0.0,0.0
async,33.0,weak,23,0,30,113.619,0.0485,0.02353,0.92797,0.5089,0.16279,29,29,0.0,1.0,0.0,7261,33.0,33.0,0,7261,29,0.00030496200000000004,0.009662672616375783,918.8604018694056,29.0,0.0,0.0,,,,,0.0,0.0,0.0
async,33.0,weak,24,1,18,84.381,0.15252,0.0395,0.80798,0.62449,0.0,18,18,0.0,1.0,0.0,4501,33.0,33.0,0,4501,18,0.000189042,0.008065218473353007,767.9453905500053,18.0,0.0,0.0,,,,,0.0,0.0,0.0
async,33.0,weak,25,0,30,119.064,0.06901,0.05626,0.87472,0.55901,0.11862,29,29,0.0,1.0,0.0,7260,33.0,33.0,0,7260,29,0.00030492000000000003,0.009219512195121952,876.8393469058658,29.0,0.0,0.0,,,,,0.0,0.0,0.0
async,33.0,weak,26,0,30,121.44,0.06549,0.0,0.93451,0.62377,0.23347,29,29,0.0,1.0,0.0,7263,33.0,33.0,0,7263,29,0.000305046,0.009042865612648223,859.6837944664031,29.0,0.0,0.0,,,,,0.0,0.0,0.0
async,33.0,weak,27,1,5,35.112,0.05733,0.15602,0.78665,0.46618,0.0,5,5,0.0,1.0,0.0,1250,33.0,33.0,0,1250,5,5.25e-05,0.005382775119617225,512.6452494873547,5.0,0.0,0.0,,,,,0.0,0.0,0.0
async,33.0,weak,28,0,30,111.738,0.05759,0.03987,0.90254,0.58323,0.14095,29,29,0.0,1.0,0.0,7252,33.0,33.0,0,7252,29,0.000304584,0.00981315577511679,934.3285184986307,29.0,0.0,0.0,,,,,0.0,0.0,0.0
async,33.0,weak,29,0,30,123.453,0.17348,0.0,0.82652,0.6496,0.21881,29,29,0.0,1.0,0.0,7258,33.0,33.0,0,7258,29,0.000304836,0.0088892906612233,845.6659619450317,29.0,0.0,0.0,,,,,0.0,0.0,0.0
async,33.0,medium,0,0,30,99.033,0.06165,0.04432,0.89404,0.47469,0.14551,29,29,0.0,1.0,0.0,7251,33.0,33.0,0,7251,29,0.00030454200000000004,0.011070564357335435,1054.1940565266123,29.0,0.0,0.0,,,,,0.0,0.0,0.0
async,33.0,medium,1,0,30,102.135,0.17997,0.13538,0.68465,0.57317,0.03087,29,29,0.0,1.0,0.0,7256,33.0,33.0,0,7256,29,0.000304752,0.010741735937729474,1022.1765310618299,29.0,0.0,0.0,,,,,0.0,0.0,0.0
async,33.0,medium,2,1,19,74.646,0.1649,0.04465,0.79045,0.64456,0.0,19,19,0.0,1.0,0.0,4753,33.0,33.0,0,4753,19,0.000199626,0.009627489751627681,916.3250542560886,19.0,0.0,0.0,,,,,0.0,0.0,0.0
async,33.0,medium,3,0,30,112.53,0.11144,0.00293,0.88563,0.63853,0.19306,29,29,0.0,1.0,0.0,7259,33.0,33.0,0,7259,29,0.000304878,0.009753495067981873,927.7525993068515,29.0,0.0,0.0,,,,,0.0,0.0,0.0
async,33.0,medium,4,0,30,97.878,0.1261,0.09305,0.78085,0.53711,0.11907,29,29,0.0,1.0,0.0,7253,33.0,33.0,0,7253,29,0.000304626,0.011204291056212836,1066.633972905045,29.0,0.0,0.0,,,,,0.0,0.0,0.0
async,33.0,medium,5,0,30,105.831,0.09417,0.0,0.90583,0.68338,0.36529,29,29,0.0,1.0,0.0,7253,33.0,33.0,0,7253,29,0.000304626,0.010362309720214305,986.4784420443915,29.0,0.0,0.0,,,,,0.0,0.0,0.0
async,33.0,medium,6,0,30,104.049,0.06819,0.01808,0.91373,0.50641,0.15557,29,29,0.0,1.0,0.0,7255,33.0,33.0,0,7255,29,0.00030471000000000003,0.010542686618804602,1003.3734106046188,29.0,0.0,0.0,,,,,0.0,0.0,0.0
async,33.0,medium,7,0,30,105.93,0.06262,0.05421,0.88318,0.50725,0.08855,29,29,0.0,1.0,0.0,7261,33.0,33.0,0,7261,29,0.00030496200000000004,0.010364044180118947,985.5564995751912,29.0,0.0,0.0,,,,,0.0,0.0,0.0
async,33.0,medium,8,0,30,110.121,0.07372,0.02128,0.905,0.60942,0.14576,29,29,0.0,1.0,0.0,7260,33.0,33.0,0,7260,29,0.00030492000000000003,0.00996823494156428,948.0480562290572,29.0,0.0,0.0,,,,,0.0,0.0,0.0
async,33.0,medium,9,1,8,35.112,0.19549,0.07519,0.72932,0.58886,0.0,8,8,0.0,1.0,0.0,2001,33.0,33.0,0,2001,8,8.4042e-05,0.008616746411483254,820.2323991797675,8.0,0.0,0.0,,,,,0.0,0.0,0.0
async,33.0,medium,10,0,30,96.591,0.07175,0.05125,0.87701,0.65729,0.01239,29,29,0.0,1.0,0.0,7253,33.0,33.0,0,7253,29,0.000304626,0.011353579526042799,1080.8460415566667,29.0,0.0,0.0,,,,,0.0,0.0,0.0
async,33.0,medium,11,0,30,114.048,0.06395,0.0,0.93605,0.5655,0.248,29,29,0.0,1.0,0.0,7255,33.0,33.0,0,7255,29,0.00030471000000000003,0.009618371212121212,915.4040404040403,29.0,0.0,0.0,,,,,0.0,0.0,0.0
async,33.0,medium,12,0,30,100.386,0.13807,0.04471,0.81723,0.60698,0.13906,29,29,0.0,1.0,0.0,7255,33.0,33.0,0,7255,29,0.00030471000000000003,0.010927380311995699,1039.985655370271,29.0,0.0,0.0,,,,,0.0,0.0,0.0
async,33.0,medium,13,0,30,103.983,0.07775,0.05268,0.86957,0.46986,0.04562,29,29,0.0,1.0,0.0,7257,33.0,33.0,0,7257,29,0.00030479400000000005,0.010552286431435909,1004.0102709096678,29.0,0.0,0.0,,,,,0.0,0.0,0.0
async,33.0,medium,14,0,30,94.248,0.09874,0.12815,0.77311,0.60419,0.02802,29,29,0.0,1.0,0.0,7258,33.0,33.0,0,7258,29,0.000304836,0.011643850267379678,1107.7158135981665,29.0,0.0,0.0,,,,,0.0,0.0,0.0
async,33.0,medium,15,0,30,110.583,0.03074,0.0,0.96926,0.6471,0.23013,29,29,0.0,1.0,0.0,7256,33.0,33.0,0,7256,29,0.000304752,0.009921119882802962,944.0872466834867,29.0,0.0,0.0,,,,,0.0,0.0,0.0
async,33.0,medium,16,0,30,107.217,0.06925,0.01077,0.91998,0.52121,0.14493,29,29,0.0,1.0,0.0,7260,33.0,33.0,0,7260,29,0.00030492000000000003,0.010238227146814405,973.7261814824143,29.0,0.0,0.0,,,,,0.0,0.0,0.0
async,33.0,medium,17,0,30,117.645,0.02609,0.00224,0.97167,0.54176,0.19636,29,29,0.0,1.0,0.0,7258,33.0,33.0,0,7258,29,0.000304836,0.009328144842534745,887.415529771771,29.0,0.0,0.0,,,,,0.0,0.0,0.0
async,33.0,medium,18,1,16,63.063,0.0921,0.04134,0.86656,0.59677,0.0,16,16,0.0,1.0,0.0,4007,33.0,33.0,0,4007,16,0.000168294,0.009607192807192806,913.3723419437706,16.0,0.0,0.0,,,,,0.0,0.0,0.0
async,33.0,medium,19,0,30,104.28,0.0712,0.01203,0.91677,0.56527,0.13492,29,29,0.0,1.0,0.0,7263,33.0,33.0,0,7263,29,0.000305046,0.010530932105868815,1001.1507479861909,29.0,0.0,0.0,,,,,0.0,0.0,0.0
async,33.0,medium,20,0,30,97.713,0.07869,0.06586,0.85545,0.5924,0.03975,29,29,0.0,1.0,0.0,7256,33.0,33.0,0,7256,29,0.000304752,0.011227852998065765,1068.4351109883025,29.0,0.0,0.0,,,,,0.0,0.0,0.0
async,33.0,medium,21,1,8,35.97,0.3,0.15505,0.54495,0.61205,0.0,8,8,0.0,1.0,0.0,2000,33.0,33.0,0,2000,8,8.4e-05,0.008407005838198499,800.6672226855713,8.0,0.0,0.0,,,,,0.0,0.0,0.0
async,33.0,medium,22,0,30,109.824,0.04447,0.0,0.95553,0.48965,0.22896,29,29,0.0,1.0,0.0,7248,33.0,33.0,0,7248,29,0.000304416,0.00997867132867133,950.6118881118881,29.0,0.0,0.0,,,,,0.0,0.0,0.0
async,33.0,medium,23,0,30,103.356,0.05428,0.0,0.94572,0.52125,0.23188,29,29,0.0,1.0,0.0,7256,33.0,33.0,0,7256,29,0.000304752,0.010614838035527692,1010.10101010101,29.0,0.0,0.0,,,,,0.0,0.0,0.0
async,33.0,medium,24,0,30,100.947,0.08173,0.05884,0.85943,0.62349,0.09873,29,29,0.0,1.0,0.0,7252,33.0,33.0,0,7252,29,0.000304584,0.010862159350946535,1034.2060685310114,29.0,0.0,0.0,,,,,0.0,0.0,0.0
async,33.0,medium,25,1,10,40.953,0.23288,0.18211,0.58501,0.62563,0.0,10,10,0.0,1.0,0.0,2501,33.0,33.0,0,2501,10,0.000105042,0.009233785070690791,879.0564793788001,10.0,0.0,0.0,,,,,0.0,0.0,0.0
async,33.0,medium,26,0,30,102.036,0.16106,0.0,0.83894,0.66102,0.24464,29,29,0.0,1.0,0.0,7257,33.0,33.0,0,7257,29,0.00030479400000000005,0.010753639891802896,1023.1682935434553,29.0,0.0,0.0,,,,,0.0,0.0,0.0
async,33.0,medium,27,0,30,103.62,0.05764,0.06465,0.87771,0.54239,0.05521,29,29,0.0,1.0,0.0,7254,33.0,33.0,0,7254,29,0.000304668,0.010584875506658946,1007.527504342791,29.0,0.0,0.0,,,,,0.0,0.0,0.0
async,33.0,medium,28,0,30,104.973,0.10909,0.01823,0.87268,0.59183,0.0796,29,29,0.0,1.0,0.0,7257,33.0,33.0,0,7257,29,0.00030479400000000005,0.010452767854591183,994.5414535166185,29.0,0.0,0.0,,,,,0.0,0.0,0.0
async,33.0,medium,29,0,30,101.508,0.12939,0.12549,0.74512,0.59152,0.00817,29,29,0.0,1.0,0.0,7256,33.0,33.0,0,7256,29,0.000304752,0.01080808606218229,1028.4903652914056,29.0,0.0,0.0,,,,,0.0,0.0,0.0
async,33.0,strong,0,0,30,85.041,0.18199,0.04579,0.77222,0.62959,0.14654,29,29,0.0,1.0,0.0,7260,33.0,33.0,0,7260,29,0.00030492000000000003,0.01290803259604191,1227.6431368398771,29.0,0.0,0.0,,,,,0.0,0.0,0.0
async,33.0,strong,1,0,30,82.467,0.22689,0.0112,0.7619,0.69851,0.17787,29,29,0.0,1.0,0.0,7259,33.0,33.0,0,7259,29,0.000304878,0.013309090909090911,1265.960929826476,29.0,0.0,0.0,,,,,0.0,0.0,0.0
async,33.0,strong,2,0,30,89.595,0.11823,0.0,0.88177,0.67883,0.26395,29,29,0.0,1.0,0.0,7263,33.0,33.0,0,7263,29,0.000305046,0.012256996484178806,1165.2435961828228,29.0,0.0,0.0,,,,,0.0,0.0,0.0
async,33.0,strong,3,0,30,87.945,0.08068,0.0,0.91932,0.68448,0.2152,29,29,0.0,1.0,0.0,7259,33.0,33.0,0,7259,29,0.000304878,0.012480081869350164,1187.1055773494797,29.0,0.0,0.0,,,,,0.0,0.0,0.0
async,33.0,strong,4,0,30,84.15,0.1851,0.05255,0.76235,0.59151,0.13121,29,29,0.0,1.0,0.0,7258,33.0,33.0,0,7258,29,0.000304836,0.01304111229946524,1240.6417112299466,29.0,0.0,0.0,,,,,0.0,0.0,0.0
async,33.0,strong,5,0,30,88.572,0.13785,0.0,0.86215,0.67446,0.28923,29,29,0.0,1.0,0.0,7253,33.0,33.0,0,7253,29,0.000304626,0.01238149302262566,1178.7020728898522,29.0,0.0,0.0,,,,,0.0,0.0,0.0
async,33.0,strong,6,0,30,86.064,0.16449,0.0,0.83551,0.70079,0.21795,29,29,0.0,1.0,0.0,7252,33.0,33.0,0,7252,29,0.000304584,0.012740546569994423,1213.0507529280535,29.0,0.0,0.0,,,,,0.0,0.0,0.0
async,33.0,strong,7,0,30,95.667,0.10003,0.03691,0.86306,0.50745,0.09007,29,29,0.0,1.0,0.0,7262,33.0,33.0,0,7262,29,0.000305004,0.011477462447866035,1091.2853962181316,29.0,0.0,0.0,,,,,0.0,0.0,0.0
async,33.0,strong,8,0,30,89.694,0.11442,0.15269,0.73289,0.57652,0.03607,29,29,0.0,1.0,0.0,7251,33.0,33.0,0,7251,29,0.00030454200000000004,0.012223239012642988,1163.9574553481839,29.0,0.0,0.0,,,,,0.0,0.0,0.0
async,33.0,strong,9,0,30,84.612,0.23401,0.04524,0.72075,0.6351,0.11887,29,29,0.0,1.0,0.0,7261,33.0,33.0,0,7261,29,0.00030496200000000004,0.0129752659197277,1233.8675365196427,29.0,0.0,0.0,,,,,0.0,0.0,0.0
async,33.0,strong,10,1,22,69.267,0.1758,0.18152,0.64269,0.51372,0.0,22,22,0.0,1.0,0.0,5504,33.0,33.0,0,5504,22,0.000231168,0.01201444843865044,1143.4016198189613,22.0,0.0,0.0,,,,,0.0,0.0,0.0
async,33.0,strong,11,0,30,85.569,0.12071,0.0,0.87929,0.57882,0.26578,29,29,0.0,1.0,0.0,7253,33.0,33.0,0,7253,29,0.000304626,0.012816015145671914,1220.0680152859097,29.0,0.0,0.0,,,,,0.0,0.0,0.0
async,33.0,strong,12,0,30,90.123,0.13475,0.0,0.86525,0.61065,0.27643,29,29,0.0,1.0,0.0,7265,33.0,33.0,0,7265,29,0.00030513,0.012188542325488497,1158.4168303318797,29.0,0.0,0.0,,,,,0.0,0.0,0.0
async,33.0,strong,13,0,30,82.17,0.16185,0.12329,0.71486,0.54111,0.0808,29,29,0.0,1.0,0.0,7253,33.0,33.0,0,7253,29,0.000304626,0.013346155531215773,1270.536692223439,29.0,0.0,0.0,,,,,0.0,0.0,0.0
async,33.0,strong,14,0,30,82.533,0.13435,0.0,0.86565,0.57152,0.20292,29,29,0.0,1.0,0.0,7259,33.0,33.0,0,7259,29,0.000304878,0.013298447893569845,1264.948566028134,29.0,0.0,0.0,,,,,0.0,0.0,0.0
async,33.0,strong,15,0,30,105.204,0.07309,0.00847,0.91844,0.57035,0.18894,29,29,0.0,1.0,0.0,7269,33.0,33.0,0,7269,29,0.000305298,0.01044706284932132,992.3577050302272,29.0,0.0,0.0,,,,,0.0,0.0,0.0
async,33.0,strong,16,0,30,89.166,0.12953,0.06255,0.80792,0.49563,0.05638,29,29,0.0,1.0,0.0,7267,33.0,33.0,0,7267,29,0.000305214,0.012322750824305229,1170.8498755130881,29.0,0.0,0.0,,,,,0.0,0.0,0.0
async,33.0,strong,17,0,30,97.482,0.09648,0.0,0.90352,0.63393,0.30928,29,29,0.0,1.0,0.0,7262,33.0,33.0,0,7262,29,0.000305004,0.011263765618267989,1070.966947744199,29.0,0.0,0.0,,,,,0.0,0.0,0.0
async,33.0,strong,18,0,30,84.942,0.10878,0.01632,0.8749,0.59615,0.12991,29,29,0.0,1.0,0.0,7251,33.0,33.0,0,7251,29,0.00030454200000000004,0.012907056579783856,1229.0739563466839,29.0,0.0,0.0,,,,,0.0,0.0,0.0
async,33.0,strong,19,0,30,78.144,0.144,0.00718,0.84882,0.65141,0.18235,29,29,0.0,1.0,0.0,7253,33.0,33.0,0,7253,29,0.000304626,0.014033753071253069,1335.995085995086,29.0,0.0,0.0,,,,,0.0,0.0,0.0
async,33.0,strong,20,0,30,85.074,0.1249,0.0,0.8751,0.64777,0.27496,29,29,0.0,1.0,0.0,7254,33.0,33.0,0,7254,29,0.000304668,0.012892361943719585,1227.166937019536,29.0,0.0,0.0,,,,,0.0,0.0,0.0
async,33.0,strong,21,0,30,91.113,0.13763,0.0,0.86237,0.56002,0.24094,29,29,0.0,1.0,0.0,7264,33.0,33.0,0,7264,29,0.000305088,0.012054446676105496,1145.8299035263904,29.0,0.0,0.0,,,,,0.0,0.0,0.0
async,33.0,strong,22,1,18,60.093,0.15541,0.04997,0.79462,0.57996,0.0,18,18,0.0,1.0,0.0,4500,33.0,33.0,0,4500,18,0.000189,0.01132245020218661,1078.328590684439,18.0,0.0,0.0,,,,,0.0,0.0,0.0
async,33.0,strong,23,0,30,95.898,0.12182,0.0,0.87818,0.5954,0.25323,29,29,0.0,1.0,0.0,7268,33.0,33.0,0,7268,29,0.000305256,0.011459275480197711,1088.6566977413502,29.0,0.0,0.0,,,,,0.0,0.0,0.0
async,33.0,strong,24,0,30,90.816,0.14062,0.04906,0.81032,0.61017,0.08962,29,29,0.0,1.0,0.0,7254,33.0,33.0,0,7254,29,0.000304668,0.012077219873150106,1149.5771670190275,29.0,0.0,0.0,,,,,0.0,0.0,0.0
async,33.0,strong,25,0,30,85.239,0.15176,0.12118,0.72706,0.49915,0.07554,29,29,0.0,1.0,0.0,7261,33.0,33.0,0,7261,29,0.00030496200000000004,0.012879822616407983,1224.7914686939075,29.0,0.0,0.0,,,,,0.0,0.0,0.0
async,33.0,strong,26,0,30,81.543,0.13314,0.04856,0.81829,0.50308,0.12216,29,29,0.0,1.0,0.0,7256,33.0,33.0,0,7256,29,0.000304752,0.013454339428277104,1280.3060961701187,29.0,0.0,0.0,,,,,0.0,0.0,0.0
async,33.0,strong,27,0,30,100.947,0.07028,0.02517,0.90454,0.60807,0.13989,29,29,0.0,1.0,0.0,7266,33.0,33.0,0,7266,29,0.00030517200000000004,0.010883128770542958,1034.2060685310114,29.0,0.0,0.0,,,,,0.0,0.0,0.0
async,33.0,strong,28,0,30,89.298,0.1456,0.01441,0.83999,0.53185,0.17557,29,29,0.0,1.0,0.0,7260,33.0,33.0,0,7260,29,0.00030492000000000003,0.01229268292682927,1169.1191292078208,29.0,0.0,0.0,,,,,0.0,0.0,0.0
async,33.0,strong,29,0,30,84.513,0.22179,0.05076,0.72745,0.61503,0.03848,29,29,0.0,1.0,0.0,7262,33.0,33.0,0,7262,29,0.000305004,0.012992254446061552,1235.312910439814,29.0,0.0,0.0,,,,,0.0,0.0,0.0
async,100.0,weak,0,0,30,125.598,0.02864,0.0,0.97136,0.47904,0.20172,29,29,0.06896551724137931,0.9310344827586207,0.0,7256,33.0,33.0,0,7256,29,0.000304752,0.00873506902976162,831.2234271246357,27.0,0.0,0.0,,,,,0.0,0.0,0.0
async,100.0,weak,1,1,8,41.283,0.15268,0.16227,0.68505,0.54996,0.0,8,8,0.0,1.0,0.0,2000,33.0,33.0,0,2000,8,8.4e-05,0.007325049051667757,697.6237192064531,8.0,0.0,0.0,,,,,0.0,0.0,0.0
async,100.0,weak,2,0,30,126.324,0.1105,0.07184,0.81766,0.5702,0.06433,29,29,0.0,1.0,0.0,7258,33.0,33.0,0,7258,29,0.000304836,0.008687261328013679,826.4462809917355,29.0,0.0,0.0,,,,,0.0,0.0,0.0
async,100.0,weak,3,0,30,125.631,0.0964,0.01445,0.88915,0.60107,0.12519,29,29,0.06896551724137931,0.9310344827586207,0.0,7254,33.0,33.0,0,7254,29,0.000304668,0.008730367504835591,831.0050863242353,27.0,0.0,0.0,,,,,0.0,0.0,0.0
async,100.0,weak,4,0,30,122.463,0.15791,0.09566,0.74643,0.6258,0.06154,29,29,0.0,1.0,0.0,7254,33.0,33.0,0,7254,29,0.000304668,0.0089562137135298,852.5023884765194,29.0,0.0,0.0,,,,,0.0,0.0,0.0
async,100.0,weak,5,0,30,114.378,0.1607,0.01212,0.82718,0.66425,0.166,29,29,0.034482758620689655,0.9655172413793104,0.0,7261,33.0,33.0,0,7261,29,0.00030496200000000004,0.009598552169123434,912.7629439227824,28.0,0.0,0.0,,,,,0.0,0.0,0.0
async,100.0,weak,6,0,30,121.341,0.04759,0.0,0.95241,0.65579,0.28899,29,29,0.034482758620689655,0.9655172413793104,0.0,7255,33.0,33.0,0,7255,29,0.00030471000000000003,0.009040274927683143,860.3851954409475,28.0,0.0,0.0,,,,,0.0,0.0,0.0
async,100.0,weak,7,0,30,136.488,0.04352,0.02394,0.93254,0.46506,0.15057,29,29,0.034482758620689655,0.9655172413793104,0.0,7257,33.0,33.0,0,7257,29,0.00030479400000000005,0.00803922982240197,764.9024090029893,28.0,0.0,0.0,,,,,0.0,0.0,0.0
async,100.0,weak,8,0,30,130.185,0.07731,0.00887,0.91381,0.54956,0.16198,29,29,0.034482758620689655,0.9655172413793104,0.0,7249,33.0,33.0,0,7249,29,0.000304458,0.008419163498098861,801.9357068786726,28.0,0.0,0.0,,,,,0.0,0.0,0.0
async,100.0,weak,9,0,30,123.915,0.10892,0.0735,0.81758,0.58889,0.06063,29,29,0.0,1.0,0.0,7257,33.0,33.0,0,7257,29,0.00030479400000000005,0.008854927974821451,842.5130129524271,29.0,0.0,0.0,,,,,0.0,0.0,0.0
async,100.0,weak,10,0,30,121.671,0.12042,0.02631,0.85327,0.65517,0.13698,29,29,0.0,1.0,0.0,7256,33.0,33.0,0,7256,29,0.000304752,0.00901699829869073,858.0516310377985,29.0,0.0,0.0,,,,,0.0,0.0,0.0
async,100.0,weak,11,1,4,26.961,0.15422,0.09425,0.75153,0.68299,0.0,4,4,0.0,1.0,0.0,1000,33.0,33.0,0,1000,4,4.2e-05,0.005608100589740737,534.1048180705463,4.0,0.0,0.0,,,,,0.0,0.0,0.0
async,100.0,weak,12,1,15,65.934,0.08108,0.09059,0.82833,0.47491,0.0,15,15,0.0,1.0,0.0,3750,33.0,33.0,0,3750,15,0.0001575,0.0085995085995086,819.000819000819,15.0,0.0,0.0,,,,,0.0,0.0,0.0
async,100.0,weak,13,0,30,121.638,0.02604,0.02876,0.9452,0.59608,0.10615,29,29,0.0,1.0,0.0,7256,33.0,33.0,0,7256,29,0.000304752,0.00901944458146303,858.2844176984165,29.0,0.0,0.0,,,,,0.0,0.0,0.0
async,100.0,weak,14,0,30,124.707,0.0815,0.04895,0.86954,0.60329,0.14697,29,29,0.0,1.0,0.0,7256,33.0,33.0,0,7256,29,0.000304752,0.008797478890519378,837.1623084510093,29.0,0.0,0.0,,,,,0.0,0.0,0.0
async,100.0,weak,15,1,27,114.378,0.05136,0.05943,0.88921,0.63904,0.0,27,27,0.037037037037037035,0.9629629629629629,0.0,6752,33.0,33.0,0,6752,27,0.00028358400000000003,0.008925688506530978,849.8137753763835,26.0,0.0,0.0,,,,,0.0,0.0,0.0
async,100.0,weak,16,0,30,126.588,0.06465,0.03206,0.90328,0.57855,0.14164,29,29,0.0,1.0,0.0,7256,33.0,33.0,0,7256,29,0.000304752,0.008666755142667551,824.7227225329415,29.0,0.0,0.0,,,,,0.0,0.0,0.0
async,100.0,weak,17,0,30,119.328,0.04314,0.02406,0.9328,0.58478,0.151,29,29,0.0,1.0,0.0,7253,33.0,33.0,0,7253,29,0.000304626,0.00919024537409493,874.8994368463395,29.0,0.0,0.0,,,,,0.0,0.0,0.0
async,100.0,weak,18,0,30,137.379,0.03003,0.03507,0.9349,0.47177,0.13744,29,29,0.0,1.0,0.0,7262,33.0,33.0,0,7262,29,0.000305004,0.007992592754351102,759.9414757714062,29.0,0.0,0.0,,,,,0.0,0.0,0.0
async,100.0,weak,19,0,30,130.647,0.02728,0.0,0.97272,0.53169,0.21119,29,29,0.034482758620689655,0.9655172413793104,0.0,7263,33.0,33.0,0,7263,29,0.000305046,0.008405593699051644,799.0998645204253,28.0,0.0,0.0,,,,,0.0,0.0,0.0
async,100.0,weak,20,0,30,128.304,0.16975,0.0,0.83025,0.68361,0.30748,29,29,0.0,1.0,0.0,7260,33.0,33.0,0,7260,29,0.00030492000000000003,0.008555555555555558,813.692480359147,29.0,0.0,0.0,,,,,0.0,0.0,0.0
async,100.0,weak,21,1,7,43.461,0.12984,0.23083,0.63933,0.52725,0.0,7,7,0.14285714285714285,0.8571428571428571,0.0,1750,33.0,33.0,0,1750,7,7.35e-05,0.006088217022157796,579.8301925864569,6.0,0.0,0.0,,,,,0.0,0.0,0.0
async,100.0,weak,22,0,30,137.049,0.07055,0.0484,0.88105,0.56247,0.06496,29,29,0.0,1.0,0.0,7258,33.0,33.0,0,7258,29,0.000304836,0.008007425081540178,761.7713372589366,29.0,0.0,0.0,,,,,0.0,0.0,0.0
async,100.0,weak,23,0,30,113.619,0.0485,0.02353,0.92797,0.5089,0.16279,29,29,0.0,1.0,0.0,7261,33.0,33.0,0,7261,29,0.00030496200000000004,0.009662672616375783,918.8604018694056,29.0,0.0,0.0,,,,,0.0,0.0,0.0
async,100.0,weak,24,0,30,130.449,0.05945,0.0,0.94055,0.6704,0.20331,29,29,0.034482758620689655,0.9655172413793104,0.0,7254,33.0,33.0,0,7254,29,0.000304668,0.0084079203366833,800.3127659085159,28.0,0.0,0.0,,,,,0.0,0.0,0.0
async,100.0,weak,25,0,30,119.064,0.06901,0.05626,0.87472,0.55901,0.11862,29,29,0.0,1.0,0.0,7260,33.0,33.0,0,7260,29,0.00030492000000000003,0.009219512195121952,876.8393469058658,29.0,0.0,0.0,,,,,0.0,0.0,0.0
async,100.0,weak,26,0,30,121.44,0.06549,0.0,0.93451,0.62377,0.23347,29,29,0.0,1.0,0.0,7263,33.0,33.0,0,7263,29,0.000305046,0.009042865612648223,859.6837944664031,29.0,0.0,0.0,,,,,0.0,0.0,0.0
async,100.0,weak,27,1,5,35.112,0.05733,0.15602,0.78665,0.46618,0.0,5,5,0.0,1.0,0.0,1250,33.0,33.0,0,1250,5,5.25e-05,0.005382775119617225,512.6452494873547,5.0,0.0,0.0,,,,,0.0,0.0,0.0
async,100.0,weak,28,0,30,111.738,0.05759,0.03987,0.90254,0.58323,0.14095,29,29,0.0,1.0,0.0,7252,33.0,33.0,0,7252,29,0.000304584,0.00981315577511679,934.3285184986307,29.0,0.0,0.0,,,,,0.0,0.0,0.0
async,100.0,weak,29,0,30,123.453,0.17348,0.0,0.82652,0.6496,0.21881,29,29,0.0,1.0,0.0,7258,33.0,33.0,0,7258,29,0.000304836,0.0088892906612233,845.6659619450317,29.0,0.0,0.0,,,,,0.0,0.0,0.0
async,100.0,medium,0,0,30,99.033,0.06165,0.04432,0.89404,0.47469,0.14551,29,29,0.0,1.0,0.0,7251,33.0,33.0,0,7251,29,0.00030454200000000004,0.011070564357335435,1054.1940565266123,29.0,0.0,0.0,,,,,0.0,0.0,0.0
async,100.0,medium,1,0,30,102.135,0.17997,0.13538,0.68465,0.57317,0.03087,29,29,0.0,1.0,0.0,7256,33.0,33.0,0,7256,29,0.000304752,0.010741735937729474,1022.1765310618299,29.0,0.0,0.0,,,,,0.0,0.0,0.0
async,100.0,medium,2,1,19,74.646,0.1649,0.04465,0.79045,0.64456,0.0,19,19,0.0,1.0,0.0,4753,33.0,33.0,0,4753,19,0.000199626,0.009627489751627681,916.3250542560886,19.0,0.0,0.0,,,,,0.0,0.0,0.0
async,100.0,medium,3,0,30,101.475,0.09203,0.0,0.90797,0.71198,0.33025,29,29,0.034482758620689655,0.9655172413793104,0.0,7252,33.0,33.0,0,7252,29,0.000304584,0.010805640798226164,1028.8248337028826,28.0,0.0,0.0,,,,,0.0,0.0,0.0
async,100.0,medium,4,0,30,97.878,0.1261,0.09305,0.78085,0.53711,0.11907,29,29,0.0,1.0,0.0,7253,33.0,33.0,0,7253,29,0.000304626,0.011204291056212836,1066.633972905045,29.0,0.0,0.0,,,,,0.0,0.0,0.0
async,100.0,medium,5,0,30,114.972,0.10304,0.0,0.89696,0.66141,0.27242,29,29,0.034482758620689655,0.9655172413793104,0.0,7260,33.0,33.0,0,7260,29,0.00030492000000000003,0.00954764638346728,908.0471767038931,28.0,0.0,0.0,,,,,0.0,0.0,0.0
async,100.0,medium,6,0,30,104.049,0.06819,0.01808,0.91373,0.50641,0.15557,29,29,0.0,1.0,0.0,7255,33.0,33.0,0,7255,29,0.00030471000000000003,0.010542686618804602,1003.3734106046188,29.0,0.0,0.0,,,,,0.0,0.0,0.0
async,100.0,medium,7,0,30,105.93,0.06262,0.05421,0.88318,0.50725,0.08855,29,29,0.0,1.0,0.0,7261,33.0,33.0,0,7261,29,0.00030496200000000004,0.010364044180118947,985.5564995751912,29.0,0.0,0.0,,,,,0.0,0.0,0.0
async,100.0,medium,8,0,30,110.121,0.07372,0.02128,0.905,0.61819,0.14576,29,29,0.034482758620689655,0.9655172413793104,0.0,7260,33.0,33.0,0,7260,29,0.00030492000000000003,0.00996823494156428,948.0480562290572,28.0,0.0,0.0,,,,,0.0,0.0,0.0
async,100.0,medium,9,1,8,35.112,0.19549,0.07519,0.72932,0.58886,0.0,8,8,0.0,1.0,0.0,2001,33.0,33.0,0,2001,8,8.4042e-05,0.008616746411483254,820.2323991797675,8.0,0.0,0.0,,,,,0.0,0.0,0.0
async,100.0,medium,10,0,30,96.591,0.07175,0.05125,0.87701,0.65729,0.01239,29,29,0.0,1.0,0.0,7253,33.0,33.0,0,7253,29,0.000304626,0.011353579526042799,1080.8460415566667,29.0,0.0,0.0,,,,,0.0,0.0,0.0
async,100.0,medium,11,1,20,84.381,0.1009,0.1142,0.7849,0.45615,0.0,20,20,0.1,0.9,0.0,5009,33.0,33.0,0,5009,20,0.00021037800000000002,0.008975489742951613,853.2726561666726,18.0,0.0,0.0,,,,,0.0,0.0,0.0
async,100.0,medium,12,0,30,100.386,0.13807,0.04471,0.81723,0.60698,0.13906,29,29,0.034482758620689655,0.9655172413793104,0.0,7255,33.0,33.0,0,7255,29,0.00030471000000000003,0.010927380311995699,1039.985655370271,28.0,0.0,0.0,,,,,0.0,0.0,0.0
async,100.0,medium,13,0,30,103.983,0.07775,0.05268,0.86957,0.46986,0.04562,29,29,0.0,1.0,0.0,7257,33.0,33.0,0,7257,29,0.00030479400000000005,0.010552286431435909,1004.0102709096678,29.0,0.0,0.0,,,,,0.0,0.0,0.0
async,100.0,medium,14,0,30,94.248,0.09874,0.12815,0.77311,0.60419,0.02802,29,29,0.0,1.0,0.0,7258,33.0,33.0,0,7258,29,0.000304836,0.011643850267379678,1107.7158135981665,29.0,0.0,0.0,,,,,0.0,0.0,0.0
async,100.0,medium,15,0,30,110.583,0.03074,0.0,0.96926,0.6471,0.23013,29,29,0.0,1.0,0.0,7256,33.0,33.0,0,7256,29,0.000304752,0.009921119882802962,944.0872466834867,29.0,0.0,0.0,,,,,0.0,0.0,0.0
async,100.0,medium,16,0,30,108.042,0.06872,0.01283,0.91845,0.52518,0.14493,29,29,0.034482758620689655,0.9655172413793104,0.0,7261,33.0,33.0,0,7261,29,0.00030496200000000004,0.010161448325651136,966.2908868773254,28.0,0.0,0.0,,,,,0.0,0.0,0.0
async,100.0,medium,17,0,30,117.645,0.02609,0.00224,0.97167,0.54176,0.19636,29,29,0.034482758620689655,0.9655172413793104,0.0,7258,33.0,33.0,0,7258,29,0.000304836,0.009328144842534745,887.415529771771,28.0,0.0,0.0,,,,,0.0,0.0,0.0
async,100.0,medium,18,1,16,63.063,0.0921,0.04134,0.86656,0.59677,0.0,16,16,0.0,1.0,0.0,4007,33.0,33.0,0,4007,16,0.000168294,0.009607192807192806,913.3723419437706,16.0,0.0,0.0,,,,,0.0,0.0,0.0
async,100.0,medium,19,0,30,104.148,0.07129,0.01204,0.91667,0.57499,0.13492,29,29,0.034482758620689655,0.9655172413793104,0.0,7263,33.0,33.0,0,7263,29,0.000305046,0.010544279294849638,1002.4196335983409,28.0,0.0,0.0,,,,,0.0,0.0,0.0
async,100.0,medium,20,0,30,97.713,0.07869,0.06586,0.85545,0.5924,0.03975,29,29,0.0,1.0,0.0,7256,33.0,33.0,0,7256,29,0.000304752,0.011227852998065765,1068.4351109883025,29.0,0.0,0.0,,,,,0.0,0.0,0.0
async,100.0,medium,21,1,8,35.97,0.3,0.15505,0.54495,0.61205,0.0,8,8,0.0,1.0,0.0,2000,33.0,33.0,0,2000,8,8.4e-05,0.008407005838198499,800.6672226855713,8.0,0.0,0.0,,,,,0.0,0.0,0.0
async,100.0,medium,22,0,30,109.824,0.04447,0.0,0.95553,0.48965,0.22896,29,29,0.0,1.0,0.0,7248,33.0,33.0,0,7248,29,0.000304416,0.00997867132867133,950.6118881118881,29.0,0.0,0.0,,,,,0.0,0.0,0.0
async,100.0,medium,23,0,30,98.835,0.05676,0.0,0.94324,0.57598,0.23188,29,29,0.034482758620689655,0.9655172413793104,0.0,7254,33.0,33.0,0,7254,29,0.000304668,0.011097331916831083,1056.305964486265,28.0,0.0,0.0,,,,,0.0,0.0,0.0
async,100.0,medium,24,0,30,100.947,0.08173,0.05884,0.85943,0.62349,0.09873,29,29,0.0,1.0,0.0,7252,33.0,33.0,0,7252,29,0.000304584,0.010862159350946535,1034.2060685310114,29.0,0.0,0.0,,,,,0.0,0.0,0.0
async,100.0,medium,25,1,10,40.953,0.23288,0.18211,0.58501,0.62563,0.0,10,10,0.1,0.9,0.0,2501,33.0,33.0,0,2501,10,0.000105042,0.009233785070690791,879.0564793788001,9.0,0.0,0.0,,,,,0.0,0.0,0.0
async,100.0,medium,26,0,30,102.036,0.16106,0.0,0.83894,0.66102,0.24464,29,29,0.0,1.0,0.0,7257,33.0,33.0,0,7257,29,0.00030479400000000005,0.010753639891802896,1023.1682935434553,29.0,0.0,0.0,,,,,0.0,0.0,0.0
async,100.0,medium,27,0,30,103.62,0.05764,0.06465,0.87771,0.54283,0.05521,29,29,0.034482758620689655,0.9655172413793104,0.0,7254,33.0,33.0,0,7254,29,0.000304668,0.010584875506658946,1007.527504342791,28.0,0.0,0.0,,,,,0.0,0.0,0.0
async,100.0,medium,28,0,30,104.973,0.10909,0.01823,0.87268,0.59183,0.0796,29,29,0.0,1.0,0.0,7257,33.0,33.0,0,7257,29,0.00030479400000000005,0.010452767854591183,994.5414535166185,29.0,0.0,0.0,,,,,0.0,0.0,0.0
async,100.0,medium,29,0,30,105.666,0.08432,0.08932,0.82636,0.60963,0.0632,29,29,0.034482758620689655,0.9655172413793104,0.0,7260,33.0,33.0,0,7260,29,0.00030492000000000003,0.010388507183010619,988.0188518539549,28.0,0.0,0.0,,,,,0.0,0.0,0.0
async,100.0,strong,0,0,30,85.041,0.18199,0.04579,0.77222,0.62959,0.14654,29,29,0.0,1.0,0.0,7260,33.0,33.0,0,7260,29,0.00030492000000000003,0.01290803259604191,1227.6431368398771,29.0,0.0,0.0,,,,,0.0,0.0,0.0
async,100.0,strong,1,0,30,82.467,0.23249,0.0112,0.7563,0.70475,0.17787,29,29,0.034482758620689655,0.9655172413793104,0.0,7260,33.0,33.0,0,7260,29,0.00030492000000000003,0.0133109243697479,1265.960929826476,28.0,0.0,0.0,,,,,0.0,0.0,0.0
async,100.0,strong,2,0,30,89.595,0.11823,0.0,0.88177,0.67883,0.26395,29,29,0.0,1.0,0.0,7263,33.0,33.0,0,7263,29,0.000305046,0.012256996484178806,1165.2435961828228,29.0,0.0,0.0,,,,,0.0,0.0,0.0
async,100.0,strong,3,0,30,87.945,0.08068,0.0,0.91932,0.68448,0.2152,29,29,0.0,1.0,0.0,7259,33.0,33.0,0,7259,29,0.000304878,0.012480081869350164,1187.1055773494797,29.0,0.0,0.0,,,,,0.0,0.0,0.0
async,100.0,strong,4,0,30,87.648,0.19541,0.0,0.80459,0.67785,0.20299,29,29,0.06896551724137931,0.9310344827586207,0.0,7256,33.0,33.0,0,7256,29,0.000304752,0.012517196056955093,1191.1281489594744,27.0,0.0,0.0,,,,,0.0,0.0,0.0
async,100.0,strong,5,0,30,88.572,0.13785,0.0,0.86215,0.67446,0.28923,29,29,0.0,1.0,0.0,7253,33.0,33.0,0,7253,29,0.000304626,0.01238149302262566,1178.7020728898522,29.0,0.0,0.0,,,,,0.0,0.0,0.0
async,100.0,strong,6,0,30,86.064,0.16449,0.0,0.83551,0.70079,0.21795,29,29,0.0,1.0,0.0,7252,33.0,33.0,0,7252,29,0.000304584,0.012740546569994423,1213.0507529280535,29.0,0.0,0.0,,,,,0.0,0.0,0.0
async,100.0,strong,7,0,30,95.667,0.10003,0.03691,0.86306,0.50745,0.09007,29,29,0.0,1.0,0.0,7262,33.0,33.0,0,7262,29,0.000305004,0.011477462447866035,1091.2853962181316,29.0,0.0,0.0,,,,,0.0,0.0,0.0
async,100.0,strong,8,0,30,89.694,0.11442,0.15269,0.73289,0.57652,0.03607,29,29,0.0,1.0,0.0,7251,33.0,33.0,0,7251,29,0.00030454200000000004,0.012223239012642988,1163.9574553481839,29.0,0.0,0.0,,,,,0.0,0.0,0.0
async,100.0,strong,9,0,30,84.612,0.23401,0.04524,0.72075,0.6351,0.11887,29,29,0.0,1.0,0.0,7261,33.0,33.0,0,7261,29,0.00030496200000000004,0.0129752659197277,1233.8675365196427,29.0,0.0,0.0,,,,,0.0,0.0,0.0
async,100.0,strong,10,1,22,69.267,0.1758,0.18152,0.64269,0.51372,0.0,22,22,0.0,1.0,0.0,5504,33.0,33.0,0,5504,22,0.000231168,0.01201444843865044,1143.4016198189613,22.0,0.0,0.0,,,,,0.0,0.0,0.0
async,100.0,strong,11,0,30,85.569,0.12071,0.0,0.87929,0.57882,0.26578,29,29,0.0,1.0,0.0,7253,33.0,33.0,0,7253,29,0.000304626,0.012816015145671914,1220.0680152859097,29.0,0.0,0.0,,,,,0.0,0.0,0.0
async,100.0,strong,12,0,30,90.123,0.13475,0.0,0.86525,0.61065,0.27643,29,29,0.0,1.0,0.0,7265,33.0,33.0,0,7265,29,0.00030513,0.012188542325488497,1158.4168303318797,29.0,0.0,0.0,,,,,0.0,0.0,0.0
async,100.0,strong,13,0,30,82.17,0.16185,0.12329,0.71486,0.54111,0.0808,29,29,0.0,1.0,0.0,7253,33.0,33.0,0,7253,29,0.000304626,0.013346155531215773,1270.536692223439,29.0,0.0,0.0,,,,,0.0,0.0,0.0
async,100.0,strong,14,0,30,85.734,0.17129,0.00577,0.82294,0.60189,0.1861,29,29,0.034482758620689655,0.9655172413793104,0.0,7259,33.0,33.0,0,7259,29,0.000304878,0.01280193155574218,1217.7199244173842,28.0,0.0,0.0,,,,,0.0,0.0,0.0
async,100.0,strong,15,0,30,100.617,0.07642,0.02099,0.90259,0.61881,0.12232,29,29,0.10344827586206896,0.896551724137931,0.0,7263,33.0,33.0,0,7263,29,0.000305046,0.01091431467843406,1037.5980202152718,26.0,0.0,0.0,,,,,0.0,0.0,0.0
async,100.0,strong,16,0,30,89.166,0.12953,0.06255,0.80792,0.49563,0.05638,29,29,0.0,1.0,0.0,7267,33.0,33.0,0,7267,29,0.000305214,0.012322750824305229,1170.8498755130881,29.0,0.0,0.0,,,,,0.0,0.0,0.0
async,100.0,strong,17,0,30,97.482,0.09648,0.0,0.90352,0.63393,0.30928,29,29,0.0,1.0,0.0,7262,33.0,33.0,0,7262,29,0.000305004,0.011263765618267989,1070.966947744199,29.0,0.0,0.0,,,,,0.0,0.0,0.0
async,100.0,strong,18,0,30,84.942,0.10878,0.01632,0.8749,0.59615,0.12991,29,29,0.0,1.0,0.0,7251,33.0,33.0,0,7251,29,0.00030454200000000004,0.012907056579783856,1229.0739563466839,29.0,0.0,0.0,,,,,0.0,0.0,0.0
async,100.0,strong,19,0,30,78.144,0.144,0.00718,0.84882,0.65141,0.18235,29,29,0.0,1.0,0.0,7253,33.0,33.0,0,7253,29,0.000304626,0.014033753071253069,1335.995085995086,29.0,0.0,0.0,,,,,0.0,0.0,0.0
async,100.0,strong,20,0,30,85.074,0.1249,0.0,0.8751,0.64777,0.27496,29,29,0.0,1.0,0.0,7254,33.0,33.0,0,7254,29,0.000304668,0.012892361943719585,1227.166937019536,29.0,0.0,0.0,,,,,0.0,0.0,0.0
async,100.0,strong,21,0,30,94.347,0.13047,0.0,0.86953,0.5795,0.284,29,29,0.06896551724137931,0.9310344827586207,0.0,7263,33.0,33.0,0,7263,29,0.000305046,0.011639645139750071,1106.55346751884,27.0,0.0,0.0,,,,,0.0,0.0,0.0
async,100.0,strong,22,1,18,60.093,0.15541,0.04997,0.79462,0.57996,0.0,18,18,0.0,1.0,0.0,4500,33.0,33.0,0,4500,18,0.000189,0.01132245020218661,1078.328590684439,18.0,0.0,0.0,,,,,0.0,0.0,0.0
async,100.0,strong,23,0,30,95.898,0.12182,0.0,0.87818,0.5954,0.25323,29,29,0.0,1.0,0.0,7268,33.0,33.0,0,7268,29,0.000305256,0.011459275480197711,1088.6566977413502,29.0,0.0,0.0,,,,,0.0,0.0,0.0
async,100.0,strong,24,0,30,90.816,0.14062,0.04906,0.81032,0.61017,0.08962,29,29,0.0,1.0,0.0,7254,33.0,33.0,0,7254,29,0.000304668,0.012077219873150106,1149.5771670190275,29.0,0.0,0.0,,,,,0.0,0.0,0.0
async,100.0,strong,25,1,23,76.626,0.16451,0.06029,0.77519,0.491,0.0,23,23,0.08695652173913043,0.9130434782608695,0.0,5763,33.0,33.0,0,5763,23,0.00024204600000000002,0.011371670190274841,1080.5731735964293,21.0,0.0,0.0,,,,,0.0,0.0,0.0
async,100.0,strong,26,0,30,81.51,0.1332,0.04615,0.82065,0.53609,0.12216,29,29,0.034482758620689655,0.9655172413793104,0.0,7256,33.0,33.0,0,7256,29,0.000304752,0.013459786529260212,1280.8244387191755,28.0,0.0,0.0,,,,,0.0,0.0,0.0
async,100.0,strong,27,0,30,100.947,0.07028,0.02517,0.90454,0.60807,0.13989,29,29,0.0,1.0,0.0,7266,33.0,33.0,0,7266,29,0.00030517200000000004,0.010883128770542958,1034.2060685310114,29.0,0.0,0.0,,,,,0.0,0.0,0.0
async,100.0,strong,28,0,30,85.008,0.15295,0.0,0.84705,0.59997,0.24934,29,29,0.10344827586206896,0.896551724137931,0.0,7261,33.0,33.0,0,7261,29,0.00030496200000000004,0.012914822134387355,1228.119706380576,26.0,0.0,0.0,,,,,0.0,0.0,0.0
async,100.0,strong,29,0,30,85.041,0.16647,0.0,0.83353,0.75422,0.40126,29,29,0.034482758620689655,0.9655172413793104,0.0,7252,33.0,33.0,0,7252,29,0.000304584,0.012893808868663351,1227.6431368398771,28.0,0.0,0.0,,,,,0.0,0.0,0.0
async,250.0,weak,0,0,30,131.604,0.03761,0.0,0.96239,0.71179,0.30331,29,29,0.7586206896551724,0.2413793103448276,0.0,7256,33.0,33.0,0,7256,29,0.000304752,0.008336427464210813,793.2889577824382,7.0,0.0,0.0,,,,,0.0,0.0,0.0
async,250.0,weak,1,0,30,121.638,0.05019,0.0,0.94981,0.62738,0.3046,29,29,0.6896551724137931,0.3103448275862069,0.0,7260,33.0,33.0,0,7260,29,0.00030492000000000003,0.0090244167118828,858.2844176984165,9.0,0.0,0.0,,,,,0.0,0.0,0.0
async,250.0,weak,2,1,3,26.334,0.14536,0.5213,0.33333,0.37053,0.0,3,3,1.0,0.0,0.0,751,33.0,33.0,0,751,3,3.1542000000000004e-05,0.004311961722488039,410.1161995898838,0.0,0.0,0.0,,,,,0.0,0.0,0.0
async,250.0,weak,3,0,30,122.892,0.05908,0.01477,0.92615,0.60833,0.12519,29,29,0.6896551724137931,0.3103448275862069,0.0,7254,33.0,33.0,0,7254,29,0.000304668,0.008924948735475051,849.5264134361879,9.0,0.0,0.0,,,,,0.0,0.0,0.0
async,250.0,weak,4,1,19,84.909,0.08434,0.09444,0.82122,0.51134,0.0,19,19,0.631578947368421,0.3684210526315789,0.0,4753,33.0,33.0,0,4753,19,0.000199626,0.008463809490160054,805.5683143129703,7.0,0.0,0.0,,,,,0.0,0.0,0.0
async,250.0,weak,5,1,3,22.176,0.09077,0.14732,0.7619,0.60168,0.0,3,3,1.0,0.0,0.0,750,33.0,33.0,0,750,3,3.150000000000001e-05,0.0051136363636363645,487.012987012987,0.0,0.0,0.0,,,,,0.0,0.0,0.0
async,250.0,weak,6,0,30,132.099,0.03098,0.0,0.96902,0.57853,0.2526,29,29,0.6896551724137931,0.3103448275862069,0.0,7260,33.0,33.0,0,7260,29,0.00030492000000000003,0.008309767674244318,790.3163536438581,9.0,0.0,0.0,,,,,0.0,0.0,0.0
async,250.0,weak,7,0,30,133.023,0.08038,0.04664,0.87298,0.64687,0.11418,29,29,0.7931034482758621,0.20689655172413793,0.0,7255,33.0,33.0,0,7255,29,0.00030471000000000003,0.008246363410838729,784.8266841072597,6.0,0.0,0.0,,,,,0.0,0.0,0.0
async,250.0,weak,8,1,8,40.26,0.09344,0.05984,0.84672,0.59934,0.0,8,8,0.75,0.25,0.0,1998,33.0,33.0,0,1998,8,8.391600000000001e-05,0.00750366616989568,715.3502235469449,2.0,0.0,0.0,,,,,0.0,0.0,0.0
async,250.0,weak,9,1,7,36.531,0.2439,0.04155,0.71454,0.7808,0.0,7,7,0.7142857142857143,0.2857142857142857,0.0,1750,33.0,33.0,0,1750,7,7.35e-05,0.007243163340724316,689.8250800689825,2.0,0.0,0.0,,,,,0.0,0.0,0.0
async,250.0,weak,10,0,30,128.766,0.03844,0.00769,0.95387,0.62069,0.14101,29,29,0.7241379310344828,0.27586206896551724,0.0,7253,33.0,33.0,0,7253,29,0.000304626,0.008516639485578492,810.7730301477098,8.0,0.0,0.0,,,,,0.0,0.0,0.0
async,250.0,weak,11,0,30,140.91,0.04496,0.10492,0.85012,0.50457,0.01035,29,29,0.5172413793103449,0.4827586206896552,0.0,7260,33.0,33.0,0,7260,29,0.00030492000000000003,0.007790163934426231,740.8984458164786,14.0,0.0,0.0,,,,,0.0,0.0,0.0
async,250.0,weak,12,1,12,50.292,0.15879,0.01772,0.82349,0.73209,0.0,12,12,0.75,0.25,0.0,3001,33.0,33.0,0,3001,12,0.000126042,0.009022333571939871,858.9835361488905,3.0,0.0,0.0,,,,,0.0,0.0,0.0
async,250.0,weak,13,0,30,118.041,0.03998,0.0,0.96002,0.65338,0.40463,29,29,0.6551724137931034,0.3448275862068966,0.0,7258,33.0,33.0,0,7258,29,0.000304836,0.009296851094111368,884.4384578239764,10.0,0.0,0.0,,,,,0.0,0.0,0.0
async,250.0,weak,14,0,30,124.278,0.0162,0.0085,0.97531,0.62275,0.16733,29,29,0.6206896551724138,0.3793103448275862,0.0,7261,33.0,33.0,0,7261,29,0.00030496200000000004,0.008833930381885773,840.0521411673827,11.0,0.0,0.0,,,,,0.0,0.0,0.0
async,250.0,weak,15,0,30,135.828,0.05466,0.10253,0.84281,0.58765,0.00099,29,29,0.5862068965517241,0.41379310344827586,0.0,7258,33.0,33.0,0,7258,29,0.000304836,0.008079406307977736,768.6191359660747,12.0,0.0,0.0,,,,,0.0,0.0,0.0
async,250.0,weak,16,0,30,131.34,0.03995,0.00201,0.95804,0.5525,0.19111,29,29,0.5517241379310345,0.4482758620689655,0.0,7260,33.0,33.0,0,7260,29,0.00030492000000000003,0.008357788944723618,794.8835084513477,13.0,0.0,0.0,,,,,0.0,0.0,0.0
async,250.0,weak,17,0,30,116.919,0.01722,0.0,0.98278,0.66557,0.42784,29,29,0.7241379310344828,0.27586206896551724,0.0,7255,33.0,33.0,0,7255,29,0.00030471000000000003,0.009382187668385807,892.9258717573705,8.0,0.0,0.0,,,,,0.0,0.0,0.0
async,250.0,weak,18,0,30,129.822,0.06711,0.0,0.93289,0.66839,0.33494,29,29,0.6206896551724138,0.3793103448275862,0.0,7255,33.0,33.0,0,7255,29,0.00030471000000000003,0.008449692656098351,804.1780283773167,11.0,0.0,0.0,,,,,0.0,0.0,0.0
async,250.0,weak,19,0,30,124.608,0.02807,0.12924,0.84269,0.50038,0.02569,29,29,0.6206896551724138,0.3793103448275862,0.0,7253,33.0,33.0,0,7253,29,0.000304626,0.008800828197226503,837.8274268104776,11.0,0.0,0.0,,,,,0.0,0.0,0.0
async,250.0,weak,20,0,30,124.41,0.04589,0.0,0.95411,0.60383,0.21933,29,29,0.6206896551724138,0.3793103448275862,0.0,7257,33.0,33.0,0,7257,29,0.00030479400000000005,0.008819696165903064,839.1608391608393,11.0,0.0,0.0,,,,,0.0,0.0,0.0
async,250.0,weak,21,0,30,128.766,0.02922,0.08073,0.89006,0.45545,0.08445,29,29,0.6206896551724138,0.3793103448275862,0.0,7257,33.0,33.0,0,7257,29,0.00030479400000000005,0.00852133637761521,810.7730301477098,11.0,0.0,0.0,,,,,0.0,0.0,0.0
async,250.0,weak,22,0,30,132.693,0.03656,0.0,0.96344,0.54473,0.20784,29,29,0.5862068965517241,0.41379310344827586,0.0,7254,33.0,33.0,0,7254,29,0.000304668,0.008265732178788631,786.7785037643281,12.0,0.0,0.0,,,,,0.0,0.0,0.0
async,250.0,weak,23,1,7,32.901,0.12337,0.29087,0.58576,0.48381,0.0,7,7,0.5714285714285714,0.42857142857142855,0.0,1750,33.0,33.0,0,1750,7,7.35e-05,0.008042308744415062,765.9341661347678,3.0,0.0,0.0,,,,,0.0,0.0,0.0
async,250.0,weak,24,0,30,129.261,0.08272,0.0,0.91728,0.69542,0.41905,29,29,0.7586206896551724,0.2413793103448276,0.0,7257,33.0,33.0,0,7257,29,0.00030479400000000005,0.008488704249541627,807.6682061874812,7.0,0.0,0.0,,,,,0.0,0.0,0.0
async,250.0,weak,25,0,30,112.002,0.05392,0.0,0.94608,0.70863,0.4225,29,29,0.5172413793103449,0.4827586206896552,0.0,7254,33.0,33.0,0,7254,29,0.000304668,0.009792725129908397,932.126212031928,14.0,0.0,0.0,,,,,0.0,0.0,0.0
async,250.0,weak,26,1,26,114.576,0.03773,0.01411,0.94816,0.55066,0.0,26,26,0.6153846153846154,0.38461538461538464,0.0,6509,33.0,33.0,0,6509,26,0.00027337800000000006,0.008589589442815251,816.9250104733976,10.0,0.0,0.0,,,,,0.0,0.0,0.0
async,250.0,weak,27,0,30,132.231,0.01522,0.06738,0.91739,0.54024,0.02884,29,29,0.6551724137931034,0.3448275862068966,0.0,7259,33.0,33.0,0,7259,29,0.000304878,0.008300328969757471,789.5274179277175,10.0,0.0,0.0,,,,,0.0,0.0,0.0
async,250.0,weak,28,1,12,53.988,0.23472,0.04034,0.72494,0.73493,0.0,12,12,0.8333333333333334,0.16666666666666666,0.0,3001,33.0,33.0,0,3001,12,0.000126042,0.008404667703934209,800.1778172927317,2.0,0.0,0.0,,,,,0.0,0.0,0.0
async,250.0,weak,29,1,11,51.018,0.14424,0.04075,0.81501,0.70085,0.0,11,11,0.7272727272727273,0.2727272727272727,0.0,2748,33.0,33.0,0,2748,11,0.00011541600000000001,0.008144137363283548,776.1966364812419,3.0,0.0,0.0,,,,,0.0,0.0,0.0
async,250.0,medium,0,0,30,99.957,0.07329,0.0,0.92671,0.68513,0.4126,29,29,0.6206896551724138,0.3793103448275862,0.0,7257,33.0,33.0,0,7257,29,0.00030479400000000005,0.010977304240823558,1044.4491131186412,11.0,0.0,0.0,,,,,0.0,0.0,0.0
async,250.0,medium,1,0,30,98.208,0.11526,0.0,0.88474,0.61868,0.23596,29,29,0.5172413793103449,0.4827586206896552,0.0,7258,33.0,33.0,0,7258,29,0.000304836,0.01117434017595308,1063.049853372434,14.0,0.0,0.0,,,,,0.0,0.0,0.0
async,250.0,medium,2,1,19,72.765,0.14104,0.01859,0.84036,0.71296,0.0,19,19,0.631578947368421,0.3684210526315789,0.0,4752,33.0,33.0,0,4752,19,0.000199584,0.009874285714285714,940.0123685837972,7.0,0.0,0.0,,,,,0.0,0.0,0.0
async,250.0,medium,3,1,9,37.257,0.10363,0.18512,0.71125,0.4379,0.0,9,9,0.7777777777777778,0.2222222222222222,0.0,2250,33.0,33.0,0,2250,9,9.45e-05,0.009131169981479993,869.6352363314278,2.0,0.0,0.0,,,,,0.0,0.0,0.0
async,250.0,medium,4,1,8,33.132,0.34064,0.06076,0.59861,0.77133,0.0,8,8,0.625,0.375,0.0,2000,33.0,33.0,0,2000,8,8.4e-05,0.009127127852227454,869.2502716407099,3.0,0.0,0.0,,,,,0.0,0.0,0.0
async,250.0,medium,5,0,30,105.105,0.13909,0.01538,0.84553,0.60088,0.16894,29,29,0.6896551724137931,0.3103448275862069,0.0,7256,33.0,33.0,0,7256,29,0.000304752,0.010438201798201797,993.2924218638503,9.0,0.0,0.0,,,,,0.0,0.0,0.0
async,250.0,medium,6,0,30,96.921,0.08648,0.01975,0.89377,0.64488,0.12577,29,29,0.5862068965517241,0.41379310344827586,0.0,7255,33.0,33.0,0,7255,29,0.00030471000000000003,0.011318042529482774,1077.165939270127,12.0,0.0,0.0,,,,,0.0,0.0,0.0
async,250.0,medium,7,0,30,105.138,0.06152,0.0,0.93848,0.68517,0.32861,29,29,0.5172413793103449,0.4827586206896552,0.0,7258,33.0,33.0,0,7258,29,0.000304836,0.010437801746276322,992.9806539976031,14.0,0.0,0.0,,,,,0.0,0.0,0.0
async,250.0,medium,8,0,30,108.042,0.10171,0.0,0.89829,0.74545,0.36538,29,29,0.7931034482758621,0.20689655172413793,0.0,7253,33.0,33.0,0,7253,29,0.000304626,0.010150252679513522,966.2908868773254,6.0,0.0,0.0,,,,,0.0,0.0,0.0
async,250.0,medium,9,1,27,101.211,0.09358,0.01598,0.89045,0.63367,0.0,27,27,0.7037037037037037,0.2962962962962963,0.0,6754,33.0,33.0,0,6754,27,0.000283668,0.010089859797848062,960.3699202655837,8.0,0.0,0.0,,,,,0.0,0.0,0.0
async,250.0,medium,10,0,30,111.87,0.03894,0.0,0.96106,0.65627,0.34283,29,29,0.6551724137931034,0.3448275862068966,0.0,7254,33.0,33.0,0,7254,29,0.000304668,0.00980427996781979,933.2260659694288,10.0,0.0,0.0,,,,,0.0,0.0,0.0
async,250.0,medium,11,1,16,57.981,0.144,0.01707,0.83893,0.64732,0.0,16,16,0.6875,0.3125,0.0,4001,33.0,33.0,0,4001,16,0.000168042,0.01043361101050344,993.4288818750969,5.0,0.0,0.0,,,,,0.0,0.0,0.0
async,250.0,medium,12,0,30,106.689,0.07826,0.0,0.92174,0.70248,0.45841,29,29,0.6551724137931034,0.3448275862068966,0.0,7256,33.0,33.0,0,7256,29,0.000304752,0.01028322694935748,978.5451171161038,10.0,0.0,0.0,,,,,0.0,0.0,0.0
async,250.0,medium,13,0,30,98.703,0.07924,0.0,0.92076,0.71602,0.42982,29,29,0.5862068965517241,0.41379310344827586,0.0,7255,33.0,33.0,0,7255,29,0.00030471000000000003,0.011113704750615483,1057.7186103765844,12.0,0.0,0.0,,,,,0.0,0.0,0.0
async,250.0,medium,14,0,30,101.475,0.06992,0.02211,0.90797,0.6489,0.13154,29,29,0.7931034482758621,0.20689655172413793,0.0,7257,33.0,33.0,0,7257,29,0.00030479400000000005,0.010813090909090911,1028.8248337028826,6.0,0.0,0.0,,,,,0.0,0.0,0.0
async,250.0,medium,15,0,30,105.204,0.04235,0.0,0.95765,0.59551,0.25261,29,29,0.7931034482758621,0.20689655172413793,0.0,7255,33.0,33.0,0,7255,29,0.00030471000000000003,0.010426941941371053,992.3577050302272,6.0,0.0,0.0,,,,,0.0,0.0,0.0
async,250.0,medium,16,1,23,76.725,0.09204,0.01376,0.89419,0.65138,0.0,23,23,0.6086956521739131,0.391304347826087,0.0,5750,33.0,33.0,0,5750,23,0.00024150000000000002,0.011331378299120237,1079.1788856304986,9.0,0.0,0.0,,,,,0.0,0.0,0.0
async,250.0,medium,17,1,28,96.789,0.11217,0.01773,0.8701,0.64805,0.0,28,28,0.6428571428571429,0.35714285714285715,0.0,7008,33.0,33.0,0,7008,28,0.000294336,0.010947624213495336,1041.4406595790842,10.0,0.0,0.0,,,,,0.0,0.0,0.0
async,250.0,medium,18,0,30,111.639,0.14957,0.0,0.85043,0.74011,0.20937,29,29,0.7241379310344828,0.27586206896551724,0.0,7256,33.0,33.0,0,7256,29,0.000304752,0.009827275414505683,935.1570687662913,8.0,0.0,0.0,,,,,0.0,0.0,0.0
async,250.0,medium,19,0,30,103.356,0.07024,0.00702,0.92273,0.59684,0.18048,29,29,0.6551724137931034,0.3448275862068966,0.0,7257,33.0,33.0,0,7257,29,0.00030479400000000005,0.010616300940438875,1010.10101010101,10.0,0.0,0.0,,,,,0.0,0.0,0.0
async,250.0,medium,20,0,30,101.739,0.08012,0.0,0.91988,0.73985,0.40158,29,29,0.6551724137931034,0.3448275862068966,0.0,7256,33.0,33.0,0,7256,29,0.000304752,0.010783546132751452,1026.1551617373868,10.0,0.0,0.0,,,,,0.0,0.0,0.0
async,250.0,medium,21,0,30,105.534,0.12758,0.0,0.87242,0.69269,0.34677,29,29,0.6551724137931034,0.3448275862068966,0.0,7252,33.0,33.0,0,7252,29,0.000304584,0.010390039229063619,989.2546477912331,10.0,0.0,0.0,,,,,0.0,0.0,0.0
async,250.0,medium,22,0,30,101.871,0.0609,0.00551,0.93359,0.64837,0.17896,29,29,0.6896551724137931,0.3103448275862069,0.0,7257,33.0,33.0,0,7257,29,0.00030479400000000005,0.01077105751391466,1024.825514621433,9.0,0.0,0.0,,,,,0.0,0.0,0.0
async,250.0,medium,23,0,30,97.449,0.06874,0.0,0.93126,0.7062,0.39912,29,29,0.5862068965517241,0.41379310344827586,0.0,7262,33.0,33.0,0,7262,29,0.000305004,0.011267579964904718,1071.3296185697134,12.0,0.0,0.0,,,,,0.0,0.0,0.0
async,250.0,medium,24,0,30,103.455,0.05518,0.0,0.94482,0.70417,0.34059,29,29,0.5862068965517241,0.41379310344827586,0.0,7261,33.0,33.0,0,7261,29,0.00030496200000000004,0.01061198782079165,1009.134406263593,12.0,0.0,0.0,,,,,0.0,0.0,0.0
async,250.0,medium,25,0,30,104.841,0.1407,0.0,0.8593,0.67518,0.20733,29,29,0.6551724137931034,0.3448275862068966,0.0,7254,33.0,33.0,0,7254,29,0.000304668,0.010461601854236417,995.7936303545368,10.0,0.0,0.0,,,,,0.0,0.0,0.0
async,250.0,medium,26,1,8,35.145,0.13803,0.02629,0.83568,0.62593,0.0,8,8,0.625,0.375,0.0,2000,33.0,33.0,0,2000,8,8.4e-05,0.008604353393085786,819.4622279129321,3.0,0.0,0.0,,,,,0.0,0.0,0.0
async,250.0,medium,27,0,30,106.491,0.03409,0.0,0.96591,0.64533,0.37357,29,29,0.6206896551724138,0.3793103448275862,0.0,7253,33.0,33.0,0,7253,29,0.000304626,0.010298087162295405,980.3645378482688,11.0,0.0,0.0,,,,,0.0,0.0,0.0
async,250.0,medium,28,1,11,40.194,0.12151,0.04269,0.8358,0.64103,0.0,11,11,0.9090909090909091,0.09090909090909091,0.0,2750,33.0,33.0,0,2750,11,0.00011550000000000002,0.010344827586206898,985.2216748768471,1.0,0.0,0.0,,,,,0.0,0.0,0.0
async,250.0,medium,29,1,6,29.007,0.1934,0.09556,0.71104,0.7056,0.0,6,6,0.5,0.5,0.0,1499,33.0,33.0,0,1499,6,6.2958e-05,0.007813589823146137,744.6478436239528,3.0,0.0,0.0,,,,,0.0,0.0,0.0
async,250.0,strong,0,0,30,88.341,0.12551,0.0,0.87449,0.72511,0.43813,29,29,0.6206896551724138,0.3793103448275862,0.0,7259,33.0,33.0,0,7259,29,0.000304878,0.012424138282337762,1181.7842225014433,11.0,0.0,0.0,,,,,0.0,0.0,0.0
async,250.0,strong,1,0,30,88.44,0.22724,0.0,0.77276,0.76063,0.29814,29,29,0.5862068965517241,0.41379310344827586,0.0,7258,33.0,33.0,0,7258,29,0.000304836,0.0124085210312076,1180.461329715061,12.0,0.0,0.0,,,,,0.0,0.0,0.0
async,250.0,strong,2,0,30,85.536,0.04167,0.0,0.95833,0.63378,0.28137,29,29,0.7241379310344828,0.27586206896551724,0.0,7254,33.0,33.0,0,7254,29,0.000304668,0.012822727272727274,1220.5387205387206,8.0,0.0,0.0,,,,,0.0,0.0,0.0
async,250.0,strong,3,0,30,88.044,0.0997,0.0,0.9003,0.74294,0.45676,29,29,0.6206896551724138,0.3793103448275862,0.0,7257,33.0,33.0,0,7257,29,0.00030479400000000005,0.012462614147471721,1185.7707509881423,11.0,0.0,0.0,,,,,0.0,0.0,0.0
async,250.0,strong,4,1,13,39.105,0.26498,0.02363,0.71139,0.76353,0.0,13,13,0.6923076923076923,0.3076923076923077,0.0,3251,33.0,33.0,0,3251,13,0.000136542,0.012570034522439587,1196.7779056386653,4.0,0.0,0.0,,,,,0.0,0.0,0.0
async,250.0,strong,5,0,30,88.44,0.16978,0.0,0.83022,0.71969,0.24177,29,29,0.5517241379310345,0.4482758620689655,0.0,7258,33.0,33.0,0,7258,29,0.000304836,0.0124085210312076,1180.461329715061,13.0,0.0,0.0,,,,,0.0,0.0,0.0
async,250.0,strong,6,0,30,84.843,0.0704,0.0,0.9296,0.72512,0.41081,29,29,0.7586206896551724,0.2413793103448276,0.0,7255,33.0,33.0,0,7255,29,0.00030471000000000003,0.012929245783388141,1230.5081149888617,7.0,0.0,0.0,,,,,0.0,0.0,0.0
async,250.0,strong,7,0,30,83.952,0.03931,0.06918,0.89151,0.59679,0.05172,29,29,0.6551724137931034,0.3448275862068966,0.0,7260,33.0,33.0,0,7260,29,0.00030492000000000003,0.013075471698113208,1243.5677530017153,10.0,0.0,0.0,,,,,0.0,0.0,0.0
async,250.0,strong,8,0,30,87.285,0.09225,0.01928,0.88847,0.63893,0.15793,29,29,0.6896551724137931,0.3103448275862069,0.0,7259,33.0,33.0,0,7259,29,0.000304878,0.012574449218078708,1196.081800996735,9.0,0.0,0.0,,,,,0.0,0.0,0.0
async,250.0,strong,9,0,30,86.229,0.199,0.00306,0.79793,0.71709,0.18924,29,29,0.6896551724137931,0.3103448275862069,0.0,7257,33.0,33.0,0,7257,29,0.00030479400000000005,0.012724934766725815,1210.7295689385242,9.0,0.0,0.0,,,,,0.0,0.0,0.0
async,250.0,strong,10,0,30,89.1,0.12185,0.0163,0.86185,0.66285,0.15696,29,29,0.6896551724137931,0.3103448275862069,0.0,7258,33.0,33.0,0,7258,29,0.000304836,0.012316606060606063,1171.7171717171718,9.0,0.0,0.0,,,,,0.0,0.0,0.0
async,250.0,strong,11,0,30,88.902,0.24536,0.0,0.75464,0.74098,0.2909,29,29,0.7931034482758621,0.20689655172413793,0.0,7260,33.0,33.0,0,7260,29,0.00030492000000000003,0.012347438752783966,1174.3267867989473,6.0,0.0,0.0,,,,,0.0,0.0,0.0
async,250.0,strong,12,0,30,82.599,0.05274,0.02757,0.9197,0.60692,0.13939,29,29,0.7241379310344828,0.27586206896551724,0.0,7259,33.0,33.0,0,7259,29,0.000304878,0.013287821886463515,1263.937820070461,8.0,0.0,0.0,,,,,0.0,0.0,0.0
async,250.0,strong,13,0,30,83.622,0.12076,0.0,0.87924,0.75853,0.46024,29,29,0.7241379310344828,0.27586206896551724,0.0,7255,33.0,33.0,0,7255,29,0.00030471000000000003,0.013118031140130588,1248.475281624453,8.0,0.0,0.0,,,,,0.0,0.0,0.0
async,250.0,strong,14,0,30,84.117,0.15496,0.0153,0.82974,0.6298,0.16318,29,29,0.5862068965517241,0.41379310344827586,0.0,7257,33.0,33.0,0,7257,29,0.00030479400000000005,0.013044430971147332,1241.1284282606368,12.0,0.0,0.0,,,,,0.0,0.0,0.0
async,250.0,strong,15,0,30,83.688,0.08912,0.0,0.91088,0.64925,0.2536,29,29,0.6896551724137931,0.3103448275862069,0.0,7252,33.0,33.0,0,7252,29,0.000304584,0.013102265557786062,1247.4906796673356,9.0,0.0,0.0,,,,,0.0,0.0,0.0
async,250.0,strong,16,0,30,86.691,0.09631,0.0,0.90369,0.70257,0.28779,29,29,0.5862068965517241,0.41379310344827586,0.0,7260,33.0,33.0,0,7260,29,0.00030492000000000003,0.01266235249333841,1204.2772606152887,12.0,0.0,0.0,,,,,0.0,0.0,0.0
async,250.0,strong,17,0,30,84.942,0.09091,0.0,0.90909,0.67282,0.21597,29,29,0.7241379310344828,0.27586206896551724,0.0,7254,33.0,33.0,0,7254,29,0.000304668,0.012912396694214878,1229.0739563466839,8.0,0.0,0.0,,,,,0.0,0.0,0.0
async,250.0,strong,18,0,30,87.285,0.08053,0.01172,0.90775,0.6968,0.17333,29,29,0.7586206896551724,0.2413793103448276,0.0,7258,33.0,33.0,0,7258,29,0.000304836,0.012572716961677265,1196.081800996735,7.0,0.0,0.0,,,,,0.0,0.0,0.0
async,250.0,strong,19,0,30,83.721,0.13244,0.0,0.86756,0.68265,0.31087,29,29,0.5862068965517241,0.41379310344827586,0.0,7257,33.0,33.0,0,7257,29,0.00030479400000000005,0.013106131078224103,1246.9989608341994,12.0,0.0,0.0,,,,,0.0,0.0,0.0
async,250.0,strong,20,0,30,85.272,0.11842,0.0,0.88158,0.72283,0.29974,29,29,0.6896551724137931,0.3103448275862069,0.0,7259,33.0,33.0,0,7259,29,0.000304878,0.012871291866028707,1224.3174781874473,9.0,0.0,0.0,,,,,0.0,0.0,0.0
async,250.0,strong,21,0,30,85.899,0.14368,0.0,0.85632,0.79546,0.48236,29,29,0.5862068965517241,0.41379310344827586,0.0,7258,33.0,33.0,0,7258,29,0.000304836,0.012775580623755806,1215.3808542590716,12.0,0.0,0.0,,,,,0.0,0.0,0.0
async,250.0,strong,22,0,30,85.338,0.13341,0.0,0.86659,0.67393,0.30727,29,29,0.5862068965517241,0.41379310344827586,0.0,7255,33.0,33.0,0,7255,29,0.00030471000000000003,0.012854250158194476,1223.370596920481,12.0,0.0,0.0,,,,,0.0,0.0,0.0
async,250.0,strong,23,0,30,93.027,0.10784,0.0,0.89216,0.71131,0.41221,29,29,0.4827586206896552,0.5172413793103449,0.0,7258,33.0,33.0,0,7258,29,0.000304836,0.011796678383695056,1122.254829243123,15.0,0.0,0.0,,,,,0.0,0.0,0.0
async,250.0,strong,24,0,30,89.826,0.05547,0.0,0.94453,0.70885,0.24619,29,29,0.8620689655172413,0.13793103448275862,0.0,7254,33.0,33.0,0,7254,29,0.000304668,0.012210326631487545,1162.2470108877164,4.0,0.0,0.0,,,,,0.0,0.0,0.0
async,250.0,strong,25,0,30,90.585,0.14936,0.0,0.85064,0.68405,0.29116,29,29,0.6896551724137931,0.3103448275862069,0.0,7256,33.0,33.0,0,7256,29,0.000304752,0.012111356184798808,1152.5086934923002,9.0,0.0,0.0,,,,,0.0,0.0,0.0
async,250.0,strong,26,0,30,88.44,0.17687,0.0,0.82313,0.7542,0.4095,29,29,0.6551724137931034,0.3448275862068966,0.0,7258,33.0,33.0,0,7258,29,0.000304836,0.0124085210312076,1180.461329715061,10.0,0.0,0.0,,,,,0.0,0.0,0.0
async,250.0,strong,27,0,30,90.717,0.20226,0.0,0.79774,0.76141,0.35737,29,29,0.6896551724137931,0.3103448275862069,0.0,7257,33.0,33.0,0,7257,29,0.00030479400000000005,0.012095399980158076,1150.8317073977314,9.0,0.0,0.0,,,,,0.0,0.0,0.0
async,250.0,strong,28,0,30,83.193,0.12178,0.0,0.87822,0.70127,0.45505,29,29,0.6551724137931034,0.3448275862068966,0.0,7253,33.0,33.0,0,7253,29,0.000304626,0.013182041758321014,1254.9132739533375,10.0,0.0,0.0,,,,,0.0,0.0,0.0
async,250.0,strong,29,0,30,85.371,0.07306,0.0,0.92694,0.67924,0.30874,29,29,0.6206896551724138,0.3793103448275862,0.0,7253,33.0,33.0,0,7253,29,0.000304626,0.01284573918543768,1222.8977053097656,11.0,0.0,0.0,,,,,0.0,0.0,0.0
async,500.0,weak,0,0,30,130.02,0.06015,0.0,0.93985,0.70291,0.26766,29,29,1.0,0.0,0.0,7258,33.0,33.0,0,7258,29,0.000304836,0.008440313797877248,802.953391785879,0.0,0.0,0.0,,,,,0.0,0.0,0.0
async,500.0,weak,1,0,30,114.312,0.0944,0.0,0.9056,0.65249,0.33516,29,29,1.0,0.0,0.0,7255,33.0,33.0,0,7255,29,0.00030471000000000003,0.009596157883686753,913.2899433130381,0.0,0.0,0.0,,,,,0.0,0.0,0.0
async,500.0,weak,2,1,3,26.334,0.14536,0.5213,0.33333,0.37053,0.0,3,3,1.0,0.0,0.0,751,33.0,33.0,0,751,3,3.1542000000000004e-05,0.004311961722488039,410.1161995898838,0.0,0.0,0.0,,,,,0.0,0.0,0.0
async,500.0,weak,3,1,1,11.88,0.30833,0.19167,0.5,0.6213,0.0,1,1,1.0,0.0,0.0,250,33.0,33.0,0,250,1,1.05e-05,0.0031818181818181815,303.030303030303,0.0,0.0,0.0,,,,,0.0,0.0,0.0
async,500.0,weak,4,1,3,19.932,0.34768,0.12252,0.5298,0.61195,0.0,3,3,0.6666666666666666,0.3333333333333333,0.0,750,33.0,33.0,0,750,3,3.150000000000001e-05,0.005689343768813969,541.8422636965684,1.0,0.0,0.0,,,,,0.0,0.0,0.0
async,500.0,weak,5,1,3,22.176,0.09077,0.14732,0.7619,0.60168,0.0,3,3,1.0,0.0,0.0,750,33.0,33.0,0,750,3,3.150000000000001e-05,0.0051136363636363645,487.012987012987,0.0,0.0,0.0,,,,,0.0,0.0,0.0
async,500.0,weak,6,1,9,45.144,0.11404,0.08553,0.80044,0.64891,0.0,9,9,1.0,0.0,0.0,2249,33.0,33.0,0,2249,9,9.445800000000001e-05,0.007532535885167466,717.7033492822967,0.0,0.0,0.0,,,,,0.0,0.0,0.0
async,500.0,weak,7,1,17,78.441,0.08666,0.02061,0.89272,0.67608,0.0,17,17,0.9411764705882353,0.058823529411764705,0.0,4253,33.0,33.0,0,4253,17,0.000178626,0.008197927104447928,780.204229930776,1.0,0.0,0.0,,,,,0.0,0.0,0.0
async,500.0,weak,8,1,8,40.557,0.06103,0.06591,0.87307,0.60097,0.0,8,8,1.0,0.0,0.0,2000,33.0,33.0,0,2000,8,8.4e-05,0.007456172793845697,710.1116946519712,0.0,0.0,0.0,,,,,0.0,0.0,0.0
async,500.0,weak,9,1,7,32.142,0.423,0.05031,0.52669,0.81734,0.0,7,7,1.0,0.0,0.0,1750,33.0,33.0,0,1750,7,7.35e-05,0.00823221952585402,784.0209072241926,0.0,0.0,0.0,,,,,0.0,0.0,0.0
async,500.0,weak,10,0,30,129.36,0.05995,0.0,0.94005,0.65674,0.37941,29,29,1.0,0.0,0.0,7258,33.0,33.0,0,7258,29,0.000304836,0.008483376623376622,807.0500927643784,0.0,0.0,0.0,,,,,0.0,0.0,0.0
async,500.0,weak,11,1,2,12.672,0.25781,0.09115,0.65104,0.69518,0.0,2,2,1.0,0.0,0.0,500,33.0,33.0,0,500,2,2.1e-05,0.00596590909090909,568.1818181818181,0.0,0.0,0.0,,,,,0.0,0.0,0.0
async,500.0,weak,12,1,12,53.889,0.12554,0.03246,0.84201,0.67801,0.0,12,12,1.0,0.0,0.0,3001,33.0,33.0,0,3001,12,0.000126042,0.00842010799977732,801.6478316539553,0.0,0.0,0.0,,,,,0.0,0.0,0.0
async,500.0,weak,13,0,30,113.916,0.05301,0.0,0.94699,0.62768,0.26847,29,29,1.0,0.0,0.0,7254,33.0,33.0,0,7254,29,0.000304668,0.009628189192036238,916.4647635099548,0.0,0.0,0.0,,,,,0.0,0.0,0.0
async,500.0,weak,14,0,30,127.149,0.03685,0.08539,0.87776,0.58061,0.04756,29,29,1.0,0.0,0.0,7255,33.0,33.0,0,7255,29,0.00030471000000000003,0.00862732699431376,821.0839251586721,0.0,0.0,0.0,,,,,0.0,0.0,0.0
async,500.0,weak,15,0,30,137.214,0.01467,0.0,0.98533,0.61509,0.30558,29,29,1.0,0.0,0.0,7261,33.0,33.0,0,7261,29,0.00030496200000000004,0.008001101928374657,760.8553063098518,0.0,0.0,0.0,,,,,0.0,0.0,0.0
async,500.0,weak,16,1,13,54.582,0.09613,0.02479,0.87908,0.69631,0.0,13,13,1.0,0.0,0.0,3252,33.0,33.0,0,3252,13,0.000136584,0.009008508299439376,857.425524898318,0.0,0.0,0.0,,,,,0.0,0.0,0.0
async,500.0,weak,17,1,22,102.663,0.03214,0.02218,0.94568,0.6125,0.0,22,22,1.0,0.0,0.0,5502,33.0,33.0,0,5502,22,0.000231084,0.008103234855790304,771.4561234329798,0.0,0.0,0.0,,,,,0.0,0.0,0.0
async,500.0,weak,18,0,30,127.347,0.11894,0.0,0.88106,0.70052,0.21135,29,29,0.9655172413793104,0.034482758620689655,0.0,7253,33.0,33.0,0,7253,29,0.000304626,0.008611538552144927,819.8072981695683,1.0,0.0,0.0,,,,,0.0,0.0,0.0
async,500.0,weak,19,0,30,119.691,0.03943,0.0,0.96057,0.6451,0.20326,29,29,0.9655172413793104,0.034482758620689655,0.0,7254,33.0,33.0,0,7254,29,0.000304668,0.009163636363636363,872.2460335363561,1.0,0.0,0.0,,,,,0.0,0.0,0.0
async,500.0,weak,20,0,30,124.575,0.03629,0.0,0.96371,0.67879,0.30841,29,29,1.0,0.0,0.0,7256,33.0,33.0,0,7256,29,0.000304752,0.008806800722456352,838.0493678506923,0.0,0.0,0.0,,,,,0.0,0.0,0.0
async,500.0,weak,21,0,30,133.089,0.02827,0.08282,0.88892,0.47791,0.04538,29,29,1.0,0.0,0.0,7256,33.0,33.0,0,7256,29,0.000304752,0.008243410048914636,784.4374816851881,0.0,0.0,0.0,,,,,0.0,0.0,0.0
async,500.0,weak,22,0,30,126.489,0.02739,0.0,0.97261,0.62166,0.20113,29,29,1.0,0.0,0.0,7256,33.0,33.0,0,7256,29,0.000304752,0.008673538410454663,825.3682138367762,0.0,0.0,0.0,,,,,0.0,0.0,0.0
async,500.0,weak,23,0,30,119.625,0.03393,0.0,0.96607,0.67539,0.23844,29,29,1.0,0.0,0.0,7258,33.0,33.0,0,7258,29,0.000304836,0.009173747962382446,872.7272727272727,0.0,0.0,0.0,,,,,0.0,0.0,0.0
async,500.0,weak,24,0,30,135.894,0.04517,0.07771,0.87712,0.56131,0.04969,29,29,1.0,0.0,0.0,7256,33.0,33.0,0,7256,29,0.000304752,0.008073257097443595,768.2458386683738,0.0,0.0,0.0,,,,,0.0,0.0,0.0
async,500.0,weak,25,1,9,38.742,0.05196,0.01874,0.9293,0.68307,0.0,9,9,1.0,0.0,0.0,2250,33.0,33.0,0,2250,9,9.45e-05,0.008781167724949667,836.3016880904446,0.0,0.0,0.0,,,,,0.0,0.0,0.0
async,500.0,weak,26,0,30,120.945,0.03765,0.0,0.96235,0.64858,0.26473,29,29,1.0,0.0,0.0,7255,33.0,33.0,0,7255,29,0.00030471000000000003,0.009069874736450455,863.2022820290215,0.0,0.0,0.0,,,,,0.0,0.0,0.0
async,500.0,weak,27,0,30,128.898,0.01562,0.01152,0.97286,0.66327,0.16981,29,29,1.0,0.0,0.0,7257,33.0,33.0,0,7257,29,0.00030479400000000005,0.008512609970674488,809.9427454266164,0.0,0.0,0.0,,,,,0.0,0.0,0.0
async,500.0,weak,28,1,18,75.438,0.18198,0.05118,0.76684,0.62456,0.0,18,18,1.0,0.0,0.0,4505,33.0,33.0,0,4505,18,0.00018921,0.009029348604151754,858.9835361488905,0.0,0.0,0.0,,,,,0.0,0.0,0.0
async,500.0,weak,29,0,30,123.981,0.02582,0.0,0.97418,0.54996,0.30106,29,29,1.0,0.0,0.0,7257,33.0,33.0,0,7257,29,0.00030479400000000005,0.008850214145715879,842.0645098845791,0.0,0.0,0.0,,,,,0.0,0.0,0.0
async,500.0,medium,0,0,30,103.29,0.0885,0.0,0.9115,0.69982,0.25393,29,29,0.9310344827586207,0.06896551724137931,0.0,7253,33.0,33.0,0,7253,29,0.000304626,0.010617229160615742,1010.7464420563463,2.0,0.0,0.0,,,,,0.0,0.0,0.0
async,500.0,medium,1,0,30,102.036,0.11417,0.0,0.88583,0.71486,0.4055,29,29,1.0,0.0,0.0,7258,33.0,33.0,0,7258,29,0.000304836,0.010755121721745265,1023.1682935434553,0.0,0.0,0.0,,,,,0.0,0.0,0.0
async,500.0,medium,2,0,30,101.97,0.09223,0.0,0.90777,0.69698,0.25222,29,29,0.9655172413793104,0.034482758620689655,0.0,7257,33.0,33.0,0,7257,29,0.00030479400000000005,0.010760600176522509,1023.8305383936452,1.0,0.0,0.0,,,,,0.0,0.0,0.0
async,500.0,medium,3,0,30,103.884,0.04828,0.05909,0.89263,0.58688,0.0397,29,29,1.0,0.0,0.0,7255,33.0,33.0,0,7255,29,0.00030471000000000003,0.010559431673789997,1004.9670786646644,0.0,0.0,0.0,,,,,0.0,0.0,0.0
async,500.0,medium,4,1,15,61.743,0.26884,0.02833,0.70283,0.74159,0.0,15,15,1.0,0.0,0.0,3752,33.0,33.0,0,3752,15,0.000157584,0.009188124969632184,874.5930712793353,0.0,0.0,0.0,,,,,0.0,0.0,0.0
async,500.0,medium,5,1,7,27.324,0.18599,0.02174,0.79227,0.69994,0.0,7,7,1.0,0.0,0.0,1749,33.0,33.0,0,1749,7,7.3458e-05,0.009678260869565218,922.266139657444,0.0,0.0,0.0,,,,,0.0,0.0,0.0
async,500.0,medium,6,1,7,33.066,0.21657,0.08184,0.7016,0.68156,0.0,7,7,1.0,0.0,0.0,1748,33.0,33.0,0,1748,7,7.341600000000002e-05,0.007993032117583019,762.1121393576483,0.0,0.0,0.0,,,,,0.0,0.0,0.0
async,500.0,medium,7,0,30,102.366,0.15345,0.06931,0.77724,0.67062,0.00664,29,29,1.0,0.0,0.0,7251,33.0,33.0,0,7251,29,0.00030454200000000004,0.010710110778969582,1019.8698786706524,0.0,0.0,0.0,,,,,0.0,0.0,0.0
async,500.0,medium,8,0,30,102.861,0.06994,0.0,0.93006,0.67557,0.35932,29,29,1.0,0.0,0.0,7252,33.0,33.0,0,7252,29,0.000304584,0.010660040248490682,1014.9619389272902,0.0,0.0,0.0,,,,,0.0,0.0,0.0
async,500.0,medium,9,0,30,106.623,0.08945,0.0,0.91055,0.61874,0.21595,29,29,1.0,0.0,0.0,7257,33.0,33.0,0,7257,29,0.00030479400000000005,0.010291010382375286,979.1508398750739,0.0,0.0,0.0,,,,,0.0,0.0,0.0
async,500.0,medium,10,0,30,107.118,0.05052,0.0,0.94948,0.67744,0.35029,29,29,0.9655172413793104,0.034482758620689655,0.0,7254,33.0,33.0,0,7254,29,0.000304668,0.010239220299109396,974.6261132582761,1.0,0.0,0.0,,,,,0.0,0.0,0.0
async,500.0,medium,11,1,3,13.233,0.49626,0.10474,0.399,0.76141,0.0,3,3,1.0,0.0,0.0,750,33.0,33.0,0,750,3,3.150000000000001e-05,0.008569485377465429,816.1414645205168,0.0,0.0,0.0,,,,,0.0,0.0,0.0
async,500.0,medium,12,0,30,99.561,0.10872,0.0,0.89128,0.7349,0.2577,29,29,1.0,0.0,0.0,7254,33.0,33.0,0,7254,29,0.000304668,0.011016410040075933,1048.6033687889837,0.0,0.0,0.0,,,,,0.0,0.0,0.0
async,500.0,medium,13,0,30,99.297,0.09438,0.06613,0.83948,0.6203,0.02592,29,29,0.9310344827586207,0.06896551724137931,0.0,7253,33.0,33.0,0,7253,29,0.000304626,0.011044176561225414,1051.3912807033446,2.0,0.0,0.0,,,,,0.0,0.0,0.0
async,500.0,medium,14,0,30,96.261,0.09256,0.024,0.88344,0.61328,0.07071,29,29,1.0,0.0,0.0,7252,33.0,33.0,0,7252,29,0.000304584,0.011390930906597688,1084.551375946645,0.0,0.0,0.0,,,,,0.0,0.0,0.0
async,500.0,medium,15,0,30,107.151,0.07022,0.0,0.92978,0.70891,0.25936,29,29,1.0,0.0,0.0,7257,33.0,33.0,0,7257,29,0.00030479400000000005,0.010240300137189576,974.3259512277067,0.0,0.0,0.0,,,,,0.0,0.0,0.0
async,500.0,medium,16,0,30,97.119,0.04655,0.0,0.95345,0.60321,0.23752,29,29,1.0,0.0,0.0,7254,33.0,33.0,0,7254,29,0.000304668,0.011293411175979984,1074.9698823093318,0.0,0.0,0.0,,,,,0.0,0.0,0.0
async,500.0,medium,17,1,14,58.113,0.22885,0.06474,0.70642,0.74017,0.0,14,14,1.0,0.0,0.0,3502,33.0,33.0,0,3502,14,0.000147084,0.00911159981415518,867.275824686387,0.0,0.0,0.0,,,,,0.0,0.0,0.0
async,500.0,medium,18,0,30,102.333,0.109,0.02064,0.87036,0.68555,0.10864,29,29,1.0,0.0,0.0,7254,33.0,33.0,0,7254,29,0.000304668,0.010717997127026473,1020.1987628624197,0.0,0.0,0.0,,,,,0.0,0.0,0.0
async,500.0,medium,19,0,30,99.726,0.06188,0.0,0.93812,0.61725,0.21013,29,29,1.0,0.0,0.0,7251,33.0,33.0,0,7251,29,0.00030454200000000004,0.010993634558690814,1046.868419469346,0.0,0.0,0.0,,,,,0.0,0.0,0.0
async,500.0,medium,20,0,30,97.449,0.07145,0.0,0.92855,0.67994,0.31512,29,29,1.0,0.0,0.0,7254,33.0,33.0,0,7254,29,0.000304668,0.011255167318289568,1071.3296185697134,0.0,0.0,0.0,,,,,0.0,0.0,0.0
async,500.0,medium,21,0,30,106.92,0.12716,0.0,0.87284,0.73235,0.40364,29,29,1.0,0.0,0.0,7259,33.0,33.0,0,7259,29,0.000304878,0.010265252525252526,976.4309764309763,0.0,0.0,0.0,,,,,0.0,0.0,0.0
async,500.0,medium,22,0,30,103.521,0.07236,0.0,0.92764,0.69916,0.2407,29,29,1.0,0.0,0.0,7255,33.0,33.0,0,7255,29,0.00030471000000000003,0.010596458689541254,1008.4910308053438,0.0,0.0,0.0,,,,,0.0,0.0,0.0
async,500.0,medium,23,1,24,89.001,0.07749,0.05191,0.8706,0.69208,0.0,24,24,0.9583333333333334,0.041666666666666664,0.0,6009,33.0,33.0,0,6009,24,0.000252378,0.01020843361310547,970.7756092628173,1.0,0.0,0.0,,,,,0.0,0.0,0.0
async,500.0,medium,24,0,30,107.547,0.0629,0.0,0.9371,0.72086,0.38662,29,29,0.9655172413793104,0.034482758620689655,0.0,7260,33.0,33.0,0,7260,29,0.00030492000000000003,0.010206811905492483,970.7383748500656,1.0,0.0,0.0,,,,,0.0,0.0,0.0
async,500.0,medium,25,1,28,98.934,0.07472,0.01268,0.91261,0.74351,0.0,28,28,1.0,0.0,0.0,7005,33.0,33.0,0,7005,28,0.00029421000000000004,0.010705682576262966,1018.8610588877434,0.0,0.0,0.0,,,,,0.0,0.0,0.0
async,500.0,medium,26,0,30,104.61,0.04637,0.0183,0.93533,0.60477,0.11103,29,29,1.0,0.0,0.0,7255,33.0,33.0,0,7255,29,0.00030471000000000003,0.010486148551763694,997.9925437338686,0.0,0.0,0.0,,,,,0.0,0.0,0.0
async,500.0,medium,27,0,30,105.765,0.04587,0.0,0.95413,0.68358,0.39919,29,29,0.9655172413793104,0.034482758620689655,0.0,7255,33.0,33.0,0,7255,29,0.00030471000000000003,0.010371635229045526,987.094029215714,1.0,0.0,0.0,,,,,0.0,0.0,0.0
async,500.0,medium,28,0,30,97.482,0.03724,0.02133,0.94144,0.56329,0.17515,29,29,1.0,0.0,0.0,7254,33.0,33.0,0,7254,29,0.000304668,0.011251357173632057,1070.966947744199,0.0,0.0,0.0,,,,,0.0,0.0,0.0
async,500.0,medium,29,0,30,104.61,0.04826,0.03344,0.9183,0.58813,0.13276,29,29,1.0,0.0,0.0,7253,33.0,33.0,0,7253,29,0.000304626,0.010483257814740465,997.9925437338686,0.0,0.0,0.0,,,,,0.0,0.0,0.0
async,500.0,strong,0,0,30,91.476,0.13456,0.0,0.86544,0.74993,0.39222,29,29,0.9655172413793104,0.034482758620689655,0.0,7257,33.0,33.0,0,7257,29,0.00030479400000000005,0.011995041322314052,1141.2829594647776,1.0,0.0,0.0,,,,,0.0,0.0,0.0
async,500.0,strong,1,0,30,85.206,0.07049,0.0,0.92951,0.69088,0.37674,29,29,1.0,0.0,0.0,7258,33.0,33.0,0,7258,29,0.000304836,0.012879487360045067,1225.265826350257,0.0,0.0,0.0,,,,,0.0,0.0,0.0
async,500.0,strong,2,0,30,87.978,0.05514,0.0,0.94486,0.69155,0.32369,29,29,1.0,0.0,0.0,7258,33.0,33.0,0,7258,29,0.000304836,0.012473682056877856,1186.6603014389962,0.0,0.0,0.0,,,,,0.0,0.0,0.0
async,500.0,strong,3,0,30,84.81,0.11518,0.0,0.88482,0.71527,0.28149,29,29,1.0,0.0,0.0,7258,33.0,33.0,0,7258,29,0.000304836,0.012939625044216484,1230.986911920764,0.0,0.0,0.0,,,,,0.0,0.0,0.0
async,500.0,strong,4,0,30,92.664,0.08796,0.0,0.91204,0.76998,0.45608,29,29,1.0,0.0,0.0,7256,33.0,33.0,0,7256,29,0.000304752,0.01183962703962704,1126.6511266511266,0.0,0.0,0.0,,,,,0.0,0.0,0.0
async,500.0,strong,5,0,30,93.192,0.12925,0.0,0.87075,0.77008,0.51088,29,29,1.0,0.0,0.0,7256,33.0,33.0,0,7256,29,0.000304752,0.011772546999742468,1120.2678341488543,0.0,0.0,0.0,,,,,0.0,0.0,0.0
async,500.0,strong,6,0,30,84.216,0.07014,0.0,0.92986,0.69635,0.24073,29,29,1.0,0.0,0.0,7256,33.0,33.0,0,7256,29,0.000304752,0.013027301225420349,1239.6694214876034,0.0,0.0,0.0,,,,,0.0,0.0,0.0
async,500.0,strong,7,0,30,82.137,0.08196,0.00201,0.91603,0.66664,0.19185,29,29,1.0,0.0,0.0,7255,33.0,33.0,0,7255,29,0.00030471000000000003,0.013355199240293658,1271.0471529274262,0.0,0.0,0.0,,,,,0.0,0.0,0.0
async,500.0,strong,8,0,30,84.612,0.16576,0.0,0.83424,0.70689,0.28651,29,29,0.9310344827586207,0.06896551724137931,0.0,7254,33.0,33.0,0,7254,29,0.000304668,0.012962757055736776,1233.8675365196427,2.0,0.0,0.0,,,,,0.0,0.0,0.0
async,500.0,strong,9,0,30,82.632,0.16134,0.0,0.83866,0.73797,0.21419,29,29,1.0,0.0,0.0,7256,33.0,33.0,0,7256,29,0.000304752,0.013277025849549809,1263.4330525704327,0.0,0.0,0.0,,,,,0.0,0.0,0.0
async,500.0,strong,10,0,30,85.47,0.11081,0.0,0.88919,0.74352,0.4372,29,29,1.0,0.0,0.0,7256,33.0,33.0,0,7256,29,0.000304752,0.012836167076167077,1221.4812214812216,0.0,0.0,0.0,,,,,0.0,0.0,0.0
async,500.0,strong,11,0,30,82.698,0.25898,0.0,0.74102,0.80954,0.36805,29,29,0.9655172413793104,0.034482758620689655,0.0,7260,33.0,33.0,0,7260,29,0.00030492000000000003,0.013273743016759779,1262.4247261118771,1.0,0.0,0.0,,,,,0.0,0.0,0.0
async,500.0,strong,12,0,30,76.329,0.07134,0.0,0.92866,0.69858,0.38921,29,29,1.0,0.0,0.0,7254,33.0,33.0,0,7254,29,0.000304668,0.014369437566324727,1367.7632354675156,0.0,0.0,0.0,,,,,0.0,0.0,0.0
async,500.0,strong,13,0,30,84.975,0.17942,0.0,0.82058,0.75121,0.33787,29,29,1.0,0.0,0.0,7253,33.0,33.0,0,7253,29,0.000304626,0.012905602824360107,1228.5966460723741,0.0,0.0,0.0,,,,,0.0,0.0,0.0
async,500.0,strong,14,0,30,87.318,0.18821,0.0,0.81179,0.74705,0.26562,29,29,1.0,0.0,0.0,7255,33.0,33.0,0,7255,29,0.00030471000000000003,0.012562770562770564,1195.6297670583385,0.0,0.0,0.0,,,,,0.0,0.0,0.0
async,500.0,strong,15,0,30,83.754,0.08944,0.0,0.91056,0.68937,0.29695,29,29,1.0,0.0,0.0,7255,33.0,33.0,0,7255,29,0.00030471000000000003,0.013097356544165056,1246.507629486353,0.0,0.0,0.0,,,,,0.0,0.0,0.0
async,500.0,strong,16,0,30,87.549,0.13758,0.0,0.86242,0.76364,0.45852,29,29,1.0,0.0,0.0,7258,33.0,33.0,0,7258,29,0.000304836,0.012534804509474693,1192.4750711030392,0.0,0.0,0.0,,,,,0.0,0.0,0.0
async,500.0,strong,17,0,30,90.387,0.17452,0.0,0.82548,0.75743,0.3822,29,29,0.9655172413793104,0.034482758620689655,0.0,7257,33.0,33.0,0,7257,29,0.00030479400000000005,0.012139559892462414,1155.033356566763,1.0,0.0,0.0,,,,,0.0,0.0,0.0
async,500.0,strong,18,0,30,89.628,0.04013,0.0,0.95987,0.71792,0.45703,29,29,1.0,0.0,0.0,7257,33.0,33.0,0,7257,29,0.00030479400000000005,0.012242361761949393,1164.8145668764225,0.0,0.0,0.0,,,,,0.0,0.0,0.0
async,500.0,strong,19,0,30,82.566,0.17826,0.0,0.82174,0.75227,0.27237,29,29,0.9655172413793104,0.034482758620689655,0.0,7255,33.0,33.0,0,7255,29,0.00030471000000000003,0.013285807717462395,1264.4429910616961,1.0,0.0,0.0,,,,,0.0,0.0,0.0
async,500.0,strong,20,0,30,83.259,0.09156,0.0,0.90844,0.72711,0.37264,29,29,1.0,0.0,0.0,7257,33.0,33.0,0,7257,29,0.00030479400000000005,0.013178856339855154,1253.9184952978055,0.0,0.0,0.0,,,,,0.0,0.0,0.0
async,500.0,strong,21,0,30,88.473,0.11153,0.0,0.88847,0.7729,0.52191,29,29,1.0,0.0,0.0,7256,33.0,33.0,0,7256,29,0.000304752,0.012400474721101352,1180.02102336306,0.0,0.0,0.0,,,,,0.0,0.0,0.0
async,500.0,strong,22,1,18,56.1,0.17294,0.01529,0.81176,0.75829,0.0,18,18,1.0,0.0,0.0,4504,33.0,33.0,0,4504,18,0.000189168,0.012139122994652406,1155.0802139037432,0.0,0.0,0.0,,,,,0.0,0.0,0.0
async,500.0,strong,23,0,30,84.711,0.06895,0.0,0.93105,0.69277,0.34554,29,29,1.0,0.0,0.0,7256,33.0,33.0,0,7256,29,0.000304752,0.012951177533024046,1232.4255409569007,0.0,0.0,0.0,,,,,0.0,0.0,0.0
async,500.0,strong,24,0,30,89.199,0.07399,0.0,0.92601,0.69745,0.38957,29,29,1.0,0.0,0.0,7253,33.0,33.0,0,7253,29,0.000304626,0.012294460700232067,1170.4167087074966,0.0,0.0,0.0,,,,,0.0,0.0,0.0
async,500.0,strong,25,0,30,86.658,0.15308,0.0,0.84692,0.77027,0.3832,29,29,0.9655172413793104,0.034482758620689655,0.0,7258,33.0,33.0,0,7258,29,0.000304836,0.012663684830021464,1204.7358582012048,1.0,0.0,0.0,,,,,0.0,0.0,0.0
async,500.0,strong,26,0,30,82.137,0.07151,0.00562,0.92286,0.67637,0.16894,29,29,0.9655172413793104,0.034482758620689655,0.0,7257,33.0,33.0,0,7257,29,0.00030479400000000005,0.01335888089411593,1271.0471529274262,1.0,0.0,0.0,,,,,0.0,0.0,0.0
async,500.0,strong,27,0,30,84.348,0.09977,0.0,0.90023,0.69642,0.29859,29,29,1.0,0.0,0.0,7256,33.0,33.0,0,7256,29,0.000304752,0.013006914212548014,1237.7294067434912,0.0,0.0,0.0,,,,,0.0,0.0,0.0
async,500.0,strong,28,0,30,79.134,0.06547,0.0,0.93453,0.66193,0.20882,29,29,0.9655172413793104,0.034482758620689655,0.0,7256,33.0,33.0,0,7256,29,0.000304752,0.013863916900447342,1319.2812191978162,1.0,0.0,0.0,,,,,0.0,0.0,0.0
async,500.0,strong,29,0,30,87.516,0.05392,0.0,0.94608,0.70483,0.37741,29,29,1.0,0.0,0.0,7258,33.0,33.0,0,7258,29,0.000304836,0.012539531057178116,1192.9247223364869,0.0,0.0,0.0,,,,,0.0,0.0,0.0
cache,33.0,weak,0,0,30,124.014,0.029,0.00239,0.9686,0.5002,0.18798,29,26,0.10344827586206896,0.896551724137931,0.10344827586206896,6505,33.0,33.0,0,6505,26,0.00027321,0.007931007789443128,754.7534955730805,26.0,0.0,0.0,3.0,26.0,0.0,26.0,0.0,0.0,0.0
cache,33.0,weak,1,1,7,36.036,0.23077,0.08883,0.6804,0.60277,0.0,7,6,0.14285714285714285,0.8571428571428571,0.14285714285714285,1500,33.0,33.0,0,1500,6,6.300000000000001e-05,0.006293706293706295,599.4005994005994,6.0,0.0,0.0,1.0,6.0,0.0,6.0,0.0,0.0,0.0
cache,33.0,weak,2,0,30,126.324,0.1105,0.07184,0.81766,0.57353,0.06433,29,28,0.034482758620689655,0.9655172413793104,0.034482758620689655,7006,33.0,33.0,0,7006,28,0.000294252,0.008385636933599316,797.9481333713309,28.0,0.0,0.0,1.0,28.0,0.0,28.0,0.0,0.0,0.0
cache,33.0,weak,3,0,30,124.443,0.10872,0.03288,0.85839,0.60634,0.12519,29,26,0.10344827586206896,0.896551724137931,0.10344827586206896,6502,33.0,33.0,0,6502,26,0.000273084,0.007900021696680408,752.1515874737831,26.0,0.0,0.0,3.0,26.0,0.0,26.0,0.0,0.0,0.0
cache,33.0,weak,4,0,30,122.463,0.15737,0.09566,0.74697,0.62456,0.06154,29,26,0.10344827586206896,0.896551724137931,0.10344827586206896,6504,33.0,33.0,0,6504,26,0.000273168,0.00803021973983979,764.3124862203277,26.0,0.0,0.0,3.0,26.0,0.0,26.0,0.0,0.0,0.0
cache,33.0,weak,5,0,30,115.5,0.17771,0.0,0.82229,0.68083,0.20527,29,26,0.10344827586206896,0.896551724137931,0.10344827586206896,6509,33.0,33.0,0,6509,26,0.00027337800000000006,0.00852087272727273,810.3896103896104,26.0,0.0,0.0,3.0,26.0,0.0,26.0,0.0,0.0,0.0
cache,33.0,weak,6,0,30,119.526,0.10381,0.0,0.89619,0.68239,0.28899,29,27,0.06896551724137931,0.9310344827586207,0.06896551724137931,6754,33.0,33.0,0,6754,27,0.000283668,0.008543787962451685,813.2121881431656,27.0,0.0,0.0,2.0,27.0,0.0,27.0,0.0,0.0,0.0
cache,33.0,weak,7,0,30,135.993,0.04368,0.0,0.95632,0.56392,0.30502,29,27,0.06896551724137931,0.9310344827586207,0.06896551724137931,6758,33.0,33.0,0,6758,27,0.00028383600000000004,0.007513692616531734,714.7426705786328,27.0,0.0,0.0,2.0,27.0,0.0,27.0,0.0,0.0,0.0
cache,33.0,weak,8,0,30,130.185,0.07731,0.00887,0.91381,0.54956,0.16198,29,27,0.06896551724137931,0.9310344827586207,0.06896551724137931,6748,33.0,33.0,0,6748,27,0.000283416,0.007837290010369858,746.6297960594538,27.0,0.0,0.0,2.0,27.0,0.0,27.0,0.0,0.0,0.0
cache,33.0,weak,9,0,30,123.915,0.11105,0.0735,0.81545,0.59136,0.06063,29,28,0.034482758620689655,0.9655172413793104,0.034482758620689655,7007,33.0,33.0,0,7007,28,0.00029429400000000007,0.008549880159786952,813.4608400919984,28.0,0.0,0.0,1.0,28.0,0.0,28.0,0.0,0.0,0.0
cache,33.0,weak,10,0,30,121.671,0.11907,0.02631,0.85462,0.65421,0.13698,29,24,0.1724137931034483,0.8275862068965517,0.1724137931034483,6005,33.0,33.0,0,6005,24,0.00025221,0.007462386271173903,710.1116946519712,24.0,0.0,0.0,5.0,24.0,0.0,24.0,0.0,0.0,0.0
cache,33.0,weak,11,1,4,26.961,0.15422,0.09425,0.75153,0.68299,0.0,4,4,0.0,1.0,0.0,1000,33.0,33.0,0,1000,4,4.2e-05,0.005608100589740737,534.1048180705463,4.0,0.0,0.0,0.0,4.0,0.0,4.0,0.0,0.0,0.0
cache,33.0,weak,12,0,30,111.111,0.05999,0.0,0.94001,0.59747,0.2266,29,25,0.13793103448275862,0.8620689655172413,0.13793103448275862,6251,33.0,33.0,0,6251,25,0.00026254200000000005,0.008506369306369308,810.0008100008099,25.0,0.0,0.0,4.0,25.0,0.0,25.0,0.0,0.0,0.0
cache,33.0,weak,13,0,30,121.638,0.02604,0.04368,0.93028,0.57755,0.10615,29,28,0.034482758620689655,0.9655172413793104,0.034482758620689655,7004,33.0,33.0,0,7004,28,0.000294168,0.00870620036501751,828.6884032950229,28.0,0.0,0.0,1.0,28.0,0.0,28.0,0.0,0.0,0.0
cache,33.0,weak,14,0,30,124.509,0.04188,0.0,0.95812,0.62185,0.27702,29,27,0.06896551724137931,0.9310344827586207,0.06896551724137931,6757,33.0,33.0,0,6757,27,0.00028379400000000003,0.00820549839770619,780.6664578464208,27.0,0.0,0.0,2.0,27.0,0.0,27.0,0.0,0.0,0.0
cache,33.0,weak,15,0,30,134.409,0.041,0.02873,0.93027,0.5894,0.15955,29,24,0.1724137931034483,0.8275862068965517,0.1724137931034483,6011,33.0,33.0,0,6011,24,0.000252462,0.00676192219271031,642.8140972702721,24.0,0.0,0.0,5.0,24.0,0.0,24.0,0.0,0.0,0.0
cache,33.0,weak,16,0,30,126.588,0.06465,0.03206,0.90328,0.57969,0.14164,29,28,0.034482758620689655,0.9655172413793104,0.034482758620689655,7006,33.0,33.0,0,7006,28,0.000294252,0.008368148639681487,796.2840079628401,28.0,0.0,0.0,1.0,28.0,0.0,28.0,0.0,0.0,0.0
cache,33.0,weak,17,0,30,127.215,0.0332,0.0,0.9668,0.6679,0.40234,29,23,0.20689655172413793,0.7931034482758621,0.20689655172413793,5756,33.0,33.0,0,5756,23,0.000241752,0.0068412309869119205,650.8666430845419,23.0,0.0,0.0,6.0,23.0,0.0,23.0,0.0,0.0,0.0
cache,33.0,weak,18,1,16,90.816,0.04542,0.03634,0.91824,0.52207,0.0,16,15,0.0625,0.9375,0.0625,3755,33.0,33.0,0,3755,15,0.00015771,0.0062517177589852015,594.6088794926004,15.0,0.0,0.0,1.0,15.0,0.0,15.0,0.0,0.0,0.0
cache,33.0,weak,19,0,30,131.208,0.02716,0.0,0.97284,0.49915,0.21716,29,24,0.1724137931034483,0.8275862068965517,0.1724137931034483,6010,33.0,33.0,0,6010,24,0.00025242,0.0069257362355953905,658.4964331443205,24.0,0.0,0.0,5.0,24.0,0.0,24.0,0.0,0.0,0.0
cache,33.0,weak,20,0,30,127.248,0.16234,0.0,0.83766,0.71698,0.24084,29,27,0.06896551724137931,0.9310344827586207,0.06896551724137931,6755,33.0,33.0,0,6755,27,0.00028371000000000006,0.008026499434175783,763.8626933232742,27.0,0.0,0.0,2.0,27.0,0.0,27.0,0.0,0.0,0.0
cache,33.0,weak,21,1,7,43.461,0.12984,0.23083,0.63933,0.52725,0.0,7,6,0.14285714285714285,0.8571428571428571,0.14285714285714285,1500,33.0,33.0,0,1500,6,6.300000000000001e-05,0.005218471733278113,496.9973079312487,6.0,0.0,0.0,1.0,6.0,0.0,6.0,0.0,0.0,0.0
cache,33.0,weak,22,0,30,137.049,0.07055,0.0484,0.88105,0.56247,0.06496,29,29,0.0,1.0,0.0,7258,33.0,33.0,0,7258,29,0.000304836,0.008007425081540178,761.7713372589366,29.0,0.0,0.0,0.0,29.0,0.0,29.0,0.0,0.0,0.0
cache,33.0,weak,23,0,30,137.643,0.12323,0.03908,0.83769,0.55949,0.09067,29,26,0.10344827586206896,0.896551724137931,0.10344827586206896,6507,33.0,33.0,0,6507,26,0.00027329400000000004,0.007147900002179553,680.0200518733244,26.0,0.0,0.0,3.0,26.0,0.0,26.0,0.0,0.0,0.0
cache,33.0,weak,24,1,18,84.381,0.15252,0.0395,0.80798,0.62449,0.0,18,18,0.0,1.0,0.0,4501,33.0,33.0,0,4501,18,0.000189042,0.008065218473353007,767.9453905500053,18.0,0.0,0.0,0.0,18.0,0.0,18.0,0.0,0.0,0.0
cache,33.0,weak,25,0,30,119.064,0.06901,0.05626,0.87472,0.57577,0.11862,29,28,0.034482758620689655,0.9655172413793104,0.034482758620689655,7010,33.0,33.0,0,7010,28,0.00029442,0.008902035879862932,846.6035073573877,28.0,0.0,0.0,1.0,28.0,0.0,28.0,0.0,0.0,0.0
cache,33.0,weak,26,0,30,119.031,0.08872,0.0,0.91128,0.5433,0.23347,29,27,0.06896551724137931,0.9310344827586207,0.06896551724137931,6760,33.0,33.0,0,6760,27,0.00028392,0.008586939536759331,816.5939965219144,27.0,0.0,0.0,2.0,27.0,0.0,27.0,0.0,0.0,0.0
cache,33.0,weak,27,1,5,35.112,0.05733,0.15602,0.78665,0.46618,0.0,5,5,0.0,1.0,0.0,1250,33.0,33.0,0,1250,5,5.25e-05,0.005382775119617225,512.6452494873547,5.0,0.0,0.0,0.0,5.0,0.0,5.0,0.0,0.0,0.0
cache,33.0,weak,28,0,30,108.834,0.07004,0.04093,0.88902,0.5982,0.14095,29,26,0.10344827586206896,0.896551724137931,0.10344827586206896,6501,33.0,33.0,0,6501,26,0.00027304200000000003,0.009031655548817467,860.0253597221457,26.0,0.0,0.0,3.0,26.0,0.0,26.0,0.0,0.0,0.0
cache,33.0,weak,29,0,30,123.453,0.1529,0.0,0.8471,0.64737,0.21881,29,26,0.10344827586206896,0.896551724137931,0.10344827586206896,6507,33.0,33.0,0,6507,26,0.00027329400000000004,0.007969497703579501,758.1832762265801,26.0,0.0,0.0,3.0,26.0,0.0,26.0,0.0,0.0,0.0
cache,33.0,medium,0,0,30,102.465,0.05958,0.04283,0.89758,0.49258,0.14551,29,26,0.10344827586206896,0.896551724137931,0.10344827586206896,6501,33.0,33.0,0,6501,26,0.00027304200000000003,0.00959304347826087,913.4826526130873,26.0,0.0,0.0,3.0,26.0,0.0,26.0,0.0,0.0,0.0
cache,33.0,medium,1,0,30,105.336,0.12845,0.09743,0.77412,0.59376,0.03087,29,27,0.06896551724137931,0.9310344827586207,0.06896551724137931,6752,33.0,33.0,0,6752,27,0.00028358400000000003,0.009691866028708135,922.7614490772386,27.0,0.0,0.0,2.0,27.0,0.0,27.0,0.0,0.0,0.0
cache,33.0,medium,2,1,19,74.646,0.1649,0.04465,0.79045,0.64456,0.0,19,19,0.0,1.0,0.0,4753,33.0,33.0,0,4753,19,0.000199626,0.009627489751627681,916.3250542560886,19.0,0.0,0.0,0.0,19.0,0.0,19.0,0.0,0.0,0.0
cache,33.0,medium,3,0,30,115.566,0.09309,0.0731,0.83381,0.61654,0.05619,29,28,0.034482758620689655,0.9655172413793104,0.034482758620689655,7008,33.0,33.0,0,7008,28,0.000294336,0.009168869736773793,872.2288562379938,28.0,0.0,0.0,1.0,28.0,0.0,28.0,0.0,0.0,0.0
cache,33.0,medium,4,0,30,99.528,0.16479,0.04808,0.78714,0.58311,0.1342,29,24,0.1724137931034483,0.8275862068965517,0.1724137931034483,6003,33.0,33.0,0,6003,24,0.000252126,0.00911958041958042,868.0974198215578,24.0,0.0,0.0,5.0,24.0,0.0,24.0,0.0,0.0,0.0
cache,33.0,medium,5,0,30,105.831,0.11568,0.0,0.88432,0.69841,0.36529,29,27,0.06896551724137931,0.9310344827586207,0.06896551724137931,6751,33.0,33.0,0,6751,27,0.000283542,0.00964510587635003,918.44544604133,27.0,0.0,0.0,2.0,27.0,0.0,27.0,0.0,0.0,0.0
cache,33.0,medium,6,0,30,100.98,0.07484,0.01863,0.90654,0.54354,0.15557,29,27,0.06896551724137931,0.9310344827586207,0.06896551724137931,6753,33.0,33.0,0,6753,27,0.00028362600000000004,0.01011144385026738,962.5668449197861,27.0,0.0,0.0,2.0,27.0,0.0,27.0,0.0,0.0,0.0
cache,33.0,medium,7,0,30,99.858,0.06642,0.13781,0.79577,0.54219,0.04368,29,26,0.10344827586206896,0.896551724137931,0.10344827586206896,6503,33.0,33.0,0,6503,26,0.00027312600000000005,0.00984651805563901,937.3310100342486,26.0,0.0,0.0,3.0,26.0,0.0,26.0,0.0,0.0,0.0
cache,33.0,medium,8,0,30,108.537,0.07814,0.00365,0.91821,0.59294,0.19431,29,26,0.10344827586206896,0.896551724137931,0.10344827586206896,6506,33.0,33.0,0,6506,26,0.00027325200000000003,0.009063335083888444,862.3787279913761,26.0,0.0,0.0,3.0,26.0,0.0,26.0,0.0,0.0,0.0
cache,33.0,medium,9,1,8,35.112,0.19549,0.07519,0.72932,0.58886,0.0,8,8,0.0,1.0,0.0,2001,33.0,33.0,0,2001,8,8.4042e-05,0.008616746411483254,820.2323991797675,8.0,0.0,0.0,0.0,8.0,0.0,8.0,0.0,0.0,0.0
cache,33.0,medium,10,0,30,96.591,0.07482,0.03348,0.8917,0.6571,0.05826,29,26,0.10344827586206896,0.896551724137931,0.10344827586206896,6499,33.0,33.0,0,6499,26,0.000272958,0.01017329564866292,969.0343820852875,26.0,0.0,0.0,3.0,26.0,0.0,26.0,0.0,0.0,0.0
cache,33.0,medium,11,0,30,108.603,0.09025,0.0,0.90975,0.59832,0.248,29,27,0.06896551724137931,0.9310344827586207,0.06896551724137931,6751,33.0,33.0,0,6751,27,0.000283542,0.009398922681693877,895.0029004723627,27.0,0.0,0.0,2.0,27.0,0.0,27.0,0.0,0.0,0.0
cache,33.0,medium,12,0,30,100.452,0.12878,0.04468,0.82654,0.6111,0.13906,29,26,0.10344827586206896,0.896551724137931,0.10344827586206896,6504,33.0,33.0,0,6504,26,0.000273168,0.009789798112531358,931.7883168080278,26.0,0.0,0.0,3.0,26.0,0.0,26.0,0.0,0.0,0.0
cache,33.0,medium,13,0,30,102.168,0.07913,0.05362,0.86725,0.50853,0.04562,29,27,0.06896551724137931,0.9310344827586207,0.06896551724137931,6757,33.0,33.0,0,6757,27,0.00028379400000000003,0.009999788583509514,951.3742071881607,27.0,0.0,0.0,2.0,27.0,0.0,27.0,0.0,0.0,0.0
cache,33.0,medium,14,0,30,94.314,0.11267,0.09797,0.78936,0.61166,0.03462,29,26,0.10344827586206896,0.896551724137931,0.10344827586206896,6503,33.0,33.0,0,6503,26,0.00027312600000000005,0.01042531967682423,992.4295438641135,26.0,0.0,0.0,3.0,26.0,0.0,26.0,0.0,0.0,0.0
cache,33.0,medium,15,0,30,109.23,0.029,0.0,0.971,0.63284,0.27124,29,23,0.20689655172413793,0.7931034482758621,0.20689655172413793,5757,33.0,33.0,0,5757,23,0.000241794,0.007969041472123043,758.0335072782202,23.0,0.0,0.0,6.0,23.0,0.0,23.0,0.0,0.0,0.0
cache,33.0,medium,16,0,30,101.673,0.07562,0.0,0.92438,0.62136,0.23254,29,22,0.2413793103448276,0.7586206896551724,0.2413793103448276,5506,33.0,33.0,0,5506,22,0.00023125200000000001,0.008188085332389131,778.9678675754625,22.0,0.0,0.0,7.0,22.0,0.0,22.0,0.0,0.0,0.0
cache,33.0,medium,17,1,17,72.369,0.09986,0.05928,0.84086,0.68396,0.0,17,13,0.23529411764705882,0.7647058823529411,0.23529411764705882,3254,33.0,33.0,0,3254,13,0.000136668,0.006798557393359036,646.6857356050242,13.0,0.0,0.0,4.0,13.0,0.0,13.0,0.0,0.0,0.0
cache,33.0,medium,18,0,30,98.043,0.08415,0.01885,0.897,0.63285,0.10527,29,27,0.06896551724137931,0.9310344827586207,0.06896551724137931,6756,33.0,33.0,0,6756,27,0.000283752,0.010418971267709066,991.401731893149,27.0,0.0,0.0,2.0,27.0,0.0,27.0,0.0,0.0,0.0
cache,33.0,medium,19,1,10,42.306,0.17551,0.07332,0.75117,0.58103,0.0,10,9,0.1,0.9,0.1,2251,33.0,33.0,0,2251,9,9.4542e-05,0.008044986526733798,765.8488157708127,9.0,0.0,0.0,1.0,9.0,0.0,9.0,0.0,0.0,0.0
cache,33.0,medium,20,0,30,100.122,0.0768,0.06427,0.85893,0.57949,0.03975,29,26,0.10344827586206896,0.896551724137931,0.10344827586206896,6506,33.0,33.0,0,6506,26,0.00027325200000000003,0.009825085395817104,934.8594714448374,26.0,0.0,0.0,3.0,26.0,0.0,26.0,0.0,0.0,0.0
cache,33.0,medium,21,1,8,35.97,0.3,0.15505,0.54495,0.61205,0.0,8,8,0.0,1.0,0.0,2000,33.0,33.0,0,2000,8,8.4e-05,0.008407005838198499,800.6672226855713,8.0,0.0,0.0,0.0,8.0,0.0,8.0,0.0,0.0,0.0
cache,33.0,medium,22,0,30,106.227,0.05809,0.0,0.94191,0.67857,0.40956,29,23,0.20689655172413793,0.7931034482758621,0.20689655172413793,5750,33.0,33.0,0,5750,23,0.00024150000000000002,0.00818435990849784,779.4628484283656,23.0,0.0,0.0,6.0,23.0,0.0,23.0,0.0,0.0,0.0
cache,33.0,medium,23,0,30,98.868,0.05674,0.0,0.94326,0.6502,0.23188,29,24,0.1724137931034483,0.8275862068965517,0.1724137931034483,6005,33.0,33.0,0,6005,24,0.00025221,0.009183517417162277,873.8924626775095,24.0,0.0,0.0,5.0,24.0,0.0,24.0,0.0,0.0,0.0
cache,33.0,medium,24,0,30,100.947,0.08173,0.05884,0.85943,0.62349,0.09873,29,29,0.0,1.0,0.0,7252,33.0,33.0,0,7252,29,0.000304584,0.010862159350946535,1034.2060685310114,29.0,0.0,0.0,0.0,29.0,0.0,29.0,0.0,0.0,0.0
cache,33.0,medium,25,1,10,40.953,0.23288,0.18211,0.58501,0.62563,0.0,10,10,0.0,1.0,0.0,2501,33.0,33.0,0,2501,10,0.000105042,0.009233785070690791,879.0564793788001,10.0,0.0,0.0,0.0,10.0,0.0,10.0,0.0,0.0,0.0
cache,33.0,medium,26,0,30,101.904,0.21146,0.0,0.78854,0.69021,0.26125,29,24,0.1724137931034483,0.8275862068965517,0.1724137931034483,6004,33.0,33.0,0,6004,24,0.000252168,0.00890843146490815,847.8568064060292,24.0,0.0,0.0,5.0,24.0,0.0,24.0,0.0,0.0,0.0
cache,33.0,medium,27,0,30,103.323,0.05781,0.01246,0.92973,0.60026,0.14497,29,26,0.10344827586206896,0.896551724137931,0.10344827586206896,6502,33.0,33.0,0,6502,26,0.000273084,0.0095148456781162,905.897041317035,26.0,0.0,0.0,3.0,26.0,0.0,26.0,0.0,0.0,0.0
cache,33.0,medium,28,0,30,104.973,0.10909,0.01823,0.87268,0.59461,0.0796,29,28,0.034482758620689655,0.9655172413793104,0.034482758620689655,7007,33.0,33.0,0,7007,28,0.00029429400000000007,0.010092675259352406,960.2469206367352,28.0,0.0,0.0,1.0,28.0,0.0,28.0,0.0,0.0,0.0
cache,33.0,medium,29,0,30,99.462,0.11447,0.01427,0.87127,0.67462,0.1508,29,25,0.13793103448275862,0.8620689655172413,0.13793103448275862,6253,33.0,33.0,0,6253,25,0.000262626,0.009505676539784038,904.8681908668636,25.0,0.0,0.0,4.0,25.0,0.0,25.0,0.0,0.0,0.0
cache,33.0,strong,0,0,30,87.681,0.17501,0.03161,0.79338,0.6287,0.14654,29,28,0.034482758620689655,0.9655172413793104,0.034482758620689655,7007,33.0,33.0,0,7007,28,0.00029429400000000007,0.01208310124200226,1149.6219249324254,28.0,0.0,0.0,1.0,28.0,0.0,28.0,0.0,0.0,0.0
cache,33.0,strong,1,0,30,83.325,0.20238,0.01109,0.78653,0.70051,0.17787,29,26,0.10344827586206896,0.896551724137931,0.10344827586206896,6506,33.0,33.0,0,6506,26,0.00027325200000000003,0.01180566696669667,1123.3123312331234,26.0,0.0,0.0,3.0,26.0,0.0,26.0,0.0,0.0,0.0
cache,33.0,strong,2,0,30,89.595,0.1326,0.0,0.8674,0.68957,0.26395,29,27,0.06896551724137931,0.9310344827586207,0.06896551724137931,6763,33.0,33.0,0,6763,27,0.000284046,0.011413199397287795,1084.8819688598694,27.0,0.0,0.0,2.0,27.0,0.0,27.0,0.0,0.0,0.0
cache,33.0,strong,3,0,30,88.605,0.0797,0.0,0.9203,0.75829,0.46796,29,25,0.13793103448275862,0.8620689655172413,0.13793103448275862,6254,33.0,33.0,0,6254,25,0.000262668,0.010672138141188421,1015.744032503809,25.0,0.0,0.0,4.0,25.0,0.0,25.0,0.0,0.0,0.0
cache,33.0,strong,4,0,30,84.612,0.13456,0.0429,0.82254,0.54981,0.13121,29,26,0.10344827586206896,0.896551724137931,0.10344827586206896,6513,33.0,33.0,0,6513,26,0.000273546,0.01163860445326904,1106.2260672245072,26.0,0.0,0.0,3.0,26.0,0.0,26.0,0.0,0.0,0.0
cache,33.0,strong,5,0,30,94.809,0.1441,0.0094,0.8465,0.67396,0.18079,29,27,0.06896551724137931,0.9310344827586207,0.06896551724137931,6761,33.0,33.0,0,6761,27,0.00028396200000000007,0.0107823434484068,1025.219124766636,27.0,0.0,0.0,2.0,27.0,0.0,27.0,0.0,0.0,0.0
cache,33.0,strong,6,0,30,86.064,0.16449,0.0,0.83551,0.70079,0.21795,29,29,0.0,1.0,0.0,7252,33.0,33.0,0,7252,29,0.000304584,0.012740546569994423,1213.0507529280535,29.0,0.0,0.0,0.0,29.0,0.0,29.0,0.0,0.0,0.0
cache,33.0,strong,7,0,30,93.357,0.10251,0.0,0.89749,0.57991,0.24442,29,26,0.10344827586206896,0.896551724137931,0.10344827586206896,6508,33.0,33.0,0,6508,26,0.000273336,0.010540287284295768,1002.6029114046081,26.0,0.0,0.0,3.0,26.0,0.0,26.0,0.0,0.0,0.0
cache,33.0,strong,8,0,30,89.694,0.12914,0.05004,0.82082,0.60421,0.11594,29,28,0.034482758620689655,0.9655172413793104,0.034482758620689655,7003,33.0,33.0,0,7003,28,0.000294126,0.011805177603853101,1123.8209913706603,28.0,0.0,0.0,1.0,28.0,0.0,28.0,0.0,0.0,0.0
cache,33.0,strong,9,0,30,89.397,0.17829,0.04282,0.77889,0.62331,0.11887,29,28,0.034482758620689655,0.9655172413793104,0.034482758620689655,7009,33.0,33.0,0,7009,28,0.00029437800000000003,0.011854545454545456,1127.5546159267087,28.0,0.0,0.0,1.0,28.0,0.0,28.0,0.0,0.0,0.0
cache,33.0,strong,10,1,22,69.267,0.1758,0.18152,0.64269,0.51372,0.0,22,22,0.0,1.0,0.0,5504,33.0,33.0,0,5504,22,0.000231168,0.01201444843865044,1143.4016198189613,22.0,0.0,0.0,0.0,22.0,0.0,22.0,0.0,0.0,0.0
cache,33.0,strong,11,0,30,85.899,0.15482,0.0,0.84518,0.64129,0.26578,29,28,0.034482758620689655,0.9655172413793104,0.034482758620689655,7004,33.0,33.0,0,7004,28,0.000294168,0.012328488108126985,1173.4711696294485,28.0,0.0,0.0,1.0,28.0,0.0,28.0,0.0,0.0,0.0
cache,33.0,strong,12,0,30,90.123,0.13475,0.0,0.86525,0.61065,0.27643,29,29,0.0,1.0,0.0,7265,33.0,33.0,0,7265,29,0.00030513,0.012188542325488497,1158.4168303318797,29.0,0.0,0.0,0.0,29.0,0.0,29.0,0.0,0.0,0.0
cache,33.0,strong,13,0,30,80.157,0.16591,0.0,0.83409,0.68955,0.34729,29,27,0.06896551724137931,0.9310344827586207,0.06896551724137931,6754,33.0,33.0,0,6754,27,0.000283668,0.012740057636887608,1212.6202327931435,27.0,0.0,0.0,2.0,27.0,0.0,27.0,0.0,0.0,0.0
cache,33.0,strong,14,0,30,86.361,0.12839,0.0,0.87161,0.53312,0.20292,29,28,0.034482758620689655,0.9655172413793104,0.034482758620689655,7009,33.0,33.0,0,7009,28,0.00029437800000000003,0.01227128912356272,1167.1935248549692,28.0,0.0,0.0,1.0,28.0,0.0,28.0,0.0,0.0,0.0
cache,33.0,strong,15,0,30,94.512,0.07751,0.0,0.92249,0.5648,0.25773,29,27,0.06896551724137931,0.9310344827586207,0.06896551724137931,6758,33.0,33.0,0,6758,27,0.00028383600000000004,0.010811427120365669,1028.4408329101066,27.0,0.0,0.0,2.0,27.0,0.0,27.0,0.0,0.0,0.0
cache,33.0,strong,16,0,30,87.615,0.13183,0.0,0.86817,0.60206,0.23269,29,26,0.10344827586206896,0.896551724137931,0.10344827586206896,6510,33.0,33.0,0,6510,26,0.00027342,0.01123451463790447,1068.3102208525938,26.0,0.0,0.0,3.0,26.0,0.0,26.0,0.0,0.0,0.0
cache,33.0,strong,17,1,27,87.021,0.15131,0.11528,0.73341,0.63255,0.0,27,25,0.07407407407407407,0.9259259259259259,0.07407407407407407,6258,33.0,33.0,0,6258,25,0.000262836,0.01087334781259696,1034.233116144379,25.0,0.0,0.0,2.0,25.0,0.0,25.0,0.0,0.0,0.0
cache,33.0,strong,18,0,30,84.612,0.15445,0.04602,0.79953,0.52745,0.11869,29,25,0.13793103448275862,0.8620689655172413,0.13793103448275862,6253,33.0,33.0,0,6253,25,0.000262626,0.011173989505034747,1063.6789107927953,25.0,0.0,0.0,4.0,25.0,0.0,25.0,0.0,0.0,0.0
cache,33.0,strong,19,0,30,82.038,0.16533,0.0,0.83467,0.68601,0.26109,29,27,0.06896551724137931,0.9310344827586207,0.06896551724137931,6755,33.0,33.0,0,6755,27,0.00028371000000000006,0.012449791560008779,1184.8167922182404,27.0,0.0,0.0,2.0,27.0,0.0,27.0,0.0,0.0,0.0
cache,33.0,strong,20,0,30,87.054,0.12737,0.0,0.87263,0.64729,0.27496,29,26,0.10344827586206896,0.896551724137931,0.10344827586206896,6505,33.0,33.0,0,6505,26,0.00027321,0.011298228685643395,1075.1947067337514,26.0,0.0,0.0,3.0,26.0,0.0,26.0,0.0,0.0,0.0
cache,33.0,strong,21,0,30,95.04,0.13194,0.0,0.86806,0.62429,0.28164,29,24,0.1724137931034483,0.8275862068965517,0.1724137931034483,6010,33.0,33.0,0,6010,24,0.00025242,0.009561363636363635,909.0909090909089,24.0,0.0,0.0,5.0,24.0,0.0,24.0,0.0,0.0,0.0
cache,33.0,strong,22,0,30,92.565,0.10089,0.05668,0.84242,0.52974,0.11125,29,26,0.10344827586206896,0.896551724137931,0.10344827586206896,6505,33.0,33.0,0,6505,26,0.00027321,0.010625571220223628,1011.1813320369471,26.0,0.0,0.0,3.0,26.0,0.0,26.0,0.0,0.0,0.0
cache,33.0,strong,23,0,30,90.519,0.15859,0.0062,0.83522,0.62852,0.17578,29,28,0.034482758620689655,0.9655172413793104,0.034482758620689655,7010,33.0,33.0,0,7010,28,0.00029442,0.011709276505485035,1113.5783647631988,28.0,0.0,0.0,1.0,28.0,0.0,28.0,0.0,0.0,0.0
cache,33.0,strong,24,0,30,85.305,0.14971,0.0,0.85029,0.66803,0.35508,29,25,0.13793103448275862,0.8620689655172413,0.13793103448275862,6253,33.0,33.0,0,6253,25,0.000262626,0.011083214348514154,1055.0378055213646,25.0,0.0,0.0,4.0,25.0,0.0,25.0,0.0,0.0,0.0
cache,33.0,strong,25,0,30,85.074,0.15206,0.1121,0.73584,0.52106,0.07554,29,28,0.034482758620689655,0.9655172413793104,0.034482758620689655,7009,33.0,33.0,0,7009,28,0.00029437800000000003,0.012456929261584034,1184.8508357430003,28.0,0.0,0.0,1.0,28.0,0.0,28.0,0.0,0.0,0.0
cache,33.0,strong,26,0,30,90.915,0.11942,0.01307,0.86751,0.61452,0.12273,29,26,0.10344827586206896,0.896551724137931,0.10344827586206896,6514,33.0,33.0,0,6514,26,0.000273588,0.010833380630259033,1029.533080349777,26.0,0.0,0.0,3.0,26.0,0.0,26.0,0.0,0.0,0.0
cache,33.0,strong,27,0,30,101.706,0.06976,0.00909,0.92116,0.63085,0.14749,29,28,0.034482758620689655,0.9655172413793104,0.034482758620689655,7016,33.0,33.0,0,7016,28,0.000294672,0.010430251902542624,991.0919709751637,28.0,0.0,0.0,1.0,28.0,0.0,28.0,0.0,0.0,0.0
cache,33.0,strong,28,0,30,88.539,0.14685,0.01454,0.83861,0.53789,0.17557,29,28,0.034482758620689655,0.9655172413793104,0.034482758620689655,7010,33.0,33.0,0,7010,28,0.00029442,0.011971131365838782,1138.4813472029275,28.0,0.0,0.0,1.0,28.0,0.0,28.0,0.0,0.0,0.0
cache,33.0,strong,29,0,30,95.7,0.11483,0.0,0.88517,0.60576,0.25181,29,25,0.13793103448275862,0.8620689655172413,0.13793103448275862,6261,33.0,33.0,0,6261,25,0.000262962,0.009891987460815045,940.4388714733542,25.0,0.0,0.0,4.0,25.0,0.0,25.0,0.0,0.0,0.0
cache,100.0,weak,0,0,30,124.014,0.029,0.0,0.971,0.49477,0.20172,29,25,0.1724137931034483,0.8275862068965517,0.13793103448275862,6252,33.0,33.0,0,6252,25,0.000262584,0.00762254584159853,725.7245149741158,24.0,0.0,0.0,4.0,25.0,0.0,25.0,0.0,0.0,0.0
cache,100.0,weak,1,1,7,36.036,0.23077,0.08883,0.6804,0.60277,0.0,7,6,0.14285714285714285,0.8571428571428571,0.14285714285714285,1500,33.0,33.0,0,1500,6,6.300000000000001e-05,0.006293706293706295,599.4005994005994,6.0,0.0,0.0,1.0,6.0,0.0,6.0,0.0,0.0,0.0
cache,100.0,weak,2,0,30,126.324,0.1105,0.07184,0.81766,0.57353,0.06433,29,28,0.034482758620689655,0.9655172413793104,0.034482758620689655,7006,33.0,33.0,0,7006,28,0.000294252,0.008385636933599316,797.9481333713309,28.0,0.0,0.0,1.0,28.0,0.0,28.0,0.0,0.0,0.0
cache,100.0,weak,3,0,30,123.75,0.10933,0.02107,0.8696,0.62031,0.12519,29,25,0.20689655172413793,0.7931034482758621,0.13793103448275862,6252,33.0,33.0,0,6252,25,0.000262584,0.007638807272727272,727.2727272727273,23.0,0.0,0.0,4.0,25.0,0.0,25.0,0.0,0.0,0.0
cache,100.0,weak,4,0,30,122.463,0.15737,0.09566,0.74697,0.62456,0.06154,29,26,0.10344827586206896,0.896551724137931,0.10344827586206896,6504,33.0,33.0,0,6504,26,0.000273168,0.00803021973983979,764.3124862203277,26.0,0.0,0.0,3.0,26.0,0.0,26.0,0.0,0.0,0.0
cache,100.0,weak,5,0,30,115.5,0.17686,0.0,0.82314,0.67976,0.20346,29,26,0.13793103448275862,0.8620689655172413,0.10344827586206896,6509,33.0,33.0,0,6509,26,0.00027337800000000006,0.00852087272727273,810.3896103896104,25.0,0.0,0.0,3.0,26.0,0.0,26.0,0.0,0.0,0.0
cache,100.0,weak,6,0,30,119.526,0.10381,0.0,0.89619,0.68239,0.28899,29,27,0.06896551724137931,0.9310344827586207,0.06896551724137931,6754,33.0,33.0,0,6754,27,0.000283668,0.008543787962451685,813.2121881431656,27.0,0.0,0.0,2.0,27.0,0.0,27.0,0.0,0.0,0.0
cache,100.0,weak,7,0,30,135.993,0.04368,0.0,0.95632,0.56476,0.30502,29,28,0.06896551724137931,0.9310344827586207,0.034482758620689655,7008,33.0,33.0,0,7008,28,0.000294336,0.007791648099534535,741.2146213408043,27.0,0.0,0.0,1.0,28.0,0.0,28.0,0.0,0.0,0.0
cache,100.0,weak,8,0,30,130.185,0.07731,0.00887,0.91381,0.54956,0.16198,29,27,0.06896551724137931,0.9310344827586207,0.06896551724137931,6748,33.0,33.0,0,6748,27,0.000283416,0.007837290010369858,746.6297960594538,27.0,0.0,0.0,2.0,27.0,0.0,27.0,0.0,0.0,0.0
cache,100.0,weak,9,0,30,123.915,0.11105,0.0735,0.81545,0.59136,0.06063,29,28,0.034482758620689655,0.9655172413793104,0.034482758620689655,7007,33.0,33.0,0,7007,28,0.00029429400000000007,0.008549880159786952,813.4608400919984,28.0,0.0,0.0,1.0,28.0,0.0,28.0,0.0,0.0,0.0
cache,100.0,weak,10,0,30,121.671,0.11907,0.02631,0.85462,0.65421,0.13698,29,24,0.1724137931034483,0.8275862068965517,0.1724137931034483,6005,33.0,33.0,0,6005,24,0.00025221,0.007462386271173903,710.1116946519712,24.0,0.0,0.0,5.0,24.0,0.0,24.0,0.0,0.0,0.0
cache,100.0,weak,11,1,4,26.961,0.15422,0.09425,0.75153,0.68299,0.0,4,4,0.0,1.0,0.0,1000,33.0,33.0,0,1000,4,4.2e-05,0.005608100589740737,534.1048180705463,4.0,0.0,0.0,0.0,4.0,0.0,4.0,0.0,0.0,0.0
cache,100.0,weak,12,0,30,111.111,0.05999,0.0,0.94001,0.59747,0.2266,29,25,0.13793103448275862,0.8620689655172413,0.13793103448275862,6251,33.0,33.0,0,6251,25,0.00026254200000000005,0.008506369306369308,810.0008100008099,25.0,0.0,0.0,4.0,25.0,0.0,25.0,0.0,0.0,0.0
cache,100.0,weak,13,0,30,121.638,0.02604,0.04368,0.93028,0.57755,0.10615,29,28,0.034482758620689655,0.9655172413793104,0.034482758620689655,7004,33.0,33.0,0,7004,28,0.000294168,0.00870620036501751,828.6884032950229,28.0,0.0,0.0,1.0,28.0,0.0,28.0,0.0,0.0,0.0
cache,100.0,weak,14,0,30,124.509,0.04188,0.0,0.95812,0.62185,0.27702,29,27,0.06896551724137931,0.9310344827586207,0.06896551724137931,6757,33.0,33.0,0,6757,27,0.00028379400000000003,0.00820549839770619,780.6664578464208,27.0,0.0,0.0,2.0,27.0,0.0,27.0,0.0,0.0,0.0
cache,100.0,weak,15,0,30,128.337,0.05786,0.01234,0.9298,0.5957,0.17885,29,23,0.2413793103448276,0.7586206896551724,0.20689655172413793,5757,33.0,33.0,0,5757,23,0.000241794,0.006782598938731622,645.1763715841886,22.0,0.0,0.0,6.0,23.0,0.0,23.0,0.0,0.0,0.0
cache,100.0,weak,16,0,30,126.588,0.06465,0.03206,0.90328,0.57969,0.14164,29,28,0.034482758620689655,0.9655172413793104,0.034482758620689655,7006,33.0,33.0,0,7006,28,0.000294252,0.008368148639681487,796.2840079628401,28.0,0.0,0.0,1.0,28.0,0.0,28.0,0.0,0.0,0.0
cache,100.0,weak,17,0,30,127.215,0.0332,0.0,0.9668,0.6679,0.40234,29,23,0.20689655172413793,0.7931034482758621,0.20689655172413793,5756,33.0,33.0,0,5756,23,0.000241752,0.0068412309869119205,650.8666430845419,23.0,0.0,0.0,6.0,23.0,0.0,23.0,0.0,0.0,0.0
cache,100.0,weak,18,1,16,90.816,0.04542,0.03634,0.91824,0.52207,0.0,16,15,0.0625,0.9375,0.0625,3755,33.0,33.0,0,3755,15,0.00015771,0.0062517177589852015,594.6088794926004,15.0,0.0,0.0,1.0,15.0,0.0,15.0,0.0,0.0,0.0
cache,100.0,weak,19,0,30,130.647,0.02728,0.0,0.97272,0.57111,0.23,29,22,0.27586206896551724,0.7241379310344828,0.2413793103448276,5506,33.0,33.0,0,5506,22,0.00023125200000000001,0.006372187650692324,606.2136903258399,21.0,0.0,0.0,7.0,22.0,0.0,22.0,0.0,0.0,0.0
cache,100.0,weak,20,0,30,127.248,0.16234,0.0,0.83766,0.71698,0.24084,29,27,0.06896551724137931,0.9310344827586207,0.06896551724137931,6755,33.0,33.0,0,6755,27,0.00028371000000000006,0.008026499434175783,763.8626933232742,27.0,0.0,0.0,2.0,27.0,0.0,27.0,0.0,0.0,0.0
cache,100.0,weak,21,1,6,38.082,0.14731,0.15511,0.69757,0.58589,0.0,6,5,0.3333333333333333,0.6666666666666666,0.16666666666666666,1250,33.0,33.0,0,1250,5,5.25e-05,0.004962974633685206,472.66425082716245,4.0,0.0,0.0,1.0,5.0,0.0,5.0,0.0,0.0,0.0
cache,100.0,weak,22,0,30,137.049,0.07055,0.0484,0.88105,0.56247,0.06496,29,29,0.0,1.0,0.0,7258,33.0,33.0,0,7258,29,0.000304836,0.008007425081540178,761.7713372589366,29.0,0.0,0.0,0.0,29.0,0.0,29.0,0.0,0.0,0.0
cache,100.0,weak,23,0,30,137.643,0.12323,0.03908,0.83769,0.55949,0.09067,29,26,0.10344827586206896,0.896551724137931,0.10344827586206896,6507,33.0,33.0,0,6507,26,0.00027329400000000004,0.007147900002179553,680.0200518733244,26.0,0.0,0.0,3.0,26.0,0.0,26.0,0.0,0.0,0.0
cache,100.0,weak,24,0,30,128.172,0.06952,0.0,0.93048,0.67156,0.24736,29,27,0.10344827586206896,0.896551724137931,0.06896551724137931,6756,33.0,33.0,0,6756,27,0.000283752,0.007969815560340793,758.3559591798521,26.0,0.0,0.0,2.0,27.0,0.0,27.0,0.0,0.0,0.0
cache,100.0,weak,25,0,30,119.064,0.06901,0.05626,0.87472,0.57577,0.11862,29,28,0.034482758620689655,0.9655172413793104,0.034482758620689655,7010,33.0,33.0,0,7010,28,0.00029442,0.008902035879862932,846.6035073573877,28.0,0.0,0.0,1.0,28.0,0.0,28.0,0.0,0.0,0.0
cache,100.0,weak,26,0,30,119.031,0.08872,0.0,0.91128,0.5433,0.23347,29,27,0.06896551724137931,0.9310344827586207,0.06896551724137931,6760,33.0,33.0,0,6760,27,0.00028392,0.008586939536759331,816.5939965219144,27.0,0.0,0.0,2.0,27.0,0.0,27.0,0.0,0.0,0.0
cache,100.0,weak,27,1,5,35.112,0.05733,0.15602,0.78665,0.46618,0.0,5,5,0.0,1.0,0.0,1250,33.0,33.0,0,1250,5,5.25e-05,0.005382775119617225,512.6452494873547,5.0,0.0,0.0,0.0,5.0,0.0,5.0,0.0,0.0,0.0
cache,100.0,weak,28,0,30,108.834,0.07004,0.04093,0.88902,0.5982,0.14095,29,26,0.10344827586206896,0.896551724137931,0.10344827586206896,6501,33.0,33.0,0,6501,26,0.00027304200000000003,0.009031655548817467,860.0253597221457,26.0,0.0,0.0,3.0,26.0,0.0,26.0,0.0,0.0,0.0
cache,100.0,weak,29,0,30,123.453,0.1529,0.0,0.8471,0.64737,0.21881,29,26,0.10344827586206896,0.896551724137931,0.10344827586206896,6507,33.0,33.0,0,6507,26,0.00027329400000000004,0.007969497703579501,758.1832762265801,26.0,0.0,0.0,3.0,26.0,0.0,26.0,0.0,0.0,0.0
cache,100.0,medium,0,0,30,102.465,0.05958,0.04283,0.89758,0.49258,0.14551,29,26,0.10344827586206896,0.896551724137931,0.10344827586206896,6501,33.0,33.0,0,6501,26,0.00027304200000000003,0.00959304347826087,913.4826526130873,26.0,0.0,0.0,3.0,26.0,0.0,26.0,0.0,0.0,0.0
cache,100.0,medium,1,0,30,105.336,0.12845,0.09743,0.77412,0.59376,0.03087,29,27,0.06896551724137931,0.9310344827586207,0.06896551724137931,6752,33.0,33.0,0,6752,27,0.00028358400000000003,0.009691866028708135,922.7614490772386,27.0,0.0,0.0,2.0,27.0,0.0,27.0,0.0,0.0,0.0
cache,100.0,medium,2,1,19,74.646,0.1649,0.04465,0.79045,0.64456,0.0,19,19,0.0,1.0,0.0,4753,33.0,33.0,0,4753,19,0.000199626,0.009627489751627681,916.3250542560886,19.0,0.0,0.0,0.0,19.0,0.0,19.0,0.0,0.0,0.0
cache,100.0,medium,3,0,30,104.676,0.09552,0.0,0.90448,0.67254,0.26596,29,25,0.1724137931034483,0.8275862068965517,0.13793103448275862,6255,33.0,33.0,0,6255,25,0.00026271000000000004,0.009035079674423937,859.7959417631548,24.0,0.0,0.0,4.0,25.0,0.0,25.0,0.0,0.0,0.0
cache,100.0,medium,4,0,30,99.528,0.16479,0.04808,0.78714,0.58311,0.1342,29,24,0.1724137931034483,0.8275862068965517,0.1724137931034483,6003,33.0,33.0,0,6003,24,0.000252126,0.00911958041958042,868.0974198215578,24.0,0.0,0.0,5.0,24.0,0.0,24.0,0.0,0.0,0.0
cache,100.0,medium,5,1,28,110.55,0.09045,0.0197,0.88985,0.65447,0.0,28,25,0.14285714285714285,0.8571428571428571,0.10714285714285714,6254,33.0,33.0,0,6254,25,0.000262668,0.008553639077340571,814.1112618724559,24.0,0.0,0.0,3.0,25.0,0.0,25.0,0.0,0.0,0.0
cache,100.0,medium,6,0,30,100.98,0.07484,0.01863,0.90654,0.54354,0.15557,29,27,0.06896551724137931,0.9310344827586207,0.06896551724137931,6753,33.0,33.0,0,6753,27,0.00028362600000000004,0.01011144385026738,962.5668449197861,27.0,0.0,0.0,2.0,27.0,0.0,27.0,0.0,0.0,0.0
cache,100.0,medium,7,0,30,99.858,0.06642,0.13781,0.79577,0.54219,0.04368,29,26,0.10344827586206896,0.896551724137931,0.10344827586206896,6503,33.0,33.0,0,6503,26,0.00027312600000000005,0.00984651805563901,937.3310100342486,26.0,0.0,0.0,3.0,26.0,0.0,26.0,0.0,0.0,0.0
cache,100.0,medium,8,0,30,110.187,0.07697,0.00359,0.91944,0.59899,0.19431,29,26,0.13793103448275862,0.8620689655172413,0.10344827586206896,6507,33.0,33.0,0,6507,26,0.00027329400000000004,0.008928987993138938,849.4650004083967,25.0,0.0,0.0,3.0,26.0,0.0,26.0,0.0,0.0,0.0
cache,100.0,medium,9,1,8,35.112,0.19549,0.07519,0.72932,0.58886,0.0,8,8,0.0,1.0,0.0,2001,33.0,33.0,0,2001,8,8.4042e-05,0.008616746411483254,820.2323991797675,8.0,0.0,0.0,0.0,8.0,0.0,8.0,0.0,0.0,0.0
cache,100.0,medium,10,0,30,96.591,0.07482,0.03348,0.8917,0.6571,0.05826,29,26,0.10344827586206896,0.896551724137931,0.10344827586206896,6499,33.0,33.0,0,6499,26,0.000272958,0.01017329564866292,969.0343820852875,26.0,0.0,0.0,3.0,26.0,0.0,26.0,0.0,0.0,0.0
cache,100.0,medium,11,0,30,105.303,0.12817,0.07114,0.80069,0.5043,0.06358,29,28,0.10344827586206896,0.896551724137931,0.034482758620689655,7010,33.0,33.0,0,7010,28,0.00029442,0.010065354263411298,957.2376855360246,26.0,0.0,0.0,1.0,28.0,0.0,28.0,0.0,0.0,0.0
cache,100.0,medium,12,0,30,100.452,0.12878,0.04468,0.82654,0.6111,0.13906,29,26,0.13793103448275862,0.8620689655172413,0.10344827586206896,6504,33.0,33.0,0,6504,26,0.000273168,0.009789798112531358,931.7883168080278,25.0,0.0,0.0,3.0,26.0,0.0,26.0,0.0,0.0,0.0
cache,100.0,medium,13,0,30,102.168,0.07913,0.05362,0.86725,0.50853,0.04562,29,27,0.06896551724137931,0.9310344827586207,0.06896551724137931,6757,33.0,33.0,0,6757,27,0.00028379400000000003,0.009999788583509514,951.3742071881607,27.0,0.0,0.0,2.0,27.0,0.0,27.0,0.0,0.0,0.0
cache,100.0,medium,14,0,30,94.314,0.11267,0.09797,0.78936,0.61166,0.03462,29,26,0.10344827586206896,0.896551724137931,0.10344827586206896,6503,33.0,33.0,0,6503,26,0.00027312600000000005,0.01042531967682423,992.4295438641135,26.0,0.0,0.0,3.0,26.0,0.0,26.0,0.0,0.0,0.0
cache,100.0,medium,15,0,30,109.23,0.029,0.0,0.971,0.63284,0.27124,29,23,0.20689655172413793,0.7931034482758621,0.20689655172413793,5757,33.0,33.0,0,5757,23,0.000241794,0.007969041472123043,758.0335072782202,23.0,0.0,0.0,6.0,23.0,0.0,23.0,0.0,0.0,0.0
cache,100.0,medium,16,0,30,101.673,0.07562,0.0,0.92438,0.62136,0.23254,29,22,0.2413793103448276,0.7586206896551724,0.2413793103448276,5506,33.0,33.0,0,5506,22,0.00023125200000000001,0.008188085332389131,778.9678675754625,22.0,0.0,0.0,7.0,22.0,0.0,22.0,0.0,0.0,0.0
cache,100.0,medium,17,0,30,112.002,0.06453,0.0,0.93547,0.67977,0.37554,29,21,0.3103448275862069,0.6896551724137931,0.27586206896551724,5258,33.0,33.0,0,5258,21,0.00022083600000000002,0.007098173246906306,674.98794664381,20.0,0.0,0.0,8.0,21.0,0.0,21.0,0.0,0.0,0.0
cache,100.0,medium,18,0,30,98.043,0.08415,0.01885,0.897,0.63285,0.10527,29,27,0.06896551724137931,0.9310344827586207,0.06896551724137931,6756,33.0,33.0,0,6756,27,0.000283752,0.010418971267709066,991.401731893149,27.0,0.0,0.0,2.0,27.0,0.0,27.0,0.0,0.0,0.0
cache,100.0,medium,19,1,10,42.306,0.17551,0.07332,0.75117,0.58103,0.0,10,9,0.1,0.9,0.1,2251,33.0,33.0,0,2251,9,9.4542e-05,0.008044986526733798,765.8488157708127,9.0,0.0,0.0,1.0,9.0,0.0,9.0,0.0,0.0,0.0
cache,100.0,medium,20,0,30,100.122,0.0768,0.06427,0.85893,0.57949,0.03975,29,26,0.10344827586206896,0.896551724137931,0.10344827586206896,6506,33.0,33.0,0,6506,26,0.00027325200000000003,0.009825085395817104,934.8594714448374,26.0,0.0,0.0,3.0,26.0,0.0,26.0,0.0,0.0,0.0
cache,100.0,medium,21,1,8,35.97,0.3,0.15505,0.54495,0.61205,0.0,8,8,0.0,1.0,0.0,2000,33.0,33.0,0,2000,8,8.4e-05,0.008407005838198499,800.6672226855713,8.0,0.0,0.0,0.0,8.0,0.0,8.0,0.0,0.0,0.0
cache,100.0,medium,22,0,30,106.227,0.05809,0.0,0.94191,0.67857,0.40956,29,23,0.20689655172413793,0.7931034482758621,0.20689655172413793,5750,33.0,33.0,0,5750,23,0.00024150000000000002,0.00818435990849784,779.4628484283656,23.0,0.0,0.0,6.0,23.0,0.0,23.0,0.0,0.0,0.0
cache,100.0,medium,23,0,30,102.465,0.05475,0.0,0.94525,0.61797,0.23188,29,24,0.20689655172413793,0.7931034482758621,0.1724137931034483,6006,33.0,33.0,0,6006,24,0.000252252,0.008862608695652174,843.2147562582345,23.0,0.0,0.0,5.0,24.0,0.0,24.0,0.0,0.0,0.0
cache,100.0,medium,24,0,30,100.947,0.08173,0.05884,0.85943,0.62349,0.09873,29,29,0.0,1.0,0.0,7252,33.0,33.0,0,7252,29,0.000304584,0.010862159350946535,1034.2060685310114,29.0,0.0,0.0,0.0,29.0,0.0,29.0,0.0,0.0,0.0
cache,100.0,medium,25,1,10,40.953,0.23288,0.18211,0.58501,0.62563,0.0,10,10,0.1,0.9,0.0,2501,33.0,33.0,0,2501,10,0.000105042,0.009233785070690791,879.0564793788001,9.0,0.0,0.0,0.0,10.0,0.0,10.0,0.0,0.0,0.0
cache,100.0,medium,26,0,30,101.904,0.21146,0.0,0.78854,0.69021,0.26125,29,24,0.1724137931034483,0.8275862068965517,0.1724137931034483,6004,33.0,33.0,0,6004,24,0.000252168,0.00890843146490815,847.8568064060292,24.0,0.0,0.0,5.0,24.0,0.0,24.0,0.0,0.0,0.0
cache,100.0,medium,27,0,30,103.323,0.05781,0.01246,0.92973,0.60026,0.14497,29,26,0.10344827586206896,0.896551724137931,0.10344827586206896,6502,33.0,33.0,0,6502,26,0.000273084,0.0095148456781162,905.897041317035,26.0,0.0,0.0,3.0,26.0,0.0,26.0,0.0,0.0,0.0
cache,100.0,medium,28,0,30,104.973,0.10909,0.01823,0.87268,0.59461,0.0796,29,28,0.034482758620689655,0.9655172413793104,0.034482758620689655,7007,33.0,33.0,0,7007,28,0.00029429400000000007,0.010092675259352406,960.2469206367352,28.0,0.0,0.0,1.0,28.0,0.0,28.0,0.0,0.0,0.0
cache,100.0,medium,29,0,30,110.352,0.0619,0.0,0.9381,0.68721,0.31099,29,22,0.27586206896551724,0.7241379310344828,0.2413793103448276,5505,33.0,33.0,0,5505,22,0.00023121,0.0075427359721618095,717.7033492822967,21.0,0.0,0.0,7.0,22.0,0.0,22.0,0.0,0.0,0.0
cache,100.0,strong,0,0,30,87.681,0.17501,0.03161,0.79338,0.6287,0.14654,29,28,0.034482758620689655,0.9655172413793104,0.034482758620689655,7007,33.0,33.0,0,7007,28,0.00029429400000000007,0.01208310124200226,1149.6219249324254,28.0,0.0,0.0,1.0,28.0,0.0,28.0,0.0,0.0,0.0
cache,100.0,strong,1,0,30,83.325,0.20198,0.01109,0.78693,0.7038,0.17787,29,27,0.10344827586206896,0.896551724137931,0.06896551724137931,6757,33.0,33.0,0,6757,27,0.00028379400000000003,0.01226112691269127,1166.5166516651664,26.0,0.0,0.0,2.0,27.0,0.0,27.0,0.0,0.0,0.0
cache,100.0,strong,2,0,30,89.595,0.1326,0.0,0.8674,0.68957,0.26395,29,27,0.06896551724137931,0.9310344827586207,0.06896551724137931,6763,33.0,33.0,0,6763,27,0.000284046,0.011413199397287795,1084.8819688598694,27.0,0.0,0.0,2.0,27.0,0.0,27.0,0.0,0.0,0.0
cache,100.0,strong,3,0,30,88.605,0.0797,0.0,0.9203,0.75829,0.46796,29,25,0.13793103448275862,0.8620689655172413,0.13793103448275862,6254,33.0,33.0,0,6254,25,0.000262668,0.010672138141188421,1015.744032503809,25.0,0.0,0.0,4.0,25.0,0.0,25.0,0.0,0.0,0.0
cache,100.0,strong,4,0,30,87.153,0.19159,0.0,0.80841,0.65921,0.20299,29,27,0.13793103448275862,0.8620689655172413,0.06896551724137931,6755,33.0,33.0,0,6755,27,0.00028371000000000006,0.011719114660424771,1115.2800247840005,25.0,0.0,0.0,2.0,27.0,0.0,27.0,0.0,0.0,0.0
cache,100.0,strong,5,0,30,94.809,0.1441,0.0094,0.8465,0.67396,0.18079,29,27,0.06896551724137931,0.9310344827586207,0.06896551724137931,6761,33.0,33.0,0,6761,27,0.00028396200000000007,0.0107823434484068,1025.219124766636,27.0,0.0,0.0,2.0,27.0,0.0,27.0,0.0,0.0,0.0
cache,100.0,strong,6,0,30,86.064,0.16449,0.0,0.83551,0.70079,0.21795,29,29,0.0,1.0,0.0,7252,33.0,33.0,0,7252,29,0.000304584,0.012740546569994423,1213.0507529280535,29.0,0.0,0.0,0.0,29.0,0.0,29.0,0.0,0.0,0.0
cache,100.0,strong,7,0,30,93.357,0.10251,0.0,0.89749,0.57991,0.24442,29,26,0.10344827586206896,0.896551724137931,0.10344827586206896,6508,33.0,33.0,0,6508,26,0.000273336,0.010540287284295768,1002.6029114046081,26.0,0.0,0.0,3.0,26.0,0.0,26.0,0.0,0.0,0.0
cache,100.0,strong,8,0,30,89.694,0.12914,0.05004,0.82082,0.60421,0.11594,29,28,0.034482758620689655,0.9655172413793104,0.034482758620689655,7003,33.0,33.0,0,7003,28,0.000294126,0.011805177603853101,1123.8209913706603,28.0,0.0,0.0,1.0,28.0,0.0,28.0,0.0,0.0,0.0
cache,100.0,strong,9,0,30,89.397,0.17829,0.04282,0.77889,0.62331,0.11887,29,28,0.034482758620689655,0.9655172413793104,0.034482758620689655,7009,33.0,33.0,0,7009,28,0.00029437800000000003,0.011854545454545456,1127.5546159267087,28.0,0.0,0.0,1.0,28.0,0.0,28.0,0.0,0.0,0.0
cache,100.0,strong,10,1,22,69.267,0.1758,0.18152,0.64269,0.51372,0.0,22,22,0.0,1.0,0.0,5504,33.0,33.0,0,5504,22,0.000231168,0.01201444843865044,1143.4016198189613,22.0,0.0,0.0,0.0,22.0,0.0,22.0,0.0,0.0,0.0
cache,100.0,strong,11,0,30,85.899,0.15482,0.0,0.84518,0.64129,0.26578,29,28,0.034482758620689655,0.9655172413793104,0.034482758620689655,7004,33.0,33.0,0,7004,28,0.000294168,0.012328488108126985,1173.4711696294485,28.0,0.0,0.0,1.0,28.0,0.0,28.0,0.0,0.0,0.0
cache,100.0,strong,12,0,30,90.123,0.13475,0.0,0.86525,0.61065,0.27643,29,29,0.0,1.0,0.0,7265,33.0,33.0,0,7265,29,0.00030513,0.012188542325488497,1158.4168303318797,29.0,0.0,0.0,0.0,29.0,0.0,29.0,0.0,0.0,0.0
cache,100.0,strong,13,0,30,80.157,0.16591,0.0,0.83409,0.68955,0.34729,29,27,0.06896551724137931,0.9310344827586207,0.06896551724137931,6754,33.0,33.0,0,6754,27,0.000283668,0.012740057636887608,1212.6202327931435,27.0,0.0,0.0,2.0,27.0,0.0,27.0,0.0,0.0,0.0
cache,100.0,strong,14,0,30,85.734,0.17129,0.00577,0.82294,0.60189,0.1861,29,28,0.06896551724137931,0.9310344827586207,0.034482758620689655,7009,33.0,33.0,0,7009,28,0.00029437800000000003,0.012361032962418646,1175.729582196095,27.0,0.0,0.0,1.0,28.0,0.0,28.0,0.0,0.0,0.0
cache,100.0,strong,15,0,30,95.7,0.07655,0.0,0.92345,0.56834,0.25773,29,27,0.1724137931034483,0.8275862068965517,0.06896551724137931,6758,33.0,33.0,0,6758,27,0.00028383600000000004,0.01067721630094044,1015.6739811912224,24.0,0.0,0.0,2.0,27.0,0.0,27.0,0.0,0.0,0.0
cache,100.0,strong,16,0,30,87.615,0.13183,0.0,0.86817,0.60206,0.23269,29,26,0.10344827586206896,0.896551724137931,0.10344827586206896,6510,33.0,33.0,0,6510,26,0.00027342,0.01123451463790447,1068.3102208525938,26.0,0.0,0.0,3.0,26.0,0.0,26.0,0.0,0.0,0.0
cache,100.0,strong,17,1,27,87.021,0.15131,0.11528,0.73341,0.63255,0.0,27,25,0.07407407407407407,0.9259259259259259,0.07407407407407407,6258,33.0,33.0,0,6258,25,0.000262836,0.01087334781259696,1034.233116144379,25.0,0.0,0.0,2.0,25.0,0.0,25.0,0.0,0.0,0.0
cache,100.0,strong,18,0,30,84.612,0.15445,0.04602,0.79953,0.52745,0.11869,29,25,0.13793103448275862,0.8620689655172413,0.13793103448275862,6253,33.0,33.0,0,6253,25,0.000262626,0.011173989505034747,1063.6789107927953,25.0,0.0,0.0,4.0,25.0,0.0,25.0,0.0,0.0,0.0
cache,100.0,strong,19,0,30,82.038,0.16533,0.0,0.83467,0.68601,0.26109,29,27,0.06896551724137931,0.9310344827586207,0.06896551724137931,6755,33.0,33.0,0,6755,27,0.00028371000000000006,0.012449791560008779,1184.8167922182404,27.0,0.0,0.0,2.0,27.0,0.0,27.0,0.0,0.0,0.0
cache,100.0,strong,20,0,30,87.054,0.12737,0.0,0.87263,0.64729,0.27496,29,26,0.10344827586206896,0.896551724137931,0.10344827586206896,6505,33.0,33.0,0,6505,26,0.00027321,0.011298228685643395,1075.1947067337514,26.0,0.0,0.0,3.0,26.0,0.0,26.0,0.0,0.0,0.0
cache,100.0,strong,21,0,30,89.331,0.13779,0.01182,0.85039,0.59645,0.13238,29,25,0.20689655172413793,0.7931034482758621,0.13793103448275862,6259,33.0,33.0,0,6259,25,0.000262878,0.01059386775027706,1007.4890015783993,23.0,0.0,0.0,4.0,25.0,0.0,25.0,0.0,0.0,0.0
cache,100.0,strong,22,0,30,92.565,0.10089,0.05668,0.84242,0.52974,0.11125,29,26,0.10344827586206896,0.896551724137931,0.10344827586206896,6505,33.0,33.0,0,6505,26,0.00027321,0.010625571220223628,1011.1813320369471,26.0,0.0,0.0,3.0,26.0,0.0,26.0,0.0,0.0,0.0
cache,100.0,strong,23,0,30,90.519,0.15859,0.0062,0.83522,0.62852,0.17578,29,28,0.034482758620689655,0.9655172413793104,0.034482758620689655,7010,33.0,33.0,0,7010,28,0.00029442,0.011709276505485035,1113.5783647631988,28.0,0.0,0.0,1.0,28.0,0.0,28.0,0.0,0.0,0.0
cache,100.0,strong,24,0,30,85.305,0.14971,0.0,0.85029,0.66803,0.35508,29,25,0.13793103448275862,0.8620689655172413,0.13793103448275862,6253,33.0,33.0,0,6253,25,0.000262626,0.011083214348514154,1055.0378055213646,25.0,0.0,0.0,4.0,25.0,0.0,25.0,0.0,0.0,0.0
cache,100.0,strong,25,1,23,76.626,0.16451,0.06029,0.77519,0.491,0.0,23,23,0.08695652173913043,0.9130434782608695,0.0,5763,33.0,33.0,0,5763,23,0.00024204600000000002,0.011371670190274841,1080.5731735964293,21.0,0.0,0.0,0.0,23.0,0.0,23.0,0.0,0.0,0.0
cache,100.0,strong,26,0,30,90.123,0.13292,0.01318,0.8539,0.64767,0.12273,29,26,0.13793103448275862,0.8620689655172413,0.10344827586206896,6509,33.0,33.0,0,6509,26,0.00027337800000000006,0.01092019573249892,1038.580606504444,25.0,0.0,0.0,3.0,26.0,0.0,26.0,0.0,0.0,0.0
cache,100.0,strong,27,0,30,101.706,0.06976,0.00909,0.92116,0.63085,0.14749,29,28,0.034482758620689655,0.9655172413793104,0.034482758620689655,7016,33.0,33.0,0,7016,28,0.000294672,0.010430251902542624,991.0919709751637,28.0,0.0,0.0,1.0,28.0,0.0,28.0,0.0,0.0,0.0
cache,100.0,strong,28,0,30,88.506,0.14691,0.0,0.85309,0.62643,0.26121,29,27,0.1724137931034483,0.8275862068965517,0.06896551724137931,6762,33.0,33.0,0,6762,27,0.00028400400000000003,0.011551921903599757,1098.2306284319707,24.0,0.0,0.0,2.0,27.0,0.0,27.0,0.0,0.0,0.0
cache,100.0,strong,29,0,30,85.008,0.12927,0.0,0.87073,0.74835,0.40126,29,27,0.10344827586206896,0.896551724137931,0.06896551724137931,6752,33.0,33.0,0,6752,27,0.00028358400000000003,0.012009486166007907,1143.4217955957088,26.0,0.0,0.0,2.0,27.0,0.0,27.0,0.0,0.0,0.0
cache,250.0,weak,0,0,30,126.456,0.03914,0.01592,0.94494,0.65875,0.04789,29,23,0.7931034482758621,0.20689655172413793,0.20689655172413793,5752,33.0,33.0,0,5752,23,0.000241584,0.006877509963940026,654.7732017460619,6.0,0.0,0.0,6.0,23.0,0.0,23.0,0.0,0.0,0.0
cache,250.0,weak,1,0,30,126.984,0.18425,0.0,0.81575,0.77887,0.28678,29,23,0.7586206896551724,0.2413793103448276,0.20689655172413793,5754,33.0,33.0,0,5754,23,0.000241668,0.006851294651294652,652.050652050652,7.0,0.0,0.0,6.0,23.0,0.0,23.0,0.0,0.0,0.0
cache,250.0,weak,2,1,3,26.334,0.14536,0.5213,0.33333,0.37053,0.0,3,3,1.0,0.0,0.0,751,33.0,33.0,0,751,3,3.1542000000000004e-05,0.004311961722488039,410.1161995898838,0.0,0.0,0.0,0.0,3.0,0.0,3.0,0.0,0.0,0.0
cache,250.0,weak,3,1,28,122.694,0.10301,0.02797,0.86902,0.63882,0.0,28,26,0.6785714285714286,0.32142857142857145,0.07142857142857142,6502,33.0,33.0,0,6502,26,0.000273084,0.008012636314734216,762.8734901462175,9.0,0.0,0.0,2.0,26.0,0.0,26.0,0.0,0.0,0.0
cache,250.0,weak,4,1,19,84.909,0.08434,0.09444,0.82122,0.51134,0.0,19,19,0.631578947368421,0.3684210526315789,0.0,4753,33.0,33.0,0,4753,19,0.000199626,0.008463809490160054,805.5683143129703,7.0,0.0,0.0,0.0,19.0,0.0,19.0,0.0,0.0,0.0
cache,250.0,weak,5,1,3,22.176,0.09077,0.14732,0.7619,0.60168,0.0,3,3,1.0,0.0,0.0,750,33.0,33.0,0,750,3,3.150000000000001e-05,0.0051136363636363645,487.012987012987,0.0,0.0,0.0,0.0,3.0,0.0,3.0,0.0,0.0,0.0
cache,250.0,weak,6,0,30,131.34,0.06508,0.0,0.93492,0.60484,0.2526,29,28,0.6896551724137931,0.3103448275862069,0.034482758620689655,7008,33.0,33.0,0,7008,28,0.000294336,0.00806768387391503,767.4737322978528,9.0,0.0,0.0,1.0,28.0,0.0,28.0,0.0,0.0,0.0
cache,250.0,weak,7,1,17,82.83,0.08207,0.049,0.86892,0.65304,0.0,17,16,0.8235294117647058,0.17647058823529413,0.058823529411764705,4002,33.0,33.0,0,4002,16,0.000168084,0.007305353132922855,695.4002173125679,3.0,0.0,0.0,1.0,16.0,0.0,16.0,0.0,0.0,0.0
cache,250.0,weak,8,0,30,130.713,0.0409,0.0,0.9591,0.67156,0.38443,29,22,0.7241379310344828,0.27586206896551724,0.2413793103448276,5505,33.0,33.0,0,5505,22,0.00023121,0.006367813453902826,605.9075990911386,8.0,0.0,0.0,7.0,22.0,0.0,22.0,0.0,0.0,0.0
cache,250.0,weak,9,1,7,36.531,0.2439,0.04155,0.71454,0.7808,0.0,7,7,0.7142857142857143,0.2857142857142857,0.0,1750,33.0,33.0,0,1750,7,7.35e-05,0.007243163340724316,689.8250800689825,2.0,0.0,0.0,0.0,7.0,0.0,7.0,0.0,0.0,0.0
cache,250.0,weak,10,1,23,106.359,0.0996,0.02575,0.87465,0.64569,0.0,23,20,0.8260869565217391,0.17391304347826086,0.13043478260869565,5005,33.0,33.0,0,5005,20,0.00021021,0.0071151101458268706,676.9525851126843,4.0,0.0,0.0,3.0,20.0,0.0,20.0,0.0,0.0,0.0
cache,250.0,weak,11,0,30,132.528,0.05428,0.0,0.94572,0.58101,0.2287,29,21,0.6206896551724138,0.3793103448275862,0.27586206896551724,5254,33.0,33.0,0,5254,21,0.000220668,0.005994241216950381,570.4454907642158,11.0,0.0,0.0,8.0,21.0,0.0,21.0,0.0,0.0,0.0
cache,250.0,weak,12,0,30,128.238,0.07849,0.0,0.92151,0.63844,0.26953,29,23,0.7586206896551724,0.2413793103448276,0.20689655172413793,5758,33.0,33.0,0,5758,23,0.00024183600000000002,0.006789014176765079,645.6744490712581,7.0,0.0,0.0,6.0,23.0,0.0,23.0,0.0,0.0,0.0
cache,250.0,weak,13,0,30,129.954,0.04698,0.03174,0.92128,0.57207,0.0972,29,28,0.6896551724137931,0.3103448275862069,0.034482758620689655,7009,33.0,33.0,0,7009,28,0.00029437800000000003,0.00815489173092017,775.659079366545,9.0,0.0,0.0,1.0,28.0,0.0,28.0,0.0,0.0,0.0
cache,250.0,weak,14,0,30,122.1,0.02514,0.0,0.97486,0.63804,0.26167,29,24,0.6551724137931034,0.3448275862068966,0.1724137931034483,6009,33.0,33.0,0,6009,24,0.000252378,0.007441120393120394,707.6167076167077,10.0,0.0,0.0,5.0,24.0,0.0,24.0,0.0,0.0,0.0
cache,250.0,weak,15,0,30,116.226,0.02839,0.0,0.97161,0.63494,0.21492,29,22,0.7586206896551724,0.2413793103448276,0.2413793103448276,5503,33.0,33.0,0,5503,22,0.000231126,0.007158928294873782,681.4310051107325,7.0,0.0,0.0,7.0,22.0,0.0,22.0,0.0,0.0,0.0
cache,250.0,weak,16,1,24,110.55,0.04746,0.01403,0.93851,0.53309,0.0,24,20,0.625,0.375,0.16666666666666666,5004,33.0,33.0,0,5004,20,0.000210168,0.006844005427408413,651.2890094979648,9.0,0.0,0.0,4.0,20.0,0.0,20.0,0.0,0.0,0.0
cache,250.0,weak,17,0,30,121.704,0.01654,0.04908,0.93438,0.51869,0.01744,29,27,0.7241379310344828,0.27586206896551724,0.06896551724137931,6754,33.0,33.0,0,6754,27,0.000283668,0.008390889370932755,798.6590416091501,8.0,0.0,0.0,2.0,27.0,0.0,27.0,0.0,0.0,0.0
cache,250.0,weak,18,0,30,129.294,0.05692,0.11001,0.83308,0.54891,0.03537,29,25,0.6896551724137931,0.3103448275862069,0.13793103448275862,6255,33.0,33.0,0,6255,25,0.00026271000000000004,0.007314770987052765,696.0879855213699,9.0,0.0,0.0,4.0,25.0,0.0,25.0,0.0,0.0,0.0
cache,250.0,weak,19,0,30,123.288,0.02837,0.05139,0.92024,0.51758,0.09758,29,27,0.6206896551724138,0.3793103448275862,0.06896551724137931,6756,33.0,33.0,0,6756,27,0.000283752,0.00828553630523652,788.3978976056064,11.0,0.0,0.0,2.0,27.0,0.0,27.0,0.0,0.0,0.0
cache,250.0,weak,20,0,30,122.793,0.10185,0.0,0.89815,0.70456,0.42609,29,24,0.6551724137931034,0.3448275862068966,0.1724137931034483,6002,33.0,33.0,0,6002,24,0.000252084,0.007390505973467544,703.623170701913,10.0,0.0,0.0,5.0,24.0,0.0,24.0,0.0,0.0,0.0
cache,250.0,weak,21,0,30,134.178,0.02804,0.0,0.97196,0.63468,0.32419,29,24,0.6551724137931034,0.3448275862068966,0.1724137931034483,6008,33.0,33.0,0,6008,24,0.00025233600000000003,0.006770182891383089,643.9207619729017,10.0,0.0,0.0,5.0,24.0,0.0,24.0,0.0,0.0,0.0
cache,250.0,weak,22,1,24,111.936,0.05631,0.01445,0.92925,0.54909,0.0,24,19,0.7083333333333334,0.2916666666666667,0.20833333333333334,4751,33.0,33.0,0,4751,19,0.000199542,0.006417517152658662,611.0634648370498,7.0,0.0,0.0,5.0,19.0,0.0,19.0,0.0,0.0,0.0
cache,250.0,weak,23,1,7,32.901,0.12337,0.29087,0.58576,0.48381,0.0,7,7,0.5714285714285714,0.42857142857142855,0.0,1750,33.0,33.0,0,1750,7,7.35e-05,0.008042308744415062,765.9341661347678,3.0,0.0,0.0,0.0,7.0,0.0,7.0,0.0,0.0,0.0
cache,250.0,weak,24,1,19,84.15,0.08549,0.01529,0.89922,0.68918,0.0,19,17,0.7368421052631579,0.2631578947368421,0.10526315789473684,4251,33.0,33.0,0,4251,17,0.000178542,0.007638160427807487,727.2727272727273,5.0,0.0,0.0,2.0,17.0,0.0,17.0,0.0,0.0,0.0
cache,250.0,weak,25,0,30,112.002,0.05392,0.0,0.94608,0.70863,0.4225,29,29,0.5172413793103449,0.4827586206896552,0.0,7254,33.0,33.0,0,7254,29,0.000304668,0.009792725129908397,932.126212031928,14.0,0.0,0.0,0.0,29.0,0.0,29.0,0.0,0.0,0.0
cache,250.0,weak,26,1,26,114.048,0.03791,0.01128,0.95081,0.55772,0.0,26,24,0.6538461538461539,0.34615384615384615,0.07692307692307693,6007,33.0,33.0,0,6007,24,0.000252294,0.007963825757575758,757.5757575757575,9.0,0.0,0.0,2.0,24.0,0.0,24.0,0.0,0.0,0.0
cache,250.0,weak,27,0,30,132.627,0.02662,0.0,0.97338,0.62943,0.38017,29,21,0.7586206896551724,0.2413793103448276,0.27586206896551724,5255,33.0,33.0,0,5255,21,0.00022071000000000002,0.005990906828926237,570.0196792508312,7.0,0.0,0.0,8.0,21.0,0.0,21.0,0.0,0.0,0.0
cache,250.0,weak,28,0,30,130.185,0.11635,0.0,0.88365,0.75507,0.23779,29,25,0.7241379310344828,0.27586206896551724,0.13793103448275862,6256,33.0,33.0,0,6256,25,0.000262752,0.0072658693397856895,691.3238852402351,8.0,0.0,0.0,4.0,25.0,0.0,25.0,0.0,0.0,0.0
cache,250.0,weak,29,1,15,70.587,0.10379,0.2029,0.69331,0.55002,0.0,15,14,0.7333333333333333,0.26666666666666666,0.06666666666666667,3502,33.0,33.0,0,3502,14,0.000147084,0.007501415274767307,714.0124952186662,4.0,0.0,0.0,1.0,14.0,0.0,14.0,0.0,0.0,0.0
cache,250.0,medium,0,0,30,100.782,0.06189,0.04977,0.88834,0.62463,0.04351,29,26,0.6896551724137931,0.3103448275862069,0.10344827586206896,6504,33.0,33.0,0,6504,26,0.000273168,0.009757742454009646,928.7372745133059,9.0,0.0,0.0,3.0,26.0,0.0,26.0,0.0,0.0,0.0
cache,250.0,medium,1,0,30,96.921,0.11713,0.0,0.88287,0.65999,0.23596,29,26,0.5862068965517241,0.41379310344827586,0.10344827586206896,6508,33.0,33.0,0,6508,26,0.000273336,0.01015269755780481,965.7349800352865,12.0,0.0,0.0,3.0,26.0,0.0,26.0,0.0,0.0,0.0
cache,250.0,medium,2,1,19,72.27,0.1758,0.01553,0.80868,0.7258,0.0,19,18,0.631578947368421,0.3684210526315789,0.05263157894736842,4502,33.0,33.0,0,4502,18,0.000189084,0.009418879202988792,896.6376089663762,7.0,0.0,0.0,1.0,18.0,0.0,18.0,0.0,0.0,0.0
cache,250.0,medium,3,1,9,37.257,0.10363,0.18512,0.71125,0.4379,0.0,9,9,0.7777777777777778,0.2222222222222222,0.0,2250,33.0,33.0,0,2250,9,9.45e-05,0.009131169981479993,869.6352363314278,2.0,0.0,0.0,0.0,9.0,0.0,9.0,0.0,0.0,0.0
cache,250.0,medium,4,1,9,34.98,0.28868,0.04528,0.66604,0.74419,0.0,9,8,0.6666666666666666,0.3333333333333333,0.1111111111111111,1999,33.0,33.0,0,1999,8,8.3958e-05,0.008640617495711836,823.3276157804461,3.0,0.0,0.0,1.0,8.0,0.0,8.0,0.0,0.0,0.0
cache,250.0,medium,5,0,30,107.085,0.14083,0.0151,0.84407,0.612,0.16894,29,27,0.7241379310344828,0.27586206896551724,0.06896551724137931,6760,33.0,33.0,0,6760,27,0.00028392,0.009544866227762992,907.6901526824485,8.0,0.0,0.0,2.0,27.0,0.0,27.0,0.0,0.0,0.0
cache,250.0,medium,6,0,30,96.921,0.08648,0.01975,0.89377,0.64488,0.12577,29,29,0.5862068965517241,0.41379310344827586,0.0,7255,33.0,33.0,0,7255,29,0.00030471000000000003,0.011318042529482774,1077.165939270127,12.0,0.0,0.0,0.0,29.0,0.0,29.0,0.0,0.0,0.0
cache,250.0,medium,7,0,30,105.138,0.06152,0.0,0.93848,0.68517,0.32861,29,29,0.5172413793103449,0.4827586206896552,0.0,7258,33.0,33.0,0,7258,29,0.000304836,0.010437801746276322,992.9806539976031,14.0,0.0,0.0,0.0,29.0,0.0,29.0,0.0,0.0,0.0
cache,250.0,medium,8,0,30,108.735,0.10228,0.0,0.89772,0.76012,0.36538,29,25,0.8620689655172413,0.13793103448275862,0.13793103448275862,6252,33.0,33.0,0,6252,25,0.000262584,0.008693634984135742,827.7003724651676,4.0,0.0,0.0,4.0,25.0,0.0,25.0,0.0,0.0,0.0
cache,250.0,medium,9,0,30,105.897,0.08601,0.0,0.91399,0.66615,0.24703,29,27,0.7241379310344828,0.27586206896551724,0.06896551724137931,6756,33.0,33.0,0,6756,27,0.000283752,0.009646233604351398,917.8730275645203,8.0,0.0,0.0,2.0,27.0,0.0,27.0,0.0,0.0,0.0
cache,250.0,medium,10,0,30,111.87,0.03894,0.0,0.96106,0.67015,0.34283,29,28,0.6551724137931034,0.3448275862068966,0.034482758620689655,7004,33.0,33.0,0,7004,28,0.000294168,0.009466387771520514,901.0458567980692,10.0,0.0,0.0,1.0,28.0,0.0,28.0,0.0,0.0,0.0
cache,250.0,medium,11,1,16,57.981,0.144,0.01707,0.83893,0.64732,0.0,16,16,0.6875,0.3125,0.0,4001,33.0,33.0,0,4001,16,0.000168042,0.01043361101050344,993.4288818750969,5.0,0.0,0.0,0.0,16.0,0.0,16.0,0.0,0.0,0.0
cache,250.0,medium,12,0,30,104.742,0.11657,0.0,0.88343,0.72827,0.45841,29,22,0.7586206896551724,0.2413793103448276,0.2413793103448276,5503,33.0,33.0,0,5503,22,0.000231126,0.007943839147619865,756.1436672967864,7.0,0.0,0.0,7.0,22.0,0.0,22.0,0.0,0.0,0.0
cache,250.0,medium,13,0,30,93.951,0.11029,0.00983,0.87987,0.69167,0.14928,29,28,0.5862068965517241,0.41379310344827586,0.034482758620689655,7004,33.0,33.0,0,7004,28,0.000294168,0.011271884280103457,1072.8997030366895,12.0,0.0,0.0,1.0,28.0,0.0,28.0,0.0,0.0,0.0
cache,250.0,medium,14,0,30,105.105,0.06845,0.0,0.93155,0.70795,0.27899,29,26,0.8275862068965517,0.1724137931034483,0.10344827586206896,6504,33.0,33.0,0,6504,26,0.000273168,0.009356403596403596,890.5380333951762,5.0,0.0,0.0,3.0,26.0,0.0,26.0,0.0,0.0,0.0
cache,250.0,medium,15,0,30,104.94,0.03082,0.0,0.96918,0.60042,0.25936,29,26,0.7931034482758621,0.20689655172413793,0.10344827586206896,6506,33.0,33.0,0,6506,26,0.00027325200000000003,0.00937399656946827,891.9382504288166,6.0,0.0,0.0,3.0,26.0,0.0,26.0,0.0,0.0,0.0
cache,250.0,medium,16,0,30,101.607,0.10913,0.0,0.89087,0.69168,0.23839,29,26,0.6551724137931034,0.3448275862068966,0.10344827586206896,6506,33.0,33.0,0,6506,26,0.00027325200000000003,0.009681490448492723,921.1963742655525,10.0,0.0,0.0,3.0,26.0,0.0,26.0,0.0,0.0,0.0
cache,250.0,medium,17,1,28,99.33,0.12226,0.01927,0.85847,0.66976,0.0,28,27,0.6428571428571429,0.35714285714285715,0.03571428571428571,6756,33.0,33.0,0,6756,27,0.000283752,0.010283974630021142,978.5563273935368,10.0,0.0,0.0,1.0,27.0,0.0,27.0,0.0,0.0,0.0
cache,250.0,medium,18,0,30,107.019,0.14585,0.00555,0.8486,0.71093,0.1717,29,28,0.7586206896551724,0.2413793103448276,0.034482758620689655,7006,33.0,33.0,0,7006,28,0.000294252,0.00989830964595072,941.8888234799426,7.0,0.0,0.0,1.0,28.0,0.0,28.0,0.0,0.0,0.0
cache,250.0,medium,19,0,30,102.696,0.06009,0.03342,0.90649,0.57398,0.12421,29,27,0.7241379310344828,0.27586206896551724,0.06896551724137931,6755,33.0,33.0,0,6755,27,0.00028371000000000006,0.009945431175508298,946.482823089507,8.0,0.0,0.0,2.0,27.0,0.0,27.0,0.0,0.0,0.0
cache,250.0,medium,20,0,30,105.435,0.07856,0.0,0.92144,0.72337,0.39069,29,28,0.6896551724137931,0.3103448275862069,0.034482758620689655,7005,33.0,33.0,0,7005,28,0.00029421000000000004,0.010045582586427657,956.0392658984209,9.0,0.0,0.0,1.0,28.0,0.0,28.0,0.0,0.0,0.0
cache,250.0,medium,21,0,30,103.95,0.11651,0.00571,0.87778,0.64632,0.15753,29,26,0.6896551724137931,0.3103448275862069,0.10344827586206896,6504,33.0,33.0,0,6504,26,0.000273168,0.009460363636363637,900.4329004329005,9.0,0.0,0.0,3.0,26.0,0.0,26.0,0.0,0.0,0.0
cache,250.0,medium,22,0,30,101.871,0.0609,0.00551,0.93359,0.64837,0.17896,29,29,0.6896551724137931,0.3103448275862069,0.0,7257,33.0,33.0,0,7257,29,0.00030479400000000005,0.01077105751391466,1024.825514621433,9.0,0.0,0.0,0.0,29.0,0.0,29.0,0.0,0.0,0.0
cache,250.0,medium,23,0,30,98.604,0.09337,0.04451,0.86212,0.70135,0.05986,29,24,0.7241379310344828,0.27586206896551724,0.1724137931034483,6008,33.0,33.0,0,6008,24,0.00025233600000000003,0.009212705366922236,876.2322015334063,8.0,0.0,0.0,5.0,24.0,0.0,24.0,0.0,0.0,0.0
cache,250.0,medium,24,0,30,103.059,0.0554,0.0,0.9446,0.61924,0.201,29,27,0.6551724137931034,0.3448275862068966,0.06896551724137931,6754,33.0,33.0,0,6754,27,0.000283668,0.009908933717579251,943.1490699502227,10.0,0.0,0.0,2.0,27.0,0.0,27.0,0.0,0.0,0.0
cache,250.0,medium,25,0,30,102.399,0.13406,0.02385,0.84209,0.66752,0.01645,29,27,0.6551724137931034,0.3448275862068966,0.06896551724137931,6753,33.0,33.0,0,6753,27,0.00028362600000000004,0.00997132393871034,949.2280198048809,10.0,0.0,0.0,2.0,27.0,0.0,27.0,0.0,0.0,0.0
cache,250.0,medium,26,1,8,35.145,0.13803,0.02629,0.83568,0.62593,0.0,8,8,0.625,0.375,0.0,2000,33.0,33.0,0,2000,8,8.4e-05,0.008604353393085786,819.4622279129321,3.0,0.0,0.0,0.0,8.0,0.0,8.0,0.0,0.0,0.0
cache,250.0,medium,27,0,30,105.105,0.03454,0.0,0.96546,0.71548,0.45094,29,24,0.6206896551724138,0.3793103448275862,0.1724137931034483,6005,33.0,33.0,0,6005,24,0.00025221,0.008638561438561438,822.0351077493934,11.0,0.0,0.0,5.0,24.0,0.0,24.0,0.0,0.0,0.0
cache,250.0,medium,28,1,11,40.194,0.12151,0.04269,0.8358,0.64103,0.0,11,11,0.9090909090909091,0.09090909090909091,0.0,2750,33.0,33.0,0,2750,11,0.00011550000000000002,0.010344827586206898,985.2216748768471,1.0,0.0,0.0,0.0,11.0,0.0,11.0,0.0,0.0,0.0
cache,250.0,medium,29,1,6,28.248,0.19159,0.08411,0.7243,0.70793,0.0,6,5,0.5,0.5,0.16666666666666666,1248,33.0,33.0,0,1248,5,5.2416e-05,0.006680033984706882,637.2132540356839,3.0,0.0,0.0,1.0,5.0,0.0,5.0,0.0,0.0,0.0
cache,250.0,strong,0,0,30,90.684,0.12227,0.0,0.87773,0.73512,0.43813,29,27,0.6551724137931034,0.3448275862068966,0.06896551724137931,6757,33.0,33.0,0,6757,27,0.00028379400000000003,0.01126613735609369,1071.853910281858,10.0,0.0,0.0,2.0,27.0,0.0,27.0,0.0,0.0,0.0
cache,250.0,strong,1,0,30,87.285,0.16975,0.0,0.83025,0.74284,0.45141,29,26,0.6896551724137931,0.3103448275862069,0.10344827586206896,6509,33.0,33.0,0,6509,26,0.00027337800000000006,0.01127525691699605,1072.3492008936244,9.0,0.0,0.0,3.0,26.0,0.0,26.0,0.0,0.0,0.0
cache,250.0,strong,2,1,15,44.154,0.10613,0.02616,0.86771,0.67397,0.0,15,14,0.6666666666666666,0.3333333333333333,0.06666666666666667,3499,33.0,33.0,0,3499,14,0.000146958,0.011981899714635142,1141.4594374235628,5.0,0.0,0.0,1.0,14.0,0.0,14.0,0.0,0.0,0.0
cache,250.0,strong,3,0,30,86.064,0.08934,0.0,0.91066,0.72685,0.44257,29,28,0.6551724137931034,0.3448275862068966,0.034482758620689655,7005,33.0,33.0,0,7005,28,0.00029421000000000004,0.012306609035136645,1171.2214166201898,10.0,0.0,0.0,1.0,28.0,0.0,28.0,0.0,0.0,0.0
cache,250.0,strong,4,1,13,39.105,0.26498,0.02363,0.71139,0.76353,0.0,13,13,0.6923076923076923,0.3076923076923077,0.0,3251,33.0,33.0,0,3251,13,0.000136542,0.012570034522439587,1196.7779056386653,4.0,0.0,0.0,0.0,13.0,0.0,13.0,0.0,0.0,0.0
cache,250.0,strong,5,0,30,87.681,0.16598,0.0,0.83402,0.73842,0.24177,29,27,0.5862068965517241,0.41379310344827586,0.06896551724137931,6756,33.0,33.0,0,6756,27,0.000283752,0.0116502685872652,1108.5639990419818,12.0,0.0,0.0,2.0,27.0,0.0,27.0,0.0,0.0,0.0
cache,250.0,strong,6,0,30,84.645,0.14737,0.0,0.85263,0.76606,0.41081,29,25,0.7586206896551724,0.2413793103448276,0.13793103448275862,6257,33.0,33.0,0,6257,25,0.00026279400000000006,0.01117677830940989,1063.264221158958,7.0,0.0,0.0,4.0,25.0,0.0,25.0,0.0,0.0,0.0
cache,250.0,strong,7,0,30,84.084,0.03925,0.06436,0.89639,0.60005,0.05172,29,28,0.6551724137931034,0.3448275862068966,0.034482758620689655,7008,33.0,33.0,0,7008,28,0.000294336,0.012601798201798202,1198.8011988011988,10.0,0.0,0.0,1.0,28.0,0.0,28.0,0.0,0.0,0.0
cache,250.0,strong,8,0,30,87.285,0.09225,0.01928,0.88847,0.63893,0.15793,29,29,0.6896551724137931,0.3103448275862069,0.0,7259,33.0,33.0,0,7259,29,0.000304878,0.012574449218078708,1196.081800996735,9.0,0.0,0.0,0.0,29.0,0.0,29.0,0.0,0.0,0.0
cache,250.0,strong,9,0,30,84.051,0.22144,0.01728,0.76129,0.70644,0.09782,29,28,0.6896551724137931,0.3103448275862069,0.034482758620689655,7009,33.0,33.0,0,7009,28,0.00029437800000000003,0.012608544812078383,1199.2718706499625,9.0,0.0,0.0,1.0,28.0,0.0,28.0,0.0,0.0,0.0
cache,250.0,strong,10,1,22,68.013,0.15963,0.06938,0.77098,0.70145,0.0,22,21,0.7272727272727273,0.2727272727272727,0.045454545454545456,5253,33.0,33.0,0,5253,21,0.000220626,0.01167796744739976,1111.5522032552599,6.0,0.0,0.0,1.0,21.0,0.0,21.0,0.0,0.0,0.0
cache,250.0,strong,11,0,30,88.902,0.24536,0.0,0.75464,0.74098,0.2909,29,29,0.7931034482758621,0.20689655172413793,0.0,7260,33.0,33.0,0,7260,29,0.00030492000000000003,0.012347438752783966,1174.3267867989473,6.0,0.0,0.0,0.0,29.0,0.0,29.0,0.0,0.0,0.0
cache,250.0,strong,12,0,30,81.213,0.03698,0.02804,0.93499,0.59299,0.13939,29,28,0.7241379310344828,0.27586206896551724,0.034482758620689655,7007,33.0,33.0,0,7007,28,0.00029429400000000007,0.0130454286875254,1241.1805991651584,8.0,0.0,0.0,1.0,28.0,0.0,28.0,0.0,0.0,0.0
cache,250.0,strong,13,0,30,87.45,0.17585,0.00189,0.82226,0.70304,0.19797,29,26,0.7586206896551724,0.2413793103448276,0.10344827586206896,6505,33.0,33.0,0,6505,26,0.00027321,0.011247066895368783,1070.3259005145796,7.0,0.0,0.0,3.0,26.0,0.0,26.0,0.0,0.0,0.0
cache,250.0,strong,14,0,30,84.117,0.15496,0.0153,0.82974,0.6298,0.16318,29,29,0.5862068965517241,0.41379310344827586,0.0,7257,33.0,33.0,0,7257,29,0.00030479400000000005,0.013044430971147332,1241.1284282606368,12.0,0.0,0.0,0.0,29.0,0.0,29.0,0.0,0.0,0.0
cache,250.0,strong,15,0,30,82.467,0.13565,0.0,0.86435,0.66121,0.2536,29,27,0.7241379310344828,0.27586206896551724,0.06896551724137931,6754,33.0,33.0,0,6754,27,0.000283668,0.012383193277310923,1178.6532794936156,8.0,0.0,0.0,2.0,27.0,0.0,27.0,0.0,0.0,0.0
cache,250.0,strong,16,0,30,86.691,0.09631,0.0,0.90369,0.70257,0.28779,29,29,0.5862068965517241,0.41379310344827586,0.0,7260,33.0,33.0,0,7260,29,0.00030492000000000003,0.01266235249333841,1204.2772606152887,12.0,0.0,0.0,0.0,29.0,0.0,29.0,0.0,0.0,0.0
cache,250.0,strong,17,0,30,84.942,0.09091,0.0,0.90909,0.67282,0.21597,29,29,0.7241379310344828,0.27586206896551724,0.0,7254,33.0,33.0,0,7254,29,0.000304668,0.012912396694214878,1229.0739563466839,8.0,0.0,0.0,0.0,29.0,0.0,29.0,0.0,0.0,0.0
cache,250.0,strong,18,0,30,84.711,0.04285,0.0,0.95715,0.64407,0.22141,29,25,0.7931034482758621,0.20689655172413793,0.13793103448275862,6255,33.0,33.0,0,6255,25,0.00026271000000000004,0.011164500478096117,1062.4358111697418,6.0,0.0,0.0,4.0,25.0,0.0,25.0,0.0,0.0,0.0
cache,250.0,strong,19,0,30,81.51,0.13603,0.0,0.86397,0.72778,0.41031,29,28,0.5862068965517241,0.41379310344827586,0.034482758620689655,7009,33.0,33.0,0,7009,28,0.00029437800000000003,0.013001604711078396,1236.658078763342,12.0,0.0,0.0,1.0,28.0,0.0,28.0,0.0,0.0,0.0
cache,250.0,strong,20,0,30,90.288,0.09868,0.0,0.90132,0.74052,0.42976,29,27,0.7586206896551724,0.2413793103448276,0.06896551724137931,6759,33.0,33.0,0,6759,27,0.00028387800000000005,0.011318899521531102,1076.555023923445,7.0,0.0,0.0,2.0,27.0,0.0,27.0,0.0,0.0,0.0
cache,250.0,strong,21,0,30,87.747,0.13877,0.0,0.86123,0.7605,0.39456,29,26,0.6206896551724138,0.3793103448275862,0.10344827586206896,6506,33.0,33.0,0,6506,26,0.00027325200000000003,0.011210721734076381,1066.7031351499197,11.0,0.0,0.0,3.0,26.0,0.0,26.0,0.0,0.0,0.0
cache,250.0,strong,22,0,30,84.282,0.14918,0.0,0.85082,0.68719,0.30727,29,28,0.5862068965517241,0.41379310344827586,0.034482758620689655,7004,33.0,33.0,0,7004,28,0.000294168,0.012565017441446572,1195.9849078094967,12.0,0.0,0.0,1.0,28.0,0.0,28.0,0.0,0.0,0.0
cache,250.0,strong,23,0,30,93.027,0.10784,0.0,0.89216,0.71131,0.41221,29,29,0.4827586206896552,0.5172413793103449,0.0,7258,33.0,33.0,0,7258,29,0.000304836,0.011796678383695056,1122.254829243123,15.0,0.0,0.0,0.0,29.0,0.0,29.0,0.0,0.0,0.0
cache,250.0,strong,24,0,30,88.902,0.07164,0.0,0.92836,0.71192,0.24619,29,27,0.9310344827586207,0.06896551724137931,0.06896551724137931,6752,33.0,33.0,0,6752,27,0.00028358400000000003,0.011483458189916989,1093.3387325369506,2.0,0.0,0.0,2.0,27.0,0.0,27.0,0.0,0.0,0.0
cache,250.0,strong,25,0,30,90.585,0.14936,0.0,0.85064,0.68405,0.29116,29,29,0.6896551724137931,0.3103448275862069,0.0,7256,33.0,33.0,0,7256,29,0.000304752,0.012111356184798808,1152.5086934923002,9.0,0.0,0.0,0.0,29.0,0.0,29.0,0.0,0.0,0.0
cache,250.0,strong,26,0,30,85.965,0.16967,0.0,0.83033,0.72671,0.38532,29,28,0.6896551724137931,0.3103448275862069,0.034482758620689655,7009,33.0,33.0,0,7009,28,0.00029437800000000003,0.012327817134880476,1172.5702320711916,9.0,0.0,0.0,1.0,28.0,0.0,28.0,0.0,0.0,0.0
cache,250.0,strong,27,0,30,89.1,0.20741,0.0,0.79259,0.79216,0.50353,29,27,0.7586206896551724,0.2413793103448276,0.06896551724137931,6756,33.0,33.0,0,6756,27,0.000283752,0.011464727272727276,1090.909090909091,7.0,0.0,0.0,2.0,27.0,0.0,27.0,0.0,0.0,0.0
cache,250.0,strong,28,0,30,81.18,0.11179,0.0,0.88821,0.70654,0.30475,29,26,0.7241379310344828,0.27586206896551724,0.10344827586206896,6503,33.0,33.0,0,6503,26,0.00027312600000000005,0.012112017738359203,1152.9933481152993,8.0,0.0,0.0,3.0,26.0,0.0,26.0,0.0,0.0,0.0
cache,250.0,strong,29,0,30,84.315,0.11937,0.0,0.88063,0.66168,0.30874,29,27,0.6206896551724138,0.3793103448275862,0.06896551724137931,6752,33.0,33.0,0,6752,27,0.00028358400000000003,0.012108194271481946,1152.8197829567691,11.0,0.0,0.0,2.0,27.0,0.0,27.0,0.0,0.0,0.0
cache,500.0,weak,0,0,30,125.466,0.04945,0.0,0.95055,0.70261,0.43929,29,20,1.0,0.0,0.3103448275862069,5002,33.0,33.0,0,5002,20,0.000210084,0.006027947013533547,573.8606475060973,0.0,0.0,0.0,9.0,20.0,0.0,20.0,0.0,0.0,0.0
cache,500.0,weak,1,0,30,124.377,0.07402,0.00159,0.92438,0.65442,0.19729,29,23,1.0,0.0,0.20689655172413793,5753,33.0,33.0,0,5753,23,0.000241626,0.0069936853276731225,665.7179382040089,0.0,0.0,0.0,6.0,23.0,0.0,23.0,0.0,0.0,0.0
cache,500.0,weak,2,1,3,26.334,0.14536,0.5213,0.33333,0.37053,0.0,3,3,1.0,0.0,0.0,751,33.0,33.0,0,751,3,3.1542000000000004e-05,0.004311961722488039,410.1161995898838,0.0,0.0,0.0,0.0,3.0,0.0,3.0,0.0,0.0,0.0
cache,500.0,weak,3,1,1,11.88,0.30833,0.19167,0.5,0.6213,0.0,1,1,1.0,0.0,0.0,250,33.0,33.0,0,250,1,1.05e-05,0.0031818181818181815,303.030303030303,0.0,0.0,0.0,0.0,1.0,0.0,1.0,0.0,0.0,0.0
cache,500.0,weak,4,1,3,19.932,0.34768,0.12252,0.5298,0.61195,0.0,3,3,0.6666666666666666,0.3333333333333333,0.0,750,33.0,33.0,0,750,3,3.150000000000001e-05,0.005689343768813969,541.8422636965684,1.0,0.0,0.0,0.0,3.0,0.0,3.0,0.0,0.0,0.0
cache,500.0,weak,5,1,3,22.176,0.09077,0.14732,0.7619,0.60168,0.0,3,3,1.0,0.0,0.0,750,33.0,33.0,0,750,3,3.150000000000001e-05,0.0051136363636363645,487.012987012987,0.0,0.0,0.0,0.0,3.0,0.0,3.0,0.0,0.0,0.0
cache,500.0,weak,6,1,9,45.144,0.11404,0.08553,0.80044,0.64891,0.0,9,9,1.0,0.0,0.0,2249,33.0,33.0,0,2249,9,9.445800000000001e-05,0.007532535885167466,717.7033492822967,0.0,0.0,0.0,0.0,9.0,0.0,9.0,0.0,0.0,0.0
cache,500.0,weak,7,1,17,81.477,0.08343,0.02592,0.89064,0.66661,0.0,17,16,0.9411764705882353,0.058823529411764705,0.058823529411764705,4002,33.0,33.0,0,4002,16,0.000168084,0.00742666519385839,706.9479730476085,1.0,0.0,0.0,1.0,16.0,0.0,16.0,0.0,0.0,0.0
cache,500.0,weak,8,1,8,40.557,0.06103,0.06591,0.87307,0.60097,0.0,8,8,1.0,0.0,0.0,2000,33.0,33.0,0,2000,8,8.4e-05,0.007456172793845697,710.1116946519712,0.0,0.0,0.0,0.0,8.0,0.0,8.0,0.0,0.0,0.0
cache,500.0,weak,9,1,7,32.142,0.423,0.05031,0.52669,0.81734,0.0,7,7,1.0,0.0,0.0,1750,33.0,33.0,0,1750,7,7.35e-05,0.00823221952585402,784.0209072241926,0.0,0.0,0.0,0.0,7.0,0.0,7.0,0.0,0.0,0.0
cache,500.0,weak,10,0,30,122.562,0.06327,0.02504,0.91169,0.56137,0.08715,29,27,1.0,0.0,0.06896551724137931,6756,33.0,33.0,0,6756,27,0.000283752,0.008334615949478631,793.0679982376266,0.0,0.0,0.0,2.0,27.0,0.0,27.0,0.0,0.0,0.0
cache,500.0,weak,11,1,2,12.672,0.25781,0.09115,0.65104,0.69518,0.0,2,2,1.0,0.0,0.0,500,33.0,33.0,0,500,2,2.1e-05,0.00596590909090909,568.1818181818181,0.0,0.0,0.0,0.0,2.0,0.0,2.0,0.0,0.0,0.0
cache,500.0,weak,12,1,12,53.889,0.12554,0.03246,0.84201,0.67801,0.0,12,11,1.0,0.0,0.08333333333333333,2751,33.0,33.0,0,2751,11,0.000115542,0.007718666147080109,734.8438456827923,0.0,0.0,0.0,1.0,11.0,0.0,11.0,0.0,0.0,0.0
cache,500.0,weak,13,0,30,116.952,0.05164,0.0,0.94836,0.65621,0.26847,29,26,1.0,0.0,0.10344827586206896,6503,33.0,33.0,0,6503,26,0.00027312600000000005,0.008407326082495383,800.3283398317259,0.0,0.0,0.0,3.0,26.0,0.0,26.0,0.0,0.0,0.0
cache,500.0,weak,14,0,30,127.149,0.03634,0.08617,0.8775,0.58501,0.03816,29,25,1.0,0.0,0.13793103448275862,6254,33.0,33.0,0,6254,25,0.000262668,0.007436981808744073,707.8309699643725,0.0,0.0,0.0,4.0,25.0,0.0,25.0,0.0,0.0,0.0
cache,500.0,weak,15,0,30,128.832,0.03663,0.0,0.96337,0.63854,0.2683,29,23,1.0,0.0,0.20689655172413793,5757,33.0,33.0,0,5757,23,0.000241794,0.006756538748137109,642.6974664679583,0.0,0.0,0.0,6.0,23.0,0.0,23.0,0.0,0.0,0.0
cache,500.0,weak,16,0,30,121.044,0.05289,0.0,0.94711,0.6389,0.21616,29,26,0.9655172413793104,0.034482758620689655,0.10344827586206896,6505,33.0,33.0,0,6505,26,0.00027321,0.008125607217210272,773.2725289977199,1.0,0.0,0.0,3.0,26.0,0.0,26.0,0.0,0.0,0.0
cache,500.0,weak,17,0,30,126.786,0.01588,0.0,0.98412,0.54484,0.23227,29,22,1.0,0.0,0.2413793103448276,5503,33.0,33.0,0,5503,22,0.000231126,0.00656266149259382,624.6746486205102,0.0,0.0,0.0,7.0,22.0,0.0,22.0,0.0,0.0,0.0
cache,500.0,weak,18,0,30,125.169,0.08041,0.00975,0.90983,0.68355,0.16387,29,23,1.0,0.0,0.20689655172413793,5757,33.0,33.0,0,5757,23,0.000241794,0.006954265033674473,661.5056443688135,0.0,0.0,0.0,6.0,23.0,0.0,23.0,0.0,0.0,0.0
cache,500.0,weak,19,0,30,124.08,0.03803,0.0,0.96197,0.67504,0.43426,29,24,0.9655172413793104,0.034482758620689655,0.1724137931034483,6005,33.0,33.0,0,6005,24,0.00025221,0.007317504835589943,696.3249516441007,1.0,0.0,0.0,5.0,24.0,0.0,24.0,0.0,0.0,0.0
cache,500.0,weak,20,1,29,117.249,0.03631,0.00619,0.9575,0.64124,0.0,29,25,1.0,0.0,0.13793103448275862,6254,33.0,33.0,0,6254,25,0.000262668,0.008064928485530795,767.5971650078039,0.0,0.0,0.0,4.0,25.0,0.0,25.0,0.0,0.0,0.0
cache,500.0,weak,21,0,30,136.587,0.02754,0.151,0.82145,0.4466,0.03595,29,25,1.0,0.0,0.13793103448275862,6252,33.0,33.0,0,6252,25,0.000262584,0.00692088119659997,658.9206879131983,0.0,0.0,0.0,4.0,25.0,0.0,25.0,0.0,0.0,0.0
cache,500.0,weak,22,0,30,126.489,0.02739,0.0,0.97261,0.62166,0.20113,29,29,1.0,0.0,0.0,7256,33.0,33.0,0,7256,29,0.000304752,0.008673538410454663,825.3682138367762,0.0,0.0,0.0,0.0,29.0,0.0,29.0,0.0,0.0,0.0
cache,500.0,weak,23,0,30,120.285,0.04362,0.0,0.95638,0.68083,0.28564,29,21,1.0,0.0,0.27586206896551724,5254,33.0,33.0,0,5254,21,0.000220668,0.0066043546576879915,628.5072951739619,0.0,0.0,0.0,8.0,21.0,0.0,21.0,0.0,0.0,0.0
cache,500.0,weak,24,0,30,138.237,0.03485,0.07639,0.88876,0.48953,0.04969,29,25,1.0,0.0,0.13793103448275862,6253,33.0,33.0,0,6253,25,0.000262626,0.0068393671737667925,651.0557954816728,0.0,0.0,0.0,4.0,25.0,0.0,25.0,0.0,0.0,0.0
cache,500.0,weak,25,1,22,90.156,0.04612,0.00769,0.94619,0.6814,0.0,22,19,1.0,0.0,0.13636363636363635,4754,33.0,33.0,0,4754,19,0.000199668,0.007972900306136031,758.6849460934379,0.0,0.0,0.0,3.0,19.0,0.0,19.0,0.0,0.0,0.0
cache,500.0,weak,26,0,30,119.922,0.04926,0.0,0.95074,0.58736,0.20958,29,23,1.0,0.0,0.20689655172413793,5754,33.0,33.0,0,5754,23,0.000241668,0.007254755591134238,690.4487917146146,0.0,0.0,0.0,6.0,23.0,0.0,23.0,0.0,0.0,0.0
cache,500.0,weak,27,0,30,125.433,0.01605,0.04315,0.94081,0.58963,0.10326,29,25,1.0,0.0,0.13793103448275862,6255,33.0,33.0,0,6255,25,0.00026271000000000004,0.007539929683576094,717.5145296692257,0.0,0.0,0.0,4.0,25.0,0.0,25.0,0.0,0.0,0.0
cache,500.0,weak,28,1,28,116.358,0.12989,0.01957,0.85054,0.60596,0.0,28,24,1.0,0.0,0.14285714285714285,6006,33.0,33.0,0,6006,24,0.000252252,0.007804424276800907,742.5359665858815,0.0,0.0,0.0,4.0,24.0,0.0,24.0,0.0,0.0,0.0
cache,500.0,weak,29,0,30,121.242,0.0264,0.0,0.9736,0.5514,0.21939,29,26,1.0,0.0,0.10344827586206896,6503,33.0,33.0,0,6503,26,0.00027312600000000005,0.008109843123670017,772.0096996090464,0.0,0.0,0.0,3.0,26.0,0.0,26.0,0.0,0.0,0.0
cache,500.0,medium,0,0,30,100.98,0.09052,0.0,0.90948,0.73875,0.4945,29,23,0.9655172413793104,0.034482758620689655,0.20689655172413793,5751,33.0,33.0,0,5751,23,0.000241542,0.008611122994652406,819.9643493761141,1.0,0.0,0.0,6.0,23.0,0.0,23.0,0.0,0.0,0.0
cache,500.0,medium,1,0,30,102.399,0.10893,0.0,0.89107,0.72717,0.4192,29,25,1.0,0.0,0.13793103448275862,6254,33.0,33.0,0,6254,25,0.000262668,0.009234512055781796,878.9148331526675,0.0,0.0,0.0,4.0,25.0,0.0,25.0,0.0,0.0,0.0
cache,500.0,medium,2,0,30,100.98,0.0415,0.0,0.9585,0.6243,0.25222,29,26,0.9655172413793104,0.034482758620689655,0.10344827586206896,6504,33.0,33.0,0,6504,26,0.000273168,0.009738609625668448,926.916221033868,1.0,0.0,0.0,3.0,26.0,0.0,26.0,0.0,0.0,0.0
cache,500.0,medium,3,0,30,103.158,0.03743,0.0595,0.90307,0.54855,0.0397,29,26,1.0,0.0,0.10344827586206896,6501,33.0,33.0,0,6501,26,0.00027304200000000003,0.009528598848368524,907.3460129122317,0.0,0.0,0.0,3.0,26.0,0.0,26.0,0.0,0.0,0.0
cache,500.0,medium,4,1,15,61.743,0.26884,0.02833,0.70283,0.74159,0.0,15,15,1.0,0.0,0.0,3752,33.0,33.0,0,3752,15,0.000157584,0.009188124969632184,874.5930712793353,0.0,0.0,0.0,0.0,15.0,0.0,15.0,0.0,0.0,0.0
cache,500.0,medium,5,1,7,27.324,0.18599,0.02174,0.79227,0.69994,0.0,7,7,1.0,0.0,0.0,1749,33.0,33.0,0,1749,7,7.3458e-05,0.009678260869565218,922.266139657444,0.0,0.0,0.0,0.0,7.0,0.0,7.0,0.0,0.0,0.0
cache,500.0,medium,6,1,7,33.066,0.21657,0.08184,0.7016,0.68156,0.0,7,7,1.0,0.0,0.0,1748,33.0,33.0,0,1748,7,7.341600000000002e-05,0.007993032117583019,762.1121393576483,0.0,0.0,0.0,0.0,7.0,0.0,7.0,0.0,0.0,0.0
cache,500.0,medium,7,1,20,73.689,0.16525,0.03941,0.79534,0.67993,0.0,20,19,1.0,0.0,0.05,4751,33.0,33.0,0,4751,19,0.000199542,0.009748418352807068,928.225379636038,0.0,0.0,0.0,1.0,19.0,0.0,19.0,0.0,0.0,0.0
cache,500.0,medium,8,0,30,102.861,0.06994,0.0,0.93006,0.67557,0.35932,29,29,1.0,0.0,0.0,7252,33.0,33.0,0,7252,29,0.000304584,0.010660040248490682,1014.9619389272902,0.0,0.0,0.0,0.0,29.0,0.0,29.0,0.0,0.0,0.0
cache,500.0,medium,9,0,30,106.623,0.08945,0.0,0.91055,0.61874,0.21595,29,29,1.0,0.0,0.0,7257,33.0,33.0,0,7257,29,0.00030479400000000005,0.010291010382375286,979.1508398750739,0.0,0.0,0.0,0.0,29.0,0.0,29.0,0.0,0.0,0.0
cache,500.0,medium,10,0,30,105.6,0.05125,0.0,0.94875,0.68837,0.36082,29,28,0.9655172413793104,0.034482758620689655,0.034482758620689655,7005,33.0,33.0,0,7005,28,0.00029421000000000004,0.010029886363636366,954.5454545454545,1.0,0.0,0.0,1.0,28.0,0.0,28.0,0.0,0.0,0.0
cache,500.0,medium,11,1,3,13.233,0.49626,0.10474,0.399,0.76141,0.0,3,3,1.0,0.0,0.0,750,33.0,33.0,0,750,3,3.150000000000001e-05,0.008569485377465429,816.1414645205168,0.0,0.0,0.0,0.0,3.0,0.0,3.0,0.0,0.0,0.0
cache,500.0,medium,12,0,30,99.561,0.10872,0.0,0.89128,0.7349,0.2577,29,29,1.0,0.0,0.0,7254,33.0,33.0,0,7254,29,0.000304668,0.011016410040075933,1048.6033687889837,0.0,0.0,0.0,0.0,29.0,0.0,29.0,0.0,0.0,0.0
cache,500.0,medium,13,0,30,99.297,0.09438,0.06613,0.83948,0.61959,0.02592,29,28,0.9310344827586207,0.06896551724137931,0.034482758620689655,7003,33.0,33.0,0,7003,28,0.000294126,0.010663500407867309,1015.1364089549534,2.0,0.0,0.0,1.0,28.0,0.0,28.0,0.0,0.0,0.0
cache,500.0,medium,14,0,30,91.773,0.05322,0.02517,0.92161,0.63328,0.07071,29,27,1.0,0.0,0.06896551724137931,6753,33.0,33.0,0,6753,27,0.00028362600000000004,0.011125860547219773,1059.135039717564,0.0,0.0,0.0,2.0,27.0,0.0,27.0,0.0,0.0,0.0
cache,500.0,medium,15,0,30,110.847,0.06877,0.0,0.93123,0.67859,0.25936,29,27,1.0,0.0,0.06896551724137931,6755,33.0,33.0,0,6755,27,0.00028371000000000006,0.009214105929795125,876.8843541097189,0.0,0.0,0.0,2.0,27.0,0.0,27.0,0.0,0.0,0.0
cache,500.0,medium,16,0,30,98.571,0.04587,0.0,0.95413,0.60928,0.22993,29,27,1.0,0.0,0.06896551724137931,6756,33.0,33.0,0,6756,27,0.000283752,0.010363161578963387,986.0912438749734,0.0,0.0,0.0,2.0,27.0,0.0,27.0,0.0,0.0,0.0
cache,500.0,medium,17,0,30,103.983,0.12821,0.06728,0.80451,0.64057,0.07875,29,28,1.0,0.0,0.034482758620689655,7003,33.0,33.0,0,7003,28,0.000294126,0.010182949135916448,969.3892270851966,0.0,0.0,0.0,1.0,28.0,0.0,28.0,0.0,0.0,0.0
cache,500.0,medium,18,0,30,101.343,0.08759,0.0,0.91241,0.71137,0.34477,29,28,1.0,0.0,0.034482758620689655,7005,33.0,33.0,0,7005,28,0.00029421000000000004,0.010451200378911223,994.6419584973802,0.0,0.0,0.0,1.0,28.0,0.0,28.0,0.0,0.0,0.0
cache,500.0,medium,19,0,30,100.188,0.07378,0.0,0.92622,0.65515,0.33103,29,28,1.0,0.0,0.034482758620689655,7008,33.0,33.0,0,7008,28,0.000294336,0.010576212720086239,1006.1085159899388,0.0,0.0,0.0,1.0,28.0,0.0,28.0,0.0,0.0,0.0
cache,500.0,medium,20,1,25,91.542,0.07606,0.03677,0.88717,0.63908,0.0,25,23,1.0,0.0,0.08,5756,33.0,33.0,0,5756,23,0.000241752,0.009507190142229796,904.5028511502916,0.0,0.0,0.0,2.0,23.0,0.0,23.0,0.0,0.0,0.0
cache,500.0,medium,21,0,30,106.92,0.12716,0.0,0.87284,0.73235,0.40364,29,29,1.0,0.0,0.0,7259,33.0,33.0,0,7259,29,0.000304878,0.010265252525252526,976.4309764309763,0.0,0.0,0.0,0.0,29.0,0.0,29.0,0.0,0.0,0.0
cache,500.0,medium,22,0,30,111.903,0.0519,0.0,0.9481,0.71882,0.3104,29,25,1.0,0.0,0.13793103448275862,6256,33.0,33.0,0,6256,25,0.000262752,0.00845292083322163,804.2679820916328,0.0,0.0,0.0,4.0,25.0,0.0,25.0,0.0,0.0,0.0
cache,500.0,medium,23,0,30,103.653,0.0815,0.0,0.9185,0.74383,0.3736,29,28,0.9655172413793104,0.034482758620689655,0.034482758620689655,7009,33.0,33.0,0,7009,28,0.00029437800000000003,0.010224120864808546,972.4754710428061,1.0,0.0,0.0,1.0,28.0,0.0,28.0,0.0,0.0,0.0
cache,500.0,medium,24,0,30,102.399,0.03513,0.0,0.96487,0.66123,0.2616,29,25,0.9655172413793104,0.034482758620689655,0.13793103448275862,6252,33.0,33.0,0,6252,25,0.000262584,0.009231558901942402,878.9148331526675,1.0,0.0,0.0,4.0,25.0,0.0,25.0,0.0,0.0,0.0
cache,500.0,medium,25,0,30,104.874,0.1051,0.0,0.8949,0.75994,0.46651,29,27,1.0,0.0,0.06896551724137931,6755,33.0,33.0,0,6755,27,0.00028371000000000006,0.009738886663996799,926.8264774872704,0.0,0.0,0.0,2.0,27.0,0.0,27.0,0.0,0.0,0.0
cache,500.0,medium,26,0,30,102.861,0.10106,0.01861,0.88033,0.66838,0.11103,29,27,1.0,0.0,0.06896551724137931,6754,33.0,33.0,0,6754,27,0.000283668,0.00992800769971126,944.9645638288564,0.0,0.0,0.0,2.0,27.0,0.0,27.0,0.0,0.0,0.0
cache,500.0,medium,27,0,30,104.082,0.03488,0.0,0.96512,0.66331,0.37569,29,26,0.9655172413793104,0.034482758620689655,0.10344827586206896,6502,33.0,33.0,0,6502,26,0.000273084,0.009445460310140083,899.2909436790223,1.0,0.0,0.0,3.0,26.0,0.0,26.0,0.0,0.0,0.0
cache,500.0,medium,28,0,30,97.482,0.03724,0.02133,0.94144,0.56329,0.17515,29,29,1.0,0.0,0.0,7254,33.0,33.0,0,7254,29,0.000304668,0.011251357173632057,1070.966947744199,0.0,0.0,0.0,0.0,29.0,0.0,29.0,0.0,0.0,0.0
cache,500.0,medium,29,0,30,102.63,0.04887,0.02026,0.93087,0.63225,0.13795,29,27,1.0,0.0,0.06896551724137931,6754,33.0,33.0,0,6754,27,0.000283668,0.009950353697749196,947.091493715288,0.0,0.0,0.0,2.0,27.0,0.0,27.0,0.0,0.0,0.0
cache,500.0,strong,0,0,30,91.476,0.13456,0.0,0.86544,0.74993,0.39222,29,29,0.9655172413793104,0.034482758620689655,0.0,7257,33.0,33.0,0,7257,29,0.00030479400000000005,0.011995041322314052,1141.2829594647776,1.0,0.0,0.0,0.0,29.0,0.0,29.0,0.0,0.0,0.0
cache,500.0,strong,1,0,30,88.011,0.07012,0.0,0.92988,0.67198,0.24735,29,28,1.0,0.0,0.034482758620689655,7009,33.0,33.0,0,7009,28,0.00029437800000000003,0.012041231209735149,1145.311381531854,0.0,0.0,0.0,1.0,28.0,0.0,28.0,0.0,0.0,0.0
cache,500.0,strong,2,0,30,87.978,0.05514,0.0,0.94486,0.69155,0.32369,29,29,1.0,0.0,0.0,7258,33.0,33.0,0,7258,29,0.000304836,0.012473682056877856,1186.6603014389962,0.0,0.0,0.0,0.0,29.0,0.0,29.0,0.0,0.0,0.0
cache,500.0,strong,3,0,30,84.81,0.11518,0.0,0.88482,0.71527,0.28149,29,29,1.0,0.0,0.0,7258,33.0,33.0,0,7258,29,0.000304836,0.012939625044216484,1230.986911920764,0.0,0.0,0.0,0.0,29.0,0.0,29.0,0.0,0.0,0.0
cache,500.0,strong,4,0,30,92.301,0.07294,0.0,0.92706,0.75058,0.47623,29,25,1.0,0.0,0.13793103448275862,6254,33.0,33.0,0,6254,25,0.000262668,0.010244794747619202,975.0706926252154,0.0,0.0,0.0,4.0,25.0,0.0,25.0,0.0,0.0,0.0
cache,500.0,strong,5,0,30,94.347,0.12732,0.0,0.87268,0.76281,0.51088,29,25,1.0,0.0,0.13793103448275862,6255,33.0,33.0,0,6255,25,0.00026271000000000004,0.010024229705237054,953.9254030334828,0.0,0.0,0.0,4.0,25.0,0.0,25.0,0.0,0.0,0.0
cache,500.0,strong,6,0,30,84.216,0.07014,0.0,0.92986,0.69635,0.24073,29,29,1.0,0.0,0.0,7256,33.0,33.0,0,7256,29,0.000304752,0.013027301225420349,1239.6694214876034,0.0,0.0,0.0,0.0,29.0,0.0,29.0,0.0,0.0,0.0
cache,500.0,strong,7,0,30,82.137,0.08196,0.00201,0.91603,0.66664,0.19185,29,29,1.0,0.0,0.0,7255,33.0,33.0,0,7255,29,0.00030471000000000003,0.013355199240293658,1271.0471529274262,0.0,0.0,0.0,0.0,29.0,0.0,29.0,0.0,0.0,0.0
cache,500.0,strong,8,0,30,83.754,0.16667,0.0,0.83333,0.70899,0.28651,29,28,0.9310344827586207,0.06896551724137931,0.034482758620689655,7006,33.0,33.0,0,7006,28,0.000294252,0.012647840103159252,1203.5246077799268,2.0,0.0,0.0,1.0,28.0,0.0,28.0,0.0,0.0,0.0
cache,500.0,strong,9,0,30,81.51,0.17935,0.0,0.82065,0.74438,0.21419,29,28,1.0,0.0,0.034482758620689655,7004,33.0,33.0,0,7004,28,0.000294168,0.01299232977548767,1236.658078763342,0.0,0.0,0.0,1.0,28.0,0.0,28.0,0.0,0.0,0.0
cache,500.0,strong,10,0,30,85.47,0.11081,0.0,0.88919,0.74352,0.4372,29,29,1.0,0.0,0.0,7256,33.0,33.0,0,7256,29,0.000304752,0.012836167076167077,1221.4812214812216,0.0,0.0,0.0,0.0,29.0,0.0,29.0,0.0,0.0,0.0
cache,500.0,strong,11,0,30,81.213,0.27631,0.0,0.72369,0.79283,0.21493,29,28,0.9655172413793104,0.034482758620689655,0.034482758620689655,7012,33.0,33.0,0,7012,28,0.000294504,0.013054737542019136,1241.1805991651584,1.0,0.0,0.0,1.0,28.0,0.0,28.0,0.0,0.0,0.0
cache,500.0,strong,12,0,30,76.659,0.07103,0.0,0.92897,0.6998,0.38921,29,28,1.0,0.0,0.034482758620689655,7004,33.0,33.0,0,7004,28,0.000294168,0.013814487535710091,1314.9141001056628,0.0,0.0,0.0,1.0,28.0,0.0,28.0,0.0,0.0,0.0
cache,500.0,strong,13,0,30,84.975,0.17942,0.0,0.82058,0.75121,0.33787,29,29,1.0,0.0,0.0,7253,33.0,33.0,0,7253,29,0.000304626,0.012905602824360107,1228.5966460723741,0.0,0.0,0.0,0.0,29.0,0.0,29.0,0.0,0.0,0.0
cache,500.0,strong,14,0,30,86.295,0.11702,0.0,0.88298,0.76713,0.48832,29,25,1.0,0.0,0.13793103448275862,6257,33.0,33.0,0,6257,25,0.00026279400000000006,0.010963073179210848,1042.9341213280027,0.0,0.0,0.0,4.0,25.0,0.0,25.0,0.0,0.0,0.0
cache,500.0,strong,15,0,30,87.945,0.18011,0.0,0.81989,0.79072,0.29695,29,26,1.0,0.0,0.10344827586206896,6507,33.0,33.0,0,6507,26,0.00027329400000000004,0.011187201091591338,1064.30155210643,0.0,0.0,0.0,3.0,26.0,0.0,26.0,0.0,0.0,0.0
cache,500.0,strong,16,0,30,86.097,0.15753,0.0,0.84247,0.76408,0.52288,29,25,1.0,0.0,0.13793103448275862,6256,33.0,33.0,0,6256,25,0.000262752,0.01098652914735705,1045.3325899857139,0.0,0.0,0.0,4.0,25.0,0.0,25.0,0.0,0.0,0.0
cache,500.0,strong,17,0,30,90.387,0.17452,0.0,0.82548,0.75743,0.3822,29,29,0.9655172413793104,0.034482758620689655,0.0,7257,33.0,33.0,0,7257,29,0.00030479400000000005,0.012139559892462414,1155.033356566763,1.0,0.0,0.0,0.0,29.0,0.0,29.0,0.0,0.0,0.0
cache,500.0,strong,18,0,30,87.582,0.06631,0.0,0.93369,0.69117,0.37676,29,26,1.0,0.0,0.10344827586206896,6504,33.0,33.0,0,6504,26,0.000273168,0.011228389395081181,1068.7127491950403,0.0,0.0,0.0,3.0,26.0,0.0,26.0,0.0,0.0,0.0
cache,500.0,strong,19,0,30,81.939,0.16553,0.0,0.83447,0.75562,0.27237,29,28,0.9655172413793104,0.034482758620689655,0.034482758620689655,7006,33.0,33.0,0,7006,28,0.000294252,0.012927997656793469,1230.1834291363089,1.0,0.0,0.0,1.0,28.0,0.0,28.0,0.0,0.0,0.0
cache,500.0,strong,20,0,30,87.45,0.08717,0.0,0.91283,0.73829,0.37264,29,27,1.0,0.0,0.06896551724137931,6757,33.0,33.0,0,6757,27,0.00028379400000000003,0.011682771869639794,1111.492281303602,0.0,0.0,0.0,2.0,27.0,0.0,27.0,0.0,0.0,0.0
cache,500.0,strong,21,0,30,86.988,0.11343,0.0,0.88657,0.78544,0.53969,29,25,1.0,0.0,0.13793103448275862,6254,33.0,33.0,0,6254,25,0.000262668,0.010870520071734033,1034.6254655814594,0.0,0.0,0.0,4.0,25.0,0.0,25.0,0.0,0.0,0.0
cache,500.0,strong,22,0,30,86.196,0.19334,0.0,0.80666,0.77846,0.50868,29,27,1.0,0.0,0.06896551724137931,6757,33.0,33.0,0,6757,27,0.00028379400000000003,0.0118527356257831,1127.6625365446191,0.0,0.0,0.0,2.0,27.0,0.0,27.0,0.0,0.0,0.0
cache,500.0,strong,23,0,30,87.087,0.06707,0.0,0.93293,0.67665,0.34554,29,27,1.0,0.0,0.06896551724137931,6754,33.0,33.0,0,6754,27,0.000283668,0.011726259946949601,1116.1252540562884,0.0,0.0,0.0,2.0,27.0,0.0,27.0,0.0,0.0,0.0
cache,500.0,strong,24,0,30,88.506,0.0742,0.0,0.9258,0.69801,0.38957,29,28,1.0,0.0,0.034482758620689655,7003,33.0,33.0,0,7003,28,0.000294126,0.011963636363636366,1138.905836892414,0.0,0.0,0.0,1.0,28.0,0.0,28.0,0.0,0.0,0.0
cache,500.0,strong,25,0,30,89.331,0.16328,0.0,0.83672,0.76528,0.3832,29,28,0.9655172413793104,0.034482758620689655,0.034482758620689655,7007,33.0,33.0,0,7007,28,0.00029429400000000007,0.011859918729220542,1128.3876817678074,1.0,0.0,0.0,1.0,28.0,0.0,28.0,0.0,0.0,0.0
cache,500.0,strong,26,0,30,82.137,0.07151,0.00562,0.92286,0.67637,0.16894,29,29,0.9655172413793104,0.034482758620689655,0.0,7257,33.0,33.0,0,7257,29,0.00030479400000000005,0.01335888089411593,1271.0471529274262,1.0,0.0,0.0,0.0,29.0,0.0,29.0,0.0,0.0,0.0
cache,500.0,strong,27,0,30,84.348,0.09977,0.0,0.90023,0.70247,0.29859,29,27,1.0,0.0,0.06896551724137931,6755,33.0,33.0,0,6755,27,0.00028371000000000006,0.01210883482714469,1152.3687580025608,0.0,0.0,0.0,2.0,27.0,0.0,27.0,0.0,0.0,0.0
cache,500.0,strong,28,0,30,81.312,0.06615,0.0,0.93385,0.65072,0.20882,29,27,1.0,0.0,0.06896551724137931,6754,33.0,33.0,0,6754,27,0.000283668,0.01255909090909091,1195.3955135773317,0.0,0.0,0.0,2.0,27.0,0.0,27.0,0.0,0.0,0.0
cache,500.0,strong,29,0,30,88.209,0.10662,0.0,0.89338,0.72807,0.37741,29,25,1.0,0.0,0.13793103448275862,6256,33.0,33.0,0,6256,25,0.000262752,0.010723477196204468,1020.3040506070809,0.0,0.0,0.0,4.0,25.0,0.0,25.0,0.0,0.0,0.0
prefetch,33.0,weak,0,0,30,123.585,0.05634,0.00187,0.94179,0.58711,0.19626,29,17,0.41379310344827586,0.5862068965517241,0.41379310344827586,4252,33.0,33.0,0,16507,66,0.0006932940000000001,0.02019548003398471,1922.563417890521,17.0,0.0,0.0,12.0,17.0,0.0,66.0,49.0,9.0,12255.0
prefetch,33.0,weak,1,0,30,116.688,0.05656,0.08201,0.86143,0.5127,0.01441,29,20,0.3103448275862069,0.6896551724137931,0.3103448275862069,5003,33.0,33.0,0,18771,75,0.000788382,0.024322768408062526,2313.862607980255,20.0,0.0,0.0,9.0,20.0,0.0,75.0,55.0,5.0,13768.0
prefetch,33.0,weak,2,0,30,126.72,0.10729,0.0974,0.79531,0.54517,0.06435,29,21,0.27586206896551724,0.7241379310344828,0.27586206896551724,5251,33.0,33.0,0,20263,81,0.000851046,0.024177443181818182,2301.1363636363635,21.0,0.0,0.0,8.0,21.0,0.0,81.0,60.0,6.0,15012.0
prefetch,33.0,weak,3,1,1,11.88,0.30833,0.19167,0.5,0.6213,0.0,1,0,1.0,0.0,1.0,0,33.0,33.0,0,1250,5,5.25e-05,0.015909090909090907,1515.151515151515,0.0,0.0,0.0,1.0,0.0,0.0,5.0,5.0,1.0,1250.0
prefetch,33.0,weak,4,0,30,122.463,0.15629,0.09431,0.74939,0.62679,0.06154,29,23,0.20689655172413793,0.7931034482758621,0.20689655172413793,5755,33.0,33.0,0,21763,87,0.0009140460000000001,0.02686987579922099,2557.5071654295584,23.0,0.0,0.0,6.0,23.0,0.0,87.0,64.0,3.0,16008.0
prefetch,33.0,weak,5,0,30,111.21,0.08516,0.02819,0.88665,0.64998,0.10692,29,19,0.3448275862068966,0.6551724137931034,0.3448275862068966,4753,33.0,33.0,0,19024,76,0.000799008,0.025864839492851364,2460.210412732668,19.0,0.0,0.0,10.0,19.0,0.0,76.0,57.0,4.0,14271.0
prefetch,33.0,weak,6,0,30,122.298,0.06638,0.05963,0.87399,0.53278,0.07461,29,21,0.27586206896551724,0.7241379310344828,0.27586206896551724,5256,33.0,33.0,0,18272,73,0.0007674240000000001,0.022590119216994557,2148.8495314723054,21.0,0.0,0.0,8.0,21.0,0.0,73.0,52.0,8.0,13016.0
prefetch,33.0,weak,7,0,30,129.954,0.04571,0.01295,0.94134,0.54197,0.17499,29,21,0.27586206896551724,0.7241379310344828,0.27586206896551724,5254,33.0,33.0,0,18776,75,0.0007885920000000001,0.021845662311279376,2077.6582483032457,21.0,0.0,0.0,8.0,21.0,0.0,75.0,54.0,4.0,13522.0
prefetch,33.0,weak,8,0,30,130.185,0.07731,0.0,0.92269,0.59814,0.24568,29,23,0.20689655172413793,0.7931034482758621,0.20689655172413793,5749,33.0,33.0,0,15751,63,0.000661542,0.018293591427583824,1742.1361908053923,23.0,0.0,0.0,6.0,23.0,0.0,63.0,40.0,3.0,10002.0
prefetch,33.0,weak,9,0,30,121.473,0.09753,0.07498,0.82749,0.56342,0.06063,29,23,0.20689655172413793,0.7931034482758621,0.20689655172413793,5755,33.0,33.0,0,21284,85,0.0008939280000000001,0.026492642809513228,2519.078313699341,23.0,0.0,0.0,6.0,23.0,0.0,85.0,62.0,3.0,15529.0
prefetch,33.0,weak,10,0,30,124.905,0.18045,0.0,0.81955,0.68407,0.20208,29,23,0.20689655172413793,0.7931034482758621,0.20689655172413793,5756,33.0,33.0,0,18020,72,0.00075684,0.021813570313438214,2075.177134622313,23.0,0.0,0.0,6.0,23.0,0.0,72.0,49.0,2.0,12264.0
prefetch,33.0,weak,11,1,4,26.961,0.15422,0.09425,0.75153,0.68299,0.0,4,4,0.0,1.0,0.0,1000,33.0,33.0,0,3999,16,0.000167958,0.022426794258373208,2136.4192722821854,4.0,0.0,0.0,0.0,4.0,0.0,16.0,12.0,0.0,2999.0
prefetch,33.0,weak,12,0,30,117.018,0.05753,0.09616,0.84631,0.52654,0.03199,29,22,0.2413793103448276,0.7586206896551724,0.2413793103448276,5504,33.0,33.0,0,18520,74,0.00077784,0.02392985694508537,2276.5728349484693,22.0,0.0,0.0,7.0,22.0,0.0,74.0,52.0,3.0,13016.0
prefetch,33.0,weak,13,0,30,115.83,0.0265,0.0302,0.9433,0.57341,0.10615,29,25,0.13793103448275862,0.8620689655172413,0.13793103448275862,6256,33.0,33.0,0,21275,85,0.0008935500000000001,0.027771561771561776,2641.802641802642,25.0,0.0,0.0,4.0,25.0,0.0,85.0,60.0,4.0,15019.0
prefetch,33.0,weak,14,0,30,126.753,0.08513,0.0,0.91487,0.54927,0.22369,29,22,0.2413793103448276,0.7586206896551724,0.2413793103448276,5504,33.0,33.0,0,19520,78,0.0008198400000000001,0.023284845329104638,2215.3321814868286,22.0,0.0,0.0,7.0,22.0,0.0,78.0,56.0,5.0,14016.0
prefetch,33.0,weak,15,1,26,120.087,0.05139,0.05331,0.8953,0.64645,0.0,26,16,0.38461538461538464,0.6153846153846154,0.38461538461538464,4005,33.0,33.0,0,14020,56,0.00058884,0.017652402008543802,1678.7828824102526,16.0,0.0,0.0,10.0,16.0,0.0,56.0,40.0,5.0,10015.0
prefetch,33.0,weak,16,0,30,120.615,0.08892,0.0342,0.87688,0.61321,0.09747,29,24,0.1724137931034483,0.8275862068965517,0.1724137931034483,6004,33.0,33.0,0,21523,86,0.000903966,0.026980703892550677,2566.8449197860964,24.0,0.0,0.0,5.0,24.0,0.0,86.0,62.0,4.0,15519.0
prefetch,33.0,weak,17,0,30,121.341,0.03671,0.03019,0.9331,0.56653,0.15084,29,18,0.3793103448275862,0.6206896551724138,0.3793103448275862,4505,33.0,33.0,0,18025,72,0.0007570500000000001,0.022460503869261014,2136.128761094766,18.0,0.0,0.0,11.0,18.0,0.0,72.0,54.0,5.0,13520.0
prefetch,33.0,weak,18,0,30,134.97,0.03056,0.02983,0.93961,0.4889,0.05415,29,20,0.3103448275862069,0.6896551724137931,0.3103448275862069,5008,33.0,33.0,0,17021,68,0.000714882,0.01906775727939542,1813.7363858635251,20.0,0.0,0.0,9.0,20.0,0.0,68.0,48.0,6.0,12013.0
prefetch,33.0,weak,19,0,30,125.598,0.02838,0.07278,0.89884,0.51409,0.06666,29,20,0.3103448275862069,0.6896551724137931,0.3103448275862069,5005,33.0,33.0,0,19020,76,0.00079884,0.022897052500836,2178.3786366024933,20.0,0.0,0.0,9.0,20.0,0.0,76.0,56.0,5.0,14015.0
prefetch,33.0,weak,20,0,30,121.539,0.12463,0.0,0.87537,0.66011,0.2793,29,24,0.1724137931034483,0.8275862068965517,0.1724137931034483,6005,33.0,33.0,0,22026,88,0.0009250920000000001,0.02740133784217412,2606.57073038284,24.0,0.0,0.0,5.0,24.0,0.0,88.0,64.0,2.0,16021.0
prefetch,33.0,weak,21,1,9,52.371,0.10775,0.25142,0.64083,0.47619,0.0,9,7,0.2222222222222222,0.7777777777777778,0.2222222222222222,1750,33.0,33.0,0,7251,29,0.00030454200000000004,0.020934318611445266,1993.4696683278914,7.0,0.0,0.0,2.0,7.0,0.0,29.0,22.0,1.0,5501.0
prefetch,33.0,weak,22,0,30,135.234,0.06686,0.0,0.93314,0.6317,0.28375,29,22,0.2413793103448276,0.7586206896551724,0.2413793103448276,5501,33.0,33.0,0,17260,69,0.0007249200000000001,0.019297750565686146,1836.81618527885,22.0,0.0,0.0,7.0,22.0,0.0,69.0,47.0,2.0,11759.0
prefetch,33.0,weak,23,0,30,126.786,0.12676,0.03254,0.84071,0.59156,0.11852,29,23,0.20689655172413793,0.7931034482758621,0.20689655172413793,5756,33.0,33.0,0,18020,72,0.00075684,0.02148994368463395,2044.3897591216694,23.0,0.0,0.0,6.0,23.0,0.0,72.0,49.0,5.0,12264.0
prefetch,33.0,weak,24,0,30,123.882,0.09963,0.03063,0.86974,0.63906,0.08594,29,21,0.27586206896551724,0.7241379310344828,0.27586206896551724,5250,33.0,33.0,0,17503,70,0.0007351260000000001,0.021362696759819833,2034.1938296120502,21.0,0.0,0.0,8.0,21.0,0.0,70.0,49.0,5.0,12253.0
prefetch,33.0,weak,25,0,30,118.272,0.04018,0.0,0.95982,0.6006,0.26286,29,19,0.3448275862068966,0.6551724137931034,0.3448275862068966,4753,33.0,33.0,0,15766,63,0.000662172,0.020155397727272727,1917.613636363636,19.0,0.0,0.0,10.0,19.0,0.0,63.0,44.0,5.0,11013.0
prefetch,33.0,weak,26,0,30,120.021,0.06626,0.03272,0.90102,0.51532,0.10272,29,22,0.2413793103448276,0.7586206896551724,0.2413793103448276,5501,33.0,33.0,0,18262,73,0.0007670040000000001,0.02300609393356163,2189.616817057015,22.0,0.0,0.0,7.0,22.0,0.0,73.0,51.0,5.0,12761.0
prefetch,33.0,weak,27,0,30,127.71,0.06124,0.04522,0.89354,0.5731,0.01071,29,17,0.41379310344827586,0.5862068965517241,0.41379310344827586,4252,33.0,33.0,0,17764,71,0.0007460880000000001,0.021031374207188164,2001.4094432699085,17.0,0.0,0.0,12.0,17.0,0.0,71.0,54.0,9.0,13512.0
prefetch,33.0,weak,28,0,30,110.121,0.05844,0.01019,0.93138,0.61919,0.15844,29,23,0.20689655172413793,0.7931034482758621,0.20689655172413793,5750,33.0,33.0,0,17759,71,0.0007458780000000001,0.024383730623586782,2321.0831721470017,23.0,0.0,0.0,6.0,23.0,0.0,71.0,48.0,4.0,12009.0
prefetch,33.0,weak,29,0,30,128.04,0.12062,0.0,0.87938,0.62475,0.21881,29,26,0.10344827586206896,0.896551724137931,0.10344827586206896,6505,33.0,33.0,0,20775,83,0.00087255,0.024532802249297096,2333.6457357075915,26.0,0.0,0.0,3.0,26.0,0.0,83.0,57.0,2.0,14270.0
prefetch,33.0,medium,0,0,30,106.623,0.0684,0.0,0.9316,0.64034,0.302,29,19,0.3448275862068966,0.6551724137931034,0.3448275862068966,4752,33.0,33.0,0,17260,69,0.0007249200000000001,0.024476069891111674,2329.7037224613823,19.0,0.0,0.0,10.0,19.0,0.0,69.0,50.0,8.0,12508.0
prefetch,33.0,medium,1,1,26,93.852,0.1417,0.22468,0.63361,0.53101,0.0,26,22,0.15384615384615385,0.8461538461538461,0.15384615384615385,5503,33.0,33.0,0,17263,69,0.000725046,0.02781150747986191,2646.720368239355,22.0,0.0,0.0,4.0,22.0,0.0,69.0,47.0,4.0,11760.0
prefetch,33.0,medium,2,1,19,74.646,0.18214,0.04465,0.77321,0.65707,0.0,19,17,0.10526315789473684,0.8947368421052632,0.10526315789473684,4253,33.0,33.0,0,13264,53,0.0005570880000000001,0.026867036411864,2556.0646250301425,17.0,0.0,0.0,2.0,17.0,0.0,53.0,36.0,1.0,9011.0
prefetch,33.0,medium,3,0,30,116.721,0.11026,0.04015,0.84959,0.62647,0.11158,29,24,0.1724137931034483,0.8275862068965517,0.1724137931034483,6007,33.0,33.0,0,21792,87,0.000915264,0.028229285218598195,2683.321767291233,24.0,0.0,0.0,5.0,24.0,0.0,87.0,63.0,3.0,15785.0
prefetch,33.0,medium,4,0,30,101.475,0.15089,0.0026,0.8465,0.59766,0.18237,29,24,0.1724137931034483,0.8275862068965517,0.1724137931034483,6003,33.0,33.0,0,21021,84,0.0008828820000000001,0.03132175609756098,2980.044345898005,24.0,0.0,0.0,5.0,24.0,0.0,84.0,60.0,4.0,15018.0
prefetch,33.0,medium,5,0,30,102.795,0.13868,0.0,0.86132,0.69819,0.36529,29,25,0.13793103448275862,0.8620689655172413,0.13793103448275862,6250,33.0,33.0,0,23760,95,0.00099792,0.034948314606741575,3327.010068583102,25.0,0.0,0.0,4.0,25.0,0.0,95.0,70.0,3.0,17510.0
prefetch,33.0,medium,6,0,30,98.703,0.07054,0.09696,0.8325,0.49152,0.019,29,27,0.06896551724137931,0.9310344827586207,0.06896551724137931,6754,33.0,33.0,0,20017,80,0.0008407140000000001,0.0306634084070393,2917.8444424181635,27.0,0.0,0.0,2.0,27.0,0.0,80.0,53.0,2.0,13263.0
prefetch,33.0,medium,7,0,30,99.594,0.0666,0.04042,0.89298,0.58816,0.11143,29,22,0.2413793103448276,0.7586206896551724,0.2413793103448276,5503,33.0,33.0,0,21523,86,0.000903966,0.03267543827941442,3108.621001265137,22.0,0.0,0.0,7.0,22.0,0.0,86.0,64.0,2.0,16020.0
prefetch,33.0,medium,8,0,30,109.494,0.09102,0.00362,0.90536,0.60661,0.19431,29,24,0.1724137931034483,0.8275862068965517,0.1724137931034483,6006,33.0,33.0,0,20268,81,0.0008512560000000001,0.027988032220943617,2663.1596251849414,24.0,0.0,0.0,5.0,24.0,0.0,81.0,57.0,4.0,14262.0
prefetch,33.0,medium,9,0,30,105.864,0.08042,0.0,0.91958,0.62173,0.22245,29,21,0.27586206896551724,0.7241379310344828,0.27586206896551724,5254,33.0,33.0,0,17512,70,0.000735504,0.025011471321695757,2380.4126048515077,21.0,0.0,0.0,8.0,21.0,0.0,70.0,49.0,4.0,12258.0
prefetch,33.0,medium,10,0,30,98.307,0.07351,0.00873,0.91776,0.64019,0.15825,29,25,0.13793103448275862,0.8620689655172413,0.13793103448275862,6251,33.0,33.0,0,22023,88,0.000924966,0.03387223290304862,3222.5579053373617,25.0,0.0,0.0,4.0,25.0,0.0,88.0,63.0,3.0,15772.0
prefetch,33.0,medium,11,0,30,101.673,0.08504,0.0,0.91496,0.62098,0.248,29,26,0.10344827586206896,0.896551724137931,0.10344827586206896,6501,33.0,33.0,0,21514,86,0.0009035880000000001,0.031993909887580774,3045.0562096131716,26.0,0.0,0.0,3.0,26.0,0.0,86.0,60.0,2.0,15013.0
prefetch,33.0,medium,12,0,30,100.452,0.11498,0.04468,0.84034,0.60368,0.13906,29,25,0.13793103448275862,0.8620689655172413,0.13793103448275862,6254,33.0,33.0,0,19271,77,0.0008093820000000001,0.029006641978258273,2759.526938239159,25.0,0.0,0.0,4.0,25.0,0.0,77.0,52.0,2.0,13017.0
prefetch,33.0,medium,13,0,30,100.815,0.07791,0.05499,0.8671,0.51608,0.04038,29,25,0.13793103448275862,0.8620689655172413,0.13793103448275862,6254,33.0,33.0,0,18764,75,0.000788088,0.02814181223032287,2678.1728909388485,25.0,0.0,0.0,4.0,25.0,0.0,75.0,50.0,3.0,12510.0
prefetch,33.0,medium,14,0,30,96.03,0.06873,0.06632,0.86495,0.6066,0.06828,29,21,0.27586206896551724,0.7241379310344828,0.27586206896551724,5255,33.0,33.0,0,20018,80,0.0008407560000000001,0.031518500468603564,2999.062792877226,21.0,0.0,0.0,8.0,21.0,0.0,80.0,59.0,6.0,14763.0
prefetch,33.0,medium,15,0,30,104.577,0.03092,0.02714,0.94194,0.66496,0.12051,29,18,0.3793103448275862,0.6206896551724138,0.3793103448275862,4504,33.0,33.0,0,14010,56,0.0005884200000000001,0.020256002753951636,1927.766143607103,18.0,0.0,0.0,11.0,18.0,0.0,56.0,38.0,7.0,9506.0
prefetch,33.0,medium,16,0,30,103.62,0.0742,0.00573,0.92006,0.61448,0.17413,29,22,0.2413793103448276,0.7586206896551724,0.2413793103448276,5502,33.0,33.0,0,19771,79,0.0008303820000000001,0.028849403590040533,2744.6438911407063,22.0,0.0,0.0,7.0,22.0,0.0,79.0,57.0,3.0,14269.0
prefetch,33.0,medium,17,0,30,102.399,0.11344,0.0,0.88656,0.75269,0.43033,29,15,0.4827586206896552,0.5172413793103449,0.4827586206896552,3752,33.0,33.0,0,15267,61,0.0006412140000000001,0.022542899833006183,2144.5521928925086,15.0,0.0,0.0,14.0,15.0,0.0,61.0,46.0,5.0,11515.0
prefetch,33.0,medium,18,0,30,106.293,0.07637,0.0,0.92363,0.68165,0.36552,29,18,0.3793103448275862,0.6206896551724138,0.3793103448275862,4503,33.0,33.0,0,14517,58,0.000609714,0.02065018768874714,1964.3814738505826,18.0,0.0,0.0,11.0,18.0,0.0,58.0,40.0,7.0,10014.0
prefetch,33.0,medium,19,0,30,102.036,0.09702,0.0401,0.86287,0.61182,0.06873,29,23,0.20689655172413793,0.7931034482758621,0.20689655172413793,5757,33.0,33.0,0,20030,80,0.0008412600000000001,0.029681053745736805,2822.5332235681526,23.0,0.0,0.0,6.0,23.0,0.0,80.0,57.0,4.0,14273.0
prefetch,33.0,medium,20,0,30,95.073,0.17598,0.05415,0.76987,0.65454,0.10378,29,27,0.06896551724137931,0.9310344827586207,0.06896551724137931,6753,33.0,33.0,0,21262,85,0.000893004,0.03381416806033259,3218.5794074027326,27.0,0.0,0.0,2.0,27.0,0.0,85.0,58.0,1.0,14509.0
prefetch,33.0,medium,21,1,10,39.6,0.33,0.04917,0.62083,0.72071,0.0,10,6,0.4,0.6,0.4,1500,33.0,33.0,0,4751,19,0.000199542,0.018140181818181816,1727.2727272727273,6.0,0.0,0.0,4.0,6.0,0.0,19.0,13.0,3.0,3251.0
prefetch,33.0,medium,22,0,30,107.085,0.13282,0.0,0.86718,0.72446,0.34496,29,20,0.3103448275862069,0.6896551724137931,0.3103448275862069,5005,33.0,33.0,0,18016,72,0.000756672,0.025437915674464212,2420.507073819863,20.0,0.0,0.0,9.0,20.0,0.0,72.0,52.0,5.0,13011.0
prefetch,33.0,medium,23,0,30,93.522,0.05999,0.0,0.94001,0.60815,0.23188,29,23,0.20689655172413793,0.7931034482758621,0.20689655172413793,5753,33.0,33.0,0,16758,67,0.000703836,0.027093193045486623,2579.072303842946,23.0,0.0,0.0,6.0,23.0,0.0,67.0,44.0,4.0,11005.0
prefetch,33.0,medium,24,0,30,112.068,0.07715,0.0,0.92285,0.68072,0.28252,29,20,0.3103448275862069,0.6896551724137931,0.3103448275862069,5006,33.0,33.0,0,15773,63,0.000662466,0.02128062961773209,2023.7712817218119,20.0,0.0,0.0,9.0,20.0,0.0,63.0,43.0,7.0,10767.0
prefetch,33.0,medium,25,0,30,95.37,0.09066,0.0,0.90934,0.63248,0.25839,29,19,0.3448275862068966,0.6551724137931034,0.3448275862068966,4753,33.0,33.0,0,20772,83,0.0008724240000000001,0.03293201635734508,3133.060710915382,19.0,0.0,0.0,10.0,19.0,0.0,83.0,64.0,6.0,16019.0
prefetch,33.0,medium,26,0,30,96.525,0.1135,0.0,0.8865,0.65249,0.29514,29,24,0.1724137931034483,0.8275862068965517,0.1724137931034483,6008,33.0,33.0,0,23540,94,0.00098868,0.03687384615384615,3505.827505827506,24.0,0.0,0.0,5.0,24.0,0.0,94.0,70.0,2.0,17532.0
prefetch,33.0,medium,27,0,30,99.099,0.04995,0.01232,0.93773,0.58813,0.14139,29,22,0.2413793103448276,0.7586206896551724,0.2413793103448276,5502,33.0,33.0,0,21015,84,0.0008826300000000001,0.032063572790845526,3051.4939605848695,22.0,0.0,0.0,7.0,22.0,0.0,84.0,62.0,5.0,15513.0
prefetch,33.0,medium,28,0,30,107.712,0.12163,0.00643,0.87194,0.59601,0.18634,29,22,0.2413793103448276,0.7586206896551724,0.2413793103448276,5508,33.0,33.0,0,20780,83,0.0008727600000000001,0.02916978609625669,2774.0641711229946,22.0,0.0,0.0,7.0,22.0,0.0,83.0,61.0,7.0,15272.0
prefetch,33.0,medium,29,0,30,106.359,0.10642,0.0,0.89358,0.6723,0.34807,29,23,0.20689655172413793,0.7931034482758621,0.20689655172413793,5752,33.0,33.0,0,21265,85,0.0008931300000000001,0.030230333117084597,2877.0484867289088,23.0,0.0,0.0,6.0,23.0,0.0,85.0,62.0,4.0,15513.0
prefetch,33.0,strong,0,0,30,90.552,0.17821,0.03061,0.79118,0.64254,0.14654,29,24,0.1724137931034483,0.8275862068965517,0.1724137931034483,6007,33.0,33.0,0,20283,81,0.000851886,0.033867717996289425,3220.249138616485,24.0,0.0,0.0,5.0,24.0,0.0,81.0,57.0,4.0,14276.0
prefetch,33.0,strong,1,0,30,82.467,0.20528,0.0112,0.78351,0.7022,0.17787,29,27,0.06896551724137931,0.9310344827586207,0.06896551724137931,6757,33.0,33.0,0,20774,83,0.000872508,0.03808831168831169,3623.267488813707,27.0,0.0,0.0,2.0,27.0,0.0,83.0,56.0,0.0,14017.0
prefetch,33.0,strong,2,0,30,91.212,0.08068,0.0,0.91932,0.71891,0.51067,29,21,0.27586206896551724,0.7241379310344828,0.27586206896551724,5258,33.0,33.0,0,19536,78,0.000820512,0.03238437047756874,3078.5422970661757,21.0,0.0,0.0,8.0,21.0,0.0,78.0,57.0,3.0,14278.0
prefetch,33.0,strong,3,0,30,87.186,0.08213,0.0,0.91787,0.73409,0.40069,29,21,0.27586206896551724,0.7241379310344828,0.27586206896551724,5250,33.0,33.0,0,19513,78,0.0008195460000000001,0.033839900901520885,3220.700571192622,21.0,0.0,0.0,8.0,21.0,0.0,78.0,57.0,4.0,14263.0
prefetch,33.0,strong,4,0,30,87.516,0.19118,0.03846,0.77036,0.65736,0.13121,29,23,0.20689655172413793,0.7931034482758621,0.20689655172413793,5757,33.0,33.0,0,20276,81,0.0008515920000000001,0.03503052241875772,3331.962155491567,23.0,0.0,0.0,6.0,23.0,0.0,81.0,58.0,5.0,14519.0
prefetch,33.0,strong,5,0,30,85.932,0.19969,0.0,0.80031,0.69355,0.20628,29,22,0.2413793103448276,0.7586206896551724,0.2413793103448276,5505,33.0,33.0,0,22780,91,0.0009567600000000001,0.040082111436950146,3812.316715542522,22.0,0.0,0.0,7.0,22.0,0.0,91.0,69.0,4.0,17275.0
prefetch,33.0,strong,6,0,30,86.064,0.15606,0.01304,0.8309,0.67798,0.12256,29,25,0.13793103448275862,0.8620689655172413,0.13793103448275862,6251,33.0,33.0,0,22269,89,0.000935298,0.0391228945900725,3722.810931399889,25.0,0.0,0.0,4.0,25.0,0.0,89.0,64.0,3.0,16018.0
prefetch,33.0,strong,7,0,30,83.721,0.20733,0.0,0.79267,0.65573,0.24442,29,26,0.10344827586206896,0.896551724137931,0.10344827586206896,6504,33.0,33.0,0,24284,97,0.001019928,0.04385686745261045,4170.996524169563,26.0,0.0,0.0,3.0,26.0,0.0,97.0,71.0,2.0,17780.0
prefetch,33.0,strong,8,0,30,87.417,0.14572,0.05096,0.80332,0.56979,0.04573,29,24,0.1724137931034483,0.8275862068965517,0.1724137931034483,6004,33.0,33.0,0,22774,91,0.000956508,0.0393908370225471,3747.554823432513,24.0,0.0,0.0,5.0,24.0,0.0,91.0,67.0,4.0,16770.0
prefetch,33.0,strong,9,0,30,88.143,0.22314,0.0176,0.75927,0.65645,0.13642,29,24,0.1724137931034483,0.8275862068965517,0.1724137931034483,6007,33.0,33.0,0,18024,72,0.000757008,0.030918266907184917,2940.675947040604,24.0,0.0,0.0,5.0,24.0,0.0,72.0,48.0,4.0,12017.0
prefetch,33.0,strong,10,0,30,84.414,0.15754,0.12314,0.71931,0.52654,0.07138,29,23,0.20689655172413793,0.7931034482758621,0.20689655172413793,5755,33.0,33.0,0,22028,88,0.000925176,0.03945593858838581,3752.931978107897,23.0,0.0,0.0,6.0,23.0,0.0,88.0,65.0,6.0,16273.0
prefetch,33.0,strong,11,1,29,95.865,0.14217,0.05129,0.80654,0.61173,0.0,29,25,0.13793103448275862,0.8620689655172413,0.13793103448275862,6257,33.0,33.0,0,22293,89,0.000936306,0.03516092004381161,3342.1999687059933,25.0,0.0,0.0,4.0,25.0,0.0,89.0,64.0,4.0,16036.0
prefetch,33.0,strong,12,0,30,88.605,0.13669,0.0,0.86331,0.6507,0.23683,29,24,0.1724137931034483,0.8275862068965517,0.1724137931034483,6011,33.0,33.0,0,20036,80,0.0008415120000000001,0.034190431691213816,3250.3809040121887,24.0,0.0,0.0,5.0,24.0,0.0,80.0,56.0,5.0,14025.0
prefetch,33.0,strong,13,1,13,41.844,0.35883,0.09937,0.5418,0.68411,0.0,13,12,0.07692307692307693,0.9230769230769231,0.07692307692307693,3005,33.0,33.0,0,10020,40,0.00042084,0.03620648121594494,3441.3535990823057,12.0,0.0,0.0,1.0,12.0,0.0,40.0,28.0,1.0,7015.0
prefetch,33.0,strong,14,0,30,85.371,0.12988,0.0,0.87012,0.55168,0.20292,29,25,0.13793103448275862,0.8620689655172413,0.13793103448275862,6259,33.0,33.0,0,17275,69,0.00072555,0.03059563552025864,2909.6531609094422,25.0,0.0,0.0,4.0,25.0,0.0,69.0,44.0,3.0,11016.0
prefetch,33.0,strong,15,0,30,88.341,0.13411,0.01606,0.84983,0.63775,0.14175,29,24,0.1724137931034483,0.8275862068965517,0.1724137931034483,6001,33.0,33.0,0,22018,88,0.0009247560000000001,0.037684898291846375,3586.1038475905866,24.0,0.0,0.0,5.0,24.0,0.0,88.0,64.0,2.0,16017.0
prefetch,33.0,strong,16,0,30,88.473,0.13055,0.0,0.86945,0.62702,0.23269,29,25,0.13793103448275862,0.8620689655172413,0.13793103448275862,6261,33.0,33.0,0,20790,83,0.0008731800000000001,0.03553002610966058,3377.3015496253097,25.0,0.0,0.0,4.0,25.0,0.0,83.0,58.0,3.0,14529.0
prefetch,33.0,strong,17,0,30,88.902,0.14551,0.00668,0.84781,0.65577,0.19021,29,22,0.2413793103448276,0.7586206896551724,0.2413793103448276,5503,33.0,33.0,0,19264,77,0.0008090880000000001,0.032763231423365055,3118.0400890868596,22.0,0.0,0.0,7.0,22.0,0.0,77.0,55.0,5.0,13761.0
prefetch,33.0,strong,18,0,30,94.974,0.1091,0.0,0.8909,0.59337,0.23526,29,22,0.2413793103448276,0.7586206896551724,0.2413793103448276,5509,33.0,33.0,0,17525,70,0.00073605,0.027900056857666305,2653.357761071451,22.0,0.0,0.0,7.0,22.0,0.0,70.0,48.0,3.0,12016.0
prefetch,33.0,strong,19,0,30,84.975,0.16194,0.0,0.83806,0.64719,0.26109,29,24,0.1724137931034483,0.8275862068965517,0.1724137931034483,6005,33.0,33.0,0,22789,91,0.0009571380000000001,0.040549535745807594,3855.2515445719337,24.0,0.0,0.0,5.0,24.0,0.0,91.0,67.0,3.0,16784.0
prefetch,33.0,strong,20,0,30,87.186,0.13702,0.0,0.86298,0.59693,0.24964,29,25,0.13793103448275862,0.8620689655172413,0.13793103448275862,6254,33.0,33.0,0,22012,88,0.000924504,0.03817372513935724,3633.6109008327026,25.0,0.0,0.0,4.0,25.0,0.0,88.0,63.0,3.0,15758.0
prefetch,33.0,strong,21,0,30,95.04,0.13194,0.0,0.86806,0.6279,0.28164,29,22,0.2413793103448276,0.7586206896551724,0.2413793103448276,5508,33.0,33.0,0,14024,56,0.000589008,0.02231090909090909,2121.212121212121,22.0,0.0,0.0,7.0,22.0,0.0,56.0,34.0,2.0,8516.0
prefetch,33.0,strong,22,0,30,87.384,0.11027,0.00793,0.8818,0.63311,0.18649,29,23,0.20689655172413793,0.7931034482758621,0.20689655172413793,5749,33.0,33.0,0,19504,78,0.000819168,0.033747651744026365,3213.4029112881076,23.0,0.0,0.0,6.0,23.0,0.0,78.0,55.0,4.0,13755.0
prefetch,33.0,strong,23,0,30,93.456,0.13665,0.0,0.86335,0.67226,0.27997,29,24,0.1724137931034483,0.8275862068965517,0.1724137931034483,6004,33.0,33.0,0,16522,66,0.0006939240000000001,0.02673050847457627,2542.372881355932,24.0,0.0,0.0,5.0,24.0,0.0,66.0,42.0,3.0,10518.0
prefetch,33.0,strong,24,0,30,89.727,0.13387,0.00478,0.86135,0.6843,0.19192,29,23,0.20689655172413793,0.7931034482758621,0.20689655172413793,5755,33.0,33.0,0,20519,82,0.000861798,0.03457680296900598,3289.97960480123,23.0,0.0,0.0,6.0,23.0,0.0,82.0,59.0,2.0,14764.0
prefetch,33.0,strong,25,0,30,85.404,0.14529,0.02705,0.82767,0.52863,0.14713,29,24,0.1724137931034483,0.8275862068965517,0.1724137931034483,6003,33.0,33.0,0,17770,71,0.0007463400000000001,0.03146016580019671,2992.8340592946465,24.0,0.0,0.0,5.0,24.0,0.0,71.0,47.0,3.0,11767.0
prefetch,33.0,strong,26,0,30,90.651,0.11977,0.0,0.88023,0.66974,0.26232,29,21,0.27586206896551724,0.7241379310344828,0.27586206896551724,5259,33.0,33.0,0,17030,68,0.00071526,0.02840493761789721,2700.4666247476584,21.0,0.0,0.0,8.0,21.0,0.0,68.0,47.0,6.0,11771.0
prefetch,33.0,strong,27,0,30,88.803,0.11669,0.0524,0.83092,0.64457,0.03613,29,24,0.1724137931034483,0.8275862068965517,0.1724137931034483,6005,33.0,33.0,0,20273,81,0.000851466,0.03451772575250836,3283.67284889024,24.0,0.0,0.0,5.0,24.0,0.0,81.0,57.0,3.0,14268.0
prefetch,33.0,strong,28,0,30,84.051,0.15705,0.0,0.84295,0.65243,0.22291,29,24,0.1724137931034483,0.8275862068965517,0.1724137931034483,6011,33.0,33.0,0,17780,71,0.00074676,0.0319845807902345,3041.010814862405,24.0,0.0,0.0,5.0,24.0,0.0,71.0,47.0,3.0,11769.0
prefetch,33.0,strong,29,0,30,92.169,0.1271,0.0,0.8729,0.61109,0.25471,29,22,0.2413793103448276,0.7586206896551724,0.2413793103448276,5506,33.0,33.0,0,18524,74,0.0007780080000000001,0.030387969924812033,2890.3427399668003,22.0,0.0,0.0,7.0,22.0,0.0,74.0,52.0,4.0,13018.0
prefetch,100.0,weak,0,0,30,121.671,0.04692,0.00108,0.95199,0.60838,0.19626,29,17,0.4482758620689655,0.5517241379310345,0.41379310344827586,4252,33.0,33.0,0,15759,63,0.0006618780000000001,0.01958363784303573,1864.0431984614245,16.0,0.0,0.0,12.0,17.0,0.0,63.0,46.0,10.0,11507.0
prefetch,100.0,weak,1,0,30,116.688,0.05656,0.08201,0.86143,0.5127,0.01441,29,20,0.3103448275862069,0.6896551724137931,0.3103448275862069,5003,33.0,33.0,0,18771,75,0.000788382,0.024322768408062526,2313.862607980255,20.0,0.0,0.0,9.0,20.0,0.0,75.0,55.0,5.0,13768.0
prefetch,100.0,weak,2,0,30,126.72,0.10729,0.0974,0.79531,0.54517,0.06435,29,21,0.27586206896551724,0.7241379310344828,0.27586206896551724,5251,33.0,33.0,0,20263,81,0.000851046,0.024177443181818182,2301.1363636363635,21.0,0.0,0.0,8.0,21.0,0.0,81.0,60.0,6.0,15012.0
prefetch,100.0,weak,3,1,1,11.88,0.30833,0.19167,0.5,0.6213,0.0,1,0,1.0,0.0,1.0,0,33.0,33.0,0,1250,5,5.25e-05,0.015909090909090907,1515.151515151515,0.0,0.0,0.0,1.0,0.0,0.0,5.0,5.0,1.0,1250.0
prefetch,100.0,weak,4,0,30,122.826,0.13084,0.09404,0.77512,0.6217,0.06154,29,23,0.2413793103448276,0.7586206896551724,0.20689655172413793,5753,33.0,33.0,0,21258,85,0.000892836,0.026168804650481173,2491.329197401202,22.0,0.0,0.0,6.0,23.0,0.0,85.0,62.0,2.0,15505.0
prefetch,100.0,weak,5,0,30,121.473,0.04944,0.0,0.95056,0.6151,0.27144,29,22,0.27586206896551724,0.7241379310344828,0.2413793103448276,5507,33.0,33.0,0,23289,93,0.0009781380000000001,0.028988308513002894,2756.1680373416316,21.0,0.0,0.0,7.0,22.0,0.0,93.0,71.0,4.0,17782.0
prefetch,100.0,weak,6,1,13,61.644,0.06638,0.02837,0.90525,0.57838,0.0,13,9,0.38461538461538464,0.6153846153846154,0.3076923076923077,2251,33.0,33.0,0,8004,32,0.000336168,0.01963215884757641,1868.7950165466227,8.0,0.0,0.0,4.0,9.0,0.0,32.0,23.0,4.0,5753.0
prefetch,100.0,weak,7,0,30,129.954,0.04571,0.01295,0.94134,0.54197,0.17499,29,21,0.27586206896551724,0.7241379310344828,0.27586206896551724,5254,33.0,33.0,0,18776,75,0.0007885920000000001,0.021845662311279376,2077.6582483032457,21.0,0.0,0.0,8.0,21.0,0.0,75.0,54.0,4.0,13522.0
prefetch,100.0,weak,8,0,30,130.185,0.07731,0.0,0.92269,0.57825,0.23197,29,22,0.27586206896551724,0.7241379310344828,0.2413793103448276,5496,33.0,33.0,0,15497,62,0.0006508740000000001,0.01799858969927411,1714.483235395783,21.0,0.0,0.0,7.0,22.0,0.0,62.0,40.0,4.0,10001.0
prefetch,100.0,weak,9,0,30,121.473,0.10541,0.07498,0.81961,0.5661,0.06063,29,23,0.2413793103448276,0.7586206896551724,0.20689655172413793,5754,33.0,33.0,0,20777,83,0.0008726340000000001,0.02586156923760836,2459.805882788768,22.0,0.0,0.0,6.0,23.0,0.0,83.0,60.0,3.0,15023.0
prefetch,100.0,weak,10,0,30,124.905,0.18045,0.0,0.81955,0.68407,0.20208,29,23,0.20689655172413793,0.7931034482758621,0.20689655172413793,5756,33.0,33.0,0,18020,72,0.00075684,0.021813570313438214,2075.177134622313,23.0,0.0,0.0,6.0,23.0,0.0,72.0,49.0,2.0,12264.0
prefetch,100.0,weak,11,1,4,26.961,0.15422,0.09425,0.75153,0.68299,0.0,4,4,0.0,1.0,0.0,1000,33.0,33.0,0,3999,16,0.000167958,0.022426794258373208,2136.4192722821854,4.0,0.0,0.0,0.0,4.0,0.0,16.0,12.0,0.0,2999.0
prefetch,100.0,weak,12,0,30,117.018,0.04625,0.03074,0.92301,0.52952,0.10273,29,21,0.3103448275862069,0.6896551724137931,0.27586206896551724,5256,33.0,33.0,0,18028,72,0.000757176,0.0232941393631749,2215.0438394093217,20.0,0.0,0.0,8.0,21.0,0.0,72.0,51.0,5.0,12772.0
prefetch,100.0,weak,13,0,30,115.83,0.02821,0.0302,0.9416,0.5811,0.10615,29,25,0.1724137931034483,0.8275862068965517,0.13793103448275862,6256,33.0,33.0,0,22779,91,0.0009567180000000001,0.029734825174825175,2828.282828282828,24.0,0.0,0.0,4.0,25.0,0.0,91.0,66.0,4.0,16523.0
prefetch,100.0,weak,14,0,30,126.753,0.08513,0.0,0.91487,0.54927,0.22369,29,22,0.2413793103448276,0.7586206896551724,0.2413793103448276,5504,33.0,33.0,0,19520,78,0.0008198400000000001,0.023284845329104638,2215.3321814868286,22.0,0.0,0.0,7.0,22.0,0.0,78.0,56.0,5.0,14016.0
prefetch,100.0,weak,15,1,26,120.087,0.05139,0.05331,0.8953,0.64645,0.0,26,16,0.38461538461538464,0.6153846153846154,0.38461538461538464,4005,33.0,33.0,0,14020,56,0.00058884,0.017652402008543802,1678.7828824102526,16.0,0.0,0.0,10.0,16.0,0.0,56.0,40.0,5.0,10015.0
prefetch,100.0,weak,16,0,30,120.615,0.08892,0.0342,0.87688,0.61321,0.09747,29,24,0.1724137931034483,0.8275862068965517,0.1724137931034483,6004,33.0,33.0,0,21523,86,0.000903966,0.026980703892550677,2566.8449197860964,24.0,0.0,0.0,5.0,24.0,0.0,86.0,62.0,4.0,15519.0
prefetch,100.0,weak,17,0,30,121.341,0.03671,0.03019,0.9331,0.56653,0.15084,29,18,0.3793103448275862,0.6206896551724138,0.3793103448275862,4505,33.0,33.0,0,18025,72,0.0007570500000000001,0.022460503869261014,2136.128761094766,18.0,0.0,0.0,11.0,18.0,0.0,72.0,54.0,5.0,13520.0
prefetch,100.0,weak,18,0,30,134.97,0.03056,0.02983,0.93961,0.4889,0.05415,29,20,0.3103448275862069,0.6896551724137931,0.3103448275862069,5008,33.0,33.0,0,17021,68,0.000714882,0.01906775727939542,1813.7363858635251,20.0,0.0,0.0,9.0,20.0,0.0,68.0,48.0,6.0,12013.0
prefetch,100.0,weak,19,0,30,125.598,0.02838,0.07278,0.89884,0.51409,0.06666,29,20,0.3103448275862069,0.6896551724137931,0.3103448275862069,5005,33.0,33.0,0,19020,76,0.00079884,0.022897052500836,2178.3786366024933,20.0,0.0,0.0,9.0,20.0,0.0,76.0,56.0,5.0,14015.0
prefetch,100.0,weak,20,0,30,121.539,0.12463,0.0,0.87537,0.66011,0.2793,29,24,0.1724137931034483,0.8275862068965517,0.1724137931034483,6005,33.0,33.0,0,22026,88,0.0009250920000000001,0.02740133784217412,2606.57073038284,24.0,0.0,0.0,5.0,24.0,0.0,88.0,64.0,2.0,16021.0
prefetch,100.0,weak,21,1,9,52.371,0.10775,0.25142,0.64083,0.47619,0.0,9,7,0.2222222222222222,0.7777777777777778,0.2222222222222222,1750,33.0,33.0,0,7251,29,0.00030454200000000004,0.020934318611445266,1993.4696683278914,7.0,0.0,0.0,2.0,7.0,0.0,29.0,22.0,1.0,5501.0
prefetch,100.0,weak,22,0,30,135.234,0.06686,0.0,0.93314,0.6317,0.28375,29,22,0.2413793103448276,0.7586206896551724,0.2413793103448276,5501,33.0,33.0,0,17260,69,0.0007249200000000001,0.019297750565686146,1836.81618527885,22.0,0.0,0.0,7.0,22.0,0.0,69.0,47.0,2.0,11759.0
prefetch,100.0,weak,23,0,30,122.265,0.10607,0.03374,0.86019,0.5643,0.11852,29,22,0.3103448275862069,0.6896551724137931,0.2413793103448276,5505,33.0,33.0,0,17518,70,0.0007357560000000001,0.021663776223776226,2061.0967979389034,20.0,0.0,0.0,7.0,22.0,0.0,70.0,48.0,5.0,12013.0
prefetch,100.0,weak,24,0,30,119.394,0.04008,0.05362,0.9063,0.56318,0.03765,29,25,0.20689655172413793,0.7931034482758621,0.13793103448275862,6257,33.0,33.0,0,19770,79,0.00083034,0.02503663500678426,2382.0292477008893,23.0,0.0,0.0,4.0,25.0,0.0,79.0,54.0,2.0,13513.0
prefetch,100.0,weak,25,0,30,118.272,0.04018,0.0,0.95982,0.6006,0.26286,29,19,0.3448275862068966,0.6551724137931034,0.3448275862068966,4753,33.0,33.0,0,15766,63,0.000662172,0.020155397727272727,1917.613636363636,19.0,0.0,0.0,10.0,19.0,0.0,63.0,44.0,5.0,11013.0
prefetch,100.0,weak,26,0,30,120.021,0.06626,0.03272,0.90102,0.51532,0.10272,29,22,0.2413793103448276,0.7586206896551724,0.2413793103448276,5501,33.0,33.0,0,18262,73,0.0007670040000000001,0.02300609393356163,2189.616817057015,22.0,0.0,0.0,7.0,22.0,0.0,73.0,51.0,5.0,12761.0
prefetch,100.0,weak,27,0,30,127.71,0.06124,0.04522,0.89354,0.5731,0.01071,29,17,0.41379310344827586,0.5862068965517241,0.41379310344827586,4252,33.0,33.0,0,17764,71,0.0007460880000000001,0.021031374207188164,2001.4094432699085,17.0,0.0,0.0,12.0,17.0,0.0,71.0,54.0,9.0,13512.0
prefetch,100.0,weak,28,0,30,110.121,0.05844,0.01019,0.93138,0.61919,0.15844,29,23,0.20689655172413793,0.7931034482758621,0.20689655172413793,5750,33.0,33.0,0,17759,71,0.0007458780000000001,0.024383730623586782,2321.0831721470017,23.0,0.0,0.0,6.0,23.0,0.0,71.0,48.0,4.0,12009.0
prefetch,100.0,weak,29,0,30,128.04,0.12062,0.0,0.87938,0.62475,0.21881,29,26,0.13793103448275862,0.8620689655172413,0.10344827586206896,6505,33.0,33.0,0,20775,83,0.00087255,0.024532802249297096,2333.6457357075915,25.0,0.0,0.0,3.0,26.0,0.0,83.0,57.0,2.0,14270.0
prefetch,100.0,medium,0,0,30,106.623,0.0684,0.0,0.9316,0.64034,0.302,29,19,0.3448275862068966,0.6551724137931034,0.3448275862068966,4752,33.0,33.0,0,17260,69,0.0007249200000000001,0.024476069891111674,2329.7037224613823,19.0,0.0,0.0,10.0,19.0,0.0,69.0,50.0,8.0,12508.0
prefetch,100.0,medium,1,1,26,93.852,0.1417,0.22468,0.63361,0.53101,0.0,26,22,0.15384615384615385,0.8461538461538461,0.15384615384615385,5503,33.0,33.0,0,17263,69,0.000725046,0.02781150747986191,2646.720368239355,22.0,0.0,0.0,4.0,22.0,0.0,69.0,47.0,4.0,11760.0
prefetch,100.0,medium,2,1,19,74.646,0.18214,0.04465,0.77321,0.65707,0.0,19,17,0.10526315789473684,0.8947368421052632,0.10526315789473684,4253,33.0,33.0,0,13264,53,0.0005570880000000001,0.026867036411864,2556.0646250301425,17.0,0.0,0.0,2.0,17.0,0.0,53.0,36.0,1.0,9011.0
prefetch,100.0,medium,3,0,30,116.721,0.11026,0.04015,0.84959,0.62647,0.11158,29,24,0.1724137931034483,0.8275862068965517,0.1724137931034483,6007,33.0,33.0,0,21792,87,0.000915264,0.028229285218598195,2683.321767291233,24.0,0.0,0.0,5.0,24.0,0.0,87.0,63.0,3.0,15785.0
prefetch,100.0,medium,4,0,30,101.475,0.15089,0.0026,0.8465,0.59766,0.18237,29,24,0.1724137931034483,0.8275862068965517,0.1724137931034483,6003,33.0,33.0,0,21021,84,0.0008828820000000001,0.03132175609756098,2980.044345898005,24.0,0.0,0.0,5.0,24.0,0.0,84.0,60.0,4.0,15018.0
prefetch,100.0,medium,5,1,28,102.96,0.14968,0.02019,0.83013,0.6851,0.0,28,22,0.25,0.75,0.21428571428571427,5501,33.0,33.0,0,21014,84,0.0008825880000000001,0.030859720279720285,2937.062937062937,21.0,0.0,0.0,6.0,22.0,0.0,84.0,62.0,5.0,15513.0
prefetch,100.0,medium,6,0,30,98.703,0.07054,0.09696,0.8325,0.49152,0.019,29,27,0.06896551724137931,0.9310344827586207,0.06896551724137931,6754,33.0,33.0,0,20017,80,0.0008407140000000001,0.0306634084070393,2917.8444424181635,27.0,0.0,0.0,2.0,27.0,0.0,80.0,53.0,2.0,13263.0
prefetch,100.0,medium,7,0,30,99.594,0.0666,0.04042,0.89298,0.58816,0.11143,29,22,0.2413793103448276,0.7586206896551724,0.2413793103448276,5503,33.0,33.0,0,21523,86,0.000903966,0.03267543827941442,3108.621001265137,22.0,0.0,0.0,7.0,22.0,0.0,86.0,64.0,2.0,16020.0
prefetch,100.0,medium,8,0,30,109.494,0.09102,0.00362,0.90536,0.60661,0.19431,29,24,0.1724137931034483,0.8275862068965517,0.1724137931034483,6006,33.0,33.0,0,20268,81,0.0008512560000000001,0.027988032220943617,2663.1596251849414,24.0,0.0,0.0,5.0,24.0,0.0,81.0,57.0,4.0,14262.0
prefetch,100.0,medium,9,0,30,105.864,0.08042,0.0,0.91958,0.62173,0.22245,29,21,0.27586206896551724,0.7241379310344828,0.27586206896551724,5254,33.0,33.0,0,17512,70,0.000735504,0.025011471321695757,2380.4126048515077,21.0,0.0,0.0,8.0,21.0,0.0,70.0,49.0,4.0,12258.0
prefetch,100.0,medium,10,0,30,98.307,0.07351,0.00873,0.91776,0.64019,0.15825,29,25,0.13793103448275862,0.8620689655172413,0.13793103448275862,6251,33.0,33.0,0,22023,88,0.000924966,0.03387223290304862,3222.5579053373617,25.0,0.0,0.0,4.0,25.0,0.0,88.0,63.0,3.0,15772.0
prefetch,100.0,medium,11,0,30,101.673,0.08504,0.0,0.91496,0.62098,0.248,29,26,0.13793103448275862,0.8620689655172413,0.10344827586206896,6501,33.0,33.0,0,21514,86,0.0009035880000000001,0.031993909887580774,3045.0562096131716,25.0,0.0,0.0,3.0,26.0,0.0,86.0,60.0,2.0,15013.0
prefetch,100.0,medium,12,0,30,106.458,0.0775,0.03999,0.88252,0.61469,0.12171,29,23,0.2413793103448276,0.7586206896551724,0.20689655172413793,5756,33.0,33.0,0,21277,85,0.000893634,0.030219263935072984,2874.3729921659246,22.0,0.0,0.0,6.0,23.0,0.0,85.0,62.0,4.0,15521.0
prefetch,100.0,medium,13,0,30,100.815,0.07791,0.05499,0.8671,0.51608,0.04038,29,25,0.13793103448275862,0.8620689655172413,0.13793103448275862,6254,33.0,33.0,0,18764,75,0.000788088,0.02814181223032287,2678.1728909388485,25.0,0.0,0.0,4.0,25.0,0.0,75.0,50.0,3.0,12510.0
prefetch,100.0,medium,14,0,30,96.03,0.06873,0.06632,0.86495,0.6066,0.06828,29,21,0.27586206896551724,0.7241379310344828,0.27586206896551724,5255,33.0,33.0,0,20018,80,0.0008407560000000001,0.031518500468603564,2999.062792877226,21.0,0.0,0.0,8.0,21.0,0.0,80.0,59.0,6.0,14763.0
prefetch,100.0,medium,15,0,30,104.577,0.03092,0.02714,0.94194,0.66496,0.12051,29,18,0.3793103448275862,0.6206896551724138,0.3793103448275862,4504,33.0,33.0,0,14010,56,0.0005884200000000001,0.020256002753951636,1927.766143607103,18.0,0.0,0.0,11.0,18.0,0.0,56.0,38.0,7.0,9506.0
prefetch,100.0,medium,16,0,30,101.112,0.07604,0.0235,0.90046,0.62209,0.13561,29,23,0.2413793103448276,0.7586206896551724,0.20689655172413793,5758,33.0,33.0,0,20280,81,0.0008517600000000001,0.030326133396629484,2883.9306907192026,22.0,0.0,0.0,6.0,23.0,0.0,81.0,58.0,4.0,14522.0
prefetch,100.0,medium,17,0,30,102.399,0.11344,0.0,0.88656,0.75269,0.43033,29,15,0.4827586206896552,0.5172413793103449,0.4827586206896552,3752,33.0,33.0,0,15267,61,0.0006412140000000001,0.022542899833006183,2144.5521928925086,15.0,0.0,0.0,14.0,15.0,0.0,61.0,46.0,5.0,11515.0
prefetch,100.0,medium,18,0,30,106.293,0.07637,0.0,0.92363,0.68165,0.36552,29,18,0.3793103448275862,0.6206896551724138,0.3793103448275862,4503,33.0,33.0,0,14517,58,0.000609714,0.02065018768874714,1964.3814738505826,18.0,0.0,0.0,11.0,18.0,0.0,58.0,40.0,7.0,10014.0
prefetch,100.0,medium,19,0,30,102.036,0.09702,0.0401,0.86287,0.614,0.06873,29,23,0.2413793103448276,0.7586206896551724,0.20689655172413793,5757,33.0,33.0,0,20029,80,0.000841218,0.029679571915794428,2822.5332235681526,22.0,0.0,0.0,6.0,23.0,0.0,80.0,57.0,4.0,14272.0
prefetch,100.0,medium,20,0,30,95.073,0.17598,0.05415,0.76987,0.65454,0.10378,29,27,0.06896551724137931,0.9310344827586207,0.06896551724137931,6753,33.0,33.0,0,21262,85,0.000893004,0.03381416806033259,3218.5794074027326,27.0,0.0,0.0,2.0,27.0,0.0,85.0,58.0,1.0,14509.0
prefetch,100.0,medium,21,1,10,39.6,0.33,0.04917,0.62083,0.72071,0.0,10,6,0.4,0.6,0.4,1500,33.0,33.0,0,4751,19,0.000199542,0.018140181818181816,1727.2727272727273,6.0,0.0,0.0,4.0,6.0,0.0,19.0,13.0,3.0,3251.0
prefetch,100.0,medium,22,0,30,107.085,0.13282,0.0,0.86718,0.72446,0.34496,29,20,0.3103448275862069,0.6896551724137931,0.3103448275862069,5005,33.0,33.0,0,18016,72,0.000756672,0.025437915674464212,2420.507073819863,20.0,0.0,0.0,9.0,20.0,0.0,72.0,52.0,5.0,13011.0
prefetch,100.0,medium,23,0,30,92.565,0.06061,0.0,0.93939,0.62544,0.23188,29,24,0.20689655172413793,0.7931034482758621,0.1724137931034483,6003,33.0,33.0,0,16258,65,0.000682836,0.026556577540106954,2527.9533300923677,23.0,0.0,0.0,5.0,24.0,0.0,65.0,41.0,3.0,10255.0
prefetch,100.0,medium,24,0,30,112.068,0.07715,0.0,0.92285,0.68072,0.28252,29,20,0.3103448275862069,0.6896551724137931,0.3103448275862069,5006,33.0,33.0,0,15773,63,0.000662466,0.02128062961773209,2023.7712817218119,20.0,0.0,0.0,9.0,20.0,0.0,63.0,43.0,7.0,10767.0
prefetch,100.0,medium,25,0,30,95.37,0.09066,0.0,0.90934,0.63248,0.25839,29,19,0.3448275862068966,0.6551724137931034,0.3448275862068966,4753,33.0,33.0,0,20772,83,0.0008724240000000001,0.03293201635734508,3133.060710915382,19.0,0.0,0.0,10.0,19.0,0.0,83.0,64.0,6.0,16019.0
prefetch,100.0,medium,26,0,30,96.525,0.1135,0.0,0.8865,0.65249,0.29514,29,24,0.1724137931034483,0.8275862068965517,0.1724137931034483,6008,33.0,33.0,0,23540,94,0.00098868,0.03687384615384615,3505.827505827506,24.0,0.0,0.0,5.0,24.0,0.0,94.0,70.0,2.0,17532.0
prefetch,100.0,medium,27,0,30,99.099,0.04995,0.01232,0.93773,0.58813,0.14139,29,22,0.2413793103448276,0.7586206896551724,0.2413793103448276,5502,33.0,33.0,0,21015,84,0.0008826300000000001,0.032063572790845526,3051.4939605848695,22.0,0.0,0.0,7.0,22.0,0.0,84.0,62.0,5.0,15513.0
prefetch,100.0,medium,28,0,30,107.118,0.11183,0.03081,0.85736,0.54476,0.1171,29,21,0.3103448275862069,0.6896551724137931,0.27586206896551724,5258,33.0,33.0,0,20529,82,0.0008622180000000001,0.028977247521424977,2755.8393547302976,20.0,0.0,0.0,8.0,21.0,0.0,82.0,61.0,8.0,15271.0
prefetch,100.0,medium,29,0,30,106.359,0.10642,0.0,0.89358,0.6723,0.34807,29,23,0.20689655172413793,0.7931034482758621,0.20689655172413793,5752,33.0,33.0,0,21265,85,0.0008931300000000001,0.030230333117084597,2877.0484867289088,23.0,0.0,0.0,6.0,23.0,0.0,85.0,62.0,4.0,15513.0
prefetch,100.0,strong,0,0,30,89.991,0.19215,0.0308,0.77704,0.6574,0.14654,29,24,0.20689655172413793,0.7931034482758621,0.1724137931034483,6006,33.0,33.0,0,20781,83,0.000872802,0.03491557155715572,3320.3320332033204,23.0,0.0,0.0,5.0,24.0,0.0,83.0,59.0,4.0,14775.0
prefetch,100.0,strong,1,0,30,82.467,0.20528,0.0112,0.78351,0.7022,0.17787,29,27,0.06896551724137931,0.9310344827586207,0.06896551724137931,6757,33.0,33.0,0,20774,83,0.000872508,0.03808831168831169,3623.267488813707,27.0,0.0,0.0,2.0,27.0,0.0,83.0,56.0,0.0,14017.0
prefetch,100.0,strong,2,0,30,91.212,0.08068,0.0,0.91932,0.71891,0.51067,29,21,0.27586206896551724,0.7241379310344828,0.27586206896551724,5258,33.0,33.0,0,19536,78,0.000820512,0.03238437047756874,3078.5422970661757,21.0,0.0,0.0,8.0,21.0,0.0,78.0,57.0,3.0,14278.0
prefetch,100.0,strong,3,0,30,87.186,0.08213,0.0,0.91787,0.73409,0.40069,29,21,0.27586206896551724,0.7241379310344828,0.27586206896551724,5250,33.0,33.0,0,19513,78,0.0008195460000000001,0.033839900901520885,3220.700571192622,21.0,0.0,0.0,8.0,21.0,0.0,78.0,57.0,4.0,14263.0
prefetch,100.0,strong,4,0,30,87.516,0.19118,0.03846,0.77036,0.65736,0.13121,29,23,0.20689655172413793,0.7931034482758621,0.20689655172413793,5757,33.0,33.0,0,20276,81,0.0008515920000000001,0.03503052241875772,3331.962155491567,23.0,0.0,0.0,6.0,23.0,0.0,81.0,58.0,5.0,14519.0
prefetch,100.0,strong,5,0,30,85.932,0.19969,0.0,0.80031,0.69355,0.20628,29,22,0.2413793103448276,0.7586206896551724,0.2413793103448276,5505,33.0,33.0,0,22780,91,0.0009567600000000001,0.040082111436950146,3812.316715542522,22.0,0.0,0.0,7.0,22.0,0.0,91.0,69.0,4.0,17275.0
prefetch,100.0,strong,6,0,30,86.064,0.15606,0.01304,0.8309,0.67798,0.12256,29,25,0.13793103448275862,0.8620689655172413,0.13793103448275862,6251,33.0,33.0,0,22269,89,0.000935298,0.0391228945900725,3722.810931399889,25.0,0.0,0.0,4.0,25.0,0.0,89.0,64.0,3.0,16018.0
prefetch,100.0,strong,7,0,30,83.721,0.20733,0.0,0.79267,0.65573,0.24442,29,26,0.10344827586206896,0.896551724137931,0.10344827586206896,6504,33.0,33.0,0,24284,97,0.001019928,0.04385686745261045,4170.996524169563,26.0,0.0,0.0,3.0,26.0,0.0,97.0,71.0,2.0,17780.0
prefetch,100.0,strong,8,0,30,87.417,0.14572,0.05096,0.80332,0.56979,0.04573,29,24,0.1724137931034483,0.8275862068965517,0.1724137931034483,6004,33.0,33.0,0,22774,91,0.000956508,0.0393908370225471,3747.554823432513,24.0,0.0,0.0,5.0,24.0,0.0,91.0,67.0,4.0,16770.0
prefetch,100.0,strong,9,0,30,88.143,0.22314,0.0176,0.75927,0.65645,0.13642,29,24,0.1724137931034483,0.8275862068965517,0.1724137931034483,6007,33.0,33.0,0,18024,72,0.000757008,0.030918266907184917,2940.675947040604,24.0,0.0,0.0,5.0,24.0,0.0,72.0,48.0,4.0,12017.0
prefetch,100.0,strong,10,0,30,84.414,0.15754,0.12314,0.71931,0.52654,0.07138,29,23,0.20689655172413793,0.7931034482758621,0.20689655172413793,5755,33.0,33.0,0,22028,88,0.000925176,0.03945593858838581,3752.931978107897,23.0,0.0,0.0,6.0,23.0,0.0,88.0,65.0,6.0,16273.0
prefetch,100.0,strong,11,1,29,95.865,0.14217,0.05129,0.80654,0.61173,0.0,29,25,0.13793103448275862,0.8620689655172413,0.13793103448275862,6257,33.0,33.0,0,22293,89,0.000936306,0.03516092004381161,3342.1999687059933,25.0,0.0,0.0,4.0,25.0,0.0,89.0,64.0,4.0,16036.0
prefetch,100.0,strong,12,0,30,88.605,0.13669,0.0,0.86331,0.6507,0.23683,29,24,0.1724137931034483,0.8275862068965517,0.1724137931034483,6011,33.0,33.0,0,20036,80,0.0008415120000000001,0.034190431691213816,3250.3809040121887,24.0,0.0,0.0,5.0,24.0,0.0,80.0,56.0,5.0,14025.0
prefetch,100.0,strong,13,0,30,86.988,0.17261,0.08574,0.74165,0.53692,0.10947,29,27,0.10344827586206896,0.896551724137931,0.06896551724137931,6763,33.0,33.0,0,20293,81,0.000852306,0.035272699682714855,3352.186508483929,26.0,0.0,0.0,2.0,27.0,0.0,81.0,54.0,2.0,13530.0
prefetch,100.0,strong,14,0,30,79.827,0.13849,0.0,0.86151,0.62793,0.26842,29,22,0.27586206896551724,0.7241379310344828,0.2413793103448276,5503,33.0,33.0,0,20276,81,0.0008515920000000001,0.038404690142433015,3652.8993949415612,21.0,0.0,0.0,7.0,22.0,0.0,81.0,59.0,5.0,14773.0
prefetch,100.0,strong,15,0,30,91.641,0.0839,0.0,0.9161,0.65028,0.24243,29,23,0.2413793103448276,0.7586206896551724,0.20689655172413793,5757,33.0,33.0,0,19531,78,0.000820302,0.032224519592758696,3064.130683864209,22.0,0.0,0.0,6.0,23.0,0.0,78.0,55.0,4.0,13774.0
prefetch,100.0,strong,16,0,30,88.473,0.13055,0.0,0.86945,0.62702,0.23269,29,25,0.13793103448275862,0.8620689655172413,0.13793103448275862,6261,33.0,33.0,0,20790,83,0.0008731800000000001,0.03553002610966058,3377.3015496253097,25.0,0.0,0.0,4.0,25.0,0.0,83.0,58.0,3.0,14529.0
prefetch,100.0,strong,17,0,30,88.902,0.14551,0.00668,0.84781,0.65577,0.19021,29,22,0.2413793103448276,0.7586206896551724,0.2413793103448276,5503,33.0,33.0,0,19264,77,0.0008090880000000001,0.032763231423365055,3118.0400890868596,22.0,0.0,0.0,7.0,22.0,0.0,77.0,55.0,5.0,13761.0
prefetch,100.0,strong,18,0,30,94.974,0.1091,0.0,0.8909,0.59337,0.23526,29,22,0.2413793103448276,0.7586206896551724,0.2413793103448276,5509,33.0,33.0,0,17525,70,0.00073605,0.027900056857666305,2653.357761071451,22.0,0.0,0.0,7.0,22.0,0.0,70.0,48.0,3.0,12016.0
prefetch,100.0,strong,19,0,30,84.975,0.16194,0.0,0.83806,0.64719,0.26109,29,24,0.1724137931034483,0.8275862068965517,0.1724137931034483,6005,33.0,33.0,0,22789,91,0.0009571380000000001,0.040549535745807594,3855.2515445719337,24.0,0.0,0.0,5.0,24.0,0.0,91.0,67.0,3.0,16784.0
prefetch,100.0,strong,20,0,30,84.051,0.1755,0.0,0.8245,0.67455,0.27496,29,23,0.2413793103448276,0.7586206896551724,0.20689655172413793,5756,33.0,33.0,0,22277,89,0.000935634,0.04007426919370382,3811.9713031373803,22.0,0.0,0.0,6.0,23.0,0.0,89.0,66.0,4.0,16521.0
prefetch,100.0,strong,21,0,30,95.04,0.13194,0.0,0.86806,0.6279,0.28164,29,22,0.2413793103448276,0.7586206896551724,0.2413793103448276,5508,33.0,33.0,0,14024,56,0.000589008,0.02231090909090909,2121.212121212121,22.0,0.0,0.0,7.0,22.0,0.0,56.0,34.0,2.0,8516.0
prefetch,100.0,strong,22,0,30,87.384,0.11027,0.00793,0.8818,0.63311,0.18649,29,23,0.20689655172413793,0.7931034482758621,0.20689655172413793,5749,33.0,33.0,0,19504,78,0.000819168,0.033747651744026365,3213.4029112881076,23.0,0.0,0.0,6.0,23.0,0.0,78.0,55.0,4.0,13755.0
prefetch,100.0,strong,23,0,30,93.456,0.13665,0.0,0.86335,0.67226,0.27997,29,24,0.1724137931034483,0.8275862068965517,0.1724137931034483,6004,33.0,33.0,0,16522,66,0.0006939240000000001,0.02673050847457627,2542.372881355932,24.0,0.0,0.0,5.0,24.0,0.0,66.0,42.0,3.0,10518.0
prefetch,100.0,strong,24,0,30,89.727,0.13387,0.00478,0.86135,0.6843,0.19192,29,23,0.20689655172413793,0.7931034482758621,0.20689655172413793,5755,33.0,33.0,0,20519,82,0.000861798,0.03457680296900598,3289.97960480123,23.0,0.0,0.0,6.0,23.0,0.0,82.0,59.0,2.0,14764.0
prefetch,100.0,strong,25,0,30,93.192,0.11438,0.02125,0.86438,0.58814,0.16129,29,24,0.20689655172413793,0.7931034482758621,0.1724137931034483,6013,33.0,33.0,0,18792,75,0.000789264,0.030489209374195216,2897.2443986608296,23.0,0.0,0.0,5.0,24.0,0.0,75.0,51.0,4.0,12779.0
prefetch,100.0,strong,26,0,30,90.651,0.11977,0.0,0.88023,0.66974,0.26232,29,21,0.27586206896551724,0.7241379310344828,0.27586206896551724,5259,33.0,33.0,0,17030,68,0.00071526,0.02840493761789721,2700.4666247476584,21.0,0.0,0.0,8.0,21.0,0.0,68.0,47.0,6.0,11771.0
prefetch,100.0,strong,27,0,30,88.803,0.11669,0.0524,0.83092,0.64457,0.03613,29,24,0.1724137931034483,0.8275862068965517,0.1724137931034483,6005,33.0,33.0,0,20273,81,0.000851466,0.03451772575250836,3283.67284889024,24.0,0.0,0.0,5.0,24.0,0.0,81.0,57.0,3.0,14268.0
prefetch,100.0,strong,28,0,30,84.051,0.15705,0.0,0.84295,0.65243,0.22291,29,24,0.1724137931034483,0.8275862068965517,0.1724137931034483,6011,33.0,33.0,0,17780,71,0.00074676,0.0319845807902345,3041.010814862405,24.0,0.0,0.0,5.0,24.0,0.0,71.0,47.0,3.0,11769.0
prefetch,100.0,strong,29,0,30,92.169,0.1271,0.0,0.8729,0.61109,0.25471,29,22,0.2413793103448276,0.7586206896551724,0.2413793103448276,5506,33.0,33.0,0,18524,74,0.0007780080000000001,0.030387969924812033,2890.3427399668003,22.0,0.0,0.0,7.0,22.0,0.0,74.0,52.0,4.0,13018.0
prefetch,250.0,weak,0,0,30,127.743,0.06407,0.0,0.93593,0.66241,0.22129,29,18,0.7586206896551724,0.2413793103448276,0.3793103448275862,4506,33.0,33.0,0,15270,61,0.00064134,0.01807397665625514,1719.0765834527137,7.0,0.0,0.0,11.0,18.0,0.0,61.0,43.0,7.0,10764.0
prefetch,250.0,weak,1,0,30,112.134,0.06239,0.02678,0.91083,0.56747,0.06951,29,19,0.7241379310344828,0.27586206896551724,0.3448275862068966,4752,33.0,33.0,0,17263,69,0.000725046,0.02327720049226818,2215.2068061426507,8.0,0.0,0.0,10.0,19.0,0.0,69.0,50.0,5.0,12511.0
prefetch,250.0,weak,2,0,30,123.354,0.04227,0.0428,0.91493,0.56704,0.13693,29,23,0.5517241379310345,0.4482758620689655,0.20689655172413793,5753,33.0,33.0,0,20264,81,0.0008510880000000001,0.024838406537282944,2363.9282066248356,13.0,0.0,0.0,6.0,23.0,0.0,81.0,58.0,6.0,14511.0
prefetch,250.0,weak,3,1,1,11.88,0.30833,0.19167,0.5,0.6213,0.0,1,0,1.0,0.0,1.0,0,33.0,33.0,0,1250,5,5.25e-05,0.015909090909090907,1515.151515151515,0.0,0.0,0.0,1.0,0.0,0.0,5.0,5.0,1.0,1250.0
prefetch,250.0,weak,4,0,30,124.08,0.07793,0.0,0.92207,0.61732,0.29422,29,21,0.7241379310344828,0.27586206896551724,0.27586206896551724,5256,33.0,33.0,0,18772,75,0.0007884240000000001,0.022874970986460352,2176.015473887814,8.0,0.0,0.0,8.0,21.0,0.0,75.0,54.0,6.0,13516.0
prefetch,250.0,weak,5,1,9,41.448,0.04857,0.0215,0.92994,0.62374,0.0,9,8,0.8888888888888888,0.1111111111111111,0.1111111111111111,2000,33.0,33.0,0,7498,30,0.000314916,0.027352287203242617,2605.674580196873,1.0,0.0,0.0,1.0,8.0,0.0,30.0,22.0,1.0,5498.0
prefetch,250.0,weak,6,1,14,66.264,0.06175,0.03835,0.8999,0.59664,0.0,14,13,0.6428571428571429,0.35714285714285715,0.07142857142857142,3252,33.0,33.0,0,10256,41,0.000430752,0.023401955813111195,2227.453821079319,5.0,0.0,0.0,1.0,13.0,0.0,41.0,28.0,1.0,7004.0
prefetch,250.0,weak,7,0,30,124.245,0.10252,0.04701,0.85046,0.62322,0.05281,29,24,0.6551724137931034,0.3448275862068966,0.1724137931034483,6005,33.0,33.0,0,20270,81,0.00085134,0.024667584208620065,2346.9757334299165,10.0,0.0,0.0,5.0,24.0,0.0,81.0,57.0,2.0,14265.0
prefetch,250.0,weak,8,0,30,128.403,0.03058,0.0,0.96942,0.63043,0.32373,29,22,0.6896551724137931,0.3103448275862069,0.2413793103448276,5502,33.0,33.0,0,13758,55,0.000577836,0.01620063082638256,1542.0200462606015,9.0,0.0,0.0,7.0,22.0,0.0,55.0,33.0,4.0,8256.0
prefetch,250.0,weak,9,1,27,121.374,0.059,0.05275,0.88825,0.57982,0.0,27,18,0.8518518518518519,0.14814814814814814,0.3333333333333333,4504,33.0,33.0,0,18775,75,0.0007885500000000001,0.023388699391962038,2224.529141331752,4.0,0.0,0.0,9.0,18.0,0.0,75.0,57.0,6.0,14271.0
prefetch,250.0,weak,10,0,30,130.218,0.05829,0.06538,0.87633,0.60649,0.03481,29,22,0.7931034482758621,0.20689655172413793,0.2413793103448276,5504,33.0,33.0,0,18770,75,0.00078834,0.021794406303276045,2073.446067363959,6.0,0.0,0.0,7.0,22.0,0.0,75.0,53.0,4.0,13266.0
prefetch,250.0,weak,11,1,3,19.305,0.18632,0.11795,0.69573,0.67966,0.0,3,3,0.3333333333333333,0.6666666666666666,0.0,750,33.0,33.0,0,3503,14,0.000147126,0.027436083916083917,2610.7226107226106,2.0,0.0,0.0,0.0,3.0,0.0,14.0,11.0,0.0,2753.0
prefetch,250.0,weak,12,0,30,107.019,0.05057,0.0,0.94943,0.62218,0.30037,29,18,0.7241379310344828,0.27586206896551724,0.3793103448275862,4502,33.0,33.0,0,19019,76,0.000798798,0.026870675300647545,2556.5553780169876,8.0,0.0,0.0,11.0,18.0,0.0,76.0,58.0,6.0,14517.0
prefetch,250.0,weak,13,1,21,88.275,0.0385,0.01533,0.94617,0.59961,0.0,21,18,0.6666666666666666,0.3333333333333333,0.14285714285714285,4503,33.0,33.0,0,16263,65,0.0006830460000000001,0.027855741716227702,2650.807136788445,7.0,0.0,0.0,3.0,18.0,0.0,65.0,47.0,2.0,11760.0
prefetch,250.0,weak,14,0,30,116.391,0.0173,0.0,0.9827,0.62204,0.20506,29,20,0.8275862068965517,0.1724137931034483,0.3103448275862069,5004,33.0,33.0,0,19518,78,0.000819756,0.025355238807124262,2412.557671984947,5.0,0.0,0.0,9.0,20.0,0.0,78.0,58.0,5.0,14514.0
prefetch,250.0,weak,15,0,30,131.736,0.05311,0.0,0.94689,0.63142,0.29395,29,18,0.6896551724137931,0.3103448275862069,0.3793103448275862,4506,33.0,33.0,0,15775,63,0.00066255,0.01810575696848242,1721.6250683184553,9.0,0.0,0.0,11.0,18.0,0.0,63.0,45.0,5.0,11269.0
prefetch,250.0,weak,16,1,27,114.807,0.04427,0.07933,0.8764,0.57,0.0,27,23,0.7407407407407407,0.25925925925925924,0.14814814814814814,5755,33.0,33.0,0,18268,73,0.0007672560000000001,0.024058825681360897,2289.0590295016855,7.0,0.0,0.0,4.0,23.0,0.0,73.0,50.0,3.0,12513.0
prefetch,250.0,weak,17,1,11,53.526,0.05734,0.03884,0.90382,0.65795,0.0,11,7,0.9090909090909091,0.09090909090909091,0.36363636363636365,1750,33.0,33.0,0,6503,26,0.00027312600000000005,0.018369644658670557,1748.6828830848558,1.0,0.0,0.0,4.0,7.0,0.0,26.0,19.0,3.0,4753.0
prefetch,250.0,weak,18,0,30,123.189,0.06081,0.0,0.93919,0.63396,0.23613,29,21,0.7586206896551724,0.2413793103448276,0.27586206896551724,5250,33.0,33.0,0,16505,66,0.00069321,0.020257945108735357,1928.7436378248058,7.0,0.0,0.0,8.0,21.0,0.0,66.0,45.0,3.0,11255.0
prefetch,250.0,weak,19,1,10,48.543,0.07206,0.04623,0.88171,0.5304,0.0,10,8,0.7,0.3,0.2,1999,33.0,33.0,0,8749,35,0.00036745800000000003,0.027251072245225886,2595.636858043384,3.0,0.0,0.0,2.0,8.0,0.0,35.0,27.0,2.0,6750.0
prefetch,250.0,weak,20,0,30,120.714,0.03718,0.06889,0.89393,0.53097,0.00723,29,17,0.7931034482758621,0.20689655172413793,0.41379310344827586,4253,33.0,33.0,0,18528,74,0.000778176,0.023207197176798054,2206.869128684328,6.0,0.0,0.0,12.0,17.0,0.0,74.0,57.0,8.0,14275.0
prefetch,250.0,weak,21,0,30,128.7,0.05256,0.01077,0.93667,0.56353,0.15361,29,17,0.7241379310344828,0.27586206896551724,0.41379310344827586,4255,33.0,33.0,0,18015,72,0.00075663,0.021164475524475524,2013.986013986014,8.0,0.0,0.0,12.0,17.0,0.0,72.0,55.0,7.0,13760.0
prefetch,250.0,weak,22,0,30,140.547,0.03076,0.05306,0.91618,0.62265,0.07792,29,15,0.896551724137931,0.10344827586206896,0.4827586206896552,3755,33.0,33.0,0,13269,53,0.000557298,0.014274746526073127,1357.552989391449,3.0,0.0,0.0,14.0,15.0,0.0,53.0,38.0,9.0,9514.0
prefetch,250.0,weak,23,0,30,119.229,0.05536,0.03598,0.90866,0.60421,0.07313,29,22,0.6896551724137931,0.3103448275862069,0.2413793103448276,5503,33.0,33.0,0,19516,78,0.000819672,0.02474917343934781,2355.131721309413,9.0,0.0,0.0,7.0,22.0,0.0,78.0,56.0,3.0,14013.0
prefetch,250.0,weak,24,0,30,120.879,0.11575,0.0,0.88425,0.74547,0.34893,29,19,0.8275862068965517,0.1724137931034483,0.3448275862068966,4753,33.0,33.0,0,15516,62,0.0006516720000000001,0.019407996426178246,1846.4745737473008,5.0,0.0,0.0,10.0,19.0,0.0,62.0,43.0,6.0,10763.0
prefetch,250.0,weak,25,1,9,37.884,0.05314,0.01829,0.92857,0.70246,0.0,9,7,0.6666666666666666,0.3333333333333333,0.2222222222222222,1750,33.0,33.0,0,6754,27,0.000283668,0.026956097560975608,2565.7269559708584,3.0,0.0,0.0,2.0,7.0,0.0,27.0,20.0,1.0,5004.0
prefetch,250.0,weak,26,0,30,123.75,0.03493,0.0,0.96507,0.5223,0.21271,29,20,0.7931034482758621,0.20689655172413793,0.3103448275862069,5007,33.0,33.0,0,18280,73,0.00076776,0.022334836363636364,2123.6363636363635,6.0,0.0,0.0,9.0,20.0,0.0,73.0,53.0,6.0,13273.0
prefetch,250.0,weak,27,0,30,132.792,0.03429,0.0,0.96571,0.64908,0.32802,29,15,0.8275862068965517,0.1724137931034483,0.4827586206896552,3755,33.0,33.0,0,17275,69,0.00072555,0.019669709018615582,1870.5946141333814,5.0,0.0,0.0,14.0,15.0,0.0,69.0,54.0,12.0,13520.0
prefetch,250.0,weak,28,1,26,116.127,0.11651,0.02074,0.86275,0.67492,0.0,26,18,0.8461538461538461,0.15384615384615385,0.3076923076923077,4506,33.0,33.0,0,14772,59,0.0006204240000000001,0.019233480585910255,1829.0320080601414,4.0,0.0,0.0,8.0,18.0,0.0,59.0,41.0,7.0,10266.0
prefetch,250.0,weak,29,1,7,34.155,0.09275,0.05217,0.85507,0.58991,0.0,7,6,0.8571428571428571,0.14285714285714285,0.14285714285714285,1500,33.0,33.0,0,6002,24,0.000252084,0.0265701185770751,2529.6442687747035,1.0,0.0,0.0,1.0,6.0,0.0,24.0,18.0,1.0,4502.0
prefetch,250.0,medium,0,0,30,107.481,0.04022,0.0,0.95978,0.71993,0.41883,29,20,0.7586206896551724,0.2413793103448276,0.3103448275862069,5000,33.0,33.0,0,18260,73,0.00076692,0.025687442431685605,2445.0833170513856,7.0,0.0,0.0,9.0,20.0,0.0,73.0,53.0,6.0,13260.0
prefetch,250.0,medium,1,0,30,103.191,0.06876,0.00863,0.92261,0.59009,0.16093,29,27,0.5862068965517241,0.41379310344827586,0.06896551724137931,6751,33.0,33.0,0,22511,90,0.0009454620000000001,0.03298410907928018,3139.8087042474635,12.0,0.0,0.0,2.0,27.0,0.0,90.0,63.0,2.0,15760.0
prefetch,250.0,medium,2,0,30,109.593,0.07648,0.0,0.92352,0.703,0.42805,29,19,0.7931034482758621,0.20689655172413793,0.3448275862068966,4751,33.0,33.0,0,20774,83,0.000872508,0.028660852426706084,2726.4515069393115,6.0,0.0,0.0,10.0,19.0,0.0,83.0,64.0,6.0,16023.0
prefetch,250.0,medium,3,0,30,104.973,0.06445,0.00126,0.9343,0.63603,0.19674,29,22,0.8275862068965517,0.1724137931034483,0.2413793103448276,5503,33.0,33.0,0,17517,70,0.000735714,0.025230967963190534,2400.617301591838,5.0,0.0,0.0,7.0,22.0,0.0,70.0,48.0,4.0,12014.0
prefetch,250.0,medium,4,0,30,100.155,0.07545,0.01186,0.91269,0.60258,0.17488,29,24,0.6896551724137931,0.3103448275862069,0.1724137931034483,6006,33.0,33.0,0,21030,84,0.0008832600000000001,0.03174815036693126,3019.3200539164295,9.0,0.0,0.0,5.0,24.0,0.0,84.0,60.0,2.0,15024.0
prefetch,250.0,medium,5,0,30,107.976,0.05654,0.00703,0.93643,0.65542,0.16465,29,18,0.8275862068965517,0.1724137931034483,0.3793103448275862,4507,33.0,33.0,0,21287,85,0.0008940540000000001,0.029808424094243172,2833.963102911758,5.0,0.0,0.0,11.0,18.0,0.0,85.0,67.0,8.0,16780.0
prefetch,250.0,medium,6,0,30,109.395,0.0552,0.07421,0.87059,0.59572,0.01982,29,22,0.6551724137931034,0.3448275862068966,0.2413793103448276,5503,33.0,33.0,0,22018,88,0.0009247560000000001,0.030432118469765533,2895.927601809955,10.0,0.0,0.0,7.0,22.0,0.0,88.0,66.0,5.0,16515.0
prefetch,250.0,medium,7,1,21,75.537,0.14635,0.02578,0.82787,0.66584,0.0,21,19,0.5714285714285714,0.42857142857142855,0.09523809523809523,4752,33.0,33.0,0,16262,65,0.000683004,0.0325511259382819,3097.8196115810792,9.0,0.0,0.0,2.0,19.0,0.0,65.0,46.0,2.0,11510.0
prefetch,250.0,medium,8,0,30,112.299,0.08904,0.0,0.91096,0.74123,0.44467,29,22,0.8275862068965517,0.1724137931034483,0.2413793103448276,5505,33.0,33.0,0,20275,81,0.0008515500000000001,0.027298373093259956,2596.6393289343623,5.0,0.0,0.0,7.0,22.0,0.0,81.0,59.0,4.0,14770.0
prefetch,250.0,medium,9,0,30,98.34,0.08289,0.03423,0.88289,0.62975,0.0611,29,23,0.6206896551724138,0.3793103448275862,0.20689655172413793,5754,33.0,33.0,0,20272,81,0.000851424,0.031168663819402077,2965.222696766321,11.0,0.0,0.0,6.0,23.0,0.0,81.0,58.0,5.0,14518.0
prefetch,250.0,medium,10,0,30,104.643,0.07569,0.05708,0.86723,0.60447,0.04696,29,26,0.7586206896551724,0.2413793103448276,0.10344827586206896,6507,33.0,33.0,0,20016,80,0.000840672,0.02892137266706803,2752.2146727444742,7.0,0.0,0.0,3.0,26.0,0.0,80.0,54.0,1.0,13509.0
prefetch,250.0,medium,11,0,30,103.323,0.08144,0.0,0.91856,0.57527,0.20773,29,24,0.5862068965517241,0.41379310344827586,0.1724137931034483,6002,33.0,33.0,0,22261,89,0.0009349620000000001,0.03257612729014838,3100.9552568160043,12.0,0.0,0.0,5.0,24.0,0.0,89.0,65.0,5.0,16259.0
prefetch,250.0,medium,12,0,30,102.498,0.13071,0.0,0.86929,0.7209,0.33465,29,21,0.7931034482758621,0.20689655172413793,0.27586206896551724,5252,33.0,33.0,0,19018,76,0.0007987560000000001,0.028054416671544808,2669.320376982965,6.0,0.0,0.0,8.0,21.0,0.0,76.0,55.0,3.0,13766.0
prefetch,250.0,medium,13,0,30,101.607,0.05359,0.0,0.94641,0.71547,0.44619,29,17,0.7586206896551724,0.2413793103448276,0.41379310344827586,4256,33.0,33.0,0,15271,61,0.000641382,0.022724568189199563,2161.268416546104,7.0,0.0,0.0,12.0,17.0,0.0,61.0,44.0,9.0,11015.0
prefetch,250.0,medium,14,0,30,95.733,0.05412,0.03482,0.91107,0.53946,0.10968,29,25,0.8620689655172413,0.13793103448275862,0.13793103448275862,6252,33.0,33.0,0,21762,87,0.000914004,0.03437074363072295,3271.5991350944814,4.0,0.0,0.0,4.0,25.0,0.0,87.0,62.0,2.0,15510.0
prefetch,250.0,medium,15,0,30,107.217,0.09726,0.00554,0.8972,0.68775,0.18483,29,26,0.6551724137931034,0.3448275862068966,0.10344827586206896,6508,33.0,33.0,0,21777,87,0.000914634,0.030710450768068494,2921.1785444472425,10.0,0.0,0.0,3.0,26.0,0.0,87.0,61.0,3.0,15269.0
prefetch,250.0,medium,16,0,30,100.485,0.05616,0.0,0.94384,0.64083,0.24901,29,22,0.7241379310344828,0.27586206896551724,0.2413793103448276,5505,33.0,33.0,0,20275,81,0.0008515500000000001,0.030507836990595616,2901.92566054635,8.0,0.0,0.0,7.0,22.0,0.0,81.0,59.0,5.0,14770.0
prefetch,250.0,medium,17,0,30,110.682,0.09928,0.01729,0.88342,0.68255,0.08773,29,20,0.6551724137931034,0.3448275862068966,0.3103448275862069,5004,33.0,33.0,0,18767,75,0.0007882140000000001,0.02563714425109774,2439.421044072207,10.0,0.0,0.0,9.0,20.0,0.0,75.0,55.0,5.0,13763.0
prefetch,250.0,medium,18,0,30,103.488,0.05612,0.0,0.94388,0.61158,0.28071,29,23,0.8620689655172413,0.13793103448275862,0.20689655172413793,5753,33.0,33.0,0,20019,80,0.000840798,0.02924853896103896,2782.931354359926,4.0,0.0,0.0,6.0,23.0,0.0,80.0,57.0,4.0,14266.0
prefetch,250.0,medium,19,1,9,35.838,0.16851,0.10773,0.72376,0.641,0.0,9,9,0.8888888888888888,0.1111111111111111,0.0,2250,33.0,33.0,0,7250,29,0.0003045,0.030587644399799094,2913.1089904570567,1.0,0.0,0.0,0.0,9.0,0.0,29.0,20.0,0.0,5000.0
prefetch,250.0,medium,20,0,30,109.164,0.06499,0.0,0.93501,0.67032,0.2043,29,21,0.6551724137931034,0.3448275862068966,0.27586206896551724,5255,33.0,33.0,0,23025,92,0.0009670500000000001,0.03189128284049687,3033.9672419478948,10.0,0.0,0.0,8.0,21.0,0.0,92.0,71.0,7.0,17770.0
prefetch,250.0,medium,21,0,30,102.696,0.12564,0.0,0.87436,0.71329,0.34837,29,20,0.7586206896551724,0.2413793103448276,0.3103448275862069,5005,33.0,33.0,0,16768,67,0.0007042560000000001,0.02468763729843422,2348.6795980369247,7.0,0.0,0.0,9.0,20.0,0.0,67.0,47.0,6.0,11763.0
prefetch,250.0,medium,22,1,22,82.863,0.08841,0.01951,0.89207,0.64927,0.0,22,19,0.8181818181818182,0.18181818181818182,0.13636363636363635,4754,33.0,33.0,0,17018,68,0.0007147560000000001,0.031052720755946568,2954.273922015858,4.0,0.0,0.0,3.0,19.0,0.0,68.0,49.0,2.0,12264.0
prefetch,250.0,medium,23,0,30,101.97,0.04693,0.0,0.95307,0.68427,0.34027,29,21,0.8275862068965517,0.1724137931034483,0.27586206896551724,5253,33.0,33.0,0,17019,68,0.000714798,0.02523558693733451,2400.7060900264783,5.0,0.0,0.0,8.0,21.0,0.0,68.0,47.0,5.0,11766.0
prefetch,250.0,medium,24,0,30,107.25,0.07046,0.0,0.92954,0.74891,0.49176,29,17,0.6551724137931034,0.3448275862068966,0.41379310344827586,4252,33.0,33.0,0,15266,61,0.0006411720000000001,0.021521857342657345,2047.5524475524473,10.0,0.0,0.0,12.0,17.0,0.0,61.0,44.0,6.0,11014.0
prefetch,250.0,medium,25,0,30,102.96,0.10929,0.0,0.89071,0.63446,0.2029,29,20,0.5862068965517241,0.41379310344827586,0.3103448275862069,5004,33.0,33.0,0,18028,72,0.000757176,0.026474685314685317,2517.482517482518,12.0,0.0,0.0,9.0,20.0,0.0,72.0,52.0,3.0,13024.0
prefetch,250.0,medium,26,0,30,101.409,0.0755,0.0,0.9245,0.73247,0.43027,29,22,0.6551724137931034,0.3448275862068966,0.2413793103448276,5505,33.0,33.0,0,18521,74,0.000777882,0.02761466142058397,2626.985770493743,10.0,0.0,0.0,7.0,22.0,0.0,74.0,52.0,3.0,13016.0
prefetch,250.0,medium,27,0,30,103.026,0.05766,0.0,0.94234,0.70034,0.36684,29,17,0.6551724137931034,0.3448275862068966,0.41379310344827586,4253,33.0,33.0,0,17016,68,0.0007146720000000001,0.024972523440684877,2376.0992370857844,10.0,0.0,0.0,12.0,17.0,0.0,68.0,51.0,10.0,12763.0
prefetch,250.0,medium,28,0,30,98.043,0.22114,0.0,0.77886,0.72625,0.27196,29,21,0.8275862068965517,0.1724137931034483,0.27586206896551724,5257,33.0,33.0,0,16526,66,0.0006940920000000001,0.02548607447752517,2423.4264557388083,5.0,0.0,0.0,8.0,21.0,0.0,66.0,45.0,6.0,11269.0
prefetch,250.0,medium,29,1,6,29.139,0.22424,0.07022,0.70555,0.71872,0.0,6,6,0.5,0.5,0.0,1499,33.0,33.0,0,5250,21,0.0002205,0.02724184083187481,2594.4610316071244,3.0,0.0,0.0,0.0,6.0,0.0,21.0,15.0,0.0,3751.0
prefetch,250.0,strong,0,0,30,84.777,0.11678,0.01362,0.8696,0.67334,0.13299,29,25,0.6896551724137931,0.3103448275862069,0.13793103448275862,6253,33.0,33.0,0,20017,80,0.0008407140000000001,0.035700371563041865,3397.1478113167486,9.0,0.0,0.0,4.0,25.0,0.0,80.0,55.0,3.0,13764.0
prefetch,250.0,strong,1,0,30,78.804,0.11725,0.01382,0.86893,0.65709,0.13378,29,26,0.7241379310344828,0.27586206896551724,0.10344827586206896,6503,33.0,33.0,0,21028,84,0.0008831760000000001,0.04034609410689813,3837.3686614892645,8.0,0.0,0.0,3.0,26.0,0.0,84.0,58.0,1.0,14525.0
prefetch,250.0,strong,2,0,30,90.882,0.15977,0.00363,0.8366,0.67636,0.19344,29,25,0.5172413793103449,0.4827586206896552,0.13793103448275862,6261,33.0,33.0,0,21294,85,0.0008943480000000001,0.03542673796791444,3367.0033670033667,14.0,0.0,0.0,4.0,25.0,0.0,85.0,60.0,2.0,15033.0
prefetch,250.0,strong,3,0,30,80.025,0.10103,0.0,0.89897,0.73868,0.33028,29,23,0.7241379310344828,0.27586206896551724,0.20689655172413793,5754,33.0,33.0,0,21775,87,0.0009145500000000001,0.041141893158388,3913.7769447047795,8.0,0.0,0.0,6.0,23.0,0.0,87.0,64.0,5.0,16021.0
prefetch,250.0,strong,4,0,30,83.655,0.21105,0.0,0.78895,0.74821,0.42022,29,21,0.6551724137931034,0.3448275862068966,0.27586206896551724,5257,33.0,33.0,0,20527,82,0.000862134,0.03710097902097902,3528.778913394298,10.0,0.0,0.0,8.0,21.0,0.0,82.0,61.0,4.0,15270.0
prefetch,250.0,strong,5,0,30,85.8,0.10231,0.0,0.89769,0.7103,0.38797,29,25,0.6206896551724138,0.3793103448275862,0.13793103448275862,6256,33.0,33.0,0,23031,92,0.0009673020000000001,0.040586097902097905,3860.1398601398605,11.0,0.0,0.0,4.0,25.0,0.0,92.0,67.0,4.0,16775.0
prefetch,250.0,strong,6,0,30,81.312,0.07143,0.0,0.92857,0.73258,0.47923,29,26,0.8620689655172413,0.13793103448275862,0.10344827586206896,6505,33.0,33.0,0,19024,78,0.000799008,0.035375206611570245,3453.364817001181,4.0,0.0,0.0,3.0,26.0,0.0,76.0,52.0,2.0,12519.0
prefetch,250.0,strong,7,0,30,81.477,0.0729,0.00932,0.91778,0.6825,0.13929,29,23,0.7586206896551724,0.2413793103448276,0.20689655172413793,5753,33.0,33.0,0,21024,84,0.000883008,0.039015044736551416,3711.4768584999442,7.0,0.0,0.0,6.0,23.0,0.0,84.0,61.0,4.0,15271.0
prefetch,250.0,strong,8,0,30,89.232,0.12352,0.0,0.87648,0.74544,0.50197,29,23,0.7586206896551724,0.2413793103448276,0.20689655172413793,5758,33.0,33.0,0,18775,75,0.0007885500000000001,0.03181347498655191,3025.8203335126414,7.0,0.0,0.0,6.0,23.0,0.0,75.0,52.0,4.0,13017.0
prefetch,250.0,strong,9,0,30,87.12,0.0822,0.0,0.9178,0.71171,0.34812,29,22,0.7241379310344828,0.27586206896551724,0.2413793103448276,5506,33.0,33.0,0,19521,78,0.0008198820000000001,0.03387942148760331,3223.1404958677685,8.0,0.0,0.0,7.0,22.0,0.0,78.0,56.0,5.0,14015.0
prefetch,250.0,strong,10,0,30,83.094,0.13979,0.0,0.86021,0.7359,0.44198,29,24,0.7241379310344828,0.27586206896551724,0.1724137931034483,6004,33.0,33.0,0,20521,82,0.000861882,0.03734054444364215,3552.603076034371,8.0,0.0,0.0,5.0,24.0,0.0,82.0,58.0,4.0,14517.0
prefetch,250.0,strong,11,1,3,12.177,0.54743,0.15447,0.2981,0.70643,0.0,3,3,0.6666666666666666,0.3333333333333333,0.0,750,33.0,33.0,0,2753,11,0.00011562600000000001,0.034183592017738365,3252.0325203252037,1.0,0.0,0.0,0.0,3.0,0.0,11.0,8.0,0.0,2003.0
prefetch,250.0,strong,12,0,30,87.747,0.09929,0.0,0.90071,0.76147,0.43461,29,23,0.7586206896551724,0.2413793103448276,0.20689655172413793,5756,33.0,33.0,0,20030,80,0.0008412600000000001,0.03451441074908544,3282.163492768984,7.0,0.0,0.0,6.0,23.0,0.0,80.0,57.0,6.0,14274.0
prefetch,250.0,strong,13,0,30,81.543,0.19749,0.0,0.80251,0.80363,0.55918,29,21,0.896551724137931,0.10344827586206896,0.27586206896551724,5250,33.0,33.0,0,17518,70,0.0007357560000000001,0.03248251352047386,3090.3940252382176,3.0,0.0,0.0,8.0,21.0,0.0,70.0,49.0,7.0,12268.0
prefetch,250.0,strong,14,0,30,83.094,0.15488,0.0,0.84512,0.7315,0.21195,29,22,0.8620689655172413,0.13793103448275862,0.2413793103448276,5504,33.0,33.0,0,19276,77,0.0008095920000000001,0.03507511011625389,3335.9809372517875,4.0,0.0,0.0,7.0,22.0,0.0,77.0,55.0,4.0,13772.0
prefetch,250.0,strong,15,0,30,90.387,0.14385,0.0,0.85615,0.71651,0.34953,29,21,0.6551724137931034,0.3448275862068966,0.27586206896551724,5256,33.0,33.0,0,18785,75,0.0007889700000000001,0.03142367818380962,2987.155232500249,10.0,0.0,0.0,8.0,21.0,0.0,75.0,54.0,5.0,13529.0
prefetch,250.0,strong,16,0,30,88.836,0.10438,0.01449,0.88113,0.72431,0.17345,29,22,0.7931034482758621,0.20689655172413793,0.2413793103448276,5508,33.0,33.0,0,20530,82,0.0008622600000000001,0.034942320680805085,3322.9771714169933,6.0,0.0,0.0,7.0,22.0,0.0,82.0,60.0,4.0,15022.0
prefetch,250.0,strong,17,0,30,84.81,0.21634,0.0,0.78366,0.79441,0.46705,29,24,0.7931034482758621,0.20689655172413793,0.1724137931034483,6007,33.0,33.0,0,22785,91,0.00095697,0.04062129465864874,3862.7520339582597,6.0,0.0,0.0,5.0,24.0,0.0,91.0,67.0,4.0,16778.0
prefetch,250.0,strong,18,0,30,87.813,0.06727,0.0,0.93273,0.70438,0.36366,29,20,0.896551724137931,0.10344827586206896,0.3103448275862069,5004,33.0,33.0,0,18274,73,0.0007675080000000001,0.0314649174951317,2992.7231731064876,3.0,0.0,0.0,9.0,20.0,0.0,73.0,53.0,8.0,13270.0
prefetch,250.0,strong,19,0,30,82.269,0.11873,0.0,0.88127,0.69547,0.37429,29,27,0.7241379310344828,0.27586206896551724,0.06896551724137931,6757,33.0,33.0,0,24286,97,0.001020012,0.044634591401378404,4244.612186850453,8.0,0.0,0.0,2.0,27.0,0.0,97.0,70.0,1.0,17529.0
prefetch,250.0,strong,20,0,30,90.453,0.10288,0.0,0.89712,0.7222,0.36661,29,25,0.7586206896551724,0.2413793103448276,0.13793103448275862,6259,33.0,33.0,0,20528,82,0.0008621760000000001,0.03431432456634938,3263.5733474843287,7.0,0.0,0.0,4.0,25.0,0.0,82.0,57.0,3.0,14269.0
prefetch,250.0,strong,21,0,30,90.354,0.09861,0.0,0.90139,0.72063,0.42705,29,25,0.6206896551724138,0.3793103448275862,0.13793103448275862,6262,33.0,33.0,0,15274,61,0.000641508,0.025559784846271333,2430.440268278106,11.0,0.0,0.0,4.0,25.0,0.0,61.0,36.0,2.0,9012.0
prefetch,250.0,strong,22,0,30,86.493,0.10568,0.0,0.89432,0.699,0.34353,29,23,0.8275862068965517,0.1724137931034483,0.20689655172413793,5752,33.0,33.0,0,20769,83,0.000872298,0.03630666990392287,3454.614824321043,5.0,0.0,0.0,6.0,23.0,0.0,83.0,60.0,6.0,15017.0
prefetch,250.0,strong,23,0,30,86.295,0.15335,0.0,0.84665,0.73844,0.412,29,19,0.6896551724137931,0.3103448275862069,0.3448275862068966,4755,33.0,33.0,0,18029,72,0.000757218,0.03158913957934991,3003.650269424648,9.0,0.0,0.0,10.0,19.0,0.0,72.0,53.0,7.0,13274.0
prefetch,250.0,strong,24,0,30,87.78,0.13045,0.0,0.86955,0.76041,0.41384,29,21,0.8275862068965517,0.1724137931034483,0.27586206896551724,5252,33.0,33.0,0,21519,86,0.000903798,0.037066220095693776,3526.999316473001,5.0,0.0,0.0,8.0,21.0,0.0,86.0,65.0,5.0,16267.0
prefetch,250.0,strong,25,0,30,84.678,0.13874,0.0,0.86126,0.74266,0.37123,29,23,0.7931034482758621,0.20689655172413793,0.20689655172413793,5756,33.0,33.0,0,17520,70,0.0007358400000000001,0.03128349748458868,2975.979593282789,6.0,0.0,0.0,6.0,23.0,0.0,70.0,47.0,4.0,11764.0
prefetch,250.0,strong,26,0,30,78.606,0.06633,0.04534,0.88833,0.57583,0.01255,29,27,0.6206896551724138,0.3793103448275862,0.06896551724137931,6755,33.0,33.0,0,25531,102,0.0010723020000000002,0.049109319899244344,4671.399129837417,11.0,0.0,0.0,2.0,27.0,0.0,102.0,75.0,2.0,18776.0
prefetch,250.0,strong,27,0,30,91.245,0.09295,0.03653,0.87052,0.60927,0.11269,29,27,0.5862068965517241,0.41379310344827586,0.06896551724137931,6756,33.0,33.0,0,21774,87,0.0009145080000000001,0.03608119677790564,3432.516850238369,12.0,0.0,0.0,2.0,27.0,0.0,87.0,60.0,2.0,15018.0
prefetch,250.0,strong,28,0,30,78.837,0.11804,0.0,0.88196,0.69366,0.20882,29,25,0.6206896551724138,0.3793103448275862,0.13793103448275862,6255,33.0,33.0,0,19528,78,0.000820176,0.03745238403287796,3561.779367555843,11.0,0.0,0.0,4.0,25.0,0.0,78.0,53.0,4.0,13273.0
prefetch,250.0,strong,29,0,30,80.025,0.07835,0.05443,0.86722,0.59021,0.01344,29,28,0.7931034482758621,0.20689655172413793,0.034482758620689655,7008,33.0,33.0,0,22781,91,0.000956802,0.04304263917525773,4093.7207122774134,6.0,0.0,0.0,1.0,28.0,0.0,91.0,63.0,1.0,15773.0
prefetch,500.0,weak,0,1,7,36.234,0.18944,0.07559,0.73497,0.7038,0.0,7,5,1.0,0.0,0.2857142857142857,1250,33.0,33.0,0,4499,18,0.000188958,0.018773770491803277,1788.3755588673619,0.0,0.0,0.0,2.0,5.0,0.0,18.0,13.0,2.0,3249.0
prefetch,500.0,weak,1,0,30,120.054,0.09593,0.0,0.90407,0.74683,0.50076,29,18,1.0,0.0,0.3793103448275862,4508,33.0,33.0,0,16273,65,0.000683466,0.020494757359188365,1949.1228946973863,0.0,0.0,0.0,11.0,18.0,0.0,65.0,47.0,5.0,11765.0
prefetch,500.0,weak,2,0,30,130.779,0.03028,0.04037,0.92935,0.53337,0.13693,29,21,0.9655172413793104,0.034482758620689655,0.27586206896551724,5256,33.0,33.0,0,16768,67,0.0007042560000000001,0.01938630514073361,1844.33280572569,1.0,0.0,0.0,8.0,21.0,0.0,67.0,46.0,5.0,11512.0
prefetch,500.0,weak,3,1,1,11.88,0.30833,0.19167,0.5,0.6213,0.0,1,0,1.0,0.0,1.0,0,33.0,33.0,0,1250,5,5.25e-05,0.015909090909090907,1515.151515151515,0.0,0.0,0.0,1.0,0.0,0.0,5.0,5.0,1.0,1250.0
prefetch,500.0,weak,4,1,9,41.25,0.1904,0.0408,0.7688,0.65411,0.0,9,8,1.0,0.0,0.1111111111111111,2000,33.0,33.0,0,7499,30,0.000314958,0.027487243636363637,2618.1818181818185,0.0,0.0,0.0,1.0,8.0,0.0,30.0,22.0,1.0,5499.0
prefetch,500.0,weak,5,1,3,23.298,0.0864,0.16856,0.74504,0.59417,0.0,3,3,1.0,0.0,0.0,750,33.0,33.0,0,3500,14,0.000147,0.022714396085500903,2163.2758176667526,0.0,0.0,0.0,0.0,3.0,0.0,14.0,11.0,0.0,2750.0
prefetch,500.0,weak,6,0,30,121.671,0.08137,0.0,0.91863,0.69444,0.24888,29,19,1.0,0.0,0.3448275862068966,4755,33.0,33.0,0,17519,70,0.000735798,0.021770781862563798,2071.159109401583,0.0,0.0,0.0,10.0,19.0,0.0,70.0,51.0,8.0,12764.0
prefetch,500.0,weak,7,0,30,125.829,0.0716,0.00603,0.92237,0.56387,0.17736,29,22,1.0,0.0,0.2413793103448276,5504,33.0,33.0,0,20777,83,0.0008726340000000001,0.024966282812388243,2374.65131249553,0.0,0.0,0.0,7.0,22.0,0.0,83.0,61.0,3.0,15273.0
prefetch,500.0,weak,8,0,30,129.657,0.028,0.0,0.972,0.66585,0.29001,29,24,0.9655172413793104,0.034482758620689655,0.1724137931034483,6006,33.0,33.0,0,19772,79,0.0008304240000000001,0.02305719243851084,2193.4797195677825,1.0,0.0,0.0,5.0,24.0,0.0,79.0,55.0,3.0,13766.0
prefetch,500.0,weak,9,0,30,129.294,0.05539,0.00689,0.93772,0.57983,0.187,29,20,0.9655172413793104,0.034482758620689655,0.3103448275862069,5005,33.0,33.0,0,17267,69,0.0007252140000000001,0.02019251009327579,1921.2028400389806,1.0,0.0,0.0,9.0,20.0,0.0,69.0,49.0,8.0,12262.0
prefetch,500.0,weak,10,0,30,132.264,0.0489,0.0,0.9511,0.63103,0.23788,29,22,1.0,0.0,0.2413793103448276,5507,33.0,33.0,0,18269,73,0.000767298,0.020884540010887315,1986.9352204681545,0.0,0.0,0.0,7.0,22.0,0.0,73.0,51.0,4.0,12762.0
prefetch,500.0,weak,11,1,2,11.748,0.27528,0.07865,0.64607,0.71626,0.0,2,2,1.0,0.0,0.0,500,33.0,33.0,0,2750,11,0.00011550000000000002,0.0353932584269663,3370.786516853933,0.0,0.0,0.0,0.0,2.0,0.0,11.0,9.0,0.0,2250.0
prefetch,500.0,weak,12,0,30,125.598,0.04151,0.0,0.95849,0.68754,0.32457,29,21,1.0,0.0,0.27586206896551724,5255,33.0,33.0,0,18021,72,0.0007568820000000001,0.021694415516170643,2063.7271294128886,0.0,0.0,0.0,8.0,21.0,0.0,72.0,51.0,7.0,12766.0
prefetch,500.0,weak,13,0,30,125.202,0.04692,0.01713,0.93595,0.60733,0.1056,29,21,1.0,0.0,0.27586206896551724,5252,33.0,33.0,0,18768,75,0.0007882560000000001,0.02266514592418652,2156.5150716442226,0.0,0.0,0.0,8.0,21.0,0.0,75.0,54.0,5.0,13516.0
prefetch,500.0,weak,14,1,3,23.001,0.08752,0.09756,0.81492,0.65233,0.0,3,3,1.0,0.0,0.0,749,33.0,33.0,0,3499,14,0.000146958,0.02300112169036129,2191.2090778661795,0.0,0.0,0.0,0.0,3.0,0.0,14.0,11.0,0.0,2750.0
prefetch,500.0,weak,15,0,30,126.72,0.02656,0.00703,0.96641,0.62508,0.16969,29,15,1.0,0.0,0.4827586206896552,3752,33.0,33.0,0,15520,62,0.00065184,0.01851818181818182,1761.3636363636365,0.0,0.0,0.0,14.0,15.0,0.0,62.0,47.0,10.0,11768.0
prefetch,500.0,weak,16,0,30,121.407,0.03235,0.0,0.96765,0.58353,0.2262,29,20,1.0,0.0,0.3103448275862069,5003,33.0,33.0,0,19513,78,0.0008195460000000001,0.02430144555091552,2312.8814648249277,0.0,0.0,0.0,9.0,20.0,0.0,78.0,58.0,5.0,14510.0
prefetch,500.0,weak,17,1,17,82.005,0.05755,0.07767,0.86479,0.62315,0.0,17,12,1.0,0.0,0.29411764705882354,3001,33.0,33.0,0,10254,41,0.000430668,0.018906222791293215,1799.8902505944761,0.0,0.0,0.0,5.0,12.0,0.0,41.0,29.0,5.0,7253.0
prefetch,500.0,weak,18,0,30,126.885,0.06918,0.03641,0.89441,0.61741,0.08469,29,22,1.0,0.0,0.2413793103448276,5503,33.0,33.0,0,16517,66,0.000693714,0.019682156283248608,1872.561768530559,0.0,0.0,0.0,7.0,22.0,0.0,66.0,44.0,4.0,11014.0
prefetch,500.0,weak,19,0,30,123.123,0.0402,0.03484,0.92495,0.61676,0.12803,29,22,1.0,0.0,0.2413793103448276,5506,33.0,33.0,0,18522,74,0.000777924,0.022745761555517652,2163.6899685680173,0.0,0.0,0.0,7.0,22.0,0.0,74.0,52.0,5.0,13016.0
prefetch,500.0,weak,20,0,30,123.915,0.02503,0.01225,0.96272,0.59159,0.15001,29,20,1.0,0.0,0.3103448275862069,5006,33.0,33.0,0,19278,79,0.0008096760000000001,0.023522847112940323,2295.121655973853,0.0,0.0,0.0,9.0,20.0,0.0,77.0,59.0,5.0,14272.0
prefetch,500.0,weak,21,1,5,33.099,0.11366,0.08475,0.8016,0.5788,0.0,5,5,1.0,0.0,0.0,1250,33.0,33.0,0,4751,19,0.000199542,0.02170310885525243,2066.5276896582977,0.0,0.0,0.0,0.0,5.0,0.0,19.0,14.0,0.0,3501.0
prefetch,500.0,weak,22,0,30,125.466,0.03814,0.08837,0.87349,0.50626,0.08432,29,23,1.0,0.0,0.20689655172413793,5755,33.0,33.0,0,19269,77,0.000809298,0.023221213715269473,2209.3634928984743,0.0,0.0,0.0,6.0,23.0,0.0,77.0,54.0,3.0,13514.0
prefetch,500.0,weak,23,0,30,119.361,0.04589,0.0,0.95411,0.68861,0.28098,29,20,1.0,0.0,0.3103448275862069,5004,33.0,33.0,0,15270,61,0.00064134,0.019343202553597907,1839.7969185915,0.0,0.0,0.0,9.0,20.0,0.0,61.0,41.0,4.0,10266.0
prefetch,500.0,weak,24,0,30,125.367,0.05396,0.0,0.94604,0.63116,0.24633,29,20,1.0,0.0,0.3103448275862069,5004,33.0,33.0,0,16015,64,0.00067263,0.019315035057072435,1837.804206848692,0.0,0.0,0.0,9.0,20.0,0.0,64.0,44.0,7.0,11011.0
prefetch,500.0,weak,25,1,22,88.209,0.03741,0.01571,0.94688,0.66564,0.0,22,12,1.0,0.0,0.45454545454545453,3003,33.0,33.0,0,11509,46,0.000483378,0.019727701254973983,1877.3594531170288,0.0,0.0,0.0,10.0,12.0,0.0,46.0,34.0,7.0,8506.0
prefetch,500.0,weak,26,1,20,91.707,0.04714,0.02267,0.93019,0.56663,0.0,20,16,1.0,0.0,0.2,4003,33.0,33.0,0,14263,57,0.000599046,0.023515823219601557,2237.56092773725,0.0,0.0,0.0,4.0,16.0,0.0,57.0,41.0,3.0,10260.0
prefetch,500.0,weak,27,0,30,127.017,0.08911,0.0,0.91089,0.73894,0.39928,29,15,1.0,0.0,0.4827586206896552,3754,33.0,33.0,0,14519,58,0.000609798,0.017283299085949128,1643.8744420038263,0.0,0.0,0.0,14.0,15.0,0.0,58.0,43.0,8.0,10765.0
prefetch,500.0,weak,28,0,30,126.225,0.13098,0.0,0.86902,0.6968,0.38086,29,21,0.9655172413793104,0.034482758620689655,0.27586206896551724,5257,33.0,33.0,0,17528,70,0.0007361760000000001,0.020996106951871662,1996.4349376114085,1.0,0.0,0.0,8.0,21.0,0.0,70.0,49.0,7.0,12271.0
prefetch,500.0,weak,29,1,7,34.815,0.35166,0.0455,0.60284,0.81817,0.0,7,3,1.0,0.0,0.5714285714285714,750,33.0,33.0,0,4250,17,0.0001785,0.018457561395950024,1757.8629900904784,0.0,0.0,0.0,4.0,3.0,0.0,17.0,14.0,3.0,3500.0
prefetch,500.0,medium,0,0,30,105.369,0.05387,0.01409,0.93204,0.66961,0.09297,29,25,0.9655172413793104,0.034482758620689655,0.13793103448275862,6254,33.0,33.0,0,18015,72,0.00075663,0.025850753067790336,2459.9265438601483,1.0,0.0,0.0,4.0,25.0,0.0,72.0,47.0,3.0,11761.0
prefetch,500.0,medium,1,0,30,96.855,0.07394,0.0,0.92606,0.67138,0.36699,29,21,1.0,0.0,0.27586206896551724,5252,33.0,33.0,0,20517,82,0.0008617140000000001,0.032029016571163076,3047.8550410407306,0.0,0.0,0.0,8.0,21.0,0.0,82.0,61.0,3.0,15265.0
prefetch,500.0,medium,2,0,30,106.887,0.05434,0.0,0.94566,0.67657,0.22392,29,21,0.9310344827586207,0.06896551724137931,0.27586206896551724,5252,33.0,33.0,0,20023,80,0.000840966,0.028324095540149877,2694.434309130203,2.0,0.0,0.0,8.0,21.0,0.0,80.0,59.0,6.0,14771.0
prefetch,500.0,medium,3,1,24,87.978,0.04501,0.07989,0.87509,0.55209,0.0,24,20,1.0,0.0,0.16666666666666666,5005,33.0,33.0,0,16514,66,0.0006935880000000001,0.028381149832912782,2700.6751687921983,0.0,0.0,0.0,4.0,20.0,0.0,66.0,46.0,1.0,11509.0
prefetch,500.0,medium,4,0,30,99.858,0.07502,0.0,0.92498,0.67735,0.27598,29,22,1.0,0.0,0.2413793103448276,5502,33.0,33.0,0,18012,72,0.000756504,0.027272871477498045,2595.685873940996,0.0,0.0,0.0,7.0,22.0,0.0,72.0,50.0,5.0,12510.0
prefetch,500.0,medium,5,0,30,112.86,0.0307,0.0,0.9693,0.67008,0.35626,29,23,1.0,0.0,0.20689655172413793,5758,33.0,33.0,0,21527,86,0.000904134,0.028839999999999998,2743.221690590112,0.0,0.0,0.0,6.0,23.0,0.0,86.0,63.0,4.0,15769.0
prefetch,500.0,medium,6,0,30,101.046,0.05813,0.0,0.94187,0.67679,0.23359,29,23,1.0,0.0,0.20689655172413793,5753,33.0,33.0,0,20261,81,0.0008509620000000001,0.030317510836648656,2885.8143815687904,0.0,0.0,0.0,6.0,23.0,0.0,81.0,58.0,4.0,14508.0
prefetch,500.0,medium,7,0,30,103.257,0.13647,0.0,0.86353,0.65514,0.2062,29,26,1.0,0.0,0.10344827586206896,6503,33.0,33.0,0,22269,89,0.000935298,0.03260866381940208,3102.9373311252502,0.0,0.0,0.0,3.0,26.0,0.0,89.0,63.0,2.0,15766.0
prefetch,500.0,medium,8,0,30,112.959,0.0818,0.0,0.9182,0.70843,0.28006,29,20,0.9655172413793104,0.034482758620689655,0.3103448275862069,5004,33.0,33.0,0,18269,73,0.000767298,0.024453764640267706,2326.5078479802405,1.0,0.0,0.0,9.0,20.0,0.0,73.0,53.0,2.0,13265.0
prefetch,500.0,medium,9,0,30,93.555,0.11217,0.05256,0.83527,0.62663,0.04105,29,24,1.0,0.0,0.1724137931034483,6001,33.0,33.0,0,18264,73,0.0007670880000000001,0.029517575757575756,2809.042809042809,0.0,0.0,0.0,5.0,24.0,0.0,73.0,49.0,2.0,12263.0
prefetch,500.0,medium,10,0,30,99.759,0.06649,0.0,0.93351,0.67838,0.24223,29,21,0.9310344827586207,0.06896551724137931,0.27586206896551724,5252,33.0,33.0,0,20769,83,0.000872298,0.03147859140528674,2995.2184765284337,2.0,0.0,0.0,8.0,21.0,0.0,83.0,62.0,5.0,15517.0
prefetch,500.0,medium,11,1,3,13.233,0.50873,0.10474,0.38653,0.76241,0.0,3,3,1.0,0.0,0.0,750,33.0,33.0,0,3254,13,0.000136668,0.03718014055769667,3536.6130129222397,0.0,0.0,0.0,0.0,3.0,0.0,13.0,10.0,0.0,2504.0
prefetch,500.0,medium,12,0,30,92.268,0.05186,0.06795,0.88019,0.62884,0.02121,29,24,1.0,0.0,0.1724137931034483,6004,33.0,33.0,0,22784,91,0.0009569280000000001,0.037336246586032,3550.526726492392,0.0,0.0,0.0,5.0,24.0,0.0,91.0,67.0,4.0,16780.0
prefetch,500.0,medium,13,1,23,78.045,0.13319,0.01311,0.8537,0.75764,0.0,23,15,1.0,0.0,0.34782608695652173,3752,33.0,33.0,0,14014,56,0.0005885880000000001,0.027149936575052862,2583.125120123006,0.0,0.0,0.0,8.0,15.0,0.0,56.0,41.0,8.0,10262.0
prefetch,500.0,medium,14,1,12,43.395,0.14829,0.04106,0.81065,0.65491,0.0,12,9,1.0,0.0,0.25,2250,33.0,33.0,0,9253,37,0.00038862600000000004,0.03223997234704459,3069.4780504666433,0.0,0.0,0.0,3.0,9.0,0.0,37.0,28.0,3.0,7003.0
prefetch,500.0,medium,15,0,30,103.785,0.05278,0.0,0.94722,0.70303,0.25936,29,20,1.0,0.0,0.3103448275862069,5005,33.0,33.0,0,16514,66,0.0006935880000000001,0.024058551813845936,2289.3481717011127,0.0,0.0,0.0,9.0,20.0,0.0,66.0,46.0,8.0,11509.0
prefetch,500.0,medium,16,0,30,102.069,0.07113,0.00323,0.92564,0.6571,0.1903,29,26,1.0,0.0,0.10344827586206896,6506,33.0,33.0,0,21776,87,0.0009145920000000001,0.03225789612908915,3068.512476853893,0.0,0.0,0.0,3.0,26.0,0.0,87.0,61.0,1.0,15270.0
prefetch,500.0,medium,17,1,14,60.258,0.07119,0.069,0.8598,0.68283,0.0,14,10,1.0,0.0,0.2857142857142857,2500,33.0,33.0,0,7256,29,0.000304752,0.018206830628298316,1732.5500348501444,0.0,0.0,0.0,4.0,10.0,0.0,29.0,19.0,3.0,4756.0
prefetch,500.0,medium,18,0,30,102.531,0.05665,0.0,0.94335,0.65105,0.29901,29,22,1.0,0.0,0.2413793103448276,5504,33.0,33.0,0,18266,73,0.000767172,0.02693643093308365,2563.127249319718,0.0,0.0,0.0,7.0,22.0,0.0,73.0,51.0,7.0,12762.0
prefetch,500.0,medium,19,0,30,99.495,0.07164,0.0,0.92836,0.678,0.21118,29,20,1.0,0.0,0.3103448275862069,5004,33.0,33.0,0,16763,67,0.0007040460000000001,0.025474301221166895,2424.242424242424,0.0,0.0,0.0,9.0,20.0,0.0,67.0,47.0,7.0,11759.0
prefetch,500.0,medium,20,1,19,71.478,0.10249,0.02724,0.87027,0.68641,0.0,19,13,1.0,0.0,0.3157894736842105,3251,33.0,33.0,0,15020,60,0.00063084,0.03177234953412239,3021.9088390833545,0.0,0.0,0.0,6.0,13.0,0.0,60.0,47.0,5.0,11769.0
prefetch,500.0,medium,21,1,11,43.626,0.25946,0.03404,0.70651,0.75609,0.0,11,8,1.0,0.0,0.2727272727272727,2001,33.0,33.0,0,7754,31,0.000325668,0.026873992573236145,2558.107550543254,0.0,0.0,0.0,3.0,8.0,0.0,31.0,23.0,2.0,5753.0
prefetch,500.0,medium,22,1,23,76.659,0.09083,0.0198,0.88937,0.61833,0.0,23,21,1.0,0.0,0.08695652173913043,5257,33.0,33.0,0,18022,72,0.0007569240000000001,0.03554607286815638,3381.2076859859894,0.0,0.0,0.0,2.0,21.0,0.0,72.0,51.0,2.0,12765.0
prefetch,500.0,medium,23,0,30,95.337,0.06161,0.0,0.93839,0.68739,0.26643,29,23,1.0,0.0,0.20689655172413793,5752,33.0,33.0,0,20016,80,0.000840672,0.03174443500424809,3020.862833946946,0.0,0.0,0.0,6.0,23.0,0.0,80.0,57.0,2.0,14264.0
prefetch,500.0,medium,24,0,30,109.098,0.05384,0.0,0.94616,0.68242,0.38239,29,24,0.9655172413793104,0.034482758620689655,0.1724137931034483,6005,33.0,33.0,0,18267,73,0.000767214,0.025316416432931862,2408.8434251773638,1.0,0.0,0.0,5.0,24.0,0.0,73.0,49.0,2.0,12262.0
prefetch,500.0,medium,25,0,30,98.703,0.11334,0.00234,0.88432,0.72837,0.19243,29,22,1.0,0.0,0.2413793103448276,5504,33.0,33.0,0,20017,80,0.0008407140000000001,0.0306634084070393,2917.8444424181635,0.0,0.0,0.0,7.0,22.0,0.0,80.0,58.0,6.0,14513.0
prefetch,500.0,medium,26,0,30,106.722,0.04545,0.01793,0.93661,0.60078,0.11103,29,26,1.0,0.0,0.10344827586206896,6506,33.0,33.0,0,22276,89,0.0009355920000000001,0.03155985832349469,3002.192612582223,0.0,0.0,0.0,3.0,26.0,0.0,89.0,63.0,2.0,15770.0
prefetch,500.0,medium,27,1,29,103.587,0.04683,0.04556,0.90761,0.56871,0.0,29,23,0.9310344827586207,0.06896551724137931,0.20689655172413793,5752,33.0,33.0,0,21515,86,0.0009036300000000001,0.03140421095311188,2988.7920298879203,2.0,0.0,0.0,6.0,23.0,0.0,86.0,63.0,3.0,15763.0
prefetch,500.0,medium,28,0,30,104.247,0.04748,0.0,0.95252,0.63169,0.25022,29,25,1.0,0.0,0.13793103448275862,6256,33.0,33.0,0,20275,81,0.0008515500000000001,0.029406889406889406,2797.2027972027972,0.0,0.0,0.0,4.0,25.0,0.0,81.0,56.0,2.0,14019.0
prefetch,500.0,medium,29,0,30,102.564,0.07561,0.01448,0.90991,0.61234,0.15515,29,22,1.0,0.0,0.2413793103448276,5502,33.0,33.0,0,22274,89,0.000935508,0.032836363636363636,3123.903123903124,0.0,0.0,0.0,7.0,22.0,0.0,89.0,67.0,2.0,16772.0
prefetch,500.0,strong,0,0,30,86.526,0.09802,0.0,0.90198,0.72716,0.44788,29,24,0.9655172413793104,0.034482758620689655,0.1724137931034483,6001,33.0,33.0,0,17262,69,0.000725004,0.03016451008945288,2870.813397129187,1.0,0.0,0.0,5.0,24.0,0.0,69.0,45.0,3.0,11261.0
prefetch,500.0,strong,1,0,30,78.276,0.06071,0.01391,0.92538,0.647,0.13378,29,26,1.0,0.0,0.10344827586206896,6506,33.0,33.0,0,23531,94,0.000988302,0.045453104399816036,4323.164188256937,0.0,0.0,0.0,3.0,26.0,0.0,94.0,68.0,3.0,17025.0
prefetch,500.0,strong,2,0,30,78.21,0.09958,0.05148,0.84895,0.6492,0.01102,29,26,1.0,0.0,0.10344827586206896,6508,33.0,33.0,0,23034,92,0.0009674280000000001,0.044530632911392413,4234.752589182969,0.0,0.0,0.0,3.0,26.0,0.0,92.0,66.0,3.0,16526.0
prefetch,500.0,strong,3,0,30,80.52,0.04303,0.0,0.95697,0.68232,0.30241,29,25,1.0,0.0,0.13793103448275862,6252,33.0,33.0,0,20766,83,0.000872172,0.03899427719821163,3710.8792846497768,0.0,0.0,0.0,4.0,25.0,0.0,83.0,58.0,2.0,14514.0
prefetch,500.0,strong,4,0,30,87.153,0.12647,0.0,0.87353,0.75724,0.40151,29,19,1.0,0.0,0.3448275862068966,4752,33.0,33.0,0,16767,67,0.0007042140000000001,0.0290887336064163,2767.546728167705,0.0,0.0,0.0,10.0,19.0,0.0,67.0,48.0,9.0,12015.0
prefetch,500.0,strong,5,0,30,88.935,0.14471,0.0,0.85529,0.77527,0.50197,29,21,1.0,0.0,0.27586206896551724,5253,33.0,33.0,0,18519,74,0.000777798,0.03148448642266824,2995.446112329229,0.0,0.0,0.0,8.0,21.0,0.0,74.0,53.0,5.0,13266.0
prefetch,500.0,strong,6,1,7,26.697,0.17429,0.09518,0.73053,0.66099,0.0,7,6,1.0,0.0,0.14285714285714285,1499,33.0,33.0,0,6501,26,0.00027304200000000003,0.03681878862793573,3506.011911450725,0.0,0.0,0.0,1.0,6.0,0.0,26.0,20.0,1.0,5002.0
prefetch,500.0,strong,7,0,30,82.962,0.09586,0.0,0.90414,0.69877,0.36072,29,22,1.0,0.0,0.2413793103448276,5504,33.0,33.0,0,21276,85,0.0008935920000000001,0.03877596007810805,3688.4356693425902,0.0,0.0,0.0,7.0,22.0,0.0,85.0,63.0,4.0,15772.0
prefetch,500.0,strong,8,0,30,90.387,0.09493,0.0,0.90507,0.76706,0.50649,29,21,0.9655172413793104,0.034482758620689655,0.27586206896551724,5255,33.0,33.0,0,16025,64,0.00067305,0.026806731056457235,2549.039131733546,1.0,0.0,0.0,8.0,21.0,0.0,64.0,43.0,2.0,10770.0
prefetch,500.0,strong,9,0,30,79.497,0.13325,0.0,0.86675,0.72456,0.21799,29,25,1.0,0.0,0.13793103448275862,6256,33.0,33.0,0,20023,81,0.000840966,0.038082916336465523,3668.0629457715386,0.0,0.0,0.0,4.0,25.0,0.0,80.0,56.0,1.0,13767.0
prefetch,500.0,strong,10,0,30,83.193,0.09401,0.0,0.90599,0.72953,0.41304,29,22,1.0,0.0,0.2413793103448276,5501,33.0,33.0,0,19763,79,0.0008300460000000001,0.03591847391006455,3418.5568497349536,0.0,0.0,0.0,7.0,22.0,0.0,79.0,57.0,5.0,14262.0
prefetch,500.0,strong,11,0,30,81.081,0.10053,0.0114,0.88807,0.62557,0.16759,29,29,0.9655172413793104,0.034482758620689655,0.0,7259,33.0,33.0,0,25543,102,0.001072806,0.04763263403263403,4528.804528804529,1.0,0.0,0.0,0.0,29.0,0.0,102.0,73.0,0.0,18284.0
prefetch,500.0,strong,12,0,30,83.919,0.03578,0.0,0.96422,0.71738,0.46593,29,18,1.0,0.0,0.3793103448275862,4504,33.0,33.0,0,17768,71,0.000746256,0.032013269938869625,3045.794158652987,0.0,0.0,0.0,11.0,18.0,0.0,71.0,53.0,8.0,13264.0
prefetch,500.0,strong,13,0,30,82.863,0.0912,0.0,0.9088,0.76445,0.44149,29,24,1.0,0.0,0.1724137931034483,6002,33.0,33.0,0,20764,83,0.000872088,0.03788804170739655,3605.9519930487672,0.0,0.0,0.0,5.0,24.0,0.0,83.0,59.0,4.0,14762.0
prefetch,500.0,strong,14,0,30,86.163,0.06013,0.0,0.93987,0.72627,0.38552,29,19,1.0,0.0,0.3448275862068966,4753,33.0,33.0,0,15760,63,0.0006619200000000001,0.027655861564708752,2632.2203265903,0.0,0.0,0.0,10.0,19.0,0.0,63.0,44.0,7.0,11007.0
prefetch,500.0,strong,15,0,30,82.5,0.1532,0.018,0.8288,0.69161,0.109,29,24,1.0,0.0,0.1724137931034483,6004,33.0,33.0,0,19017,76,0.0007987140000000001,0.03485297454545455,3316.3636363636365,0.0,0.0,0.0,5.0,24.0,0.0,76.0,52.0,3.0,13013.0
prefetch,500.0,strong,16,0,30,81.873,0.04152,0.03507,0.92342,0.61325,0.06209,29,26,1.0,0.0,0.10344827586206896,6504,33.0,33.0,0,24533,98,0.0010303859999999999,0.04530662855886555,4309.112894360778,0.0,0.0,0.0,3.0,26.0,0.0,98.0,72.0,2.0,18029.0
prefetch,500.0,strong,17,0,30,83.16,0.18254,0.0,0.81746,0.77069,0.46705,29,24,1.0,0.0,0.1724137931034483,6005,33.0,33.0,0,22278,89,0.0009356760000000001,0.04050545454545455,3852.8138528138525,0.0,0.0,0.0,5.0,24.0,0.0,89.0,65.0,5.0,16273.0
prefetch,500.0,strong,18,0,30,86.064,0.05598,0.0,0.94402,0.70145,0.26836,29,23,1.0,0.0,0.20689655172413793,5755,33.0,33.0,0,16520,66,0.00069384,0.029022866703848307,2760.7361963190183,0.0,0.0,0.0,6.0,23.0,0.0,66.0,43.0,4.0,10765.0
prefetch,500.0,strong,19,0,30,78.078,0.09214,0.0,0.90786,0.67258,0.2138,29,24,0.9655172413793104,0.034482758620689655,0.1724137931034483,6002,33.0,33.0,0,20518,82,0.0008617560000000001,0.03973362022592792,3780.834550065319,1.0,0.0,0.0,5.0,24.0,0.0,82.0,58.0,2.0,14516.0
prefetch,500.0,strong,20,0,30,85.008,0.13626,0.0,0.86374,0.72774,0.22918,29,23,1.0,0.0,0.20689655172413793,5759,33.0,33.0,0,22793,91,0.000957306,0.04054090909090909,3853.754940711463,0.0,0.0,0.0,6.0,23.0,0.0,91.0,68.0,4.0,17034.0
prefetch,500.0,strong,21,0,30,87.219,0.15059,0.0,0.84941,0.76593,0.34129,29,22,1.0,0.0,0.2413793103448276,5500,33.0,33.0,0,19519,78,0.0008197980000000001,0.03383749871014344,3219.4819936023114,0.0,0.0,0.0,7.0,22.0,0.0,78.0,56.0,4.0,14019.0
prefetch,500.0,strong,22,0,30,83.028,0.09062,0.0,0.90938,0.70421,0.31515,29,24,1.0,0.0,0.1724137931034483,6004,33.0,33.0,0,21528,86,0.000904176,0.039204046827576236,3728.862552391964,0.0,0.0,0.0,5.0,24.0,0.0,86.0,62.0,4.0,15524.0
prefetch,500.0,strong,23,0,30,83.16,0.07897,0.0,0.92103,0.74409,0.35896,29,19,1.0,0.0,0.3448275862068966,4755,33.0,33.0,0,17774,71,0.000746508,0.032316363636363636,3073.5930735930738,0.0,0.0,0.0,10.0,19.0,0.0,71.0,52.0,5.0,13019.0
prefetch,500.0,strong,24,0,30,90.684,0.07314,0.0,0.92686,0.70227,0.38786,29,22,1.0,0.0,0.2413793103448276,5502,33.0,33.0,0,20264,81,0.0008510880000000001,0.033786740770146886,3215.561730845574,0.0,0.0,0.0,7.0,22.0,0.0,81.0,59.0,6.0,14762.0
prefetch,500.0,strong,25,0,30,88.308,0.1293,0.0,0.8707,0.74684,0.47602,29,22,1.0,0.0,0.2413793103448276,5509,33.0,33.0,0,18030,72,0.0007572599999999999,0.030870770485120255,2935.181410517733,0.0,0.0,0.0,7.0,22.0,0.0,72.0,50.0,5.0,12521.0
prefetch,500.0,strong,26,0,30,84.777,0.07785,0.0,0.92215,0.66471,0.31937,29,28,0.9655172413793104,0.034482758620689655,0.034482758620689655,7004,33.0,33.0,0,22268,89,0.0009352560000000001,0.03971503591776072,3779.3269400898826,1.0,0.0,0.0,1.0,28.0,0.0,89.0,61.0,1.0,15264.0
prefetch,500.0,strong,27,0,30,84.15,0.10431,0.0,0.89569,0.71271,0.30686,29,25,1.0,0.0,0.13793103448275862,6257,33.0,33.0,0,20274,81,0.0008515080000000001,0.03642814973262032,3465.2406417112297,0.0,0.0,0.0,4.0,25.0,0.0,81.0,56.0,4.0,14017.0
prefetch,500.0,strong,28,0,30,80.553,0.0676,0.05571,0.87669,0.58403,0.00419,29,26,0.9655172413793104,0.034482758620689655,0.10344827586206896,6503,33.0,33.0,0,23521,94,0.000987882,0.04414950653606942,4200.960858068601,1.0,0.0,0.0,3.0,26.0,0.0,94.0,68.0,2.0,17018.0
prefetch,500.0,strong,29,1,5,20.295,0.24553,0.07805,0.67642,0.71522,0.0,5,5,1.0,0.0,0.0,1250,33.0,33.0,0,4755,19,0.00019971,0.03542527716186252,3370.2882483370286,0.0,0.0,0.0,0.0,5.0,0.0,19.0,14.0,0.0,3505.0
